/* home: 240x240 RGB565. Generated by tools/img2c.py from home.bmp */

#include "lvgl.h"

#ifndef LV_ATTRIBUTE_MEM_ALIGN
#define LV_ATTRIBUTE_MEM_ALIGN
#endif

static const LV_ATTRIBUTE_MEM_ALIGN uint8_t home_map[] = {
    0x82, 0x10, 0x82, 0x10, 0x82, 0x10, 0x82, 0x10, 0x82, 0x10, 0x82, 0x10, 0x82, 0x10, 0x82, 0x10,
    0x82, 0x10, 0x82, 0x10, 0x82, 0x10, 0x82, 0x10, 0x82, 0x10, 0x82, 0x10, 0x82, 0x10, 0x82, 0x10,
    0x82, 0x10, 0x82, 0x10, 0x82, 0x10, 0x82, 0x10, 0x82, 0x10, 0x82, 0x10, 0x82, 0x10, 0x82, 0x10,
    0x82, 0x10, 0x82, 0x10, 0x82, 0x10, 0x82, 0x10, 0x82, 0x10, 0x82, 0x10, 0x82, 0x10, 0x82, 0x10,
    0x82, 0x10, 0x82, 0x10, 0x82, 0x10, 0x82, 0x10, 0x82, 0x10, 0x82, 0x10, 0x82, 0x10, 0x82, 0x10,
    0x82, 0x10, 0x82, 0x10, 0x82, 0x10, 0x82, 0x10, 0x82, 0x10, 0x82, 0x10, 0x82, 0x10, 0x82, 0x10,
    0x82, 0x10, 0x82, 0x10, 0x82, 0x10, 0x82, 0x10, 0x82, 0x10, 0x82, 0x10, 0x82, 0x10, 0x82, 0x10,
    0x82, 0x10, 0x82, 0x10, 0x82, 0x10, 0x82, 0x10, 0x82, 0x10, 0x82, 0x10, 0x82, 0x10, 0x82, 0x10,
    0x82, 0x10, 0x82, 0x10, 0x82, 0x10, 0x82, 0x10, 0x82, 0x10, 0x82, 0x10, 0x82, 0x10, 0x82, 0x10,
    0x82, 0x10, 0x82, 0x10, 0x82, 0x10, 0x82, 0x10, 0x82, 0x10, 0x82, 0x10, 0x82, 0x10, 0x82, 0x10,
    0x82, 0x10, 0x82, 0x10, 0x82, 0x10, 0x82, 0x10, 0x82, 0x10, 0x82, 0x10, 0x82, 0x10, 0x82, 0x10,
    0x82, 0x10, 0x82, 0x10, 0x82, 0x10, 0x82, 0x10, 0x82, 0x10, 0x82, 0x10, 0x82, 0x10, 0x82, 0x10,
    0x82, 0x10, 0x82, 0x10, 0x82, 0x10, 0x82, 0x10, 0x82, 0x10, 0x82, 0x10, 0x82, 0x10, 0x82, 0x10,
    0x82, 0x10, 0x82, 0x10, 0x82, 0x10, 0x82, 0x10, 0x82, 0x10, 0x82, 0x10, 0x82, 0x10, 0x82, 0x10,
    0x82, 0x10, 0x82, 0x10, 0x82, 0x10, 0x82, 0x10, 0x82, 0x10, 0x82, 0x10, 0x82, 0x10, 0x82, 0x10,
    0x82, 0x10, 0x82, 0x10, 0x82, 0x10, 0x82, 0x10, 0x82, 0x10, 0x82, 0x10, 0x82, 0x10, 0x82, 0x10,
    0x82, 0x10, 0x82, 0x10, 0x82, 0x10, 0x82, 0x10, 0x82, 0x10, 0x82, 0x10, 0x82, 0x10, 0x82, 0x10,
    0x82, 0x10, 0x82, 0x10, 0x82, 0x10, 0x82, 0x10, 0x82, 0x10, 0x82, 0x10, 0x82, 0x10, 0x82, 0x10,
    0x82, 0x10, 0x82, 0x10, 0x82, 0x10, 0x82, 0x10, 0x82, 0x10, 0x82, 0x10, 0x82, 0x10, 0x82, 0x10,
    0x82, 0x10, 0x82, 0x10, 0x82, 0x10, 0x82, 0x10, 0x82, 0x10, 0x82, 0x10, 0x82, 0x10, 0x82, 0x10,
    0x82, 0x10, 0x82, 0x10, 0x82, 0x10, 0x82, 0x10, 0x82, 0x10, 0x82, 0x10, 0x82, 0x10, 0x82, 0x10,
    0x82, 0x10, 0x82, 0x10, 0x82, 0x10, 0x82, 0x10, 0x82, 0x10, 0x82, 0x10, 0x82, 0x10, 0x82, 0x10,
    0x82, 0x10, 0x82, 0x10, 0x82, 0x10, 0x82, 0x10, 0x82, 0x10, 0x82, 0x10, 0x82, 0x10, 0x82, 0x10,
    0x82, 0x10, 0x82, 0x10, 0x82, 0x10, 0x82, 0x10, 0x82, 0x10, 0x82, 0x10, 0x82, 0x10, 0x82, 0x10,
    0x82, 0x10, 0x82, 0x10, 0x82, 0x10, 0x82, 0x10, 0x82, 0x10, 0x82, 0x10, 0x82, 0x10, 0x82, 0x10,
    0x82, 0x10, 0x82, 0x10, 0x82, 0x10, 0x82, 0x10, 0x82, 0x10, 0x82, 0x10, 0x82, 0x10, 0x82, 0x10,
    0x82, 0x10, 0x82, 0x10, 0x82, 0x10, 0x82, 0x10, 0x82, 0x10, 0x82, 0x10, 0x82, 0x10, 0x82, 0x10,
    0x82, 0x10, 0x82, 0x10, 0x82, 0x10, 0x82, 0x10, 0x82, 0x10, 0x82, 0x10, 0x82, 0x10, 0x82, 0x10,
    0x82, 0x10, 0x82, 0x10, 0x82, 0x10, 0x82, 0x10, 0x82, 0x10, 0x82, 0x10, 0x82, 0x10, 0x82, 0x10,
    0x82, 0x10, 0x82, 0x10, 0x82, 0x10, 0x82, 0x10, 0x82, 0x10, 0x82, 0x10, 0x82, 0x10, 0x82, 0x10,
    0x82, 0x10, 0x82, 0x10, 0x82, 0x10, 0x82, 0x10, 0x82, 0x10, 0x82, 0x10, 0x82, 0x10, 0x82, 0x10,
    0x82, 0x10, 0x82, 0x10, 0x82, 0x10, 0x82, 0x10, 0x82, 0x10, 0x82, 0x10, 0x82, 0x10, 0x82, 0x10,
    0x82, 0x10, 0x82, 0x10, 0x82, 0x10, 0x82, 0x10, 0x82, 0x10, 0x82, 0x10, 0x82, 0x10, 0x82, 0x10,
    0x82, 0x10, 0x82, 0x10, 0x82, 0x10, 0x82, 0x10, 0x82, 0x10, 0x82, 0x10, 0x82, 0x10, 0x82, 0x10,
    0x82, 0x10, 0x82, 0x10, 0x82, 0x10, 0x82, 0x10, 0x82, 0x10, 0x82, 0x10, 0x82, 0x10, 0x82, 0x10,
    0x82, 0x10, 0x82, 0x10, 0x82, 0x10, 0x82, 0x10, 0x82, 0x10, 0x82, 0x10, 0x82, 0x10, 0x82, 0x10,
    0x82, 0x10, 0x82, 0x10, 0x82, 0x10, 0x82, 0x10, 0x82, 0x10, 0x82, 0x10, 0x82, 0x10, 0x82, 0x10,
    0x82, 0x10, 0x82, 0x10, 0x82, 0x10, 0x82, 0x10, 0x82, 0x10, 0x82, 0x10, 0x82, 0x10, 0x82, 0x10,
    0x82, 0x10, 0x82, 0x10, 0x82, 0x10, 0x82, 0x10, 0x82, 0x10, 0x82, 0x10, 0x82, 0x10, 0x82, 0x10,
    0x82, 0x10, 0x82, 0x10, 0x82, 0x10, 0x82, 0x10, 0x82, 0x10, 0x82, 0x10, 0x82, 0x10, 0x82, 0x10,
    0x82, 0x10, 0x82, 0x10, 0x82, 0x10, 0x82, 0x10, 0x82, 0x10, 0x82, 0x10, 0x82, 0x10, 0x82, 0x10,
    0x82, 0x10, 0x82, 0x10, 0x82, 0x10, 0x82, 0x10, 0x82, 0x10, 0x82, 0x10, 0x82, 0x10, 0x82, 0x10,
    0x82, 0x10, 0x82, 0x10, 0x82, 0x10, 0x82, 0x10, 0x82, 0x10, 0x82, 0x10, 0x82, 0x10, 0x82, 0x10,
    0x82, 0x10, 0x82, 0x10, 0x82, 0x10, 0x82, 0x10, 0x82, 0x10, 0x82, 0x10, 0x82, 0x10, 0x82, 0x10,
    0x82, 0x10, 0x82, 0x10, 0x82, 0x10, 0x82, 0x10, 0x82, 0x10, 0x82, 0x10, 0x82, 0x10, 0x82, 0x10,
    0x82, 0x10, 0x82, 0x10, 0x82, 0x10, 0x82, 0x10, 0x82, 0x10, 0x82, 0x10, 0x82, 0x10, 0x82, 0x10,
    0x82, 0x10, 0x82, 0x10, 0x82, 0x10, 0x82, 0x10, 0x82, 0x10, 0x82, 0x10, 0x82, 0x10, 0x82, 0x10,
    0x82, 0x10, 0x82, 0x10, 0x82, 0x10, 0x82, 0x10, 0x82, 0x10, 0x82, 0x10, 0x82, 0x10, 0x82, 0x10,
    0x82, 0x10, 0x82, 0x10, 0x82, 0x10, 0x82, 0x10, 0x82, 0x10, 0x82, 0x10, 0x82, 0x10, 0x82, 0x10,
    0x82, 0x10, 0x82, 0x10, 0x82, 0x10, 0x82, 0x10, 0x82, 0x10, 0x82, 0x10, 0x82, 0x10, 0x82, 0x10,
    0x82, 0x10, 0x82, 0x10, 0x82, 0x10, 0x82, 0x10, 0x82, 0x10, 0x82, 0x10, 0x82, 0x10, 0x82, 0x10,
    0x82, 0x10, 0x82, 0x10, 0x82, 0x10, 0x82, 0x10, 0x82, 0x10, 0x82, 0x10, 0x82, 0x10, 0x82, 0x10,
    0x82, 0x10, 0x82, 0x10, 0x82, 0x10, 0x82, 0x10, 0x82, 0x10, 0x82, 0x10, 0x82, 0x10, 0x82, 0x10,
    0x82, 0x10, 0x82, 0x10, 0x82, 0x10, 0x82, 0x10, 0x82, 0x10, 0x82, 0x10, 0x82, 0x10, 0x82, 0x10,
    0x82, 0x10, 0x82, 0x10, 0x82, 0x10, 0x82, 0x10, 0x82, 0x10, 0x82, 0x10, 0x82, 0x10, 0x82, 0x10,
    0x82, 0x10, 0x82, 0x10, 0x82, 0x10, 0x82, 0x10, 0x82, 0x10, 0x82, 0x10, 0x82, 0x10, 0x82, 0x10,
    0x82, 0x10, 0x82, 0x10, 0x82, 0x10, 0x82, 0x10, 0x82, 0x10, 0x82, 0x10, 0x82, 0x10, 0x82, 0x10,
    0x82, 0x10, 0x82, 0x10, 0x82, 0x10, 0x82, 0x10, 0x82, 0x10, 0x82, 0x10, 0x82, 0x10, 0x82, 0x10,
    0x82, 0x10, 0x82, 0x10, 0x82, 0x10, 0x82, 0x10, 0x82, 0x10, 0x82, 0x10, 0x82, 0x10, 0x82, 0x10,
    0x82, 0x10, 0x82, 0x10, 0x82, 0x10, 0x82, 0x10, 0x82, 0x10, 0x82, 0x10, 0x82, 0x10, 0x82, 0x10,
    0x82, 0x10, 0x82, 0x10, 0x82, 0x10, 0x82, 0x10, 0x82, 0x10, 0x82, 0x10, 0x82, 0x10, 0x82, 0x10,
    0x82, 0x10, 0x82, 0x10, 0x82, 0x10, 0x82, 0x10, 0x82, 0x10, 0x82, 0x10, 0x82, 0x10, 0x82, 0x10,
    0x82, 0x10, 0x82, 0x10, 0x82, 0x10, 0x82, 0x10, 0x82, 0x10, 0x82, 0x10, 0x82, 0x10, 0x82, 0x10,
    0x82, 0x10, 0x82, 0x10, 0x82, 0x10, 0x82, 0x10, 0x82, 0x10, 0x82, 0x10, 0x82, 0x10, 0x82, 0x10,
    0x82, 0x10, 0x82, 0x10, 0x82, 0x10, 0x82, 0x10, 0x82, 0x10, 0x82, 0x10, 0x82, 0x10, 0x82, 0x10,
    0x82, 0x10, 0x82, 0x10, 0x82, 0x10, 0x82, 0x10, 0x82, 0x10, 0x82, 0x10, 0x82, 0x10, 0x82, 0x10,
    0x82, 0x10, 0x82, 0x10, 0x82, 0x10, 0x82, 0x10, 0x82, 0x10, 0x82, 0x10, 0x82, 0x10, 0x82, 0x10,
    0x82, 0x10, 0x82, 0x10, 0x82, 0x10, 0x82, 0x10, 0x82, 0x10, 0x82, 0x10, 0x82, 0x10, 0x82, 0x10,
    0x82, 0x10, 0x82, 0x10, 0x82, 0x10, 0x82, 0x10, 0x82, 0x10, 0x82, 0x10, 0x82, 0x10, 0x82, 0x10,
    0x82, 0x10, 0x82, 0x10, 0x82, 0x10, 0x82, 0x10, 0x82, 0x10, 0x82, 0x10, 0x82, 0x10, 0x82, 0x10,
    0x82, 0x10, 0x82, 0x10, 0x82, 0x10, 0x82, 0x10, 0x82, 0x10, 0x82, 0x10, 0x82, 0x10, 0x82, 0x10,
    0x82, 0x10, 0x82, 0x10, 0x82, 0x10, 0x82, 0x10, 0x82, 0x10, 0x82, 0x10, 0x82, 0x10, 0x82, 0x10,
    0x82, 0x10, 0x82, 0x10, 0x82, 0x10, 0x82, 0x10, 0x82, 0x10, 0x82, 0x10, 0x82, 0x10, 0x82, 0x10,
    0x82, 0x10, 0x82, 0x10, 0x82, 0x10, 0x82, 0x10, 0x82, 0x10, 0x82, 0x10, 0x82, 0x10, 0x82, 0x10,
    0x82, 0x10, 0x82, 0x10, 0x82, 0x10, 0x82, 0x10, 0x82, 0x10, 0x82, 0x10, 0x82, 0x10, 0x82, 0x10,
    0x82, 0x10, 0x82, 0x10, 0x82, 0x10, 0x82, 0x10, 0x82, 0x10, 0x82, 0x10, 0x82, 0x10, 0x82, 0x10,
    0x82, 0x10, 0x82, 0x10, 0x82, 0x10, 0x82, 0x10, 0x82, 0x10, 0x82, 0x10, 0x82, 0x10, 0x82, 0x10,
    0x82, 0x10, 0x82, 0x10, 0x82, 0x10, 0x82, 0x10, 0x82, 0x10, 0x82, 0x10, 0x82, 0x10, 0x82, 0x10,
    0x82, 0x10, 0x82, 0x10, 0x82, 0x10, 0x82, 0x10, 0x82, 0x10, 0x82, 0x10, 0x82, 0x10, 0x82, 0x10,
    0x82, 0x10, 0x82, 0x10, 0x82, 0x10, 0x82, 0x10, 0x82, 0x10, 0x82, 0x10, 0x82, 0x10, 0x82, 0x10,
    0x82, 0x10, 0x82, 0x10, 0x82, 0x10, 0x82, 0x10, 0x82, 0x10, 0x82, 0x10, 0x82, 0x10, 0x82, 0x10,
    0x82, 0x10, 0x82, 0x10, 0x82, 0x10, 0x82, 0x10, 0x82, 0x10, 0x82, 0x10, 0x82, 0x10, 0x82, 0x10,
    0x82, 0x10, 0x82, 0x10, 0x82, 0x10, 0x82, 0x10, 0x82, 0x10, 0x82, 0x10, 0x82, 0x10, 0x82, 0x10,
    0x82, 0x10, 0x82, 0x10, 0x82, 0x10, 0x82, 0x10, 0x82, 0x10, 0x82, 0x10, 0x82, 0x10, 0x82, 0x10,
    0x82, 0x10, 0x82, 0x10, 0x82, 0x10, 0x82, 0x10, 0x82, 0x10, 0x82, 0x10, 0x82, 0x10, 0x82, 0x10,
    0x82, 0x10, 0x82, 0x10, 0x82, 0x10, 0x82, 0x10, 0x82, 0x10, 0x82, 0x10, 0x82, 0x10, 0x82, 0x10,
    0x82, 0x10, 0x82, 0x10, 0x82, 0x10, 0x82, 0x10, 0x82, 0x10, 0x82, 0x10, 0x82, 0x10, 0x82, 0x10,
    0x82, 0x10, 0x82, 0x10, 0x82, 0x10, 0x82, 0x10, 0x82, 0x10, 0x82, 0x10, 0x82, 0x10, 0x82, 0x10,
    0x82, 0x10, 0x82, 0x10, 0x82, 0x10, 0x82, 0x10, 0x82, 0x10, 0x82, 0x10, 0x82, 0x10, 0x82, 0x10,
    0x82, 0x10, 0x82, 0x10, 0x82, 0x10, 0x82, 0x10, 0x82, 0x10, 0x82, 0x10, 0x82, 0x10, 0x82, 0x10,
    0x82, 0x10, 0x82, 0x10, 0x82, 0x10, 0x82, 0x10, 0x82, 0x10, 0x82, 0x10, 0x82, 0x10, 0x82, 0x10,
    0x82, 0x10, 0x82, 0x10, 0x82, 0x10, 0x82, 0x10, 0x82, 0x10, 0x82, 0x10, 0x82, 0x10, 0x82, 0x10,
    0x82, 0x10, 0x82, 0x10, 0x82, 0x10, 0x82, 0x10, 0x82, 0x10, 0x82, 0x10, 0x82, 0x10, 0x82, 0x10,
    0x82, 0x10, 0x82, 0x10, 0x82, 0x10, 0x82, 0x10, 0x82, 0x10, 0x82, 0x10, 0x82, 0x10, 0x82, 0x10,
    0x82, 0x10, 0x82, 0x10, 0x82, 0x10, 0x82, 0x10, 0x82, 0x10, 0x82, 0x10, 0x82, 0x10, 0x82, 0x10,
    0x82, 0x10, 0x82, 0x10, 0x82, 0x10, 0x82, 0x10, 0x82, 0x10, 0x82, 0x10, 0x82, 0x10, 0x82, 0x10,
    0x82, 0x10, 0x82, 0x10, 0x82, 0x10, 0x82, 0x10, 0x82, 0x10, 0x82, 0x10, 0x82, 0x10, 0x82, 0x10,
    0x82, 0x10, 0x82, 0x10, 0x82, 0x10, 0x82, 0x10, 0x82, 0x10, 0x82, 0x10, 0x82, 0x10, 0x82, 0x10,
    0x82, 0x10, 0x82, 0x10, 0x82, 0x10, 0x82, 0x10, 0x82, 0x10, 0x82, 0x10, 0x82, 0x10, 0x82, 0x10,
    0x82, 0x10, 0x82, 0x10, 0x82, 0x10, 0x82, 0x10, 0x82, 0x10, 0x82, 0x10, 0x82, 0x10, 0x82, 0x10,
    0x82, 0x10, 0x82, 0x10, 0x82, 0x10, 0x82, 0x10, 0x82, 0x10, 0x82, 0x10, 0x82, 0x10, 0x82, 0x10,
    0x82, 0x10, 0x82, 0x10, 0x82, 0x10, 0x82, 0x10, 0x82, 0x10, 0x82, 0x10, 0x82, 0x10, 0x82, 0x10,
    0x82, 0x10, 0x82, 0x10, 0x82, 0x10, 0x82, 0x10, 0x82, 0x10, 0x82, 0x10, 0x82, 0x10, 0x82, 0x10,
    0x82, 0x10, 0x82, 0x10, 0x82, 0x10, 0x82, 0x10, 0x82, 0x10, 0x82, 0x10, 0x82, 0x10, 0x82, 0x10,
    0x82, 0x10, 0x82, 0x10, 0x82, 0x10, 0x82, 0x10, 0x82, 0x10, 0x82, 0x10, 0x82, 0x10, 0x82, 0x10,
    0x82, 0x10, 0x82, 0x10, 0x82, 0x10, 0x82, 0x10, 0x82, 0x10, 0x82, 0x10, 0x82, 0x10, 0x82, 0x10,
    0x82, 0x10, 0x82, 0x10, 0x82, 0x10, 0x82, 0x10, 0x82, 0x10, 0x82, 0x10, 0x82, 0x10, 0x82, 0x10,
    0x82, 0x10, 0x82, 0x10, 0x82, 0x10, 0x82, 0x10, 0x82, 0x10, 0x82, 0x10, 0x82, 0x10, 0x82, 0x10,
    0x82, 0x10, 0x82, 0x10, 0x82, 0x10, 0x82, 0x10, 0x82, 0x10, 0x82, 0x10, 0x82, 0x10, 0x82, 0x10,
    0x82, 0x10, 0x82, 0x10, 0x82, 0x10, 0x82, 0x10, 0x82, 0x10, 0x82, 0x10, 0x82, 0x10, 0x82, 0x10,
    0x82, 0x10, 0x82, 0x10, 0x82, 0x10, 0x82, 0x10, 0x82, 0x10, 0x82, 0x10, 0x82, 0x10, 0x82, 0x10,
    0x82, 0x10, 0x82, 0x10, 0x82, 0x10, 0x82, 0x10, 0x82, 0x10, 0x82, 0x10, 0x82, 0x10, 0x82, 0x10,
    0x82, 0x10, 0x82, 0x10, 0x82, 0x10, 0x82, 0x10, 0x82, 0x10, 0x82, 0x10, 0x82, 0x10, 0x82, 0x10,
    0x82, 0x10, 0x82, 0x10, 0x82, 0x10, 0x82, 0x10, 0x82, 0x10, 0x82, 0x10, 0x82, 0x10, 0x82, 0x10,
    0x82, 0x10, 0x82, 0x10, 0x82, 0x10, 0x82, 0x10, 0x82, 0x10, 0x82, 0x10, 0x82, 0x10, 0x82, 0x10,
    0x82, 0x10, 0x82, 0x10, 0x82, 0x10, 0x82, 0x10, 0x82, 0x10, 0x82, 0x10, 0x82, 0x10, 0x82, 0x10,
    0x82, 0x10, 0x82, 0x10, 0x82, 0x10, 0x82, 0x10, 0x82, 0x10, 0x82, 0x10, 0x82, 0x10, 0x82, 0x10,
    0x82, 0x10, 0x82, 0x10, 0x82, 0x10, 0x82, 0x10, 0x82, 0x10, 0x82, 0x10, 0x82, 0x10, 0x82, 0x10,
    0x82, 0x10, 0x82, 0x10, 0x82, 0x10, 0x82, 0x10, 0x82, 0x10, 0x82, 0x10, 0x82, 0x10, 0x82, 0x10,
    0x82, 0x10, 0x82, 0x10, 0x82, 0x10, 0x82, 0x10, 0x82, 0x10, 0x82, 0x10, 0x82, 0x10, 0x82, 0x10,
    0x82, 0x10, 0x82, 0x10, 0x82, 0x10, 0x82, 0x10, 0x82, 0x10, 0x82, 0x10, 0x82, 0x10, 0x82, 0x10,
    0x82, 0x10, 0x82, 0x10, 0x82, 0x10, 0x82, 0x10, 0x82, 0x10, 0x82, 0x10, 0x82, 0x10, 0x82, 0x10,
    0x82, 0x10, 0x82, 0x10, 0x82, 0x10, 0x82, 0x10, 0x82, 0x10, 0x82, 0x10, 0x82, 0x10, 0x82, 0x10,
    0x82, 0x10, 0x82, 0x10, 0x82, 0x10, 0x82, 0x10, 0x82, 0x10, 0x82, 0x10, 0x82, 0x10, 0x82, 0x10,
    0x82, 0x10, 0x82, 0x10, 0x82, 0x10, 0x82, 0x10, 0x82, 0x10, 0x82, 0x10, 0x82, 0x10, 0x82, 0x10,
    0x82, 0x10, 0x82, 0x10, 0x82, 0x10, 0x82, 0x10, 0x82, 0x10, 0x82, 0x10, 0x82, 0x10, 0x82, 0x10,
    0x82, 0x10, 0x82, 0x10, 0x82, 0x10, 0x82, 0x10, 0x82, 0x10, 0x82, 0x10, 0x82, 0x10, 0x82, 0x10,
    0x82, 0x10, 0x82, 0x10, 0x82, 0x10, 0x82, 0x10, 0x82, 0x10, 0x82, 0x10, 0x82, 0x10, 0x82, 0x10,
    0x82, 0x10, 0x82, 0x10, 0x82, 0x10, 0x82, 0x10, 0x82, 0x10, 0x82, 0x10, 0x82, 0x10, 0x82, 0x10,
    0x82, 0x10, 0x82, 0x10, 0x82, 0x10, 0x82, 0x10, 0x82, 0x10, 0x82, 0x10, 0x82, 0x10, 0x82, 0x10,
    0x82, 0x10, 0x82, 0x10, 0x82, 0x10, 0x82, 0x10, 0x82, 0x10, 0x82, 0x10, 0x82, 0x10, 0x82, 0x10,
    0x82, 0x10, 0x82, 0x10, 0x82, 0x10, 0x82, 0x10, 0x82, 0x10, 0x82, 0x10, 0x82, 0x10, 0x82, 0x10,
    0x82, 0x10, 0x82, 0x10, 0x82, 0x10, 0x82, 0x10, 0x82, 0x10, 0x82, 0x10, 0x82, 0x10, 0x82, 0x10,
    0x82, 0x10, 0x82, 0x10, 0x82, 0x10, 0x82, 0x10, 0x82, 0x10, 0x82, 0x10, 0x82, 0x10, 0x82, 0x10,
    0x82, 0x10, 0x82, 0x10, 0x82, 0x10, 0x82, 0x10, 0x82, 0x10, 0x82, 0x10, 0x82, 0x10, 0x82, 0x10,
    0x82, 0x10, 0x82, 0x10, 0x82, 0x10, 0x82, 0x10, 0x82, 0x10, 0x82, 0x10, 0x82, 0x10, 0x82, 0x10,
    0x82, 0x10, 0x82, 0x10, 0x82, 0x10, 0x82, 0x10, 0x82, 0x10, 0x82, 0x10, 0x82, 0x10, 0x82, 0x10,
    0x82, 0x10, 0x82, 0x10, 0x82, 0x10, 0x82, 0x10, 0x82, 0x10, 0x82, 0x10, 0x82, 0x10, 0x82, 0x10,
    0x82, 0x10, 0x82, 0x10, 0x82, 0x10, 0x82, 0x10, 0x82, 0x10, 0x82, 0x10, 0x82, 0x10, 0x82, 0x10,
    0x82, 0x10, 0x82, 0x10, 0x82, 0x10, 0x82, 0x10, 0x82, 0x10, 0x82, 0x10, 0x82, 0x10, 0x82, 0x10,
    0x82, 0x10, 0x82, 0x10, 0x82, 0x10, 0x82, 0x10, 0x82, 0x10, 0x82, 0x10, 0x82, 0x10, 0x82, 0x10,
    0x82, 0x10, 0x82, 0x10, 0x82, 0x10, 0x82, 0x10, 0x82, 0x10, 0x82, 0x10, 0x82, 0x10, 0x82, 0x10,
    0x82, 0x10, 0x82, 0x10, 0x82, 0x10, 0x82, 0x10, 0x82, 0x10, 0x82, 0x10, 0x82, 0x10, 0x82, 0x10,
    0x82, 0x10, 0x82, 0x10, 0x82, 0x10, 0x82, 0x10, 0x82, 0x10, 0x82, 0x10, 0x82, 0x10, 0x82, 0x10,
    0x82, 0x10, 0x82, 0x10, 0x82, 0x10, 0x82, 0x10, 0x82, 0x10, 0x82, 0x10, 0x82, 0x10, 0x82, 0x10,
    0x82, 0x10, 0x82, 0x10, 0x82, 0x10, 0x82, 0x10, 0x82, 0x10, 0x82, 0x10, 0x82, 0x10, 0x82, 0x10,
    0x82, 0x10, 0x82, 0x10, 0x82, 0x10, 0x82, 0x10, 0x82, 0x10, 0x82, 0x10, 0x82, 0x10, 0x82, 0x10,
    0x82, 0x10, 0x82, 0x10, 0x82, 0x10, 0x82, 0x10, 0x82, 0x10, 0x82, 0x10, 0x82, 0x10, 0x82, 0x10,
    0x82, 0x10, 0x82, 0x10, 0x82, 0x10, 0x82, 0x10, 0x82, 0x10, 0x82, 0x10, 0x82, 0x10, 0x82, 0x10,
    0x82, 0x10, 0x82, 0x10, 0x82, 0x10, 0x82, 0x10, 0x82, 0x10, 0x82, 0x10, 0x82, 0x10, 0x82, 0x10,
    0x82, 0x10, 0x82, 0x10, 0x82, 0x10, 0x82, 0x10, 0x82, 0x10, 0x82, 0x10, 0x82, 0x10, 0x82, 0x10,
    0x82, 0x10, 0x82, 0x10, 0x82, 0x10, 0x82, 0x10, 0x82, 0x10, 0x82, 0x10, 0x82, 0x10, 0x82, 0x10,
    0x82, 0x10, 0x82, 0x10, 0x82, 0x10, 0x82, 0x10, 0x82, 0x10, 0x82, 0x10, 0x82, 0x10, 0x82, 0x10,
    0x82, 0x10, 0x82, 0x10, 0x82, 0x10, 0x82, 0x10, 0x82, 0x10, 0x82, 0x10, 0x82, 0x10, 0x82, 0x10,
    0x82, 0x10, 0x82, 0x10, 0x82, 0x10, 0x82, 0x10, 0x82, 0x10, 0x82, 0x10, 0x82, 0x10, 0x82, 0x10,
    0x82, 0x10, 0x82, 0x10, 0x82, 0x10, 0x82, 0x10, 0x82, 0x10, 0x82, 0x10, 0x82, 0x10, 0x82, 0x10,
    0x82, 0x10, 0x82, 0x10, 0x82, 0x10, 0x82, 0x10, 0x82, 0x10, 0x82, 0x10, 0x82, 0x10, 0x82, 0x10,
    0x82, 0x10, 0x82, 0x10, 0x82, 0x10, 0x82, 0x10, 0x82, 0x10, 0x82, 0x10, 0x82, 0x10, 0x82, 0x10,
    0x82, 0x10, 0x82, 0x10, 0x82, 0x10, 0x82, 0x10, 0x82, 0x10, 0x82, 0x10, 0x82, 0x10, 0x82, 0x10,
    0x82, 0x10, 0x82, 0x10, 0x82, 0x10, 0x82, 0x10, 0x82, 0x10, 0x82, 0x10, 0x82, 0x10, 0x82, 0x10,
    0x82, 0x10, 0x82, 0x10, 0x82, 0x10, 0x82, 0x10, 0x82, 0x10, 0x82, 0x10, 0x82, 0x10, 0x82, 0x10,
    0x82, 0x10, 0x82, 0x10, 0x82, 0x10, 0x82, 0x10, 0x82, 0x10, 0x82, 0x10, 0x82, 0x10, 0x82, 0x10,
    0x82, 0x10, 0x82, 0x10, 0x82, 0x10, 0x82, 0x10, 0x82, 0x10, 0x82, 0x10, 0x82, 0x10, 0x82, 0x10,
    0x82, 0x10, 0x82, 0x10, 0x82, 0x10, 0x82, 0x10, 0x82, 0x10, 0x82, 0x10, 0x82, 0x10, 0x82, 0x10,
    0x82, 0x10, 0x82, 0x10, 0x82, 0x10, 0x82, 0x10, 0x82, 0x10, 0x82, 0x10, 0x82, 0x10, 0x82, 0x10,
    0x82, 0x10, 0x82, 0x10, 0x82, 0x10, 0x82, 0x10, 0x82, 0x10, 0x82, 0x10, 0x82, 0x10, 0x82, 0x10,
    0x82, 0x10, 0x82, 0x10, 0x82, 0x10, 0x82, 0x10, 0x82, 0x10, 0x82, 0x10, 0x82, 0x10, 0x82, 0x10,
    0x82, 0x10, 0x82, 0x10, 0x82, 0x10, 0x82, 0x10, 0x82, 0x10, 0x82, 0x10, 0x82, 0x10, 0x82, 0x10,
    0x82, 0x10, 0x82, 0x10, 0x82, 0x10, 0x82, 0x10, 0x82, 0x10, 0x82, 0x10, 0x82, 0x10, 0x82, 0x10,
    0x82, 0x10, 0x82, 0x10, 0x82, 0x10, 0x82, 0x10, 0x82, 0x10, 0x82, 0x10, 0x82, 0x10, 0x82, 0x10,
    0x82, 0x10, 0x82, 0x10, 0x82, 0x10, 0x82, 0x10, 0x82, 0x10, 0x82, 0x10, 0x82, 0x10, 0x82, 0x10,
    0x82, 0x10, 0x82, 0x10, 0x82, 0x10, 0x82, 0x10, 0x82, 0x10, 0x82, 0x10, 0x82, 0x10, 0x82, 0x10,
    0x82, 0x10, 0x82, 0x10, 0x82, 0x10, 0x82, 0x10, 0x82, 0x10, 0x82, 0x10, 0x82, 0x10, 0x82, 0x10,
    0x82, 0x10, 0x82, 0x10, 0x82, 0x10, 0x82, 0x10, 0x82, 0x10, 0x82, 0x10, 0x82, 0x10, 0x82, 0x10,
    0x82, 0x10, 0x82, 0x10, 0x82, 0x10, 0x82, 0x10, 0x82, 0x10, 0x82, 0x10, 0x82, 0x10, 0x82, 0x10,
    0x82, 0x10, 0x82, 0x10, 0x82, 0x10, 0x82, 0x10, 0x82, 0x10, 0x82, 0x10, 0x82, 0x10, 0x82, 0x10,
    0x82, 0x10, 0x82, 0x10, 0x82, 0x10, 0x82, 0x10, 0x82, 0x10, 0x82, 0x10, 0x82, 0x10, 0x82, 0x10,
    0x82, 0x10, 0x82, 0x10, 0x82, 0x10, 0x82, 0x10, 0x82, 0x10, 0x82, 0x10, 0x82, 0x10, 0x82, 0x10,
    0x82, 0x10, 0x82, 0x10, 0x82, 0x10, 0x82, 0x10, 0x82, 0x10, 0x82, 0x10, 0x82, 0x10, 0x82, 0x10,
    0x82, 0x10, 0x82, 0x10, 0x82, 0x10, 0x82, 0x10, 0x82, 0x10, 0x82, 0x10, 0x82, 0x10, 0x82, 0x10,
    0x82, 0x10, 0x82, 0x10, 0x82, 0x10, 0x82, 0x10, 0x82, 0x10, 0x82, 0x10, 0x82, 0x10, 0x82, 0x10,
    0x82, 0x10, 0x82, 0x10, 0x82, 0x10, 0x82, 0x10, 0x82, 0x10, 0x82, 0x10, 0x82, 0x10, 0x82, 0x10,
    0x82, 0x10, 0x82, 0x10, 0x82, 0x10, 0x82, 0x10, 0x82, 0x10, 0x82, 0x10, 0x82, 0x10, 0x82, 0x10,
    0x82, 0x10, 0x82, 0x10, 0x82, 0x10, 0x82, 0x10, 0x82, 0x10, 0x82, 0x10, 0x82, 0x10, 0x82, 0x10,
    0x82, 0x10, 0x82, 0x10, 0x82, 0x10, 0x82, 0x10, 0x82, 0x10, 0x82, 0x10, 0x82, 0x10, 0x82, 0x10,
    0x82, 0x10, 0x82, 0x10, 0x82, 0x10, 0x82, 0x10, 0x82, 0x10, 0x82, 0x10, 0x82, 0x10, 0x82, 0x10,
    0x82, 0x10, 0x82, 0x10, 0x82, 0x10, 0x82, 0x10, 0x82, 0x10, 0x82, 0x10, 0x82, 0x10, 0x82, 0x10,
    0x82, 0x10, 0x82, 0x10, 0x82, 0x10, 0x82, 0x10, 0x82, 0x10, 0x82, 0x10, 0x82, 0x10, 0x82, 0x10,
    0x82, 0x10, 0x82, 0x10, 0x82, 0x10, 0x82, 0x10, 0x82, 0x10, 0x82, 0x10, 0x82, 0x10, 0x82, 0x10,
    0x82, 0x10, 0x82, 0x10, 0x82, 0x10, 0x82, 0x10, 0x82, 0x10, 0x82, 0x10, 0x82, 0x10, 0x82, 0x10,
    0x82, 0x10, 0x82, 0x10, 0x82, 0x10, 0x82, 0x10, 0x82, 0x10, 0x82, 0x10, 0x82, 0x10, 0x82, 0x10,
    0x82, 0x10, 0x82, 0x10, 0x82, 0x10, 0x82, 0x10, 0x82, 0x10, 0x82, 0x10, 0x82, 0x10, 0x82, 0x10,
    0x82, 0x10, 0x82, 0x10, 0x82, 0x10, 0x82, 0x10, 0x82, 0x10, 0x82, 0x10, 0x82, 0x10, 0x82, 0x10,
    0x82, 0x10, 0x82, 0x10, 0x82, 0x10, 0x82, 0x10, 0x82, 0x10, 0x82, 0x10, 0x82, 0x10, 0x82, 0x10,
    0x82, 0x10, 0x82, 0x10, 0x82, 0x10, 0x82, 0x10, 0x82, 0x10, 0x82, 0x10, 0x82, 0x10, 0x82, 0x10,
    0x82, 0x10, 0x82, 0x10, 0x82, 0x10, 0x82, 0x10, 0x82, 0x10, 0x82, 0x10, 0x82, 0x10, 0x82, 0x10,
    0x82, 0x10, 0x82, 0x10, 0x82, 0x10, 0x82, 0x10, 0x82, 0x10, 0x82, 0x10, 0x82, 0x10, 0x82, 0x10,
    0x82, 0x10, 0x82, 0x10, 0x82, 0x10, 0x82, 0x10, 0x82, 0x10, 0x82, 0x10, 0x82, 0x10, 0x82, 0x10,
    0x82, 0x10, 0x82, 0x10, 0x82, 0x10, 0x82, 0x10, 0x82, 0x10, 0x82, 0x10, 0x82, 0x10, 0x82, 0x10,
    0x82, 0x10, 0x82, 0x10, 0x82, 0x10, 0x82, 0x10, 0x82, 0x10, 0x82, 0x10, 0x82, 0x10, 0x82, 0x10,
    0x82, 0x10, 0x82, 0x10, 0x82, 0x10, 0x82, 0x10, 0x82, 0x10, 0x82, 0x10, 0x82, 0x10, 0x82, 0x10,
    0x82, 0x10, 0x82, 0x10, 0x82, 0x10, 0x82, 0x10, 0x82, 0x10, 0x82, 0x10, 0x82, 0x10, 0x82, 0x10,
    0x82, 0x10, 0x82, 0x10, 0x82, 0x10, 0x82, 0x10, 0x82, 0x10, 0x82, 0x10, 0x82, 0x10, 0x82, 0x10,
    0x82, 0x10, 0x82, 0x10, 0x82, 0x10, 0x82, 0x10, 0x82, 0x10, 0x82, 0x10, 0x82, 0x10, 0x82, 0x10,
    0x82, 0x10, 0x82, 0x10, 0x82, 0x10, 0x82, 0x10, 0x82, 0x10, 0x82, 0x10, 0x82, 0x10, 0x82, 0x10,
    0x82, 0x10, 0x82, 0x10, 0x82, 0x10, 0x82, 0x10, 0x82, 0x10, 0x82, 0x10, 0x82, 0x10, 0x82, 0x10,
    0x82, 0x10, 0x82, 0x10, 0x82, 0x10, 0x82, 0x10, 0x82, 0x10, 0x82, 0x10, 0x82, 0x10, 0x82, 0x10,
    0x82, 0x10, 0x82, 0x10, 0x82, 0x10, 0x82, 0x10, 0x82, 0x10, 0x82, 0x10, 0x82, 0x10, 0x82, 0x10,
    0x82, 0x10, 0x82, 0x10, 0x82, 0x10, 0x82, 0x10, 0x82, 0x10, 0x82, 0x10, 0x82, 0x10, 0x82, 0x10,
    0x82, 0x10, 0x82, 0x10, 0x82, 0x10, 0x82, 0x10, 0x82, 0x10, 0x82, 0x10, 0x82, 0x10, 0x82, 0x10,
    0x82, 0x10, 0x82, 0x10, 0x82, 0x10, 0x82, 0x10, 0x82, 0x10, 0x82, 0x10, 0x82, 0x10, 0x82, 0x10,
    0x82, 0x10, 0x82, 0x10, 0x82, 0x10, 0x82, 0x10, 0x82, 0x10, 0x82, 0x10, 0x82, 0x10, 0x82, 0x10,
    0x82, 0x10, 0x82, 0x10, 0x82, 0x10, 0x82, 0x10, 0x82, 0x10, 0x82, 0x10, 0x82, 0x10, 0x82, 0x10,
    0x82, 0x10, 0x82, 0x10, 0x82, 0x10, 0x82, 0x10, 0x82, 0x10, 0x82, 0x10, 0x82, 0x10, 0x82, 0x10,
    0x82, 0x10, 0x82, 0x10, 0x82, 0x10, 0x82, 0x10, 0x82, 0x10, 0x82, 0x10, 0x82, 0x10, 0x82, 0x10,
    0x82, 0x10, 0x82, 0x10, 0x82, 0x10, 0x82, 0x10, 0x82, 0x10, 0x82, 0x10, 0x82, 0x10, 0x82, 0x10,
    0x82, 0x10, 0x82, 0x10, 0x82, 0x10, 0x82, 0x10, 0x82, 0x10, 0x82, 0x10, 0x82, 0x10, 0x82, 0x10,
    0x82, 0x10, 0x82, 0x10, 0x82, 0x10, 0x82, 0x10, 0x82, 0x10, 0x82, 0x10, 0x82, 0x10, 0x82, 0x10,
    0x82, 0x10, 0x82, 0x10, 0x82, 0x10, 0x82, 0x10, 0x82, 0x10, 0x82, 0x10, 0x82, 0x10, 0x82, 0x10,
    0x82, 0x10, 0x82, 0x10, 0x82, 0x10, 0x82, 0x10, 0x82, 0x10, 0x82, 0x10, 0x82, 0x10, 0x82, 0x10,
    0x82, 0x10, 0x82, 0x10, 0x82, 0x10, 0x82, 0x10, 0x82, 0x10, 0x82, 0x10, 0x82, 0x10, 0x82, 0x10,
    0x82, 0x10, 0x82, 0x10, 0x82, 0x10, 0x82, 0x10, 0x82, 0x10, 0x82, 0x10, 0x82, 0x10, 0x82, 0x10,
    0x82, 0x10, 0x82, 0x10, 0x82, 0x10, 0x82, 0x10, 0x82, 0x10, 0x82, 0x10, 0x82, 0x10, 0x82, 0x10,
    0x82, 0x10, 0x82, 0x10, 0x82, 0x10, 0x82, 0x10, 0x82, 0x10, 0x82, 0x10, 0x82, 0x10, 0x82, 0x10,
    0x82, 0x10, 0x82, 0x10, 0x82, 0x10, 0x82, 0x10, 0x82, 0x10, 0x82, 0x10, 0x82, 0x10, 0x82, 0x10,
    0x82, 0x10, 0x82, 0x10, 0x82, 0x10, 0x82, 0x10, 0x82, 0x10, 0x82, 0x10, 0x82, 0x10, 0x82, 0x10,
    0x82, 0x10, 0x82, 0x10, 0x82, 0x10, 0x82, 0x10, 0x82, 0x10, 0x82, 0x10, 0x82, 0x10, 0x82, 0x10,
    0x82, 0x10, 0x82, 0x10, 0x82, 0x10, 0x82, 0x10, 0x82, 0x10, 0x82, 0x10, 0x82, 0x10, 0x82, 0x10,
    0x82, 0x10, 0x82, 0x10, 0x82, 0x10, 0x82, 0x10, 0x82, 0x10, 0x82, 0x10, 0x82, 0x10, 0x82, 0x10,
    0x82, 0x10, 0x82, 0x10, 0x82, 0x10, 0x82, 0x10, 0x82, 0x10, 0x82, 0x10, 0x82, 0x10, 0x82, 0x10,
    0x82, 0x10, 0x82, 0x10, 0x82, 0x10, 0x82, 0x10, 0x82, 0x10, 0x82, 0x10, 0x82, 0x10, 0x82, 0x10,
    0x82, 0x10, 0x82, 0x10, 0x82, 0x10, 0x82, 0x10, 0x82, 0x10, 0x82, 0x10, 0x82, 0x10, 0x82, 0x10,
    0x82, 0x10, 0x82, 0x10, 0x82, 0x10, 0x82, 0x10, 0x82, 0x10, 0x82, 0x10, 0x82, 0x10, 0x82, 0x10,
    0x82, 0x10, 0x82, 0x10, 0x82, 0x10, 0x82, 0x10, 0x82, 0x10, 0x82, 0x10, 0x82, 0x10, 0x82, 0x10,
    0x82, 0x10, 0x82, 0x10, 0x82, 0x10, 0x82, 0x10, 0x82, 0x10, 0x82, 0x10, 0x82, 0x10, 0x82, 0x10,
    0x82, 0x10, 0x82, 0x10, 0x82, 0x10, 0x82, 0x10, 0x82, 0x10, 0x82, 0x10, 0x82, 0x10, 0x82, 0x10,
    0x82, 0x10, 0x82, 0x10, 0x82, 0x10, 0x82, 0x10, 0x82, 0x10, 0x82, 0x10, 0x82, 0x10, 0x82, 0x10,
    0x82, 0x10, 0x82, 0x10, 0x82, 0x10, 0x82, 0x10, 0x82, 0x10, 0x82, 0x10, 0x82, 0x10, 0x82, 0x10,
    0x82, 0x10, 0x82, 0x10, 0x82, 0x10, 0x82, 0x10, 0x82, 0x10, 0x82, 0x10, 0x82, 0x10, 0x82, 0x10,
    0x82, 0x10, 0x82, 0x10, 0x82, 0x10, 0x82, 0x10, 0x82, 0x10, 0x82, 0x10, 0x82, 0x10, 0x82, 0x10,
    0x82, 0x10, 0x82, 0x10, 0x82, 0x10, 0x82, 0x10, 0x82, 0x10, 0x82, 0x10, 0x82, 0x10, 0x82, 0x10,
    0x82, 0x10, 0x82, 0x10, 0x82, 0x10, 0x82, 0x10, 0x82, 0x10, 0x82, 0x10, 0x82, 0x10, 0x82, 0x10,
    0x82, 0x10, 0x82, 0x10, 0x82, 0x10, 0x82, 0x10, 0x82, 0x10, 0x82, 0x10, 0x82, 0x10, 0x82, 0x10,
    0x82, 0x10, 0x82, 0x10, 0x82, 0x10, 0x82, 0x10, 0x82, 0x10, 0x82, 0x10, 0x82, 0x10, 0x82, 0x10,
    0x82, 0x10, 0x82, 0x10, 0x82, 0x10, 0x82, 0x10, 0x82, 0x10, 0x82, 0x10, 0x82, 0x10, 0x82, 0x10,
    0x82, 0x10, 0x82, 0x10, 0x82, 0x10, 0x82, 0x10, 0x82, 0x10, 0x82, 0x10, 0x82, 0x10, 0x82, 0x10,
    0x82, 0x10, 0x82, 0x10, 0x82, 0x10, 0x82, 0x10, 0x82, 0x10, 0x82, 0x10, 0x82, 0x10, 0x82, 0x10,
    0x82, 0x10, 0x82, 0x10, 0x82, 0x10, 0x82, 0x10, 0x82, 0x10, 0x82, 0x10, 0x82, 0x10, 0x82, 0x10,
    0x82, 0x10, 0x82, 0x10, 0x82, 0x10, 0x82, 0x10, 0x82, 0x10, 0x82, 0x10, 0x82, 0x10, 0x82, 0x10,
    0x82, 0x10, 0x82, 0x10, 0x82, 0x10, 0x82, 0x10, 0x82, 0x10, 0x82, 0x10, 0x82, 0x10, 0x82, 0x10,
    0x82, 0x10, 0x82, 0x10, 0x82, 0x10, 0x82, 0x10, 0x82, 0x10, 0x82, 0x10, 0x82, 0x10, 0x82, 0x10,
    0x82, 0x10, 0x82, 0x10, 0x82, 0x10, 0x82, 0x10, 0x82, 0x10, 0x82, 0x10, 0x82, 0x10, 0x82, 0x10,
    0x82, 0x10, 0x82, 0x10, 0x82, 0x10, 0x82, 0x10, 0x82, 0x10, 0x82, 0x10, 0x82, 0x10, 0x82, 0x10,
    0x82, 0x10, 0x82, 0x10, 0x82, 0x10, 0x82, 0x10, 0x82, 0x10, 0x82, 0x10, 0x82, 0x10, 0x82, 0x10,
    0x82, 0x10, 0x82, 0x10, 0x82, 0x10, 0x82, 0x10, 0x82, 0x10, 0x82, 0x10, 0x82, 0x10, 0x82, 0x10,
    0x82, 0x10, 0x82, 0x10, 0x82, 0x10, 0x82, 0x10, 0x82, 0x10, 0x82, 0x10, 0x82, 0x10, 0x82, 0x10,
    0x82, 0x10, 0x82, 0x10, 0x82, 0x10, 0x82, 0x10, 0x82, 0x10, 0x82, 0x10, 0x82, 0x10, 0x82, 0x10,
    0x82, 0x10, 0x82, 0x10, 0x82, 0x10, 0x82, 0x10, 0x61, 0x08, 0x82, 0x10, 0x82, 0x10, 0x82, 0x10,
    0x82, 0x10, 0x82, 0x10, 0x82, 0x10, 0x82, 0x10, 0x82, 0x10, 0x82, 0x10, 0x82, 0x10, 0x82, 0x10,
    0x82, 0x10, 0x82, 0x10, 0x82, 0x10, 0x82, 0x10, 0x82, 0x10, 0x82, 0x10, 0x82, 0x10, 0x82, 0x10,
    0x82, 0x10, 0x82, 0x10, 0x82, 0x10, 0x82, 0x10, 0x82, 0x10, 0x82, 0x10, 0x82, 0x10, 0x82, 0x10,
    0x82, 0x10, 0x82, 0x10, 0x82, 0x10, 0x82, 0x10, 0x82, 0x10, 0x82, 0x10, 0x82, 0x10, 0x82, 0x10,
    0x82, 0x10, 0x82, 0x10, 0x82, 0x10, 0x82, 0x10, 0x82, 0x10, 0x82, 0x10, 0x82, 0x10, 0x82, 0x10,
    0x82, 0x10, 0x82, 0x10, 0x82, 0x10, 0x82, 0x10, 0x82, 0x10, 0x82, 0x10, 0x82, 0x10, 0x82, 0x10,
    0x82, 0x10, 0x82, 0x10, 0x82, 0x10, 0x82, 0x10, 0x82, 0x10, 0x82, 0x10, 0x82, 0x10, 0x82, 0x10,
    0x82, 0x10, 0x82, 0x10, 0x82, 0x10, 0x82, 0x10, 0x82, 0x10, 0x82, 0x10, 0x82, 0x10, 0x82, 0x10,
    0x82, 0x10, 0x82, 0x10, 0x82, 0x10, 0x82, 0x10, 0x82, 0x10, 0x82, 0x10, 0x82, 0x10, 0x82, 0x10,
    0x82, 0x10, 0x82, 0x10, 0x82, 0x10, 0x82, 0x10, 0x82, 0x10, 0x82, 0x10, 0x82, 0x10, 0x82, 0x10,
    0x82, 0x10, 0x82, 0x10, 0x82, 0x10, 0x82, 0x10, 0x82, 0x10, 0x82, 0x10, 0x82, 0x10, 0x82, 0x10,
    0x82, 0x10, 0x82, 0x10, 0x82, 0x10, 0x82, 0x10, 0x82, 0x10, 0x82, 0x10, 0x82, 0x10, 0x82, 0x10,
    0x82, 0x10, 0x82, 0x10, 0x82, 0x10, 0x82, 0x10, 0x82, 0x10, 0x82, 0x10, 0x82, 0x10, 0x82, 0x10,
    0x82, 0x10, 0x82, 0x10, 0x82, 0x10, 0x82, 0x10, 0x82, 0x10, 0x82, 0x10, 0x82, 0x10, 0x82, 0x10,
    0x82, 0x10, 0x82, 0x10, 0x82, 0x10, 0x82, 0x10, 0x82, 0x10, 0x82, 0x10, 0x82, 0x10, 0x82, 0x10,
    0x82, 0x10, 0x82, 0x10, 0x82, 0x10, 0x82, 0x10, 0x82, 0x10, 0x82, 0x10, 0x82, 0x10, 0x82, 0x10,
    0x82, 0x10, 0x82, 0x10, 0x82, 0x10, 0x82, 0x10, 0x82, 0x10, 0x82, 0x10, 0x82, 0x10, 0x82, 0x10,
    0x82, 0x10, 0x82, 0x10, 0x82, 0x10, 0x82, 0x10, 0x82, 0x10, 0x82, 0x10, 0x82, 0x10, 0x82, 0x10,
    0x82, 0x10, 0x82, 0x10, 0x82, 0x10, 0x82, 0x10, 0x82, 0x10, 0x82, 0x10, 0x82, 0x10, 0x82, 0x10,
    0x82, 0x10, 0x82, 0x10, 0x82, 0x10, 0x82, 0x10, 0x82, 0x10, 0x82, 0x10, 0x82, 0x10, 0x82, 0x10,
    0x82, 0x10, 0x82, 0x10, 0x82, 0x10, 0x82, 0x10, 0x82, 0x10, 0x82, 0x10, 0x82, 0x10, 0x82, 0x10,
    0x82, 0x10, 0x82, 0x10, 0x82, 0x10, 0x82, 0x10, 0x82, 0x10, 0x82, 0x10, 0x82, 0x10, 0x82, 0x10,
    0x82, 0x10, 0x82, 0x10, 0x82, 0x10, 0x82, 0x10, 0x82, 0x10, 0x61, 0x08, 0x61, 0x08, 0x61, 0x08,
    0x61, 0x08, 0x61, 0x08, 0x61, 0x08, 0x61, 0x08, 0x61, 0x08, 0x61, 0x08, 0x61, 0x08, 0x61, 0x08,
    0x61, 0x08, 0x61, 0x08, 0x61, 0x08, 0x61, 0x08, 0x61, 0x08, 0x61, 0x08, 0x61, 0x08, 0x61, 0x08,
    0x61, 0x08, 0x61, 0x08, 0x61, 0x08, 0x61, 0x08, 0x61, 0x08, 0x61, 0x08, 0x61, 0x08, 0x61, 0x08,
    0x61, 0x08, 0x61, 0x08, 0x61, 0x08, 0x61, 0x08, 0x61, 0x08, 0x61, 0x08, 0x61, 0x08, 0x61, 0x08,
    0x61, 0x08, 0x61, 0x08, 0x61, 0x08, 0x61, 0x08, 0x61, 0x08, 0x61, 0x08, 0x61, 0x08, 0x61, 0x08,
    0x61, 0x08, 0x61, 0x08, 0x61, 0x08, 0x61, 0x08, 0x61, 0x08, 0x61, 0x08, 0x61, 0x08, 0x61, 0x08,
    0x61, 0x08, 0x61, 0x08, 0x61, 0x08, 0x61, 0x08, 0x61, 0x08, 0x82, 0x10, 0x82, 0x10, 0x82, 0x10,
    0x82, 0x10, 0x82, 0x10, 0x82, 0x10, 0x82, 0x10, 0x82, 0x10, 0x82, 0x10, 0x82, 0x10, 0x82, 0x10,
    0x82, 0x10, 0x82, 0x10, 0x82, 0x10, 0x82, 0x10, 0x82, 0x10, 0x82, 0x10, 0x82, 0x10, 0x82, 0x10,
    0x82, 0x10, 0x82, 0x10, 0x82, 0x10, 0x82, 0x10, 0x82, 0x10, 0x82, 0x10, 0x82, 0x10, 0x82, 0x10,
    0x82, 0x10, 0x82, 0x10, 0x82, 0x10, 0x82, 0x10, 0x82, 0x10, 0x82, 0x10, 0x82, 0x10, 0x82, 0x10,
    0x82, 0x10, 0x82, 0x10, 0x82, 0x10, 0x82, 0x10, 0x82, 0x10, 0x82, 0x10, 0x82, 0x10, 0x82, 0x10,
    0x82, 0x10, 0x82, 0x10, 0x82, 0x10, 0x82, 0x10, 0x82, 0x10, 0x82, 0x10, 0x82, 0x10, 0x82, 0x10,
    0x82, 0x10, 0x82, 0x10, 0x82, 0x10, 0x82, 0x10, 0x82, 0x10, 0x82, 0x10, 0x82, 0x10, 0x82, 0x10,
    0x82, 0x10, 0x82, 0x10, 0x82, 0x10, 0x82, 0x10, 0x82, 0x10, 0x82, 0x10, 0x82, 0x10, 0x82, 0x10,
    0x82, 0x10, 0x82, 0x10, 0x82, 0x10, 0x82, 0x10, 0x82, 0x10, 0x82, 0x10, 0x82, 0x10, 0x82, 0x10,
    0x82, 0x10, 0x82, 0x10, 0x82, 0x10, 0x82, 0x10, 0x82, 0x10, 0x82, 0x10, 0x82, 0x10, 0x82, 0x10,
    0x82, 0x10, 0x82, 0x10, 0x82, 0x10, 0x82, 0x10, 0x82, 0x10, 0x82, 0x10, 0x82, 0x10, 0x82, 0x10,
    0x82, 0x10, 0x82, 0x10, 0x82, 0x10, 0x82, 0x10, 0x82, 0x10, 0x82, 0x10, 0x82, 0x10, 0x82, 0x10,
    0x82, 0x10, 0x82, 0x10, 0x82, 0x10, 0x82, 0x10, 0x82, 0x10, 0x82, 0x10, 0x82, 0x10, 0x82, 0x10,
    0x82, 0x10, 0x82, 0x10, 0x82, 0x10, 0x82, 0x10, 0x82, 0x10, 0x82, 0x10, 0x82, 0x10, 0x82, 0x10,
    0x82, 0x10, 0x82, 0x10, 0x82, 0x10, 0x82, 0x10, 0x82, 0x10, 0x82, 0x10, 0x82, 0x10, 0x82, 0x10,
    0x82, 0x10, 0x82, 0x10, 0x82, 0x10, 0x82, 0x10, 0x82, 0x10, 0x82, 0x10, 0x82, 0x10, 0x82, 0x10,
    0x82, 0x10, 0x82, 0x10, 0x82, 0x10, 0x82, 0x10, 0x82, 0x10, 0x82, 0x10, 0x82, 0x10, 0x82, 0x10,
    0x82, 0x10, 0x82, 0x10, 0x82, 0x10, 0x82, 0x10, 0x82, 0x10, 0x82, 0x10, 0x82, 0x10, 0x82, 0x10,
    0x82, 0x10, 0x82, 0x10, 0x82, 0x10, 0x82, 0x10, 0x82, 0x10, 0x82, 0x10, 0x82, 0x10, 0x82, 0x10,
    0x82, 0x10, 0x82, 0x10, 0x82, 0x10, 0x82, 0x10, 0x82, 0x10, 0x82, 0x10, 0x82, 0x10, 0x82, 0x10,
    0x82, 0x10, 0x82, 0x10, 0x82, 0x10, 0x82, 0x10, 0x82, 0x10, 0x82, 0x10, 0x82, 0x10, 0x82, 0x10,
    0x82, 0x10, 0x82, 0x10, 0x82, 0x10, 0x82, 0x10, 0x82, 0x10, 0x82, 0x10, 0x82, 0x10, 0x82, 0x10,
    0x82, 0x10, 0x82, 0x10, 0x82, 0x10, 0x82, 0x10, 0x82, 0x10, 0x61, 0x08, 0x61, 0x08, 0x61, 0x08,
    0x61, 0x08, 0x61, 0x08, 0x61, 0x08, 0x61, 0x08, 0x61, 0x08, 0x61, 0x08, 0x61, 0x08, 0x61, 0x08,
    0x61, 0x08, 0x61, 0x08, 0x61, 0x08, 0x61, 0x08, 0x61, 0x08, 0x61, 0x08, 0x61, 0x08, 0x61, 0x08,
    0x61, 0x08, 0x61, 0x08, 0x61, 0x08, 0x61, 0x08, 0x61, 0x08, 0x61, 0x08, 0x61, 0x08, 0x61, 0x08,
    0x61, 0x08, 0x61, 0x08, 0x61, 0x08, 0x61, 0x08, 0x61, 0x08, 0x61, 0x08, 0x61, 0x08, 0x61, 0x08,
    0x61, 0x08, 0x61, 0x08, 0x61, 0x08, 0x61, 0x08, 0x61, 0x08, 0x61, 0x08, 0x61, 0x08, 0x61, 0x08,
    0x61, 0x08, 0x61, 0x08, 0x61, 0x08, 0x61, 0x08, 0x61, 0x08, 0x61, 0x08, 0x61, 0x08, 0x61, 0x08,
    0x61, 0x08, 0x61, 0x08, 0x61, 0x08, 0x61, 0x08, 0x61, 0x08, 0x82, 0x10, 0x82, 0x10, 0x82, 0x10,
    0x82, 0x10, 0x82, 0x10, 0x82, 0x10, 0x82, 0x10, 0x82, 0x10, 0x82, 0x10, 0x82, 0x10, 0x82, 0x10,
    0x82, 0x10, 0x82, 0x10, 0x82, 0x10, 0x82, 0x10, 0x82, 0x10, 0x82, 0x10, 0x82, 0x10, 0x82, 0x10,
    0x82, 0x10, 0x82, 0x10, 0x82, 0x10, 0x82, 0x10, 0x82, 0x10, 0x82, 0x10, 0x82, 0x10, 0x82, 0x10,
    0x82, 0x10, 0x82, 0x10, 0x82, 0x10, 0x82, 0x10, 0x82, 0x10, 0x82, 0x10, 0x82, 0x10, 0x82, 0x10,
    0x82, 0x10, 0x82, 0x10, 0x82, 0x10, 0x82, 0x10, 0x82, 0x10, 0x82, 0x10, 0x82, 0x10, 0x82, 0x10,
    0x82, 0x10, 0x82, 0x10, 0x82, 0x10, 0x82, 0x10, 0x82, 0x10, 0x82, 0x10, 0x82, 0x10, 0x82, 0x10,
    0x82, 0x10, 0x82, 0x10, 0x82, 0x10, 0x82, 0x10, 0x82, 0x10, 0x82, 0x10, 0x82, 0x10, 0x82, 0x10,
    0x82, 0x10, 0x82, 0x10, 0x82, 0x10, 0x82, 0x10, 0x82, 0x10, 0x82, 0x10, 0x82, 0x10, 0x82, 0x10,
    0x82, 0x10, 0x82, 0x10, 0x82, 0x10, 0x82, 0x10, 0x82, 0x10, 0x82, 0x10, 0x82, 0x10, 0x82, 0x10,
    0x82, 0x10, 0x82, 0x10, 0x82, 0x10, 0x82, 0x10, 0x82, 0x10, 0x82, 0x10, 0x82, 0x10, 0x82, 0x10,
    0x82, 0x10, 0x82, 0x10, 0x82, 0x10, 0x82, 0x10, 0x82, 0x10, 0x82, 0x10, 0x82, 0x10, 0x82, 0x10,
    0x82, 0x10, 0x82, 0x10, 0x82, 0x10, 0x82, 0x10, 0x82, 0x10, 0x82, 0x10, 0x82, 0x10, 0x82, 0x10,
    0x82, 0x10, 0x82, 0x10, 0x82, 0x10, 0x82, 0x10, 0x82, 0x10, 0x82, 0x10, 0x82, 0x10, 0x82, 0x10,
    0x82, 0x10, 0x82, 0x10, 0x82, 0x10, 0x82, 0x10, 0x82, 0x10, 0x82, 0x10, 0x82, 0x10, 0x82, 0x10,
    0x82, 0x10, 0x82, 0x10, 0x82, 0x10, 0x82, 0x10, 0x82, 0x10, 0x82, 0x10, 0x82, 0x10, 0x82, 0x10,
    0x82, 0x10, 0x82, 0x10, 0x82, 0x10, 0x82, 0x10, 0x82, 0x10, 0x82, 0x10, 0x82, 0x10, 0x82, 0x10,
    0x82, 0x10, 0x82, 0x10, 0x82, 0x10, 0x82, 0x10, 0x82, 0x10, 0x82, 0x10, 0x82, 0x10, 0x82, 0x10,
    0x82, 0x10, 0x82, 0x10, 0x82, 0x10, 0x82, 0x10, 0x82, 0x10, 0x82, 0x10, 0x82, 0x10, 0x82, 0x10,
    0x82, 0x10, 0x82, 0x10, 0x82, 0x10, 0x82, 0x10, 0x82, 0x10, 0x82, 0x10, 0x82, 0x10, 0x82, 0x10,
    0x82, 0x10, 0x82, 0x10, 0x82, 0x10, 0x82, 0x10, 0x82, 0x10, 0x82, 0x10, 0x82, 0x10, 0x82, 0x10,
    0x82, 0x10, 0x82, 0x10, 0x82, 0x10, 0x82, 0x10, 0x82, 0x10, 0x82, 0x10, 0x82, 0x10, 0x82, 0x10,
    0x82, 0x10, 0x82, 0x10, 0x82, 0x10, 0x82, 0x10, 0x82, 0x10, 0x82, 0x10, 0x61, 0x08, 0x61, 0x08,
    0x61, 0x08, 0x61, 0x08, 0x61, 0x08, 0x61, 0x08, 0x61, 0x08, 0x61, 0x08, 0x61, 0x08, 0x61, 0x08,
    0x61, 0x08, 0x61, 0x08, 0x61, 0x08, 0x61, 0x08, 0x61, 0x08, 0x61, 0x08, 0x61, 0x08, 0x61, 0x08,
    0x61, 0x08, 0x61, 0x08, 0x61, 0x08, 0x61, 0x08, 0x61, 0x08, 0x61, 0x08, 0x61, 0x08, 0x61, 0x08,
    0x61, 0x08, 0x61, 0x08, 0x82, 0x10, 0x82, 0x10, 0x82, 0x10, 0x82, 0x10, 0x82, 0x10, 0x82, 0x10,
    0x82, 0x10, 0x82, 0x10, 0x82, 0x10, 0x82, 0x10, 0x82, 0x10, 0x82, 0x10, 0x61, 0x08, 0x82, 0x10,
    0x82, 0x10, 0x82, 0x10, 0x82, 0x10, 0x82, 0x10, 0x82, 0x10, 0x82, 0x10, 0x82, 0x10, 0x82, 0x10,
    0x82, 0x10, 0x82, 0x10, 0x82, 0x10, 0x82, 0x10, 0x82, 0x10, 0x82, 0x10, 0x82, 0x10, 0x82, 0x10,
    0x61, 0x08, 0x61, 0x08, 0x61, 0x08, 0x61, 0x08, 0x61, 0x08, 0x61, 0x08, 0x82, 0x10, 0x82, 0x10,
    0x82, 0x10, 0x82, 0x10, 0x82, 0x10, 0x82, 0x10, 0x82, 0x10, 0x82, 0x10, 0x82, 0x10, 0x82, 0x10,
    0x82, 0x10, 0x82, 0x10, 0x82, 0x10, 0x82, 0x10, 0x82, 0x10, 0x82, 0x10, 0x82, 0x10, 0x82, 0x10,
    0x82, 0x10, 0x82, 0x10, 0x82, 0x10, 0x82, 0x10, 0x82, 0x10, 0x82, 0x10, 0x82, 0x10, 0x82, 0x10,
    0x82, 0x10, 0x82, 0x10, 0x82, 0x10, 0x82, 0x10, 0x82, 0x10, 0x82, 0x10, 0x82, 0x10, 0x82, 0x10,
    0x82, 0x10, 0x82, 0x10, 0x82, 0x10, 0x82, 0x10, 0x82, 0x10, 0x82, 0x10, 0x82, 0x10, 0x82, 0x10,
    0x82, 0x10, 0x82, 0x10, 0x82, 0x10, 0x82, 0x10, 0x82, 0x10, 0x82, 0x10, 0x82, 0x10, 0x82, 0x10,
    0x82, 0x10, 0x82, 0x10, 0x82, 0x10, 0x82, 0x10, 0x82, 0x10, 0x82, 0x10, 0x82, 0x10, 0x82, 0x10,
    0x82, 0x10, 0x82, 0x10, 0x82, 0x10, 0x82, 0x10, 0x82, 0x10, 0x82, 0x10, 0x82, 0x10, 0x82, 0x10,
    0x82, 0x10, 0x82, 0x10, 0x82, 0x10, 0x82, 0x10, 0x82, 0x10, 0x82, 0x10, 0x82, 0x10, 0x82, 0x10,
    0x82, 0x10, 0x82, 0x10, 0x82, 0x10, 0x82, 0x10, 0x82, 0x10, 0x82, 0x10, 0x82, 0x10, 0x82, 0x10,
    0x82, 0x10, 0x82, 0x10, 0x82, 0x10, 0x82, 0x10, 0x82, 0x10, 0x82, 0x10, 0x82, 0x10, 0x82, 0x10,
    0x82, 0x10, 0x82, 0x10, 0x82, 0x10, 0x82, 0x10, 0x82, 0x10, 0x82, 0x10, 0x82, 0x10, 0x82, 0x10,
    0x82, 0x10, 0x82, 0x10, 0x82, 0x10, 0x82, 0x10, 0x82, 0x10, 0x82, 0x10, 0x82, 0x10, 0x82, 0x10,
    0x82, 0x10, 0x82, 0x10, 0x82, 0x10, 0x82, 0x10, 0x82, 0x10, 0x82, 0x10, 0x82, 0x10, 0x82, 0x10,
    0x82, 0x10, 0x82, 0x10, 0x82, 0x10, 0x82, 0x10, 0x82, 0x10, 0x82, 0x10, 0x82, 0x10, 0x82, 0x10,
    0x82, 0x10, 0x82, 0x10, 0x82, 0x10, 0x82, 0x10, 0x82, 0x10, 0x82, 0x10, 0x82, 0x10, 0x82, 0x10,
    0x82, 0x10, 0x82, 0x10, 0x82, 0x10, 0x82, 0x10, 0x82, 0x10, 0x82, 0x10, 0x82, 0x10, 0x82, 0x10,
    0x82, 0x10, 0x82, 0x10, 0x82, 0x10, 0x82, 0x10, 0x82, 0x10, 0x82, 0x10, 0x82, 0x10, 0x82, 0x10,
    0x82, 0x10, 0x82, 0x10, 0x82, 0x10, 0x82, 0x10, 0x82, 0x10, 0x82, 0x10, 0x82, 0x10, 0x82, 0x10,
    0x82, 0x10, 0x82, 0x10, 0x82, 0x10, 0x82, 0x10, 0x82, 0x10, 0x82, 0x10, 0x82, 0x10, 0x82, 0x10,
    0x82, 0x10, 0x82, 0x10, 0x82, 0x10, 0x82, 0x10, 0x82, 0x10, 0x82, 0x10, 0x82, 0x10, 0x82, 0x10,
    0x82, 0x10, 0x82, 0x10, 0x82, 0x10, 0x82, 0x10, 0x82, 0x10, 0x82, 0x10, 0x82, 0x10, 0x61, 0x08,
    0x61, 0x08, 0x61, 0x08, 0x61, 0x08, 0x61, 0x08, 0x61, 0x08, 0x61, 0x08, 0x61, 0x08, 0x61, 0x08,
    0x61, 0x08, 0x61, 0x08, 0x61, 0x08, 0x61, 0x08, 0x61, 0x08, 0x61, 0x08, 0x61, 0x08, 0x61, 0x08,
    0x61, 0x08, 0x61, 0x08, 0x61, 0x08, 0x61, 0x08, 0x61, 0x08, 0x61, 0x08, 0x61, 0x08, 0x61, 0x08,
    0x61, 0x08, 0x61, 0x08, 0x61, 0x08, 0x82, 0x10, 0x82, 0x10, 0x82, 0x10, 0x82, 0x10, 0x82, 0x10,
    0x82, 0x10, 0x82, 0x10, 0x82, 0x10, 0x82, 0x10, 0x82, 0x10, 0x82, 0x10, 0x82, 0x10, 0x82, 0x10,
    0x82, 0x10, 0x82, 0x10, 0x82, 0x10, 0x82, 0x10, 0x82, 0x10, 0x82, 0x10, 0x82, 0x10, 0x82, 0x10,
    0x82, 0x10, 0x82, 0x10, 0x82, 0x10, 0x82, 0x10, 0x82, 0x10, 0x82, 0x10, 0x82, 0x10, 0x61, 0x08,
    0x61, 0x08, 0x61, 0x08, 0x61, 0x08, 0x61, 0x08, 0x61, 0x08, 0x82, 0x10, 0x82, 0x10, 0x82, 0x10,
    0x82, 0x10, 0x82, 0x10, 0x82, 0x10, 0x82, 0x10, 0x82, 0x10, 0x82, 0x10, 0x82, 0x10, 0x82, 0x10,
    0x82, 0x10, 0x82, 0x10, 0x82, 0x10, 0x82, 0x10, 0x82, 0x10, 0x82, 0x10, 0x82, 0x10, 0x82, 0x10,
    0x82, 0x10, 0x82, 0x10, 0x82, 0x10, 0x82, 0x10, 0x82, 0x10, 0x82, 0x10, 0x82, 0x10, 0x82, 0x10,
    0x82, 0x10, 0x82, 0x10, 0x82, 0x10, 0x82, 0x10, 0x82, 0x10, 0x82, 0x10, 0x82, 0x10, 0x82, 0x10,
    0x82, 0x10, 0x82, 0x10, 0x82, 0x10, 0x82, 0x10, 0x82, 0x10, 0x82, 0x10, 0x82, 0x10, 0x82, 0x10,
    0x82, 0x10, 0x82, 0x10, 0x82, 0x10, 0x82, 0x10, 0x82, 0x10, 0x82, 0x10, 0x82, 0x10, 0x82, 0x10,
    0x82, 0x10, 0x82, 0x10, 0x82, 0x10, 0x82, 0x10, 0x82, 0x10, 0x82, 0x10, 0x82, 0x10, 0x82, 0x10,
    0x82, 0x10, 0x82, 0x10, 0x82, 0x10, 0x82, 0x10, 0x82, 0x10, 0x82, 0x10, 0x82, 0x10, 0x82, 0x10,
    0x82, 0x10, 0x82, 0x10, 0x82, 0x10, 0x82, 0x10, 0x82, 0x10, 0x82, 0x10, 0x82, 0x10, 0x82, 0x10,
    0x82, 0x10, 0x82, 0x10, 0x82, 0x10, 0x82, 0x10, 0x82, 0x10, 0x82, 0x10, 0x82, 0x10, 0x82, 0x10,
    0x82, 0x10, 0x82, 0x10, 0x82, 0x10, 0x82, 0x10, 0x82, 0x10, 0x82, 0x10, 0x82, 0x10, 0x82, 0x10,
    0x82, 0x10, 0x82, 0x10, 0x82, 0x10, 0x82, 0x10, 0x82, 0x10, 0x82, 0x10, 0x82, 0x10, 0x82, 0x10,
    0x82, 0x10, 0x82, 0x10, 0x82, 0x10, 0x82, 0x10, 0x82, 0x10, 0x82, 0x10, 0x82, 0x10, 0x82, 0x10,
    0x82, 0x10, 0x82, 0x10, 0x82, 0x10, 0x82, 0x10, 0x82, 0x10, 0x82, 0x10, 0x82, 0x10, 0x82, 0x10,
    0x82, 0x10, 0x82, 0x10, 0x82, 0x10, 0x82, 0x10, 0x82, 0x10, 0x82, 0x10, 0x82, 0x10, 0x82, 0x10,
    0x82, 0x10, 0x82, 0x10, 0x82, 0x10, 0x82, 0x10, 0x82, 0x10, 0x82, 0x10, 0x82, 0x10, 0x82, 0x10,
    0x82, 0x10, 0x82, 0x10, 0x82, 0x10, 0x82, 0x10, 0x82, 0x10, 0x82, 0x10, 0x82, 0x10, 0x82, 0x10,
    0x82, 0x10, 0x82, 0x10, 0x82, 0x10, 0x82, 0x10, 0x82, 0x10, 0x82, 0x10, 0x82, 0x10, 0x82, 0x10,
    0x82, 0x10, 0x82, 0x10, 0x82, 0x10, 0x82, 0x10, 0x82, 0x10, 0x82, 0x10, 0x82, 0x10, 0x82, 0x10,
    0x82, 0x10, 0x82, 0x10, 0x82, 0x10, 0x82, 0x10, 0x82, 0x10, 0x82, 0x10, 0x82, 0x10, 0x82, 0x10,
    0x82, 0x10, 0x82, 0x10, 0x82, 0x10, 0x82, 0x10, 0x82, 0x10, 0x82, 0x10, 0x82, 0x10, 0x82, 0x10,
    0x82, 0x10, 0x82, 0x10, 0x61, 0x08, 0x61, 0x08, 0x61, 0x08, 0x61, 0x08, 0x61, 0x08, 0x61, 0x08,
    0x61, 0x08, 0x61, 0x08, 0x61, 0x08, 0x61, 0x08, 0x61, 0x08, 0x61, 0x08, 0x61, 0x08, 0x61, 0x08,
    0x61, 0x08, 0x61, 0x08, 0x61, 0x08, 0x61, 0x08, 0x61, 0x08, 0x61, 0x08, 0x61, 0x08, 0x61, 0x08,
    0x61, 0x08, 0x61, 0x08, 0x61, 0x08, 0x61, 0x08, 0x61, 0x08, 0x61, 0x08, 0x61, 0x08, 0x61, 0x08,
    0x61, 0x08, 0x61, 0x08, 0x61, 0x08, 0x82, 0x10, 0x82, 0x10, 0x82, 0x10, 0x82, 0x10, 0x82, 0x10,
    0x82, 0x10, 0x82, 0x10, 0x82, 0x10, 0x82, 0x10, 0x82, 0x10, 0x82, 0x10, 0x82, 0x10, 0x82, 0x10,
    0x82, 0x10, 0x82, 0x10, 0x82, 0x10, 0x82, 0x10, 0x82, 0x10, 0x82, 0x10, 0x82, 0x10, 0x82, 0x10,
    0x82, 0x10, 0x82, 0x10, 0x82, 0x10, 0x82, 0x10, 0x82, 0x10, 0x82, 0x10, 0x82, 0x10, 0x82, 0x10,
    0x61, 0x08, 0x61, 0x08, 0x61, 0x08, 0x61, 0x08, 0x61, 0x08, 0x61, 0x08, 0x61, 0x08, 0x61, 0x08,
    0x61, 0x08, 0x82, 0x10, 0x82, 0x10, 0x82, 0x10, 0x82, 0x10, 0x82, 0x10, 0x82, 0x10, 0x82, 0x10,
    0x82, 0x10, 0x82, 0x10, 0x82, 0x10, 0x82, 0x10, 0x82, 0x10, 0x82, 0x10, 0x82, 0x10, 0x82, 0x10,
    0x82, 0x10, 0x82, 0x10, 0x82, 0x10, 0x82, 0x10, 0x82, 0x10, 0x82, 0x10, 0x82, 0x10, 0x82, 0x10,
    0x82, 0x10, 0x82, 0x10, 0x82, 0x10, 0x82, 0x10, 0x82, 0x10, 0x82, 0x10, 0x82, 0x10, 0x82, 0x10,
    0x82, 0x10, 0x82, 0x10, 0x82, 0x10, 0x82, 0x10, 0x82, 0x10, 0x82, 0x10, 0x82, 0x10, 0x82, 0x10,
    0x82, 0x10, 0x82, 0x10, 0x82, 0x10, 0x82, 0x10, 0x82, 0x10, 0x82, 0x10, 0x82, 0x10, 0x82, 0x10,
    0x82, 0x10, 0x82, 0x10, 0x82, 0x10, 0x82, 0x10, 0x82, 0x10, 0x82, 0x10, 0x82, 0x10, 0x82, 0x10,
    0x82, 0x10, 0x82, 0x10, 0x82, 0x10, 0x82, 0x10, 0x82, 0x10, 0x82, 0x10, 0x82, 0x10, 0x82, 0x10,
    0x82, 0x10, 0x82, 0x10, 0x82, 0x10, 0x82, 0x10, 0x82, 0x10, 0x82, 0x10, 0x82, 0x10, 0x82, 0x10,
    0x82, 0x10, 0x82, 0x10, 0x82, 0x10, 0x82, 0x10, 0x82, 0x10, 0x82, 0x10, 0x82, 0x10, 0x82, 0x10,
    0x82, 0x10, 0x82, 0x10, 0x82, 0x10, 0x82, 0x10, 0x82, 0x10, 0x82, 0x10, 0x82, 0x10, 0x82, 0x10,
    0x82, 0x10, 0x82, 0x10, 0x82, 0x10, 0x82, 0x10, 0x82, 0x10, 0x82, 0x10, 0x82, 0x10, 0x82, 0x10,
    0x82, 0x10, 0x82, 0x10, 0x82, 0x10, 0x82, 0x10, 0x82, 0x10, 0x82, 0x10, 0x82, 0x10, 0x82, 0x10,
    0x82, 0x10, 0x82, 0x10, 0x82, 0x10, 0x82, 0x10, 0x82, 0x10, 0x82, 0x10, 0x82, 0x10, 0x82, 0x10,
    0x82, 0x10, 0x82, 0x10, 0x82, 0x10, 0x82, 0x10, 0x82, 0x10, 0x82, 0x10, 0x82, 0x10, 0x82, 0x10,
    0x82, 0x10, 0x82, 0x10, 0x82, 0x10, 0x82, 0x10, 0x82, 0x10, 0x82, 0x10, 0x82, 0x10, 0x82, 0x10,
    0x82, 0x10, 0x82, 0x10, 0x82, 0x10, 0x82, 0x10, 0x82, 0x10, 0x82, 0x10, 0x82, 0x10, 0x82, 0x10,
    0x82, 0x10, 0x82, 0x10, 0x82, 0x10, 0x82, 0x10, 0x82, 0x10, 0x82, 0x10, 0x82, 0x10, 0x82, 0x10,
    0x82, 0x10, 0x82, 0x10, 0x82, 0x10, 0x82, 0x10, 0x82, 0x10, 0x82, 0x10, 0x82, 0x10, 0x82, 0x10,
    0x82, 0x10, 0x82, 0x10, 0x82, 0x10, 0x82, 0x10, 0x82, 0x10, 0x82, 0x10, 0x82, 0x10, 0x82, 0x10,
    0x82, 0x10, 0x82, 0x10, 0x82, 0x10, 0x82, 0x10, 0x82, 0x10, 0x82, 0x10, 0x82, 0x10, 0x82, 0x10,
    0x61, 0x08, 0x82, 0x10, 0x61, 0x08, 0x61, 0x08, 0x61, 0x08, 0x61, 0x08, 0x61, 0x08, 0x61, 0x08,
    0x61, 0x08, 0x61, 0x08, 0x61, 0x08, 0x61, 0x08, 0x61, 0x08, 0x61, 0x08, 0x61, 0x08, 0x61, 0x08,
    0x61, 0x08, 0x61, 0x08, 0x61, 0x08, 0x61, 0x08, 0x61, 0x08, 0x61, 0x08, 0x61, 0x08, 0x61, 0x08,
    0x61, 0x08, 0x61, 0x08, 0x61, 0x08, 0x61, 0x08, 0x61, 0x08, 0x61, 0x08, 0x61, 0x08, 0x61, 0x08,
    0x61, 0x08, 0x61, 0x08, 0x61, 0x08, 0x82, 0x10, 0x82, 0x10, 0x82, 0x10, 0x82, 0x10, 0x82, 0x10,
    0x82, 0x10, 0x82, 0x10, 0x82, 0x10, 0x82, 0x10, 0x82, 0x10, 0x82, 0x10, 0x82, 0x10, 0x82, 0x10,
    0x82, 0x10, 0x82, 0x10, 0x82, 0x10, 0x82, 0x10, 0x82, 0x10, 0x82, 0x10, 0x82, 0x10, 0x82, 0x10,
    0x82, 0x10, 0x82, 0x10, 0x82, 0x10, 0x82, 0x10, 0x82, 0x10, 0x82, 0x10, 0x82, 0x10, 0x82, 0x10,
    0x61, 0x08, 0x61, 0x08, 0x61, 0x08, 0x61, 0x08, 0x61, 0x08, 0x61, 0x08, 0x61, 0x08, 0x61, 0x08,
    0x61, 0x08, 0x61, 0x08, 0x61, 0x08, 0x82, 0x10, 0x82, 0x10, 0x82, 0x10, 0x82, 0x10, 0x82, 0x10,
    0x82, 0x10, 0x82, 0x10, 0x82, 0x10, 0x82, 0x10, 0x82, 0x10, 0x82, 0x10, 0x82, 0x10, 0x82, 0x10,
    0x82, 0x10, 0x82, 0x10, 0x82, 0x10, 0x82, 0x10, 0x82, 0x10, 0x82, 0x10, 0x82, 0x10, 0x82, 0x10,
    0x82, 0x10, 0x82, 0x10, 0x82, 0x10, 0x82, 0x10, 0x82, 0x10, 0x82, 0x10, 0x82, 0x10, 0x82, 0x10,
    0x82, 0x10, 0x82, 0x10, 0x82, 0x10, 0x82, 0x10, 0x82, 0x10, 0x82, 0x10, 0x82, 0x10, 0x82, 0x10,
    0x82, 0x10, 0x82, 0x10, 0x82, 0x10, 0x82, 0x10, 0x82, 0x10, 0x82, 0x10, 0x82, 0x10, 0x82, 0x10,
    0x82, 0x10, 0x82, 0x10, 0x82, 0x10, 0x82, 0x10, 0x82, 0x10, 0x82, 0x10, 0x82, 0x10, 0x82, 0x10,
    0x82, 0x10, 0x82, 0x10, 0x82, 0x10, 0x82, 0x10, 0x82, 0x10, 0x82, 0x10, 0x82, 0x10, 0x82, 0x10,
    0x82, 0x10, 0x82, 0x10, 0x82, 0x10, 0x82, 0x10, 0x82, 0x10, 0x82, 0x10, 0x82, 0x10, 0x82, 0x10,
    0x82, 0x10, 0x82, 0x10, 0x82, 0x10, 0x82, 0x10, 0x82, 0x10, 0x82, 0x10, 0x82, 0x10, 0x82, 0x10,
    0x82, 0x10, 0x82, 0x10, 0x82, 0x10, 0x82, 0x10, 0x82, 0x10, 0x82, 0x10, 0x82, 0x10, 0x82, 0x10,
    0x82, 0x10, 0x82, 0x10, 0x82, 0x10, 0x82, 0x10, 0x82, 0x10, 0x82, 0x10, 0x82, 0x10, 0x82, 0x10,
    0x82, 0x10, 0x82, 0x10, 0x82, 0x10, 0x82, 0x10, 0x82, 0x10, 0x82, 0x10, 0x82, 0x10, 0x82, 0x10,
    0x82, 0x10, 0x82, 0x10, 0x82, 0x10, 0x82, 0x10, 0x82, 0x10, 0x82, 0x10, 0x82, 0x10, 0x82, 0x10,
    0x82, 0x10, 0x82, 0x10, 0x82, 0x10, 0x82, 0x10, 0x82, 0x10, 0x82, 0x10, 0x82, 0x10, 0x82, 0x10,
    0x82, 0x10, 0x82, 0x10, 0x82, 0x10, 0x82, 0x10, 0x82, 0x10, 0x82, 0x10, 0x82, 0x10, 0x82, 0x10,
    0x82, 0x10, 0x82, 0x10, 0x82, 0x10, 0x82, 0x10, 0x82, 0x10, 0x82, 0x10, 0x82, 0x10, 0x82, 0x10,
    0x82, 0x10, 0x82, 0x10, 0x82, 0x10, 0x82, 0x10, 0x82, 0x10, 0x82, 0x10, 0x82, 0x10, 0x82, 0x10,
    0x82, 0x10, 0x82, 0x10, 0x82, 0x10, 0x82, 0x10, 0x82, 0x10, 0x82, 0x10, 0x82, 0x10, 0x82, 0x10,
    0x82, 0x10, 0x82, 0x10, 0x82, 0x10, 0x82, 0x10, 0x82, 0x10, 0x82, 0x10, 0x82, 0x10, 0x82, 0x10,
    0x61, 0x08, 0x61, 0x08, 0x61, 0x08, 0x61, 0x08, 0x61, 0x08, 0x61, 0x08, 0x61, 0x08, 0x61, 0x08,
    0x61, 0x08, 0x61, 0x08, 0x61, 0x08, 0x61, 0x08, 0x61, 0x08, 0x61, 0x08, 0x61, 0x08, 0x82, 0x10,
    0x82, 0x10, 0x82, 0x10, 0x82, 0x10, 0x82, 0x10, 0x82, 0x10, 0x82, 0x10, 0x82, 0x10, 0x82, 0x10,
    0x82, 0x10, 0x82, 0x10, 0x82, 0x10, 0x82, 0x10, 0x82, 0x10, 0x82, 0x10, 0x82, 0x10, 0x82, 0x10,
    0x82, 0x10, 0x82, 0x10, 0x82, 0x10, 0x82, 0x10, 0x82, 0x10, 0x82, 0x10, 0x82, 0x10, 0x82, 0x10,
    0x82, 0x10, 0x82, 0x10, 0x82, 0x10, 0x82, 0x10, 0x82, 0x10, 0x82, 0x10, 0x82, 0x10, 0x82, 0x10,
    0x82, 0x10, 0x82, 0x10, 0x83, 0x10, 0x83, 0x10, 0x83, 0x10, 0x83, 0x10, 0x83, 0x10, 0x83, 0x18,
    0x83, 0x10, 0x83, 0x10, 0x83, 0x10, 0x83, 0x10, 0x83, 0x10, 0x83, 0x10, 0x83, 0x10, 0x83, 0x10,
    0x83, 0x10, 0x83, 0x10, 0x82, 0x18, 0x82, 0x18, 0x82, 0x10, 0x82, 0x10, 0x82, 0x10, 0x83, 0x10,
    0x82, 0x10, 0x82, 0x10, 0x82, 0x10, 0x82, 0x10, 0x82, 0x10, 0x61, 0x08, 0x61, 0x08, 0x61, 0x08,
    0x61, 0x08, 0x61, 0x08, 0x61, 0x08, 0x61, 0x08, 0x61, 0x08, 0x61, 0x08, 0x82, 0x10, 0x82, 0x10,
    0x82, 0x10, 0x82, 0x10, 0x82, 0x10, 0x82, 0x10, 0x82, 0x10, 0x82, 0x10, 0x82, 0x10, 0x82, 0x10,
    0x82, 0x10, 0x82, 0x10, 0x82, 0x10, 0x82, 0x10, 0x82, 0x10, 0x82, 0x10, 0x82, 0x10, 0x82, 0x10,
    0x82, 0x10, 0x82, 0x10, 0x82, 0x10, 0x82, 0x10, 0x82, 0x10, 0x82, 0x10, 0x82, 0x10, 0x82, 0x10,
    0x82, 0x10, 0x82, 0x10, 0x82, 0x10, 0x82, 0x10, 0x82, 0x10, 0x82, 0x10, 0x82, 0x10, 0x82, 0x10,
    0x82, 0x10, 0x82, 0x10, 0x82, 0x10, 0x82, 0x10, 0x82, 0x10, 0x82, 0x10, 0x82, 0x10, 0x82, 0x10,
    0x82, 0x10, 0x82, 0x10, 0x82, 0x10, 0x82, 0x10, 0x82, 0x10, 0x82, 0x10, 0x82, 0x10, 0x82, 0x10,
    0x82, 0x10, 0x82, 0x10, 0x82, 0x10, 0x82, 0x10, 0x82, 0x10, 0x82, 0x10, 0x82, 0x10, 0x82, 0x10,
    0x82, 0x10, 0x82, 0x10, 0x82, 0x10, 0x82, 0x10, 0x82, 0x10, 0x82, 0x10, 0x82, 0x10, 0x82, 0x10,
    0x82, 0x10, 0x82, 0x10, 0x82, 0x10, 0x82, 0x10, 0x82, 0x10, 0x82, 0x10, 0x82, 0x10, 0x82, 0x10,
    0x82, 0x10, 0x82, 0x10, 0x82, 0x10, 0x82, 0x10, 0x82, 0x10, 0x82, 0x10, 0x82, 0x10, 0x82, 0x10,
    0x82, 0x10, 0x82, 0x10, 0x82, 0x10, 0x82, 0x10, 0x82, 0x10, 0x82, 0x10, 0x82, 0x10, 0x82, 0x10,
    0x82, 0x10, 0x82, 0x10, 0x82, 0x10, 0x82, 0x10, 0x82, 0x10, 0x82, 0x10, 0x82, 0x10, 0x82, 0x10,
    0x82, 0x10, 0x82, 0x10, 0x82, 0x10, 0x82, 0x10, 0x82, 0x10, 0x82, 0x10, 0x82, 0x10, 0x82, 0x10,
    0x82, 0x10, 0x82, 0x10, 0x82, 0x10, 0x82, 0x10, 0x82, 0x10, 0x82, 0x10, 0x82, 0x10, 0x82, 0x10,
    0x82, 0x10, 0x82, 0x10, 0x82, 0x10, 0x82, 0x10, 0x82, 0x10, 0x82, 0x10, 0x82, 0x10, 0x82, 0x10,
    0x82, 0x10, 0x82, 0x10, 0x82, 0x10, 0x82, 0x10, 0x82, 0x10, 0x82, 0x10, 0x82, 0x10, 0x82, 0x10,
    0x82, 0x10, 0x82, 0x10, 0x82, 0x10, 0x82, 0x10, 0x82, 0x10, 0x82, 0x10, 0x82, 0x10, 0x82, 0x10,
    0x82, 0x10, 0x82, 0x10, 0x82, 0x10, 0x82, 0x10, 0x82, 0x10, 0x82, 0x10, 0x82, 0x10, 0x82, 0x10,
    0x82, 0x10, 0x82, 0x10, 0x82, 0x10, 0x82, 0x10, 0x82, 0x10, 0x82, 0x10, 0x82, 0x10, 0x61, 0x08,
    0x61, 0x08, 0x61, 0x08, 0x61, 0x08, 0x61, 0x08, 0x61, 0x08, 0x61, 0x08, 0x61, 0x08, 0x61, 0x08,
    0x61, 0x08, 0x61, 0x08, 0x61, 0x08, 0x61, 0x08, 0x61, 0x08, 0x61, 0x08, 0x61, 0x08, 0x61, 0x08,
    0x82, 0x10, 0x82, 0x10, 0x82, 0x10, 0x82, 0x10, 0x82, 0x10, 0x82, 0x10, 0x82, 0x10, 0x82, 0x10,
    0x82, 0x10, 0x82, 0x10, 0x82, 0x10, 0x82, 0x10, 0x82, 0x10, 0x82, 0x10, 0x82, 0x10, 0x82, 0x10,
    0x82, 0x10, 0x82, 0x10, 0x82, 0x10, 0x82, 0x10, 0x82, 0x10, 0x82, 0x10, 0x82, 0x10, 0x82, 0x10,
    0x82, 0x10, 0x83, 0x10, 0x83, 0x10, 0x82, 0x10, 0x82, 0x10, 0x82, 0x10, 0x82, 0x10, 0x82, 0x10,
    0x83, 0x10, 0x83, 0x10, 0x83, 0x10, 0x83, 0x10, 0x83, 0x10, 0x83, 0x10, 0x83, 0x10, 0x83, 0x18,
    0x83, 0x18, 0x83, 0x18, 0x83, 0x18, 0x83, 0x18, 0x83, 0x10, 0x83, 0x10, 0x83, 0x10, 0x83, 0x10,
    0x83, 0x10, 0x83, 0x10, 0x83, 0x10, 0x83, 0x10, 0x83, 0x18, 0x82, 0x10, 0x82, 0x10, 0x83, 0x10,
    0x83, 0x10, 0x83, 0x10, 0x82, 0x10, 0x82, 0x10, 0x82, 0x10, 0x82, 0x10, 0x82, 0x10, 0x61, 0x08,
    0x61, 0x08, 0x61, 0x08, 0x61, 0x08, 0x61, 0x08, 0x61, 0x08, 0x61, 0x08, 0x61, 0x08, 0x82, 0x10,
    0x82, 0x10, 0x82, 0x10, 0x82, 0x10, 0x82, 0x10, 0x82, 0x10, 0x82, 0x10, 0x82, 0x10, 0x82, 0x10,
    0x82, 0x10, 0x82, 0x10, 0x82, 0x10, 0x82, 0x10, 0x82, 0x10, 0x82, 0x10, 0x82, 0x10, 0x82, 0x10,
    0x82, 0x10, 0x82, 0x10, 0x82, 0x10, 0x82, 0x10, 0x82, 0x10, 0x82, 0x10, 0x82, 0x10, 0x82, 0x10,
    0x82, 0x10, 0x82, 0x10, 0x82, 0x10, 0x82, 0x10, 0x82, 0x10, 0x82, 0x10, 0x82, 0x10, 0x82, 0x10,
    0x82, 0x10, 0x82, 0x10, 0x82, 0x10, 0x82, 0x10, 0x82, 0x10, 0x82, 0x10, 0x82, 0x10, 0x82, 0x10,
    0x82, 0x10, 0x82, 0x10, 0x82, 0x10, 0x82, 0x10, 0x82, 0x10, 0x82, 0x10, 0x82, 0x10, 0x82, 0x10,
    0x82, 0x10, 0x82, 0x10, 0x82, 0x10, 0x82, 0x10, 0x82, 0x10, 0x82, 0x10, 0x82, 0x10, 0x82, 0x10,
    0x82, 0x10, 0x82, 0x10, 0x82, 0x10, 0x82, 0x10, 0x82, 0x10, 0x82, 0x10, 0x82, 0x10, 0x82, 0x10,
    0x82, 0x10, 0x82, 0x10, 0x82, 0x10, 0x82, 0x10, 0x82, 0x10, 0x82, 0x10, 0x82, 0x10, 0x82, 0x10,
    0x82, 0x10, 0x82, 0x10, 0x82, 0x10, 0x82, 0x10, 0x82, 0x10, 0x82, 0x10, 0x82, 0x10, 0x82, 0x10,
    0x82, 0x10, 0x82, 0x10, 0x82, 0x10, 0x82, 0x10, 0x82, 0x10, 0x82, 0x10, 0x82, 0x10, 0x82, 0x10,
    0x82, 0x10, 0x82, 0x10, 0x82, 0x10, 0x82, 0x10, 0x82, 0x10, 0x82, 0x10, 0x82, 0x10, 0x82, 0x10,
    0x82, 0x10, 0x82, 0x10, 0x82, 0x10, 0x82, 0x10, 0x82, 0x10, 0x82, 0x10, 0x82, 0x10, 0x82, 0x10,
    0x82, 0x10, 0x82, 0x10, 0x82, 0x10, 0x82, 0x10, 0x82, 0x10, 0x82, 0x10, 0x82, 0x10, 0x82, 0x10,
    0x82, 0x10, 0x82, 0x10, 0x82, 0x10, 0x82, 0x10, 0x82, 0x10, 0x82, 0x10, 0x82, 0x10, 0x82, 0x10,
    0x82, 0x10, 0x82, 0x10, 0x82, 0x10, 0x82, 0x10, 0x82, 0x10, 0x82, 0x10, 0x82, 0x10, 0x82, 0x10,
    0x82, 0x10, 0x82, 0x10, 0x82, 0x10, 0x82, 0x10, 0x82, 0x10, 0x82, 0x10, 0x82, 0x10, 0x82, 0x10,
    0x82, 0x10, 0x82, 0x10, 0x82, 0x10, 0x82, 0x10, 0x82, 0x10, 0x82, 0x10, 0x82, 0x10, 0x82, 0x10,
    0x82, 0x10, 0x82, 0x10, 0x82, 0x10, 0x82, 0x10, 0x82, 0x10, 0x82, 0x10, 0x82, 0x10, 0x61, 0x08,
    0x61, 0x08, 0x61, 0x08, 0x61, 0x08, 0x61, 0x08, 0x61, 0x08, 0x61, 0x08, 0x61, 0x08, 0x61, 0x08,
    0x82, 0x10, 0x61, 0x08, 0x82, 0x10, 0x82, 0x10, 0x82, 0x10, 0x82, 0x10, 0x82, 0x10, 0x82, 0x10,
    0x82, 0x10, 0x82, 0x10, 0x82, 0x10, 0x82, 0x10, 0x82, 0x10, 0x82, 0x10, 0x82, 0x10, 0x82, 0x10,
    0x82, 0x10, 0x82, 0x10, 0x82, 0x10, 0x82, 0x10, 0x82, 0x10, 0x82, 0x10, 0x82, 0x10, 0x82, 0x10,
    0x82, 0x10, 0x82, 0x10, 0x82, 0x10, 0x82, 0x10, 0x82, 0x10, 0x82, 0x10, 0x82, 0x10, 0x82, 0x10,
    0x83, 0x10, 0x83, 0x10, 0x83, 0x10, 0x83, 0x10, 0x83, 0x10, 0x82, 0x10, 0x83, 0x10, 0x83, 0x10,
    0x83, 0x10, 0x83, 0x18, 0x83, 0x18, 0x83, 0x18, 0x83, 0x18, 0xa3, 0x18, 0xa3, 0x18, 0x83, 0x18,
    0x83, 0x18, 0x83, 0x18, 0x83, 0x18, 0x83, 0x18, 0x83, 0x18, 0x83, 0x18, 0x83, 0x18, 0x83, 0x18,
    0x83, 0x18, 0x83, 0x18, 0x83, 0x10, 0x83, 0x10, 0x83, 0x10, 0x83, 0x10, 0x83, 0x10, 0x83, 0x10,
    0x83, 0x10, 0x83, 0x10, 0x83, 0x10, 0x82, 0x10, 0x82, 0x10, 0x82, 0x10, 0x82, 0x10, 0x82, 0x10,
    0x82, 0x10, 0x61, 0x08, 0x61, 0x08, 0x61, 0x08, 0x61, 0x08, 0x61, 0x08, 0x61, 0x08, 0x61, 0x08,
    0x82, 0x10, 0x82, 0x10, 0x82, 0x10, 0x82, 0x10, 0x82, 0x10, 0x82, 0x10, 0x82, 0x10, 0x82, 0x10,
    0x82, 0x10, 0x82, 0x10, 0x82, 0x10, 0x82, 0x10, 0x82, 0x10, 0x82, 0x10, 0x82, 0x10, 0x82, 0x10,
    0x82, 0x10, 0x82, 0x10, 0x82, 0x10, 0x82, 0x10, 0x82, 0x10, 0x82, 0x10, 0x82, 0x10, 0x82, 0x10,
    0x82, 0x10, 0x82, 0x10, 0x82, 0x10, 0x82, 0x10, 0x82, 0x10, 0x82, 0x10, 0x82, 0x10, 0x82, 0x10,
    0x82, 0x10, 0x82, 0x10, 0x82, 0x10, 0x82, 0x10, 0x82, 0x10, 0x82, 0x10, 0x82, 0x10, 0x82, 0x10,
    0x82, 0x10, 0x82, 0x10, 0x82, 0x10, 0x82, 0x10, 0x82, 0x10, 0x82, 0x10, 0x82, 0x10, 0x82, 0x10,
    0x82, 0x10, 0x82, 0x10, 0x82, 0x10, 0x82, 0x10, 0x82, 0x10, 0x82, 0x10, 0x82, 0x10, 0x82, 0x10,
    0x82, 0x10, 0x82, 0x10, 0x82, 0x10, 0x82, 0x10, 0x82, 0x10, 0x82, 0x10, 0x82, 0x10, 0x82, 0x10,
    0x82, 0x10, 0x82, 0x10, 0x82, 0x10, 0x82, 0x10, 0x82, 0x10, 0x82, 0x10, 0x82, 0x10, 0x82, 0x10,
    0x82, 0x10, 0x82, 0x10, 0x82, 0x10, 0x82, 0x10, 0x82, 0x10, 0x82, 0x10, 0x82, 0x10, 0x82, 0x10,
    0x82, 0x10, 0x82, 0x10, 0x82, 0x10, 0x82, 0x10, 0x82, 0x10, 0x82, 0x10, 0x82, 0x10, 0x82, 0x10,
    0x82, 0x10, 0x82, 0x10, 0x82, 0x10, 0x82, 0x10, 0x82, 0x10, 0x82, 0x10, 0x82, 0x10, 0x82, 0x10,
    0x82, 0x10, 0x82, 0x10, 0x82, 0x10, 0x82, 0x10, 0x82, 0x10, 0x82, 0x10, 0x82, 0x10, 0x82, 0x10,
    0x82, 0x10, 0x82, 0x10, 0x82, 0x10, 0x82, 0x10, 0x82, 0x10, 0x82, 0x10, 0x82, 0x10, 0x82, 0x10,
    0x82, 0x10, 0x82, 0x10, 0x82, 0x10, 0x82, 0x10, 0x82, 0x10, 0x82, 0x10, 0x82, 0x10, 0x82, 0x10,
    0x82, 0x10, 0x82, 0x10, 0x82, 0x10, 0x82, 0x10, 0x82, 0x10, 0x82, 0x10, 0x82, 0x10, 0x82, 0x10,
    0x82, 0x10, 0x82, 0x10, 0x82, 0x10, 0x82, 0x10, 0x82, 0x10, 0x82, 0x10, 0x82, 0x10, 0x82, 0x10,
    0x82, 0x10, 0x82, 0x10, 0x82, 0x10, 0x82, 0x10, 0x82, 0x10, 0x82, 0x10, 0x82, 0x10, 0x82, 0x10,
    0x61, 0x08, 0x82, 0x10, 0x82, 0x10, 0x82, 0x10, 0x82, 0x10, 0x82, 0x10, 0x82, 0x10, 0x61, 0x08,
    0x61, 0x08, 0x61, 0x08, 0x61, 0x08, 0x61, 0x08, 0x61, 0x08, 0x61, 0x08, 0x61, 0x08, 0x61, 0x08,
    0x61, 0x08, 0x61, 0x08, 0x82, 0x10, 0x82, 0x10, 0x82, 0x10, 0x82, 0x10, 0x82, 0x10, 0x82, 0x10,
    0x83, 0x10, 0x83, 0x10, 0x83, 0x10, 0x83, 0x10, 0x83, 0x10, 0x83, 0x10, 0x83, 0x10, 0x83, 0x10,
    0x83, 0x10, 0x83, 0x10, 0x83, 0x10, 0x83, 0x10, 0x83, 0x10, 0x83, 0x10, 0x83, 0x10, 0x83, 0x10,
    0x83, 0x10, 0x83, 0x10, 0x83, 0x10, 0x83, 0x10, 0x83, 0x10, 0x83, 0x10, 0x83, 0x10, 0x83, 0x10,
    0x83, 0x10, 0x83, 0x10, 0x83, 0x10, 0x83, 0x10, 0x83, 0x10, 0x83, 0x10, 0x83, 0x10, 0x83, 0x10,
    0x83, 0x10, 0x83, 0x18, 0x83, 0x18, 0xa3, 0x20, 0xa3, 0x18, 0xa3, 0x18, 0xa3, 0x18, 0xa4, 0x20,
    0xa4, 0x20, 0xa4, 0x20, 0xa4, 0x20, 0xa4, 0x20, 0xa3, 0x18, 0xa3, 0x18, 0xa3, 0x18, 0xa3, 0x18,
    0xa3, 0x18, 0xa3, 0x18, 0xa3, 0x18, 0xa3, 0x18, 0x83, 0x10, 0x83, 0x10, 0x83, 0x10, 0x83, 0x10,
    0x83, 0x10, 0x83, 0x10, 0x83, 0x10, 0x83, 0x10, 0x83, 0x10, 0x82, 0x10, 0x82, 0x10, 0x82, 0x10,
    0x82, 0x10, 0x82, 0x10, 0x82, 0x10, 0x61, 0x08, 0x61, 0x08, 0x61, 0x08, 0x61, 0x08, 0x61, 0x08,
    0x82, 0x10, 0x82, 0x10, 0x82, 0x10, 0x82, 0x10, 0x82, 0x10, 0x82, 0x10, 0x82, 0x10, 0x82, 0x10,
    0x82, 0x10, 0x82, 0x10, 0x82, 0x10, 0x82, 0x10, 0x82, 0x10, 0x82, 0x10, 0x82, 0x10, 0x82, 0x10,
    0x82, 0x10, 0x82, 0x10, 0x82, 0x10, 0x82, 0x10, 0x82, 0x10, 0x82, 0x10, 0x82, 0x10, 0x82, 0x10,
    0x82, 0x10, 0x82, 0x10, 0x82, 0x10, 0x82, 0x10, 0x82, 0x10, 0x82, 0x10, 0x82, 0x10, 0x82, 0x10,
    0x82, 0x10, 0x82, 0x10, 0x82, 0x10, 0x82, 0x10, 0x82, 0x10, 0x82, 0x10, 0x82, 0x10, 0x82, 0x10,
    0x82, 0x10, 0x82, 0x10, 0x82, 0x10, 0x82, 0x10, 0x82, 0x10, 0x82, 0x10, 0x82, 0x10, 0x82, 0x10,
    0x82, 0x10, 0x82, 0x10, 0x82, 0x10, 0x82, 0x10, 0x82, 0x10, 0x82, 0x10, 0x82, 0x10, 0x82, 0x10,
    0x82, 0x10, 0x82, 0x10, 0x82, 0x10, 0x82, 0x10, 0x82, 0x10, 0x82, 0x10, 0x82, 0x10, 0x82, 0x10,
    0x82, 0x10, 0x82, 0x10, 0x82, 0x10, 0x82, 0x10, 0x82, 0x10, 0x82, 0x10, 0x82, 0x10, 0x82, 0x10,
    0x82, 0x10, 0x82, 0x10, 0x82, 0x10, 0x82, 0x10, 0x82, 0x10, 0x82, 0x10, 0x82, 0x10, 0x82, 0x10,
    0x82, 0x10, 0x82, 0x10, 0x82, 0x10, 0x82, 0x10, 0x82, 0x10, 0x82, 0x10, 0x82, 0x10, 0x82, 0x10,
    0x82, 0x10, 0x82, 0x10, 0x82, 0x10, 0x82, 0x10, 0x82, 0x10, 0x82, 0x10, 0x82, 0x10, 0x82, 0x10,
    0x82, 0x10, 0x82, 0x10, 0x82, 0x10, 0x82, 0x10, 0x82, 0x10, 0x82, 0x10, 0x82, 0x10, 0x82, 0x10,
    0x82, 0x10, 0x82, 0x10, 0x82, 0x10, 0x82, 0x10, 0x82, 0x10, 0x82, 0x10, 0x82, 0x10, 0x82, 0x10,
    0x82, 0x10, 0x82, 0x10, 0x82, 0x10, 0x82, 0x10, 0x82, 0x10, 0x82, 0x10, 0x82, 0x10, 0x82, 0x10,
    0x82, 0x10, 0x82, 0x10, 0x82, 0x10, 0x82, 0x10, 0x82, 0x10, 0x82, 0x10, 0x82, 0x10, 0x82, 0x10,
    0x82, 0x10, 0x82, 0x10, 0x82, 0x10, 0x82, 0x10, 0x82, 0x10, 0x82, 0x10, 0x82, 0x10, 0x82, 0x10,
    0x82, 0x10, 0x82, 0x10, 0x82, 0x10, 0x82, 0x10, 0x82, 0x10, 0x82, 0x10, 0x82, 0x10, 0x82, 0x10,
    0x61, 0x08, 0x61, 0x08, 0x61, 0x08, 0x61, 0x08, 0x61, 0x08, 0x61, 0x08, 0x61, 0x08, 0x61, 0x08,
    0x61, 0x08, 0x61, 0x08, 0x82, 0x10, 0x82, 0x10, 0x82, 0x10, 0x82, 0x10, 0x82, 0x10, 0x82, 0x10,
    0x82, 0x10, 0x82, 0x10, 0x82, 0x10, 0x82, 0x10, 0x82, 0x10, 0x82, 0x10, 0x82, 0x10, 0x83, 0x10,
    0x83, 0x10, 0x83, 0x10, 0x83, 0x10, 0x83, 0x10, 0x83, 0x10, 0x83, 0x10, 0x83, 0x10, 0x83, 0x10,
    0x83, 0x10, 0x83, 0x10, 0x83, 0x10, 0x83, 0x10, 0x83, 0x10, 0x83, 0x10, 0x83, 0x10, 0x83, 0x10,
    0x83, 0x10, 0x83, 0x10, 0x83, 0x10, 0x83, 0x10, 0x83, 0x10, 0x82, 0x10, 0x83, 0x10, 0x83, 0x10,
    0x83, 0x10, 0x83, 0x10, 0x83, 0x10, 0x83, 0x18, 0x83, 0x18, 0x83, 0x18, 0x83, 0x18, 0x83, 0x18,
    0x83, 0x18, 0xa4, 0x18, 0xa4, 0x18, 0xa4, 0x18, 0xa4, 0x18, 0xa4, 0x18, 0xa4, 0x18, 0xa4, 0x20,
    0xa4, 0x20, 0xa4, 0x20, 0xa4, 0x20, 0xa4, 0x20, 0xa4, 0x18, 0xa4, 0x18, 0xa4, 0x18, 0xa4, 0x18,
    0xa4, 0x18, 0xa4, 0x18, 0xa3, 0x18, 0xa3, 0x18, 0x83, 0x18, 0x83, 0x18, 0x83, 0x18, 0x83, 0x18,
    0x83, 0x18, 0x83, 0x10, 0x83, 0x10, 0x82, 0x10, 0x82, 0x10, 0x83, 0x10, 0x83, 0x10, 0x82, 0x10,
    0x82, 0x10, 0x82, 0x10, 0x82, 0x10, 0x82, 0x10, 0x61, 0x08, 0x61, 0x08, 0x61, 0x08, 0x61, 0x08,
    0x61, 0x08, 0x61, 0x08, 0x61, 0x08, 0x61, 0x08, 0x61, 0x08, 0x61, 0x08, 0x82, 0x10, 0x82, 0x10,
    0x82, 0x10, 0x82, 0x10, 0x82, 0x10, 0x82, 0x10, 0x82, 0x10, 0x82, 0x10, 0x82, 0x10, 0x82, 0x10,
    0x82, 0x10, 0x82, 0x10, 0x82, 0x10, 0x82, 0x10, 0x82, 0x10, 0x82, 0x10, 0x82, 0x10, 0x82, 0x10,
    0x82, 0x10, 0x82, 0x10, 0x82, 0x10, 0x82, 0x10, 0x82, 0x10, 0x82, 0x10, 0x82, 0x10, 0x82, 0x10,
    0x82, 0x10, 0x82, 0x10, 0x82, 0x10, 0x82, 0x10, 0x82, 0x10, 0x82, 0x10, 0x82, 0x10, 0x82, 0x10,
    0x82, 0x10, 0x82, 0x10, 0x82, 0x10, 0x82, 0x10, 0x82, 0x10, 0x82, 0x10, 0x82, 0x10, 0x82, 0x10,
    0x82, 0x10, 0x82, 0x10, 0x82, 0x10, 0x82, 0x10, 0x82, 0x10, 0x82, 0x10, 0x82, 0x10, 0x82, 0x10,
    0x82, 0x10, 0x82, 0x10, 0x82, 0x10, 0x82, 0x10, 0x82, 0x10, 0x82, 0x10, 0x82, 0x10, 0x82, 0x10,
    0x82, 0x10, 0x82, 0x10, 0x82, 0x10, 0x82, 0x10, 0x82, 0x10, 0x82, 0x10, 0x82, 0x10, 0x82, 0x10,
    0x82, 0x10, 0x82, 0x10, 0x82, 0x10, 0x82, 0x10, 0x82, 0x10, 0x82, 0x10, 0x82, 0x10, 0x82, 0x10,
    0x82, 0x10, 0x82, 0x10, 0x82, 0x10, 0x82, 0x10, 0x82, 0x10, 0x82, 0x10, 0x82, 0x10, 0x82, 0x10,
    0x82, 0x10, 0x82, 0x10, 0x82, 0x10, 0x82, 0x10, 0x82, 0x10, 0x82, 0x10, 0x82, 0x10, 0x82, 0x10,
    0x82, 0x10, 0x82, 0x10, 0x82, 0x10, 0x82, 0x10, 0x82, 0x10, 0x82, 0x10, 0x82, 0x10, 0x82, 0x10,
    0x82, 0x10, 0x82, 0x10, 0x82, 0x10, 0x82, 0x10, 0x82, 0x10, 0x82, 0x10, 0x82, 0x10, 0x82, 0x10,
    0x82, 0x10, 0x82, 0x10, 0x82, 0x10, 0x82, 0x10, 0x82, 0x10, 0x82, 0x10, 0x82, 0x10, 0x82, 0x10,
    0x82, 0x10, 0x82, 0x10, 0x82, 0x10, 0x82, 0x10, 0x82, 0x10, 0x82, 0x10, 0x82, 0x10, 0x82, 0x10,
    0x82, 0x10, 0x82, 0x10, 0x82, 0x10, 0x82, 0x10, 0x82, 0x10, 0x82, 0x10, 0x82, 0x10, 0x82, 0x10,
    0x82, 0x10, 0x82, 0x10, 0x82, 0x10, 0x82, 0x10, 0x61, 0x08, 0x61, 0x08, 0x61, 0x08, 0x61, 0x08,
    0x61, 0x08, 0x61, 0x08, 0x61, 0x08, 0x61, 0x08, 0x61, 0x08, 0x61, 0x08, 0x61, 0x08, 0x82, 0x10,
    0x82, 0x10, 0x82, 0x10, 0x82, 0x10, 0x82, 0x10, 0x82, 0x10, 0x82, 0x10, 0x82, 0x10, 0x82, 0x10,
    0x82, 0x10, 0x82, 0x10, 0x82, 0x10, 0x82, 0x10, 0x82, 0x10, 0x82, 0x10, 0x82, 0x10, 0x83, 0x10,
    0x83, 0x10, 0x83, 0x10, 0x83, 0x10, 0x83, 0x10, 0x83, 0x10, 0x83, 0x10, 0x83, 0x10, 0x83, 0x10,
    0x83, 0x10, 0x83, 0x10, 0x83, 0x10, 0x83, 0x10, 0x83, 0x10, 0x83, 0x10, 0x83, 0x10, 0x83, 0x10,
    0x83, 0x10, 0x83, 0x10, 0x83, 0x10, 0x83, 0x10, 0x83, 0x10, 0x83, 0x10, 0x83, 0x18, 0x83, 0x18,
    0x83, 0x18, 0x83, 0x18, 0x83, 0x18, 0xa3, 0x18, 0x83, 0x18, 0xa3, 0x18, 0xa4, 0x18, 0xa4, 0x18,
    0xa4, 0x18, 0xa4, 0x20, 0xa4, 0x20, 0xa4, 0x20, 0xa4, 0x20, 0xa4, 0x20, 0xa4, 0x20, 0xa4, 0x20,
    0xa4, 0x20, 0xa4, 0x20, 0xa4, 0x20, 0xa4, 0x20, 0xa4, 0x20, 0xa4, 0x20, 0xa4, 0x20, 0xa4, 0x20,
    0xa4, 0x20, 0xa4, 0x20, 0xa4, 0x20, 0xa4, 0x20, 0xa3, 0x18, 0x83, 0x18, 0xa3, 0x18, 0xa3, 0x18,
    0x83, 0x18, 0x83, 0x18, 0x83, 0x18, 0x83, 0x18, 0x83, 0x18, 0x83, 0x10, 0x83, 0x10, 0x83, 0x10,
    0x83, 0x10, 0x83, 0x10, 0x82, 0x10, 0x82, 0x10, 0x82, 0x10, 0x82, 0x10, 0x82, 0x10, 0x82, 0x10,
    0x61, 0x08, 0x61, 0x08, 0x61, 0x08, 0x61, 0x08, 0x61, 0x08, 0x61, 0x08, 0x61, 0x08, 0x61, 0x08,
    0x82, 0x10, 0x82, 0x10, 0x82, 0x10, 0x82, 0x10, 0x82, 0x10, 0x82, 0x10, 0x82, 0x10, 0x82, 0x10,
    0x82, 0x10, 0x82, 0x10, 0x82, 0x10, 0x82, 0x10, 0x82, 0x10, 0x82, 0x10, 0x82, 0x10, 0x82, 0x10,
    0x82, 0x10, 0x82, 0x10, 0x82, 0x10, 0x82, 0x10, 0x82, 0x10, 0x82, 0x10, 0x82, 0x10, 0x82, 0x10,
    0x82, 0x10, 0x82, 0x10, 0x82, 0x10, 0x82, 0x10, 0x82, 0x10, 0x82, 0x10, 0x82, 0x10, 0x82, 0x10,
    0x82, 0x10, 0x82, 0x10, 0x82, 0x10, 0x82, 0x10, 0x82, 0x10, 0x82, 0x10, 0x82, 0x10, 0x82, 0x10,
    0x82, 0x10, 0x82, 0x10, 0x82, 0x10, 0x82, 0x10, 0x82, 0x10, 0x82, 0x10, 0x82, 0x10, 0x82, 0x10,
    0x82, 0x10, 0x82, 0x10, 0x82, 0x10, 0x82, 0x10, 0x82, 0x10, 0x82, 0x10, 0x82, 0x10, 0x82, 0x10,
    0x82, 0x10, 0x82, 0x10, 0x82, 0x10, 0x82, 0x10, 0x82, 0x10, 0x82, 0x10, 0x82, 0x10, 0x82, 0x10,
    0x82, 0x10, 0x82, 0x10, 0x82, 0x10, 0x82, 0x10, 0x82, 0x10, 0x82, 0x10, 0x82, 0x10, 0x82, 0x10,
    0x82, 0x10, 0x82, 0x10, 0x82, 0x10, 0x82, 0x10, 0x82, 0x10, 0x82, 0x10, 0x82, 0x10, 0x82, 0x10,
    0x82, 0x10, 0x82, 0x10, 0x82, 0x10, 0x82, 0x10, 0x82, 0x10, 0x82, 0x10, 0x82, 0x10, 0x82, 0x10,
    0x82, 0x10, 0x82, 0x10, 0x82, 0x10, 0x82, 0x10, 0x82, 0x10, 0x82, 0x10, 0x82, 0x10, 0x82, 0x10,
    0x82, 0x10, 0x82, 0x10, 0x82, 0x10, 0x82, 0x10, 0x82, 0x10, 0x82, 0x10, 0x82, 0x10, 0x82, 0x10,
    0x82, 0x10, 0x82, 0x10, 0x82, 0x10, 0x82, 0x10, 0x82, 0x10, 0x82, 0x10, 0x82, 0x10, 0x82, 0x10,
    0x82, 0x10, 0x82, 0x10, 0x82, 0x10, 0x82, 0x10, 0x82, 0x10, 0x82, 0x10, 0x82, 0x10, 0x82, 0x10,
    0x82, 0x10, 0x82, 0x10, 0x82, 0x10, 0x82, 0x10, 0x82, 0x10, 0x82, 0x10, 0x82, 0x10, 0x82, 0x10,
    0x82, 0x10, 0x82, 0x10, 0x61, 0x08, 0x61, 0x08, 0x61, 0x08, 0x61, 0x08, 0x61, 0x08, 0x61, 0x08,
    0x61, 0x08, 0x61, 0x08, 0x61, 0x08, 0x61, 0x08, 0x61, 0x08, 0x61, 0x08, 0x61, 0x08, 0x82, 0x10,
    0x82, 0x10, 0x82, 0x10, 0x82, 0x10, 0x82, 0x10, 0x82, 0x10, 0x82, 0x10, 0x82, 0x10, 0x82, 0x10,
    0x82, 0x10, 0x82, 0x10, 0x82, 0x18, 0x82, 0x18, 0x82, 0x18, 0x82, 0x18, 0x82, 0x18, 0x83, 0x10,
    0x83, 0x10, 0x83, 0x10, 0x83, 0x10, 0x83, 0x10, 0x83, 0x10, 0x83, 0x10, 0x83, 0x10, 0x83, 0x10,
    0x83, 0x10, 0x83, 0x10, 0x83, 0x10, 0x83, 0x10, 0x83, 0x10, 0x83, 0x10, 0x83, 0x10, 0x83, 0x10,
    0x83, 0x10, 0x83, 0x10, 0x83, 0x10, 0x83, 0x10, 0x83, 0x10, 0x83, 0x10, 0x83, 0x10, 0x83, 0x18,
    0x83, 0x18, 0xa3, 0x18, 0xa3, 0x18, 0xa3, 0x18, 0xa3, 0x18, 0xa4, 0x18, 0xa4, 0x20, 0xa4, 0x20,
    0xa4, 0x20, 0xa4, 0x20, 0xa4, 0x20, 0xa4, 0x20, 0xa4, 0x20, 0xa4, 0x20, 0xa4, 0x20, 0xa5, 0x20,
    0xa5, 0x20, 0xa5, 0x20, 0xa5, 0x20, 0xa5, 0x20, 0xa4, 0x20, 0xa4, 0x20, 0xa4, 0x20, 0xa4, 0x20,
    0xa4, 0x20, 0xa4, 0x20, 0xa4, 0x20, 0xa4, 0x20, 0xa4, 0x20, 0xa4, 0x20, 0xa3, 0x20, 0xa4, 0x20,
    0xa4, 0x18, 0xa3, 0x18, 0x83, 0x18, 0x83, 0x18, 0x83, 0x18, 0x83, 0x10, 0x83, 0x10, 0x83, 0x10,
    0x83, 0x10, 0x83, 0x10, 0x83, 0x10, 0x82, 0x10, 0x82, 0x10, 0x82, 0x10, 0x82, 0x10, 0x82, 0x10,
    0x82, 0x10, 0x61, 0x08, 0x61, 0x08, 0x61, 0x08, 0x61, 0x08, 0x61, 0x08, 0x61, 0x08, 0x61, 0x08,
    0x61, 0x08, 0x82, 0x10, 0x82, 0x10, 0x82, 0x10, 0x82, 0x10, 0x82, 0x10, 0x82, 0x10, 0x82, 0x10,
    0x82, 0x10, 0x82, 0x10, 0x82, 0x10, 0x82, 0x10, 0x82, 0x10, 0x82, 0x10, 0x82, 0x10, 0x82, 0x10,
    0x82, 0x10, 0x82, 0x10, 0x82, 0x10, 0x82, 0x10, 0x82, 0x10, 0x82, 0x10, 0x82, 0x10, 0x82, 0x10,
    0x82, 0x10, 0x82, 0x10, 0x82, 0x10, 0x82, 0x10, 0x82, 0x10, 0x82, 0x10, 0x82, 0x10, 0x82, 0x10,
    0x82, 0x10, 0x82, 0x10, 0x82, 0x10, 0x82, 0x10, 0x82, 0x10, 0x82, 0x10, 0x82, 0x10, 0x82, 0x10,
    0x82, 0x10, 0x82, 0x10, 0x82, 0x10, 0x82, 0x10, 0x82, 0x10, 0x82, 0x10, 0x82, 0x10, 0x82, 0x10,
    0x82, 0x10, 0x82, 0x10, 0x82, 0x10, 0x82, 0x10, 0x82, 0x10, 0x82, 0x10, 0x82, 0x10, 0x82, 0x10,
    0x82, 0x10, 0x82, 0x10, 0x82, 0x10, 0x82, 0x10, 0x82, 0x10, 0x82, 0x10, 0x82, 0x10, 0x82, 0x10,
    0x82, 0x10, 0x82, 0x10, 0x82, 0x10, 0x82, 0x10, 0x82, 0x10, 0x82, 0x10, 0x82, 0x10, 0x82, 0x10,
    0x82, 0x10, 0x82, 0x10, 0x82, 0x10, 0x82, 0x10, 0x82, 0x10, 0x82, 0x10, 0x82, 0x10, 0x82, 0x10,
    0x82, 0x10, 0x82, 0x10, 0x82, 0x10, 0x82, 0x10, 0x82, 0x10, 0x82, 0x10, 0x82, 0x10, 0x82, 0x10,
    0x82, 0x10, 0x82, 0x10, 0x82, 0x10, 0x82, 0x10, 0x82, 0x10, 0x82, 0x10, 0x82, 0x10, 0x82, 0x10,
    0x82, 0x10, 0x82, 0x10, 0x82, 0x10, 0x82, 0x10, 0x82, 0x10, 0x82, 0x10, 0x82, 0x10, 0x82, 0x10,
    0x82, 0x10, 0x82, 0x10, 0x82, 0x10, 0x82, 0x10, 0x82, 0x10, 0x82, 0x10, 0x82, 0x10, 0x82, 0x10,
    0x82, 0x10, 0x82, 0x10, 0x82, 0x10, 0x82, 0x10, 0x82, 0x10, 0x82, 0x10, 0x82, 0x10, 0x82, 0x10,
    0x82, 0x10, 0x82, 0x10, 0x82, 0x10, 0x82, 0x10, 0x82, 0x10, 0x82, 0x10, 0x61, 0x08, 0x61, 0x08,
    0x61, 0x08, 0x61, 0x08, 0x61, 0x08, 0x61, 0x08, 0x61, 0x08, 0x61, 0x08, 0x61, 0x08, 0x61, 0x08,
    0x82, 0x10, 0x82, 0x10, 0x82, 0x10, 0x82, 0x10, 0x82, 0x10, 0x82, 0x10, 0x82, 0x10, 0x82, 0x10,
    0x82, 0x10, 0x83, 0x10, 0x83, 0x10, 0x83, 0x10, 0x83, 0x10, 0x83, 0x10, 0x83, 0x10, 0x83, 0x10,
    0x83, 0x10, 0x83, 0x10, 0x83, 0x10, 0x83, 0x10, 0x83, 0x10, 0x83, 0x10, 0x83, 0x10, 0x83, 0x18,
    0x83, 0x18, 0x83, 0x18, 0x83, 0x18, 0x83, 0x18, 0x83, 0x18, 0x83, 0x18, 0x83, 0x18, 0x83, 0x18,
    0x83, 0x18, 0x83, 0x18, 0x83, 0x18, 0x83, 0x18, 0x83, 0x18, 0x83, 0x18, 0x83, 0x18, 0x83, 0x18,
    0x83, 0x18, 0xa3, 0x18, 0xa3, 0x18, 0xa3, 0x18, 0xa3, 0x18, 0xa3, 0x18, 0xa3, 0x18, 0xa3, 0x18,
    0xa4, 0x20, 0xa4, 0x20, 0xa4, 0x20, 0xa4, 0x20, 0xa4, 0x18, 0xa4, 0x20, 0xa4, 0x20, 0xa4, 0x20,
    0xa4, 0x20, 0xa4, 0x28, 0xa5, 0x20, 0xa5, 0x20, 0xc5, 0x28, 0xc4, 0x28, 0xc5, 0x28, 0xc5, 0x28,
    0xc5, 0x28, 0xc5, 0x28, 0xc5, 0x28, 0xc5, 0x28, 0xc5, 0x28, 0xc5, 0x28, 0xa4, 0x28, 0xa5, 0x20,
    0xa5, 0x20, 0xa5, 0x20, 0xa4, 0x20, 0xa4, 0x20, 0xa4, 0x20, 0xa4, 0x20, 0xa4, 0x20, 0xa4, 0x20,
    0xa4, 0x20, 0xa4, 0x20, 0xa4, 0x20, 0x83, 0x18, 0x83, 0x18, 0x83, 0x18, 0x83, 0x18, 0x83, 0x10,
    0x83, 0x10, 0x83, 0x10, 0x83, 0x10, 0x83, 0x10, 0x82, 0x10, 0x82, 0x10, 0x82, 0x10, 0x82, 0x10,
    0x82, 0x10, 0x82, 0x10, 0x82, 0x10, 0x61, 0x08, 0x61, 0x08, 0x61, 0x08, 0x61, 0x08, 0x61, 0x08,
    0x61, 0x08, 0x61, 0x08, 0x61, 0x08, 0x61, 0x08, 0x61, 0x08, 0x61, 0x08, 0x82, 0x10, 0x82, 0x10,
    0x82, 0x10, 0x82, 0x10, 0x82, 0x10, 0x82, 0x10, 0x82, 0x10, 0x82, 0x10, 0x82, 0x10, 0x82, 0x10,
    0x82, 0x10, 0x82, 0x10, 0x82, 0x10, 0x82, 0x10, 0x82, 0x10, 0x82, 0x10, 0x82, 0x10, 0x82, 0x10,
    0x82, 0x10, 0x82, 0x10, 0x82, 0x10, 0x82, 0x10, 0x82, 0x10, 0x82, 0x10, 0x82, 0x10, 0x82, 0x10,
    0x82, 0x10, 0x82, 0x10, 0x82, 0x10, 0x82, 0x10, 0x82, 0x10, 0x82, 0x10, 0x82, 0x10, 0x82, 0x10,
    0x82, 0x10, 0x82, 0x10, 0x82, 0x10, 0x82, 0x10, 0x82, 0x10, 0x82, 0x10, 0x82, 0x10, 0x82, 0x10,
    0x82, 0x10, 0x82, 0x10, 0x82, 0x10, 0x82, 0x10, 0x82, 0x10, 0x82, 0x10, 0x82, 0x10, 0x82, 0x10,
    0x82, 0x10, 0x82, 0x10, 0x82, 0x10, 0x82, 0x10, 0x82, 0x10, 0x82, 0x10, 0x82, 0x10, 0x82, 0x10,
    0x82, 0x10, 0x82, 0x10, 0x82, 0x10, 0x82, 0x10, 0x82, 0x10, 0x82, 0x10, 0x82, 0x10, 0x82, 0x10,
    0x82, 0x10, 0x82, 0x10, 0x82, 0x10, 0x82, 0x10, 0x82, 0x10, 0x82, 0x10, 0x82, 0x10, 0x82, 0x10,
    0x82, 0x10, 0x82, 0x10, 0x82, 0x10, 0x82, 0x10, 0x82, 0x10, 0x82, 0x10, 0x82, 0x10, 0x82, 0x10,
    0x82, 0x10, 0x82, 0x10, 0x82, 0x10, 0x82, 0x10, 0x82, 0x10, 0x82, 0x10, 0x82, 0x10, 0x82, 0x10,
    0x82, 0x10, 0x82, 0x10, 0x82, 0x10, 0x82, 0x10, 0x82, 0x10, 0x82, 0x10, 0x82, 0x10, 0x82, 0x10,
    0x82, 0x10, 0x82, 0x10, 0x82, 0x10, 0x82, 0x10, 0x82, 0x10, 0x82, 0x10, 0x82, 0x10, 0x82, 0x10,
    0x82, 0x10, 0x82, 0x10, 0x82, 0x10, 0x82, 0x10, 0x82, 0x10, 0x82, 0x10, 0x82, 0x10, 0x82, 0x10,
    0x82, 0x10, 0x82, 0x10, 0x82, 0x10, 0x82, 0x10, 0x82, 0x10, 0x82, 0x10, 0x61, 0x08, 0x61, 0x08,
    0x61, 0x08, 0x61, 0x08, 0x61, 0x08, 0x61, 0x08, 0x61, 0x08, 0x61, 0x08, 0x61, 0x08, 0x61, 0x08,
    0x82, 0x10, 0x82, 0x10, 0x82, 0x10, 0x82, 0x10, 0x82, 0x10, 0x82, 0x10, 0x82, 0x10, 0x83, 0x10,
    0x83, 0x10, 0x83, 0x10, 0x83, 0x10, 0x83, 0x10, 0x83, 0x10, 0x83, 0x10, 0x83, 0x10, 0x83, 0x10,
    0x83, 0x10, 0x83, 0x10, 0x83, 0x10, 0x83, 0x10, 0x83, 0x10, 0x83, 0x10, 0x83, 0x10, 0x83, 0x10,
    0x83, 0x18, 0x83, 0x18, 0x83, 0x18, 0x83, 0x18, 0x83, 0x18, 0x83, 0x18, 0x83, 0x18, 0x83, 0x18,
    0x83, 0x18, 0x83, 0x18, 0xa3, 0x18, 0xa3, 0x18, 0xa3, 0x18, 0xa3, 0x18, 0xa3, 0x18, 0xa3, 0x18,
    0xa3, 0x20, 0xa3, 0x20, 0x83, 0x18, 0x83, 0x18, 0x83, 0x18, 0xa3, 0x18, 0xa4, 0x20, 0xa4, 0x20,
    0xa4, 0x20, 0xa4, 0x20, 0xa4, 0x20, 0xa4, 0x20, 0xa4, 0x20, 0xa4, 0x20, 0xa4, 0x20, 0xa5, 0x20,
    0xa5, 0x20, 0xc5, 0x28, 0xc5, 0x28, 0xc5, 0x28, 0xc5, 0x28, 0xc5, 0x28, 0xc5, 0x28, 0xc5, 0x28,
    0xc5, 0x28, 0xc5, 0x28, 0xc5, 0x28, 0xe5, 0x28, 0xc5, 0x28, 0xc5, 0x28, 0xc5, 0x28, 0xc5, 0x28,
    0xc4, 0x28, 0xc5, 0x28, 0xc5, 0x28, 0xc5, 0x28, 0xa4, 0x28, 0xa4, 0x20, 0xa4, 0x20, 0xa4, 0x20,
    0xa4, 0x20, 0xa4, 0x20, 0xa4, 0x20, 0xa4, 0x20, 0xa4, 0x20, 0x83, 0x18, 0x83, 0x18, 0xa3, 0x18,
    0x83, 0x18, 0x83, 0x18, 0x83, 0x18, 0x82, 0x10, 0x83, 0x10, 0x83, 0x10, 0x83, 0x10, 0x82, 0x10,
    0x82, 0x10, 0x82, 0x10, 0x82, 0x10, 0x82, 0x10, 0x82, 0x10, 0x82, 0x10, 0x61, 0x08, 0x61, 0x08,
    0x61, 0x08, 0x61, 0x08, 0x61, 0x08, 0x61, 0x08, 0x61, 0x08, 0x61, 0x08, 0x61, 0x08, 0x61, 0x08,
    0x82, 0x10, 0x82, 0x10, 0x82, 0x10, 0x82, 0x10, 0x82, 0x10, 0x82, 0x10, 0x82, 0x10, 0x82, 0x10,
    0x82, 0x10, 0x82, 0x10, 0x82, 0x10, 0x82, 0x10, 0x82, 0x10, 0x82, 0x10, 0x82, 0x10, 0x82, 0x10,
    0x82, 0x10, 0x82, 0x10, 0x82, 0x10, 0x82, 0x10, 0x82, 0x10, 0x82, 0x10, 0x82, 0x10, 0x82, 0x10,
    0x82, 0x10, 0x82, 0x10, 0x82, 0x10, 0x82, 0x10, 0x82, 0x10, 0x82, 0x10, 0x82, 0x10, 0x82, 0x10,
    0x82, 0x10, 0x82, 0x10, 0x82, 0x10, 0x82, 0x10, 0x82, 0x10, 0x82, 0x10, 0x82, 0x10, 0x82, 0x10,
    0x82, 0x10, 0x82, 0x10, 0x82, 0x10, 0x82, 0x10, 0x82, 0x10, 0x82, 0x10, 0x82, 0x10, 0x82, 0x10,
    0x82, 0x10, 0x82, 0x10, 0x82, 0x10, 0x82, 0x10, 0x82, 0x10, 0x82, 0x10, 0x82, 0x10, 0x82, 0x10,
    0x82, 0x10, 0x82, 0x10, 0x82, 0x10, 0x82, 0x10, 0x82, 0x10, 0x82, 0x10, 0x82, 0x10, 0x82, 0x10,
    0x82, 0x10, 0x82, 0x10, 0x82, 0x10, 0x82, 0x10, 0x82, 0x10, 0x82, 0x10, 0x82, 0x10, 0x82, 0x10,
    0x82, 0x10, 0x82, 0x10, 0x82, 0x10, 0x82, 0x10, 0x82, 0x10, 0x82, 0x10, 0x82, 0x10, 0x82, 0x10,
    0x82, 0x10, 0x82, 0x10, 0x82, 0x10, 0x82, 0x10, 0x82, 0x10, 0x82, 0x10, 0x82, 0x10, 0x82, 0x10,
    0x82, 0x10, 0x82, 0x10, 0x82, 0x10, 0x82, 0x10, 0x82, 0x10, 0x82, 0x10, 0x82, 0x10, 0x82, 0x10,
    0x82, 0x10, 0x82, 0x10, 0x82, 0x10, 0x82, 0x10, 0x82, 0x10, 0x82, 0x10, 0x82, 0x10, 0x82, 0x10,
    0x82, 0x10, 0x82, 0x10, 0x82, 0x10, 0x82, 0x10, 0x82, 0x10, 0x82, 0x10, 0x82, 0x10, 0x82, 0x10,
    0x82, 0x10, 0x82, 0x10, 0x82, 0x10, 0x82, 0x10, 0x82, 0x10, 0x82, 0x10, 0x61, 0x08, 0x61, 0x08,
    0x82, 0x10, 0x61, 0x08, 0x61, 0x08, 0x61, 0x08, 0x61, 0x08, 0x61, 0x08, 0x61, 0x08, 0x61, 0x08,
    0x61, 0x08, 0x82, 0x10, 0x82, 0x10, 0x82, 0x10, 0x82, 0x10, 0x82, 0x10, 0x82, 0x10, 0x83, 0x10,
    0x83, 0x10, 0x83, 0x10, 0x83, 0x10, 0x83, 0x10, 0x83, 0x10, 0x83, 0x10, 0x83, 0x10, 0x83, 0x10,
    0xa3, 0x18, 0xa3, 0x18, 0xa3, 0x18, 0xa3, 0x18, 0xa3, 0x18, 0xa3, 0x18, 0xa3, 0x18, 0x83, 0x18,
    0xa3, 0x18, 0xa3, 0x18, 0xa3, 0x18, 0xa3, 0x18, 0xa3, 0x18, 0xa3, 0x18, 0xa3, 0x18, 0xa3, 0x18,
    0xa3, 0x18, 0xa3, 0x18, 0xa3, 0x18, 0xa3, 0x18, 0xa3, 0x18, 0xa3, 0x18, 0xa3, 0x18, 0xa3, 0x18,
    0xa4, 0x20, 0xa4, 0x20, 0xa4, 0x20, 0xa4, 0x20, 0xa4, 0x20, 0xa4, 0x20, 0xa4, 0x20, 0xa4, 0x20,
    0xa4, 0x20, 0xa4, 0x20, 0xa4, 0x20, 0xa4, 0x20, 0xa5, 0x20, 0xa5, 0x20, 0xc5, 0x28, 0xc5, 0x28,
    0xc5, 0x28, 0xc5, 0x28, 0xc5, 0x28, 0xc5, 0x30, 0xc5, 0x30, 0xc5, 0x30, 0xc5, 0x30, 0xc5, 0x30,
    0xc5, 0x30, 0xc5, 0x30, 0xc5, 0x30, 0xc6, 0x30, 0xc5, 0x30, 0xc5, 0x30, 0xc5, 0x30, 0xc5, 0x30,
    0xc5, 0x28, 0xc5, 0x28, 0xc5, 0x28, 0xc4, 0x28, 0xc4, 0x28, 0xc4, 0x28, 0xa4, 0x28, 0xa4, 0x20,
    0xa4, 0x20, 0xa4, 0x20, 0xa4, 0x20, 0xa4, 0x20, 0xa4, 0x20, 0xa4, 0x18, 0xa4, 0x18, 0xa3, 0x18,
    0xa3, 0x18, 0xa3, 0x18, 0xa3, 0x18, 0x83, 0x10, 0x83, 0x10, 0x83, 0x10, 0x83, 0x10, 0x83, 0x10,
    0x82, 0x10, 0x82, 0x10, 0x82, 0x10, 0x82, 0x10, 0x82, 0x10, 0x82, 0x10, 0x61, 0x08, 0x61, 0x08,
    0x61, 0x08, 0x61, 0x08, 0x61, 0x08, 0x61, 0x08, 0x61, 0x08, 0x61, 0x08, 0x61, 0x08, 0x61, 0x08,
    0x61, 0x08, 0x82, 0x10, 0x82, 0x10, 0x82, 0x10, 0x82, 0x10, 0x82, 0x10, 0x82, 0x10, 0x82, 0x10,
    0x82, 0x10, 0x82, 0x10, 0x82, 0x10, 0x82, 0x10, 0x82, 0x10, 0x82, 0x10, 0x82, 0x10, 0x82, 0x10,
    0x82, 0x10, 0x82, 0x10, 0x82, 0x10, 0x82, 0x10, 0x82, 0x10, 0x82, 0x10, 0x82, 0x10, 0x82, 0x10,
    0x82, 0x10, 0x82, 0x10, 0x82, 0x10, 0x82, 0x10, 0x82, 0x10, 0x82, 0x10, 0x82, 0x10, 0x82, 0x10,
    0x82, 0x10, 0x82, 0x10, 0x82, 0x10, 0x82, 0x10, 0x82, 0x10, 0x82, 0x10, 0x82, 0x10, 0x82, 0x10,
    0x82, 0x10, 0x82, 0x10, 0x82, 0x10, 0x82, 0x10, 0x82, 0x10, 0x82, 0x10, 0x82, 0x10, 0x82, 0x10,
    0x82, 0x10, 0x82, 0x10, 0x82, 0x10, 0x82, 0x10, 0x82, 0x10, 0x82, 0x10, 0x82, 0x10, 0x82, 0x10,
    0x82, 0x10, 0x82, 0x10, 0x82, 0x10, 0x82, 0x10, 0x82, 0x10, 0x82, 0x10, 0x82, 0x10, 0x82, 0x10,
    0x82, 0x10, 0x82, 0x10, 0x82, 0x10, 0x82, 0x10, 0x82, 0x10, 0x82, 0x10, 0x82, 0x10, 0x82, 0x10,
    0x82, 0x10, 0x82, 0x10, 0x82, 0x10, 0x82, 0x10, 0x82, 0x10, 0x82, 0x10, 0x82, 0x10, 0x82, 0x10,
    0x82, 0x10, 0x82, 0x10, 0x82, 0x10, 0x82, 0x10, 0x82, 0x10, 0x82, 0x10, 0x82, 0x10, 0x82, 0x10,
    0x82, 0x10, 0x82, 0x10, 0x82, 0x10, 0x82, 0x10, 0x82, 0x10, 0x82, 0x10, 0x82, 0x10, 0x82, 0x10,
    0x82, 0x10, 0x82, 0x10, 0x82, 0x10, 0x82, 0x10, 0x82, 0x10, 0x82, 0x10, 0x82, 0x10, 0x82, 0x10,
    0x82, 0x10, 0x82, 0x10, 0x82, 0x10, 0x82, 0x10, 0x82, 0x10, 0x82, 0x10, 0x82, 0x10, 0x82, 0x10,
    0x61, 0x08, 0x61, 0x08, 0x61, 0x08, 0x61, 0x08, 0x61, 0x08, 0x61, 0x08, 0x61, 0x08, 0x61, 0x08,
    0x61, 0x08, 0x61, 0x08, 0x61, 0x08, 0x61, 0x08, 0x82, 0x10, 0x82, 0x10, 0x82, 0x10, 0x82, 0x10,
    0x82, 0x10, 0x82, 0x10, 0x82, 0x10, 0x82, 0x10, 0x82, 0x10, 0x82, 0x10, 0x82, 0x10, 0x83, 0x10,
    0x83, 0x10, 0x83, 0x10, 0x83, 0x10, 0x83, 0x10, 0x83, 0x18, 0x83, 0x18, 0x83, 0x18, 0x83, 0x18,
    0xa3, 0x18, 0xa3, 0x18, 0xa3, 0x18, 0xa3, 0x18, 0xa3, 0x18, 0xa3, 0x18, 0xa3, 0x18, 0xa3, 0x18,
    0xa4, 0x18, 0xa3, 0x18, 0xa4, 0x18, 0xa4, 0x18, 0xa4, 0x18, 0xa4, 0x18, 0xa4, 0x18, 0xa4, 0x18,
    0xa3, 0x18, 0xa4, 0x18, 0xa4, 0x18, 0xa4, 0x18, 0xa4, 0x18, 0xa4, 0x18, 0xa4, 0x18, 0xa4, 0x18,
    0xa4, 0x20, 0xa4, 0x20, 0xa4, 0x20, 0xa4, 0x20, 0xa4, 0x20, 0xa4, 0x20, 0xa4, 0x20, 0xa4, 0x20,
    0xc4, 0x20, 0xa4, 0x28, 0xa4, 0x28, 0xc5, 0x28, 0xc5, 0x28, 0xc5, 0x28, 0xc5, 0x28, 0xc5, 0x28,
    0xe5, 0x28, 0xe6, 0x30, 0xe6, 0x30, 0xc5, 0x30, 0xe6, 0x28, 0xe6, 0x30, 0xe6, 0x30, 0xe6, 0x30,
    0xe6, 0x30, 0xe6, 0x30, 0xe6, 0x30, 0xe6, 0x30, 0xe6, 0x30, 0xe6, 0x30, 0xe6, 0x30, 0xe6, 0x30,
    0xe6, 0x30, 0xc5, 0x30, 0xc5, 0x30, 0xc5, 0x28, 0xc5, 0x28, 0xc5, 0x28, 0xc5, 0x28, 0xa4, 0x28,
    0xc4, 0x20, 0xa4, 0x20, 0xa4, 0x20, 0xa4, 0x20, 0xa4, 0x20, 0xa4, 0x20, 0xa4, 0x20, 0xa4, 0x20,
    0xa4, 0x18, 0xa4, 0x18, 0x83, 0x18, 0x83, 0x10, 0xa3, 0x18, 0x83, 0x10, 0x83, 0x10, 0x83, 0x18,
    0x82, 0x10, 0x83, 0x10, 0x83, 0x10, 0x82, 0x10, 0x82, 0x10, 0x82, 0x10, 0x82, 0x10, 0x82, 0x10,
    0x61, 0x08, 0x61, 0x08, 0x61, 0x08, 0x61, 0x08, 0x61, 0x08, 0x61, 0x08, 0x61, 0x08, 0x61, 0x08,
    0x61, 0x08, 0x82, 0x10, 0x82, 0x10, 0x82, 0x10, 0x82, 0x10, 0x82, 0x10, 0x82, 0x10, 0x82, 0x10,
    0x82, 0x10, 0x82, 0x10, 0x82, 0x10, 0x82, 0x10, 0x82, 0x10, 0x82, 0x10, 0x82, 0x10, 0x82, 0x10,
    0x82, 0x10, 0x82, 0x10, 0x82, 0x10, 0x82, 0x10, 0x82, 0x10, 0x82, 0x10, 0x82, 0x10, 0x82, 0x10,
    0x82, 0x10, 0x82, 0x10, 0x82, 0x10, 0x82, 0x10, 0x82, 0x10, 0x82, 0x10, 0x82, 0x10, 0x82, 0x10,
    0x82, 0x10, 0x82, 0x10, 0x82, 0x10, 0x82, 0x10, 0x82, 0x10, 0x82, 0x10, 0x82, 0x10, 0x82, 0x10,
    0x82, 0x10, 0x82, 0x10, 0x82, 0x10, 0x82, 0x10, 0x82, 0x10, 0x82, 0x10, 0x82, 0x10, 0x82, 0x10,
    0x82, 0x10, 0x82, 0x10, 0x82, 0x10, 0x82, 0x10, 0x82, 0x10, 0x82, 0x10, 0x82, 0x10, 0x82, 0x10,
    0x82, 0x10, 0x82, 0x10, 0x82, 0x10, 0x82, 0x10, 0x82, 0x10, 0x82, 0x10, 0x82, 0x10, 0x82, 0x10,
    0x82, 0x10, 0x82, 0x10, 0x82, 0x10, 0x82, 0x10, 0x82, 0x10, 0x82, 0x10, 0x82, 0x10, 0x82, 0x10,
    0x82, 0x10, 0x82, 0x10, 0x82, 0x10, 0x82, 0x10, 0x82, 0x10, 0x82, 0x10, 0x82, 0x10, 0x82, 0x10,
    0x82, 0x10, 0x82, 0x10, 0x82, 0x10, 0x82, 0x10, 0x82, 0x10, 0x82, 0x10, 0x82, 0x10, 0x82, 0x10,
    0x82, 0x10, 0x82, 0x10, 0x82, 0x10, 0x82, 0x10, 0x82, 0x10, 0x82, 0x10, 0x82, 0x10, 0x82, 0x10,
    0x82, 0x10, 0x82, 0x10, 0x82, 0x10, 0x82, 0x10, 0x82, 0x10, 0x82, 0x10, 0x82, 0x10, 0x82, 0x10,
    0x82, 0x10, 0x82, 0x10, 0x82, 0x10, 0x82, 0x10, 0x82, 0x10, 0x61, 0x08, 0x61, 0x08, 0x61, 0x08,
    0x61, 0x08, 0x61, 0x08, 0x61, 0x08, 0x61, 0x08, 0x61, 0x08, 0x61, 0x08, 0x61, 0x08, 0x82, 0x10,
    0x82, 0x10, 0x82, 0x10, 0x82, 0x10, 0x82, 0x10, 0x82, 0x10, 0x82, 0x10, 0x82, 0x10, 0x82, 0x18,
    0x82, 0x18, 0x83, 0x10, 0x83, 0x10, 0x83, 0x10, 0x83, 0x10, 0x83, 0x10, 0xa3, 0x18, 0x83, 0x18,
    0x83, 0x18, 0x83, 0x18, 0x83, 0x18, 0x83, 0x18, 0xa3, 0x18, 0xa4, 0x18, 0xa4, 0x18, 0xa3, 0x18,
    0xa4, 0x18, 0xa4, 0x18, 0xa4, 0x20, 0xa4, 0x20, 0xa4, 0x20, 0xa4, 0x20, 0xa4, 0x20, 0xa4, 0x20,
    0xa4, 0x20, 0xa4, 0x20, 0xa4, 0x20, 0xa4, 0x20, 0xa4, 0x20, 0xa5, 0x20, 0xa4, 0x20, 0xa4, 0x20,
    0xa3, 0x20, 0xa4, 0x20, 0xa4, 0x20, 0xa4, 0x20, 0xa4, 0x20, 0xa4, 0x20, 0xa4, 0x20, 0xa4, 0x20,
    0x84, 0x20, 0xc4, 0x20, 0xa4, 0x20, 0xc4, 0x28, 0xa4, 0x28, 0xc4, 0x28, 0xc5, 0x28, 0xc5, 0x28,
    0xc5, 0x28, 0xc5, 0x28, 0xc5, 0x28, 0xc5, 0x28, 0xc5, 0x30, 0xc5, 0x30, 0xc5, 0x30, 0xe6, 0x30,
    0xe6, 0x30, 0xe6, 0x30, 0xe6, 0x30, 0xc6, 0x30, 0xe6, 0x30, 0xe6, 0x30, 0xe6, 0x30, 0xe6, 0x30,
    0xe6, 0x30, 0xe6, 0x30, 0xe7, 0x30, 0xe7, 0x38, 0xc6, 0x38, 0xc6, 0x30, 0xe6, 0x30, 0xc6, 0x30,
    0xc6, 0x30, 0xc6, 0x30, 0xe6, 0x30, 0xe6, 0x30, 0xc5, 0x30, 0xc5, 0x30, 0xe5, 0x28, 0xc5, 0x28,
    0xc5, 0x28, 0xc5, 0x28, 0xc5, 0x28, 0xa5, 0x20, 0xa5, 0x20, 0xa4, 0x20, 0xa4, 0x20, 0xa4, 0x20,
    0x84, 0x20, 0xa4, 0x20, 0xa4, 0x20, 0xa3, 0x18, 0xa3, 0x18, 0xa3, 0x18, 0x83, 0x10, 0xa3, 0x18,
    0x83, 0x10, 0x83, 0x10, 0x83, 0x10, 0x83, 0x10, 0x83, 0x10, 0x82, 0x18, 0x82, 0x10, 0x82, 0x10,
    0x82, 0x10, 0x82, 0x10, 0x82, 0x10, 0x82, 0x10, 0x82, 0x10, 0x82, 0x10, 0x61, 0x08, 0x61, 0x08,
    0x61, 0x08, 0x61, 0x08, 0x61, 0x08, 0x61, 0x08, 0x61, 0x08, 0x61, 0x08, 0x61, 0x08, 0x82, 0x10,
    0x82, 0x10, 0x82, 0x10, 0x82, 0x10, 0x82, 0x10, 0x82, 0x10, 0x82, 0x10, 0x82, 0x10, 0x82, 0x10,
    0x82, 0x10, 0x82, 0x10, 0x82, 0x10, 0x82, 0x10, 0x82, 0x10, 0x82, 0x10, 0x82, 0x10, 0x82, 0x10,
    0x82, 0x10, 0x82, 0x10, 0x82, 0x10, 0x82, 0x10, 0x82, 0x10, 0x82, 0x10, 0x82, 0x10, 0x82, 0x10,
    0x82, 0x10, 0x82, 0x10, 0x82, 0x10, 0x82, 0x10, 0x82, 0x10, 0x82, 0x10, 0x82, 0x10, 0x82, 0x10,
    0x82, 0x10, 0x82, 0x10, 0x82, 0x10, 0x82, 0x10, 0x82, 0x10, 0x82, 0x10, 0x82, 0x10, 0x82, 0x10,
    0x82, 0x10, 0x82, 0x10, 0x82, 0x10, 0x82, 0x10, 0x82, 0x10, 0x82, 0x10, 0x82, 0x10, 0x82, 0x10,
    0x82, 0x10, 0x82, 0x10, 0x82, 0x10, 0x82, 0x10, 0x82, 0x10, 0x82, 0x10, 0x82, 0x10, 0x82, 0x10,
    0x82, 0x10, 0x82, 0x10, 0x82, 0x10, 0x82, 0x10, 0x82, 0x10, 0x82, 0x10, 0x82, 0x10, 0x82, 0x10,
    0x82, 0x10, 0x82, 0x10, 0x82, 0x10, 0x82, 0x10, 0x82, 0x10, 0x82, 0x10, 0x82, 0x10, 0x82, 0x10,
    0x82, 0x10, 0x82, 0x10, 0x82, 0x10, 0x82, 0x10, 0x82, 0x10, 0x82, 0x10, 0x82, 0x10, 0x82, 0x10,
    0x82, 0x10, 0x82, 0x10, 0x82, 0x10, 0x82, 0x10, 0x82, 0x10, 0x82, 0x10, 0x82, 0x10, 0x82, 0x10,
    0x82, 0x10, 0x82, 0x10, 0x82, 0x10, 0x82, 0x10, 0x82, 0x10, 0x82, 0x10, 0x82, 0x10, 0x82, 0x10,
    0x82, 0x10, 0x61, 0x08, 0x82, 0x10, 0x82, 0x10, 0x61, 0x08, 0x61, 0x08, 0x61, 0x08, 0x61, 0x08,
    0x61, 0x08, 0x61, 0x08, 0x61, 0x08, 0x82, 0x10, 0x82, 0x10, 0x82, 0x10, 0x82, 0x10, 0x82, 0x10,
    0x82, 0x10, 0x82, 0x10, 0x82, 0x10, 0x83, 0x10, 0x82, 0x10, 0x82, 0x10, 0x83, 0x10, 0x83, 0x10,
    0x83, 0x10, 0x83, 0x18, 0x83, 0x18, 0x83, 0x18, 0x83, 0x18, 0x83, 0x18, 0xa3, 0x18, 0xa3, 0x18,
    0xa3, 0x18, 0xa3, 0x18, 0xa4, 0x18, 0xa4, 0x18, 0xa4, 0x20, 0xa4, 0x20, 0xa4, 0x20, 0xa4, 0x20,
    0xa4, 0x20, 0xa4, 0x20, 0xa4, 0x20, 0xa4, 0x20, 0xa4, 0x20, 0xa4, 0x20, 0xa4, 0x20, 0xa4, 0x20,
    0xa4, 0x20, 0xa4, 0x20, 0xa4, 0x20, 0xa4, 0x20, 0x84, 0x20, 0x84, 0x20, 0xa3, 0x20, 0xa3, 0x20,
    0xa4, 0x20, 0xa4, 0x20, 0xa4, 0x20, 0xa4, 0x20, 0xa3, 0x18, 0xa4, 0x20, 0x84, 0x20, 0xa5, 0x20,
    0xc5, 0x28, 0x29, 0x49, 0x4a, 0x51, 0xc6, 0x30, 0xc5, 0x28, 0xa5, 0x28, 0xc5, 0x28, 0xc5, 0x28,
    0xc5, 0x28, 0xc5, 0x28, 0xe5, 0x28, 0xc5, 0x30, 0xc5, 0x30, 0xe6, 0x30, 0xc6, 0x30, 0xc6, 0x30,
    0xc6, 0x30, 0xc6, 0x30, 0xe6, 0x30, 0xe7, 0x30, 0xe7, 0x30, 0xc6, 0x38, 0xe7, 0x38, 0xe7, 0x38,
    0xe7, 0x38, 0xe7, 0x38, 0xe7, 0x38, 0xe7, 0x38, 0xe7, 0x30, 0xe7, 0x38, 0xe7, 0x38, 0xc6, 0x30,
    0xe7, 0x38, 0xc6, 0x38, 0xc6, 0x30, 0xe6, 0x30, 0xe6, 0x30, 0xe6, 0x30, 0xc5, 0x30, 0xc5, 0x30,
    0xe5, 0x28, 0xe5, 0x28, 0xc5, 0x28, 0xc5, 0x28, 0xc5, 0x28, 0xc5, 0x28, 0xa5, 0x20, 0xa4, 0x28,
    0xa4, 0x20, 0x84, 0x20, 0xa4, 0x20, 0xa4, 0x18, 0xa4, 0x18, 0x83, 0x18, 0xa3, 0x18, 0x83, 0x18,
    0x83, 0x18, 0x83, 0x18, 0xa3, 0x18, 0x83, 0x18, 0x83, 0x18, 0x83, 0x10, 0x83, 0x10, 0x83, 0x10,
    0x83, 0x10, 0x82, 0x10, 0x82, 0x10, 0x83, 0x10, 0x82, 0x10, 0x82, 0x10, 0x82, 0x10, 0x82, 0x10,
    0x82, 0x10, 0x82, 0x10, 0x82, 0x10, 0x82, 0x10, 0x82, 0x10, 0x82, 0x10, 0x82, 0x10, 0x61, 0x08,
    0x61, 0x08, 0x61, 0x08, 0x61, 0x08, 0x61, 0x08, 0x82, 0x10, 0x82, 0x10, 0x82, 0x10, 0x82, 0x10,
    0x82, 0x10, 0x82, 0x10, 0x82, 0x10, 0x82, 0x10, 0x82, 0x10, 0x82, 0x10, 0x82, 0x10, 0x82, 0x10,
    0x82, 0x10, 0x82, 0x10, 0x82, 0x10, 0x82, 0x10, 0x82, 0x10, 0x82, 0x10, 0x82, 0x10, 0x82, 0x10,
    0x82, 0x10, 0x82, 0x10, 0x82, 0x10, 0x82, 0x10, 0x82, 0x10, 0x82, 0x10, 0x82, 0x10, 0x82, 0x10,
    0x82, 0x10, 0x82, 0x10, 0x82, 0x10, 0x82, 0x10, 0x82, 0x10, 0x82, 0x10, 0x82, 0x10, 0x82, 0x10,
    0x82, 0x10, 0x82, 0x10, 0x82, 0x10, 0x82, 0x10, 0x82, 0x10, 0x82, 0x10, 0x82, 0x10, 0x82, 0x10,
    0x82, 0x10, 0x82, 0x10, 0x82, 0x10, 0x82, 0x10, 0x82, 0x10, 0x82, 0x10, 0x82, 0x10, 0x82, 0x10,
    0x82, 0x10, 0x82, 0x10, 0x82, 0x10, 0x82, 0x10, 0x82, 0x10, 0x82, 0x10, 0x82, 0x10, 0x82, 0x10,
    0x82, 0x10, 0x82, 0x10, 0x82, 0x10, 0x82, 0x10, 0x82, 0x10, 0x82, 0x10, 0x82, 0x10, 0x82, 0x10,
    0x82, 0x10, 0x82, 0x10, 0x82, 0x10, 0x82, 0x10, 0x82, 0x10, 0x82, 0x10, 0x82, 0x10, 0x82, 0x10,
    0x82, 0x10, 0x82, 0x10, 0x82, 0x10, 0x82, 0x10, 0x82, 0x10, 0x82, 0x10, 0x82, 0x10, 0x82, 0x10,
    0x82, 0x10, 0x82, 0x10, 0x82, 0x10, 0x82, 0x10, 0x82, 0x10, 0x82, 0x10, 0x82, 0x10, 0x82, 0x10,
    0x82, 0x10, 0x82, 0x10, 0x82, 0x10, 0x61, 0x08, 0x82, 0x10, 0x61, 0x08, 0x61, 0x08, 0x61, 0x08,
    0x61, 0x08, 0x61, 0x08, 0x82, 0x10, 0x82, 0x10, 0x82, 0x10, 0x82, 0x10, 0x82, 0x10, 0x82, 0x10,
    0x83, 0x10, 0x83, 0x10, 0x83, 0x10, 0x83, 0x10, 0x83, 0x10, 0x83, 0x10, 0x83, 0x10, 0x83, 0x10,
    0x83, 0x10, 0x83, 0x18, 0x83, 0x18, 0x83, 0x18, 0x83, 0x18, 0x83, 0x18, 0xa3, 0x18, 0xa4, 0x20,
    0xa4, 0x20, 0xa4, 0x20, 0xa4, 0x20, 0xa4, 0x20, 0xa4, 0x20, 0xa4, 0x20, 0xa4, 0x20, 0xa4, 0x20,
    0xa4, 0x20, 0xa4, 0x20, 0xa4, 0x20, 0xa5, 0x20, 0xa4, 0x20, 0xa4, 0x20, 0xa4, 0x20, 0xa4, 0x20,
    0xa4, 0x28, 0xa4, 0x28, 0xa4, 0x28, 0xa5, 0x20, 0xa4, 0x20, 0xc4, 0x20, 0xa4, 0x28, 0xc5, 0x28,
    0xc5, 0x20, 0xa5, 0x20, 0xa4, 0x20, 0xc5, 0x28, 0xa4, 0x20, 0xe6, 0x30, 0x08, 0x41, 0xd0, 0x81,
    0x34, 0xaa, 0x4b, 0x59, 0xa5, 0x28, 0xa5, 0x28, 0xa5, 0x28, 0xc5, 0x20, 0xc5, 0x28, 0xc5, 0x28,
    0xc5, 0x30, 0xc5, 0x30, 0xc5, 0x30, 0xe6, 0x30, 0xc6, 0x30, 0xc6, 0x30, 0xc6, 0x30, 0xe7, 0x38,
    0xe7, 0x38, 0xe7, 0x30, 0xe7, 0x30, 0x07, 0x39, 0xe6, 0x38, 0x08, 0x39, 0x08, 0x41, 0xe7, 0x30,
    0xe8, 0x38, 0x08, 0x41, 0x08, 0x41, 0x08, 0x41, 0x07, 0x39, 0xe8, 0x38, 0xe7, 0x38, 0x07, 0x39,
    0xe8, 0x38, 0xe7, 0x38, 0xe7, 0x38, 0xc6, 0x30, 0xc6, 0x30, 0xe6, 0x30, 0xe6, 0x30, 0xe6, 0x30,
    0xe6, 0x30, 0xc5, 0x30, 0xc5, 0x30, 0xe5, 0x28, 0xc5, 0x28, 0xc5, 0x28, 0xc5, 0x28, 0xa5, 0x28,
    0xa5, 0x20, 0xa4, 0x28, 0xa4, 0x20, 0xa4, 0x18, 0xa4, 0x20, 0xa4, 0x18, 0xa3, 0x18, 0xa3, 0x18,
    0x83, 0x18, 0x83, 0x18, 0x83, 0x18, 0x83, 0x18, 0x83, 0x18, 0x83, 0x18, 0x83, 0x10, 0x83, 0x10,
    0x83, 0x10, 0x83, 0x10, 0x83, 0x10, 0x82, 0x10, 0x82, 0x10, 0x82, 0x10, 0x82, 0x10, 0x82, 0x10,
    0x82, 0x10, 0x82, 0x10, 0x82, 0x10, 0x82, 0x10, 0x82, 0x10, 0x82, 0x10, 0x61, 0x08, 0x61, 0x08,
    0x61, 0x08, 0x61, 0x08, 0x61, 0x08, 0x61, 0x08, 0x82, 0x10, 0x82, 0x10, 0x82, 0x10, 0x82, 0x10,
    0x82, 0x10, 0x82, 0x10, 0x82, 0x10, 0x82, 0x10, 0x82, 0x10, 0x82, 0x10, 0x82, 0x10, 0x82, 0x10,
    0x82, 0x10, 0x82, 0x10, 0x82, 0x10, 0x82, 0x10, 0x82, 0x10, 0x82, 0x10, 0x82, 0x10, 0x82, 0x10,
    0x82, 0x10, 0x82, 0x10, 0x82, 0x10, 0x82, 0x10, 0x82, 0x10, 0x82, 0x10, 0x82, 0x10, 0x82, 0x10,
    0x82, 0x10, 0x82, 0x10, 0x82, 0x10, 0x82, 0x10, 0x82, 0x10, 0x82, 0x10, 0x82, 0x10, 0x82, 0x10,
    0x82, 0x10, 0x82, 0x10, 0x82, 0x10, 0x82, 0x10, 0x82, 0x10, 0x82, 0x10, 0x82, 0x10, 0x82, 0x10,
    0x82, 0x10, 0x82, 0x10, 0x82, 0x10, 0x82, 0x10, 0x82, 0x10, 0x82, 0x10, 0x82, 0x10, 0x82, 0x10,
    0x82, 0x10, 0x82, 0x10, 0x82, 0x10, 0x82, 0x10, 0x82, 0x10, 0x82, 0x10, 0x82, 0x10, 0x82, 0x10,
    0x82, 0x10, 0x82, 0x10, 0x82, 0x10, 0x82, 0x10, 0x82, 0x10, 0x82, 0x10, 0x82, 0x10, 0x82, 0x10,
    0x82, 0x10, 0x82, 0x10, 0x82, 0x10, 0x82, 0x10, 0x82, 0x10, 0x82, 0x10, 0x82, 0x10, 0x82, 0x10,
    0x82, 0x10, 0x82, 0x10, 0x82, 0x10, 0x82, 0x10, 0x82, 0x10, 0x82, 0x10, 0x82, 0x10, 0x82, 0x10,
    0x82, 0x10, 0x82, 0x10, 0x82, 0x10, 0x82, 0x10, 0x82, 0x10, 0x82, 0x10, 0x82, 0x10, 0x82, 0x10,
    0x82, 0x10, 0x82, 0x10, 0x82, 0x10, 0x61, 0x08, 0x61, 0x08, 0x61, 0x08, 0x61, 0x08, 0x61, 0x08,
    0x82, 0x10, 0x82, 0x10, 0x82, 0x10, 0x82, 0x10, 0x82, 0x10, 0x82, 0x10, 0x83, 0x10, 0x83, 0x10,
    0x83, 0x10, 0x83, 0x10, 0x83, 0x10, 0x83, 0x10, 0x83, 0x10, 0x83, 0x10, 0x83, 0x10, 0xa3, 0x18,
    0xa3, 0x18, 0xa3, 0x18, 0x83, 0x18, 0x83, 0x18, 0xa4, 0x20, 0xa3, 0x20, 0xa4, 0x20, 0xa4, 0x20,
    0xa4, 0x20, 0xa4, 0x20, 0xa4, 0x20, 0xa4, 0x20, 0xa4, 0x20, 0xa4, 0x20, 0xa4, 0x20, 0xa4, 0x20,
    0xa4, 0x20, 0xa4, 0x20, 0xc5, 0x20, 0xa5, 0x20, 0xc5, 0x20, 0xc5, 0x20, 0xc4, 0x20, 0xc5, 0x28,
    0xa5, 0x20, 0xa5, 0x20, 0xa5, 0x20, 0xa5, 0x20, 0xa5, 0x20, 0xc4, 0x28, 0xc5, 0x28, 0xa5, 0x28,
    0xc5, 0x28, 0xa5, 0x28, 0xe7, 0x38, 0x6c, 0x61, 0xf3, 0x91, 0x35, 0xaa, 0xf2, 0x91, 0x6c, 0x59,
    0xe5, 0x28, 0xc5, 0x28, 0xa5, 0x28, 0xc5, 0x28, 0xc5, 0x30, 0xa5, 0x28, 0xc5, 0x30, 0xe6, 0x30,
    0xe6, 0x30, 0xe6, 0x30, 0xe6, 0x30, 0xe7, 0x38, 0xe7, 0x38, 0xe7, 0x38, 0xe7, 0x38, 0xe7, 0x38,
    0xe7, 0x38, 0xe7, 0x38, 0x07, 0x39, 0xe7, 0x38, 0xe8, 0x38, 0x07, 0x41, 0x09, 0x51, 0xaf, 0x81,
    0x35, 0xaa, 0x78, 0xc2, 0x97, 0xba, 0x14, 0xa2, 0x8e, 0x71, 0x2a, 0x49, 0x08, 0x41, 0xe7, 0x38,
    0x07, 0x39, 0x08, 0x39, 0xe7, 0x38, 0xe7, 0x38, 0xe7, 0x38, 0xe7, 0x38, 0xe7, 0x38, 0xe6, 0x30,
    0xe6, 0x30, 0xe6, 0x30, 0xe6, 0x30, 0xe6, 0x30, 0xc5, 0x30, 0xc5, 0x30, 0xe5, 0x28, 0xa5, 0x28,
    0xa5, 0x28, 0xc5, 0x28, 0xa5, 0x20, 0xa4, 0x20, 0xa4, 0x20, 0xa4, 0x20, 0xa4, 0x20, 0xa4, 0x20,
    0xa4, 0x20, 0xa4, 0x20, 0xa4, 0x20, 0xa3, 0x18, 0xa3, 0x18, 0x83, 0x18, 0xa3, 0x18, 0xa3, 0x18,
    0x83, 0x10, 0x83, 0x10, 0x83, 0x10, 0x83, 0x10, 0x83, 0x10, 0x82, 0x10, 0x82, 0x10, 0x82, 0x10,
    0x82, 0x10, 0x82, 0x10, 0x82, 0x10, 0x82, 0x10, 0x82, 0x10, 0x82, 0x10, 0x82, 0x10, 0x61, 0x08,
    0x61, 0x08, 0x61, 0x08, 0x61, 0x08, 0x61, 0x08, 0x82, 0x10, 0x82, 0x10, 0x82, 0x10, 0x82, 0x10,
    0x82, 0x10, 0x82, 0x10, 0x82, 0x10, 0x82, 0x10, 0x82, 0x10, 0x82, 0x10, 0x82, 0x10, 0x82, 0x10,
    0x82, 0x10, 0x82, 0x10, 0x82, 0x10, 0x82, 0x10, 0x82, 0x10, 0x82, 0x10, 0x82, 0x10, 0x82, 0x10,
    0x82, 0x10, 0x82, 0x10, 0x82, 0x10, 0x82, 0x10, 0x82, 0x10, 0x82, 0x10, 0x82, 0x10, 0x82, 0x10,
    0x82, 0x10, 0x82, 0x10, 0x82, 0x10, 0x82, 0x10, 0x82, 0x10, 0x82, 0x10, 0x82, 0x10, 0x82, 0x10,
    0x82, 0x10, 0x82, 0x10, 0x82, 0x10, 0x82, 0x10, 0x82, 0x10, 0x82, 0x10, 0x82, 0x10, 0x82, 0x10,
    0x82, 0x10, 0x82, 0x10, 0x82, 0x10, 0x82, 0x10, 0x82, 0x10, 0x82, 0x10, 0x82, 0x10, 0x82, 0x10,
    0x82, 0x10, 0x82, 0x10, 0x82, 0x10, 0x82, 0x10, 0x82, 0x10, 0x82, 0x10, 0x82, 0x10, 0x82, 0x10,
    0x82, 0x10, 0x82, 0x10, 0x82, 0x10, 0x82, 0x10, 0x82, 0x10, 0x82, 0x10, 0x82, 0x10, 0x82, 0x10,
    0x82, 0x10, 0x82, 0x10, 0x82, 0x10, 0x82, 0x10, 0x82, 0x10, 0x82, 0x10, 0x82, 0x10, 0x82, 0x10,
    0x82, 0x10, 0x82, 0x10, 0x82, 0x10, 0x82, 0x10, 0x82, 0x10, 0x82, 0x10, 0x82, 0x10, 0x82, 0x10,
    0x82, 0x10, 0x82, 0x10, 0x82, 0x10, 0x82, 0x10, 0x82, 0x10, 0x61, 0x08, 0x61, 0x08, 0x61, 0x08,
    0x61, 0x08, 0x61, 0x08, 0x61, 0x08, 0x61, 0x08, 0x61, 0x08, 0x61, 0x08, 0x61, 0x08, 0x82, 0x10,
    0x82, 0x10, 0x82, 0x10, 0x82, 0x10, 0x83, 0x10, 0x83, 0x10, 0x83, 0x10, 0x83, 0x10, 0x83, 0x10,
    0x83, 0x18, 0x83, 0x18, 0x83, 0x10, 0x83, 0x18, 0x83, 0x18, 0x83, 0x18, 0x83, 0x18, 0xa3, 0x18,
    0xa3, 0x18, 0xa4, 0x18, 0xa4, 0x20, 0xa4, 0x20, 0xa4, 0x20, 0xa4, 0x20, 0xa4, 0x20, 0xa4, 0x20,
    0xa4, 0x20, 0xa4, 0x20, 0xa4, 0x20, 0xa4, 0x20, 0xa4, 0x28, 0xa4, 0x28, 0xa4, 0x28, 0xc4, 0x28,
    0xc4, 0x28, 0xc4, 0x28, 0xa5, 0x20, 0xc5, 0x28, 0xc5, 0x28, 0xc5, 0x28, 0xc5, 0x28, 0xc5, 0x28,
    0xc5, 0x28, 0xc5, 0x28, 0xc5, 0x28, 0xc5, 0x28, 0xc5, 0x28, 0xa5, 0x28, 0xc5, 0x28, 0xc5, 0x30,
    0x29, 0x49, 0x13, 0x9a, 0xba, 0xda, 0xdb, 0xe2, 0xf2, 0x91, 0x08, 0x41, 0xc5, 0x28, 0xc5, 0x28,
    0xc5, 0x28, 0xc6, 0x30, 0xa5, 0x28, 0xe6, 0x30, 0xc5, 0x30, 0xc5, 0x28, 0xe6, 0x30, 0xe6, 0x30,
    0xe6, 0x30, 0xe6, 0x30, 0xe7, 0x38, 0xe7, 0x38, 0xe7, 0x38, 0xe7, 0x38, 0x07, 0x39, 0xe7, 0x38,
    0x07, 0x41, 0x07, 0x41, 0xe8, 0x40, 0x28, 0x39, 0x08, 0x41, 0xb0, 0x89, 0x9a, 0xd2, 0x1f, 0xfb,
    0x1f, 0xfb, 0xff, 0xfa, 0x5f, 0xfb, 0x3f, 0xfb, 0x3e, 0xf3, 0xba, 0xda, 0xd1, 0x89, 0x09, 0x41,
    0x08, 0x41, 0xe8, 0x48, 0x07, 0x41, 0xe8, 0x38, 0xe7, 0x38, 0x08, 0x39, 0xe7, 0x38, 0xe7, 0x38,
    0xe7, 0x38, 0xc6, 0x30, 0xe6, 0x30, 0xe6, 0x30, 0xe6, 0x30, 0xe6, 0x30, 0xc5, 0x30, 0xc5, 0x30,
    0xc5, 0x30, 0xc5, 0x28, 0xc5, 0x28, 0xc5, 0x28, 0xc5, 0x28, 0xa4, 0x28, 0xa4, 0x20, 0xa4, 0x20,
    0xa4, 0x20, 0xa4, 0x20, 0xa4, 0x20, 0xa4, 0x20, 0xa4, 0x20, 0xa3, 0x18, 0xa3, 0x18, 0xa3, 0x18,
    0x83, 0x18, 0x83, 0x18, 0x83, 0x18, 0x83, 0x18, 0x83, 0x10, 0x83, 0x10, 0x82, 0x10, 0x83, 0x10,
    0x82, 0x10, 0x82, 0x10, 0x82, 0x10, 0x82, 0x10, 0x82, 0x10, 0x82, 0x10, 0x82, 0x10, 0x61, 0x08,
    0x61, 0x08, 0x61, 0x08, 0x61, 0x08, 0x61, 0x08, 0x82, 0x10, 0x82, 0x10, 0x82, 0x10, 0x82, 0x10,
    0x82, 0x10, 0x82, 0x10, 0x82, 0x10, 0x82, 0x10, 0x82, 0x10, 0x82, 0x10, 0x82, 0x10, 0x82, 0x10,
    0x82, 0x10, 0x82, 0x10, 0x82, 0x10, 0x82, 0x10, 0x82, 0x10, 0x82, 0x10, 0x82, 0x10, 0x82, 0x10,
    0x82, 0x10, 0x82, 0x10, 0x82, 0x10, 0x82, 0x10, 0x82, 0x10, 0x82, 0x10, 0x82, 0x10, 0x82, 0x10,
    0x82, 0x10, 0x82, 0x10, 0x82, 0x10, 0x82, 0x10, 0x82, 0x10, 0x82, 0x10, 0x82, 0x10, 0x82, 0x10,
    0x82, 0x10, 0x82, 0x10, 0x82, 0x10, 0x82, 0x10, 0x82, 0x10, 0x82, 0x10, 0x82, 0x10, 0x82, 0x10,
    0x82, 0x10, 0x82, 0x10, 0x82, 0x10, 0x82, 0x10, 0x82, 0x10, 0x82, 0x10, 0x82, 0x10, 0x82, 0x10,
    0x82, 0x10, 0x82, 0x10, 0x82, 0x10, 0x82, 0x10, 0x82, 0x10, 0x82, 0x10, 0x82, 0x10, 0x82, 0x10,
    0x82, 0x10, 0x82, 0x10, 0x82, 0x10, 0x82, 0x10, 0x82, 0x10, 0x82, 0x10, 0x82, 0x10, 0x82, 0x10,
    0x82, 0x10, 0x82, 0x10, 0x82, 0x10, 0x82, 0x10, 0x82, 0x10, 0x82, 0x10, 0x82, 0x10, 0x82, 0x10,
    0x82, 0x10, 0x82, 0x10, 0x82, 0x10, 0x82, 0x10, 0x82, 0x10, 0x82, 0x10, 0x82, 0x10, 0x82, 0x10,
    0x82, 0x10, 0x82, 0x10, 0x61, 0x08, 0x61, 0x08, 0x61, 0x08, 0x61, 0x08, 0x61, 0x08, 0x61, 0x08,
    0x61, 0x08, 0x61, 0x08, 0x61, 0x08, 0x61, 0x08, 0x61, 0x08, 0x61, 0x08, 0x82, 0x10, 0x82, 0x10,
    0x83, 0x10, 0x83, 0x10, 0x83, 0x10, 0x83, 0x10, 0x83, 0x10, 0x83, 0x10, 0x83, 0x10, 0x83, 0x18,
    0x83, 0x18, 0x83, 0x18, 0x83, 0x18, 0x83, 0x18, 0x83, 0x18, 0x83, 0x18, 0xa3, 0x18, 0xa3, 0x18,
    0xa4, 0x18, 0xa4, 0x20, 0xa4, 0x20, 0xa4, 0x20, 0xa4, 0x20, 0xa4, 0x20, 0xa4, 0x20, 0xa4, 0x28,
    0xa4, 0x28, 0xa5, 0x20, 0xa4, 0x28, 0xa4, 0x28, 0xc5, 0x28, 0xc5, 0x28, 0xc4, 0x28, 0xc5, 0x28,
    0xc4, 0x28, 0xc5, 0x28, 0xc5, 0x28, 0xc5, 0x28, 0xc4, 0x28, 0xc5, 0x28, 0xc5, 0x28, 0xc5, 0x28,
    0xc5, 0x28, 0xc5, 0x28, 0xc5, 0x30, 0xc5, 0x28, 0xe7, 0x38, 0x4b, 0x59, 0xd0, 0x81, 0x78, 0xc2,
    0xfd, 0xea, 0xba, 0xd2, 0xd2, 0x91, 0x0a, 0x49, 0xc6, 0x30, 0xe5, 0x28, 0xe6, 0x28, 0xe5, 0x28,
    0xe6, 0x30, 0xe6, 0x30, 0xc6, 0x30, 0xc5, 0x30, 0xe6, 0x30, 0xc6, 0x30, 0xe6, 0x30, 0xc6, 0x30,
    0xe7, 0x38, 0xe7, 0x38, 0xe7, 0x38, 0xe7, 0x38, 0xe7, 0x38, 0xe7, 0x38, 0x07, 0x41, 0x08, 0x41,
    0x07, 0x41, 0x09, 0x41, 0x4b, 0x59, 0xd2, 0x91, 0x9a, 0xd2, 0x1f, 0xfb, 0x1f, 0xfb, 0x1f, 0xfb,
    0x5f, 0xfb, 0x1f, 0xfb, 0x1f, 0xfb, 0x5f, 0xfb, 0x1f, 0xfb, 0x1f, 0xfb, 0x1f, 0xfb, 0xdb, 0xe2,
    0x13, 0xa2, 0x6d, 0x69, 0x29, 0x49, 0xe8, 0x38, 0x08, 0x41, 0xe7, 0x38, 0xe7, 0x38, 0xe7, 0x38,
    0xe7, 0x38, 0xe7, 0x38, 0xe7, 0x38, 0xe7, 0x38, 0xe6, 0x30, 0xe6, 0x30, 0xe6, 0x30, 0xe6, 0x30,
    0xc5, 0x30, 0xc5, 0x30, 0xc5, 0x28, 0xc5, 0x28, 0xc5, 0x28, 0xc4, 0x28, 0xa5, 0x20, 0xc5, 0x28,
    0xa4, 0x20, 0xa4, 0x20, 0x84, 0x20, 0xa4, 0x20, 0xa4, 0x20, 0xa4, 0x20, 0xa3, 0x18, 0xa3, 0x18,
    0xa3, 0x18, 0xa3, 0x18, 0xa3, 0x18, 0xa3, 0x18, 0x83, 0x18, 0x83, 0x18, 0x83, 0x10, 0x83, 0x10,
    0x83, 0x10, 0x82, 0x10, 0x82, 0x10, 0x82, 0x10, 0x82, 0x10, 0x82, 0x10, 0x82, 0x10, 0x61, 0x08,
    0x61, 0x08, 0x61, 0x08, 0x61, 0x08, 0x61, 0x08, 0x82, 0x10, 0x82, 0x10, 0x61, 0x08, 0x61, 0x08,
    0x82, 0x10, 0x82, 0x10, 0x82, 0x10, 0x82, 0x10, 0x82, 0x10, 0x82, 0x10, 0x82, 0x10, 0x82, 0x10,
    0x82, 0x10, 0x82, 0x10, 0x82, 0x10, 0x82, 0x10, 0x82, 0x10, 0x82, 0x10, 0x82, 0x10, 0x82, 0x10,
    0x82, 0x10, 0x82, 0x10, 0x82, 0x10, 0x82, 0x10, 0x82, 0x10, 0x82, 0x10, 0x82, 0x10, 0x82, 0x10,
    0x82, 0x10, 0x82, 0x10, 0x82, 0x10, 0x82, 0x10, 0x82, 0x10, 0x82, 0x10, 0x82, 0x10, 0x82, 0x10,
    0x82, 0x10, 0x82, 0x10, 0x82, 0x10, 0x82, 0x10, 0x82, 0x10, 0x82, 0x10, 0x82, 0x10, 0x82, 0x10,
    0x82, 0x10, 0x82, 0x10, 0x82, 0x10, 0x82, 0x10, 0x82, 0x10, 0x82, 0x10, 0x82, 0x10, 0x82, 0x10,
    0x82, 0x10, 0x82, 0x10, 0x82, 0x10, 0x82, 0x10, 0x82, 0x10, 0x82, 0x10, 0x82, 0x10, 0x82, 0x10,
    0x82, 0x10, 0x82, 0x10, 0x82, 0x10, 0x82, 0x10, 0x82, 0x10, 0x82, 0x10, 0x82, 0x10, 0x82, 0x10,
    0x82, 0x10, 0x82, 0x10, 0x82, 0x10, 0x82, 0x10, 0x82, 0x10, 0x82, 0x10, 0x82, 0x10, 0x82, 0x10,
    0x82, 0x10, 0x82, 0x10, 0x82, 0x10, 0x82, 0x10, 0x82, 0x10, 0x82, 0x10, 0x82, 0x10, 0x82, 0x10,
    0x82, 0x10, 0x61, 0x08, 0x61, 0x08, 0x61, 0x08, 0x61, 0x08, 0x61, 0x08, 0x61, 0x08, 0x61, 0x08,
    0x61, 0x08, 0x82, 0x10, 0x82, 0x10, 0x82, 0x10, 0x82, 0x10, 0x82, 0x10, 0x82, 0x10, 0x82, 0x10,
    0x83, 0x10, 0x83, 0x10, 0x83, 0x10, 0x83, 0x10, 0x83, 0x10, 0x83, 0x10, 0x83, 0x18, 0x83, 0x10,
    0xa3, 0x18, 0x83, 0x18, 0xa3, 0x18, 0xa3, 0x18, 0xa3, 0x20, 0xa4, 0x20, 0xa4, 0x20, 0xa4, 0x20,
    0xa4, 0x20, 0xa4, 0x20, 0xa4, 0x20, 0xa4, 0x20, 0xa4, 0x20, 0xa4, 0x28, 0xc4, 0x28, 0xc5, 0x28,
    0xc5, 0x28, 0xa5, 0x20, 0xc5, 0x28, 0xc5, 0x28, 0xc5, 0x28, 0xc5, 0x28, 0xa5, 0x28, 0xc5, 0x30,
    0xc5, 0x28, 0xc5, 0x28, 0xc5, 0x28, 0xe5, 0x28, 0xc5, 0x30, 0xa5, 0x28, 0xc5, 0x28, 0xe6, 0x30,
    0xe6, 0x30, 0xe6, 0x30, 0x28, 0x49, 0xaf, 0x81, 0xb8, 0xca, 0xfd, 0xea, 0x1e, 0xf3, 0x99, 0xca,
    0xaf, 0x79, 0x08, 0x41, 0xe6, 0x30, 0xe6, 0x30, 0xe6, 0x30, 0xe6, 0x30, 0xe6, 0x30, 0xe6, 0x30,
    0xe6, 0x30, 0xe6, 0x30, 0xe6, 0x30, 0xe6, 0x30, 0xe7, 0x38, 0xe7, 0x38, 0xe7, 0x38, 0xe7, 0x38,
    0xe7, 0x30, 0xe7, 0x38, 0x08, 0x41, 0x07, 0x41, 0xe7, 0x38, 0x08, 0x41, 0x08, 0x41, 0xe8, 0x40,
    0x4b, 0x59, 0x14, 0xa2, 0xba, 0xda, 0x1f, 0xfb, 0x5f, 0xfb, 0x5f, 0xfb, 0xff, 0xfa, 0xff, 0xfa,
    0x1f, 0xfb, 0x5f, 0xfb, 0x3f, 0xfb, 0x5f, 0xfb, 0x5f, 0xfb, 0x5f, 0xfb, 0x5f, 0xfb, 0x1f, 0xfb,
    0x3f, 0xfb, 0xfd, 0xf2, 0xb8, 0xca, 0xaf, 0x79, 0x09, 0x49, 0x08, 0x41, 0x07, 0x41, 0x08, 0x41,
    0x07, 0x41, 0x07, 0x39, 0xe7, 0x38, 0xc6, 0x38, 0xe7, 0x38, 0xe6, 0x30, 0xe6, 0x30, 0xe6, 0x30,
    0xe6, 0x30, 0xc6, 0x30, 0xc6, 0x30, 0xc5, 0x30, 0xc5, 0x30, 0xc5, 0x28, 0xc5, 0x28, 0xc5, 0x28,
    0xc5, 0x28, 0xc5, 0x28, 0xa5, 0x20, 0xa5, 0x20, 0xa4, 0x20, 0xa4, 0x20, 0xa4, 0x20, 0xa4, 0x20,
    0xa4, 0x18, 0xa4, 0x18, 0xa4, 0x18, 0xa3, 0x18, 0xa3, 0x18, 0x83, 0x18, 0x83, 0x10, 0x83, 0x10,
    0x83, 0x10, 0x83, 0x10, 0x83, 0x10, 0x83, 0x10, 0x82, 0x10, 0x82, 0x10, 0x82, 0x10, 0x82, 0x10,
    0x82, 0x10, 0x82, 0x10, 0x82, 0x10, 0x82, 0x10, 0x82, 0x10, 0x61, 0x08, 0x61, 0x08, 0x61, 0x08,
    0x61, 0x08, 0x61, 0x08, 0x61, 0x08, 0x61, 0x08, 0x61, 0x08, 0x61, 0x08, 0x61, 0x08, 0x82, 0x10,
    0x82, 0x10, 0x82, 0x10, 0x82, 0x10, 0x82, 0x10, 0x82, 0x10, 0x82, 0x10, 0x82, 0x10, 0x82, 0x10,
    0x82, 0x10, 0x82, 0x10, 0x82, 0x10, 0x82, 0x10, 0x82, 0x10, 0x82, 0x10, 0x82, 0x10, 0x82, 0x10,
    0x82, 0x10, 0x82, 0x10, 0x82, 0x10, 0x82, 0x10, 0x82, 0x10, 0x82, 0x10, 0x82, 0x10, 0x82, 0x10,
    0x82, 0x10, 0x82, 0x10, 0x82, 0x10, 0x82, 0x10, 0x82, 0x10, 0x82, 0x10, 0x82, 0x10, 0x82, 0x10,
    0x82, 0x10, 0x82, 0x10, 0x82, 0x10, 0x82, 0x10, 0x82, 0x10, 0x82, 0x10, 0x82, 0x10, 0x82, 0x10,
    0x82, 0x10, 0x82, 0x10, 0x82, 0x10, 0x82, 0x10, 0x82, 0x10, 0x82, 0x10, 0x82, 0x10, 0x82, 0x10,
    0x82, 0x10, 0x82, 0x10, 0x82, 0x10, 0x82, 0x10, 0x82, 0x10, 0x82, 0x10, 0x82, 0x10, 0x82, 0x10,
    0x82, 0x10, 0x82, 0x10, 0x82, 0x10, 0x82, 0x10, 0x82, 0x10, 0x82, 0x10, 0x82, 0x10, 0x82, 0x10,
    0x82, 0x10, 0x82, 0x10, 0x82, 0x10, 0x82, 0x10, 0x82, 0x10, 0x82, 0x10, 0x82, 0x10, 0x82, 0x10,
    0x61, 0x08, 0x61, 0x08, 0x82, 0x10, 0x61, 0x08, 0x61, 0x08, 0x61, 0x08, 0x61, 0x08, 0x61, 0x08,
    0x61, 0x08, 0x82, 0x10, 0x82, 0x10, 0x82, 0x10, 0x82, 0x10, 0x82, 0x10, 0x82, 0x10, 0x82, 0x10,
    0x83, 0x10, 0x83, 0x10, 0x83, 0x10, 0x83, 0x18, 0x83, 0x18, 0x83, 0x18, 0xa3, 0x18, 0xa3, 0x18,
    0xa4, 0x18, 0xa4, 0x18, 0xa4, 0x18, 0xa4, 0x20, 0xa4, 0x20, 0xa4, 0x20, 0xa4, 0x20, 0xa4, 0x20,
    0xa4, 0x20, 0xa5, 0x20, 0xa4, 0x28, 0xa4, 0x28, 0xa4, 0x28, 0xc4, 0x28, 0xc4, 0x28, 0xc5, 0x28,
    0xc5, 0x28, 0xc5, 0x28, 0xc5, 0x28, 0xc5, 0x28, 0xe5, 0x28, 0xe5, 0x28, 0xc5, 0x30, 0xe6, 0x30,
    0xc6, 0x30, 0xc6, 0x30, 0xe6, 0x30, 0xe5, 0x28, 0xe6, 0x30, 0xe6, 0x30, 0xe6, 0x30, 0x08, 0x41,
    0x8d, 0x69, 0x15, 0xaa, 0xdd, 0xe2, 0x5f, 0xfb, 0x1e, 0xf3, 0xb8, 0xca, 0xb0, 0x79, 0xe7, 0x38,
    0xc6, 0x30, 0xc5, 0x28, 0xe6, 0x30, 0xc6, 0x30, 0xc6, 0x30, 0xe6, 0x30, 0xc6, 0x30, 0xe6, 0x30,
    0xe7, 0x38, 0xe7, 0x38, 0xe7, 0x38, 0xe7, 0x38, 0xe7, 0x38, 0xe7, 0x38, 0x07, 0x39, 0x08, 0x39,
    0x08, 0x41, 0xe8, 0x38, 0x07, 0x41, 0x08, 0x41, 0x08, 0x41, 0x09, 0x49, 0x4c, 0x61, 0x15, 0xaa,
    0xfd, 0xe2, 0x1f, 0xfb, 0x5f, 0xfb, 0x5f, 0xfb, 0x1f, 0xfb, 0x5f, 0xfb, 0x5f, 0xfb, 0x5f, 0xfb,
    0x5f, 0xfb, 0x1f, 0xfb, 0x1f, 0xfb, 0x1f, 0xfb, 0xff, 0xfa, 0x5f, 0xfb, 0x5f, 0xfb, 0x1f, 0xfb,
    0x1f, 0xfb, 0x1f, 0xfb, 0x1f, 0xfb, 0x1f, 0xfb, 0x9a, 0xd2, 0xf2, 0x91, 0x4c, 0x61, 0x09, 0x49,
    0xe7, 0x40, 0x07, 0x41, 0xe7, 0x38, 0x08, 0x39, 0xe7, 0x38, 0x08, 0x39, 0xe7, 0x38, 0xe6, 0x38,
    0xe6, 0x38, 0xe6, 0x30, 0xe6, 0x30, 0xe6, 0x30, 0xe6, 0x30, 0xc5, 0x30, 0xe5, 0x28, 0xc5, 0x30,
    0xc5, 0x28, 0xc5, 0x28, 0xc5, 0x28, 0xa5, 0x20, 0xa5, 0x20, 0xa5, 0x20, 0xa4, 0x20, 0xa4, 0x20,
    0xa4, 0x20, 0xa4, 0x20, 0xa4, 0x18, 0xa4, 0x18, 0xa3, 0x18, 0x83, 0x18, 0x83, 0x18, 0x83, 0x10,
    0xa2, 0x18, 0x83, 0x10, 0x83, 0x10, 0x83, 0x18, 0x83, 0x10, 0x83, 0x10, 0x83, 0x10, 0x82, 0x10,
    0x82, 0x10, 0x82, 0x10, 0x82, 0x10, 0x82, 0x10, 0x82, 0x10, 0x61, 0x08, 0x61, 0x08, 0x61, 0x08,
    0x82, 0x10, 0x61, 0x08, 0x61, 0x08, 0x61, 0x08, 0x61, 0x08, 0x61, 0x08, 0x61, 0x08, 0x82, 0x10,
    0x82, 0x10, 0x82, 0x10, 0x82, 0x10, 0x82, 0x10, 0x82, 0x10, 0x82, 0x10, 0x82, 0x10, 0x82, 0x10,
    0x82, 0x10, 0x82, 0x10, 0x82, 0x10, 0x82, 0x10, 0x82, 0x10, 0x82, 0x10, 0x82, 0x10, 0x82, 0x10,
    0x82, 0x10, 0x82, 0x10, 0x82, 0x10, 0x82, 0x10, 0x82, 0x10, 0x82, 0x10, 0x82, 0x10, 0x82, 0x10,
    0x82, 0x10, 0x82, 0x10, 0x82, 0x10, 0x82, 0x10, 0x82, 0x10, 0x82, 0x10, 0x82, 0x10, 0x82, 0x10,
    0x82, 0x10, 0x82, 0x10, 0x82, 0x10, 0x82, 0x10, 0x82, 0x10, 0x82, 0x10, 0x82, 0x10, 0x82, 0x10,
    0x82, 0x10, 0x82, 0x10, 0x82, 0x10, 0x82, 0x10, 0x82, 0x10, 0x82, 0x10, 0x82, 0x10, 0x82, 0x10,
    0x82, 0x10, 0x82, 0x10, 0x82, 0x10, 0x82, 0x10, 0x82, 0x10, 0x82, 0x10, 0x82, 0x10, 0x82, 0x10,
    0x82, 0x10, 0x82, 0x10, 0x82, 0x10, 0x82, 0x10, 0x82, 0x10, 0x82, 0x10, 0x82, 0x10, 0x82, 0x10,
    0x82, 0x10, 0x82, 0x10, 0x82, 0x10, 0x82, 0x10, 0x82, 0x10, 0x82, 0x10, 0x82, 0x10, 0x82, 0x10,
    0x61, 0x08, 0x61, 0x08, 0x61, 0x08, 0x61, 0x08, 0x61, 0x08, 0x82, 0x10, 0x82, 0x10, 0x82, 0x10,
    0x82, 0x10, 0x82, 0x10, 0x82, 0x10, 0x83, 0x10, 0x83, 0x10, 0x83, 0x10, 0x83, 0x10, 0x83, 0x10,
    0x83, 0x10, 0x83, 0x18, 0x83, 0x18, 0xa3, 0x18, 0xa3, 0x18, 0xa3, 0x18, 0xa4, 0x20, 0xa4, 0x20,
    0xa4, 0x20, 0xa4, 0x20, 0xa4, 0x20, 0xa4, 0x20, 0xa4, 0x20, 0xa4, 0x20, 0xa4, 0x20, 0xa5, 0x20,
    0xa5, 0x20, 0xc5, 0x28, 0xc5, 0x28, 0xc5, 0x28, 0xc5, 0x28, 0xc5, 0x28, 0xc5, 0x30, 0xc5, 0x30,
    0xc5, 0x30, 0xc5, 0x30, 0xc5, 0x30, 0xc5, 0x30, 0xe6, 0x30, 0xc6, 0x30, 0xe6, 0x30, 0xe6, 0x30,
    0xc5, 0x30, 0xc6, 0x30, 0xe6, 0x30, 0xe6, 0x30, 0xe8, 0x38, 0x6c, 0x61, 0x14, 0xa2, 0xda, 0xd2,
    0x1e, 0xf3, 0x1f, 0xfb, 0x1e, 0xf3, 0x77, 0xba, 0x8d, 0x71, 0x08, 0x41, 0xe6, 0x38, 0xe7, 0x38,
    0xe6, 0x30, 0xe6, 0x30, 0xe7, 0x38, 0xe7, 0x38, 0xe7, 0x38, 0xe7, 0x38, 0xe7, 0x38, 0xe7, 0x38,
    0x07, 0x39, 0xe7, 0x38, 0x07, 0x39, 0x07, 0x41, 0xe7, 0x38, 0xe7, 0x38, 0x07, 0x39, 0x08, 0x41,
    0xe7, 0x40, 0x08, 0x41, 0x08, 0x41, 0x08, 0x41, 0x8e, 0x71, 0x36, 0xb2, 0xdd, 0xe2, 0x5f, 0xfb,
    0x1f, 0xfb, 0xff, 0xfa, 0x1f, 0xfb, 0x1f, 0xfb, 0x5f, 0xfb, 0x5f, 0xfb, 0x1f, 0xfb, 0xdb, 0xe2,
    0x13, 0xa2, 0xae, 0x79, 0xaf, 0x81, 0x14, 0xa2, 0xfc, 0xda, 0x3e, 0xf3, 0x1f, 0xfb, 0x5f, 0xfb,
    0x1f, 0xfb, 0xff, 0xfa, 0x5f, 0xfb, 0x3f, 0xfb, 0x1f, 0xfb, 0x1f, 0xfb, 0x1c, 0xe3, 0x56, 0xb2,
    0x8f, 0x71, 0x09, 0x41, 0xe8, 0x38, 0xe8, 0x40, 0x08, 0x41, 0x07, 0x41, 0xe8, 0x38, 0x08, 0x39,
    0xe7, 0x38, 0xe6, 0x38, 0xe6, 0x38, 0xe6, 0x30, 0xc6, 0x30, 0xe6, 0x30, 0xe6, 0x30, 0xe6, 0x30,
    0xe5, 0x28, 0xc5, 0x30, 0xc5, 0x28, 0xc5, 0x28, 0xc5, 0x28, 0xc5, 0x28, 0xc5, 0x28, 0xa5, 0x20,
    0xa4, 0x20, 0xa4, 0x20, 0xa4, 0x20, 0xa4, 0x20, 0xa4, 0x20, 0xa4, 0x18, 0xa4, 0x18, 0x83, 0x18,
    0xa3, 0x18, 0x83, 0x18, 0x83, 0x18, 0x83, 0x18, 0x83, 0x18, 0x83, 0x18, 0x83, 0x10, 0x83, 0x10,
    0x83, 0x10, 0x83, 0x10, 0x83, 0x10, 0x83, 0x10, 0x82, 0x10, 0x82, 0x10, 0x82, 0x10, 0x82, 0x10,
    0x82, 0x10, 0x82, 0x10, 0x61, 0x08, 0x61, 0x08, 0x61, 0x08, 0x61, 0x08, 0x61, 0x08, 0x82, 0x10,
    0x82, 0x10, 0x82, 0x10, 0x82, 0x10, 0x82, 0x10, 0x82, 0x10, 0x82, 0x10, 0x82, 0x10, 0x82, 0x10,
    0x82, 0x10, 0x82, 0x10, 0x82, 0x10, 0x82, 0x10, 0x82, 0x10, 0x82, 0x10, 0x82, 0x10, 0x82, 0x10,
    0x82, 0x10, 0x82, 0x10, 0x82, 0x10, 0x82, 0x10, 0x82, 0x10, 0x82, 0x10, 0x82, 0x10, 0x82, 0x10,
    0x82, 0x10, 0x82, 0x10, 0x82, 0x10, 0x82, 0x10, 0x82, 0x10, 0x82, 0x10, 0x82, 0x10, 0x82, 0x10,
    0x82, 0x10, 0x82, 0x10, 0x82, 0x10, 0x82, 0x10, 0x82, 0x10, 0x82, 0x10, 0x82, 0x10, 0x82, 0x10,
    0x82, 0x10, 0x82, 0x10, 0x82, 0x10, 0x82, 0x10, 0x82, 0x10, 0x82, 0x10, 0x82, 0x10, 0x82, 0x10,
    0x82, 0x10, 0x82, 0x10, 0x82, 0x10, 0x82, 0x10, 0x82, 0x10, 0x82, 0x10, 0x82, 0x10, 0x82, 0x10,
    0x82, 0x10, 0x82, 0x10, 0x82, 0x10, 0x82, 0x10, 0x82, 0x10, 0x82, 0x10, 0x82, 0x10, 0x82, 0x10,
    0x82, 0x10, 0x82, 0x10, 0x82, 0x10, 0x82, 0x10, 0x82, 0x10, 0x82, 0x10, 0x82, 0x10, 0x61, 0x08,
    0x61, 0x08, 0x61, 0x08, 0x61, 0x08, 0x61, 0x08, 0x82, 0x10, 0x82, 0x10, 0x82, 0x10, 0x82, 0x10,
    0x82, 0x10, 0x82, 0x10, 0x82, 0x10, 0x83, 0x10, 0x83, 0x10, 0x83, 0x10, 0x83, 0x10, 0x83, 0x10,
    0x83, 0x18, 0xa3, 0x18, 0x83, 0x18, 0xa4, 0x20, 0xa3, 0x18, 0xa3, 0x18, 0xa4, 0x20, 0xa4, 0x20,
    0xa4, 0x20, 0xa4, 0x20, 0xa4, 0x20, 0xa4, 0x20, 0xa4, 0x28, 0xc4, 0x28, 0xc5, 0x28, 0xc5, 0x28,
    0xc5, 0x28, 0xc5, 0x28, 0xe5, 0x28, 0xc5, 0x30, 0xc5, 0x30, 0xe6, 0x30, 0xe6, 0x30, 0xe6, 0x30,
    0xe6, 0x30, 0xe6, 0x30, 0xe6, 0x30, 0xe6, 0x30, 0xe6, 0x30, 0xe6, 0x30, 0xe6, 0x30, 0xe6, 0x30,
    0xe6, 0x30, 0x07, 0x39, 0x2a, 0x51, 0xb0, 0x79, 0x99, 0xca, 0x3f, 0xfb, 0x1f, 0xfb, 0x5f, 0xfb,
    0xfe, 0xfa, 0x57, 0xc2, 0x6c, 0x61, 0xe7, 0x38, 0xe6, 0x38, 0xe7, 0x30, 0xe6, 0x38, 0xe6, 0x30,
    0xe7, 0x38, 0xe7, 0x38, 0xe6, 0x30, 0xe7, 0x38, 0xe7, 0x38, 0xe7, 0x38, 0x07, 0x39, 0x07, 0x39,
    0x07, 0x39, 0x07, 0x41, 0x07, 0x41, 0x07, 0x39, 0x08, 0x41, 0x08, 0x41, 0x08, 0x41, 0x08, 0x41,
    0x08, 0x41, 0x08, 0x41, 0x8e, 0x71, 0x78, 0xc2, 0x1e, 0xf3, 0x5f, 0xfb, 0x1f, 0xfb, 0x1f, 0xfb,
    0x1f, 0xfb, 0x1f, 0xfb, 0x5f, 0xfb, 0xff, 0xfa, 0x1f, 0xfb, 0xda, 0xd2, 0xf2, 0x89, 0x2a, 0x59,
    0x09, 0x49, 0x28, 0x41, 0x08, 0x41, 0x29, 0x41, 0xe8, 0x40, 0xd1, 0x89, 0xba, 0xca, 0x1e, 0xf3,
    0x5f, 0xfb, 0x5f, 0xfb, 0x1f, 0xfb, 0x5f, 0xfb, 0x1f, 0xfb, 0x5f, 0xfb, 0x5f, 0xfb, 0x1f, 0xfb,
    0x1f, 0xfb, 0xba, 0xd2, 0xb0, 0x79, 0x2a, 0x49, 0x29, 0x41, 0xe7, 0x38, 0xe7, 0x40, 0xe7, 0x38,
    0x08, 0x39, 0x07, 0x39, 0xe7, 0x38, 0xe7, 0x38, 0xe7, 0x38, 0xc6, 0x30, 0xe6, 0x30, 0xe6, 0x30,
    0xe6, 0x30, 0xe6, 0x30, 0xc5, 0x30, 0xe5, 0x28, 0xc5, 0x28, 0xc5, 0x28, 0xc5, 0x28, 0xc5, 0x28,
    0xc5, 0x28, 0xa5, 0x20, 0xa4, 0x20, 0xa4, 0x20, 0xa4, 0x20, 0xa4, 0x20, 0xa4, 0x20, 0xa4, 0x18,
    0xa3, 0x18, 0xa3, 0x18, 0xa3, 0x18, 0xa3, 0x18, 0x83, 0x18, 0x83, 0x18, 0x83, 0x18, 0x83, 0x10,
    0x83, 0x10, 0x83, 0x10, 0x83, 0x10, 0x83, 0x10, 0x82, 0x10, 0x82, 0x10, 0x82, 0x10, 0x82, 0x10,
    0x82, 0x10, 0x82, 0x10, 0x61, 0x08, 0x61, 0x08, 0x61, 0x08, 0x61, 0x08, 0x61, 0x08, 0x82, 0x10,
    0x82, 0x10, 0x82, 0x10, 0x82, 0x10, 0x82, 0x10, 0x82, 0x10, 0x82, 0x10, 0x82, 0x10, 0x82, 0x10,
    0x82, 0x10, 0x82, 0x10, 0x82, 0x10, 0x82, 0x10, 0x82, 0x10, 0x82, 0x10, 0x82, 0x10, 0x82, 0x10,
    0x82, 0x10, 0x82, 0x10, 0x82, 0x10, 0x82, 0x10, 0x82, 0x10, 0x82, 0x10, 0x82, 0x10, 0x82, 0x10,
    0x82, 0x10, 0x82, 0x10, 0x82, 0x10, 0x82, 0x10, 0x82, 0x10, 0x82, 0x10, 0x82, 0x10, 0x82, 0x10,
    0x82, 0x10, 0x82, 0x10, 0x82, 0x10, 0x82, 0x10, 0x82, 0x10, 0x82, 0x10, 0x82, 0x10, 0x82, 0x10,
    0x82, 0x10, 0x82, 0x10, 0x82, 0x10, 0x82, 0x10, 0x82, 0x10, 0x82, 0x10, 0x82, 0x10, 0x82, 0x10,
    0x82, 0x10, 0x82, 0x10, 0x82, 0x10, 0x82, 0x10, 0x82, 0x10, 0x82, 0x10, 0x82, 0x10, 0x82, 0x10,
    0x82, 0x10, 0x82, 0x10, 0x82, 0x10, 0x82, 0x10, 0x82, 0x10, 0x82, 0x10, 0x82, 0x10, 0x82, 0x10,
    0x82, 0x10, 0x82, 0x10, 0x82, 0x10, 0x82, 0x10, 0x82, 0x10, 0x82, 0x10, 0x82, 0x10, 0x61, 0x08,
    0x61, 0x08, 0x61, 0x08, 0x61, 0x08, 0x82, 0x10, 0x82, 0x10, 0x82, 0x10, 0x82, 0x10, 0x82, 0x10,
    0x83, 0x10, 0x83, 0x10, 0x83, 0x10, 0x83, 0x10, 0x83, 0x10, 0x83, 0x10, 0x83, 0x10, 0x83, 0x10,
    0xa3, 0x18, 0xa4, 0x18, 0xa4, 0x18, 0xa4, 0x20, 0xa4, 0x20, 0xa4, 0x20, 0x84, 0x20, 0xa4, 0x20,
    0xa5, 0x20, 0xa5, 0x20, 0xa5, 0x20, 0xc5, 0x28, 0xc5, 0x28, 0xc5, 0x28, 0xa5, 0x28, 0xc5, 0x28,
    0xc5, 0x28, 0xe5, 0x28, 0xc5, 0x30, 0xc5, 0x30, 0xe6, 0x30, 0xe6, 0x30, 0xc6, 0x30, 0xe6, 0x30,
    0xe6, 0x30, 0xe6, 0x30, 0xe6, 0x30, 0xe6, 0x30, 0xe6, 0x30, 0xc6, 0x30, 0x07, 0x39, 0x4a, 0x49,
    0xb0, 0x79, 0x76, 0xba, 0xdc, 0xe2, 0x3f, 0xfb, 0x3f, 0xfb, 0x3f, 0xfb, 0xfc, 0xe2, 0x15, 0xaa,
    0x8d, 0x69, 0x08, 0x41, 0xe7, 0x38, 0xe7, 0x38, 0xe7, 0x30, 0x07, 0x39, 0xe8, 0x38, 0xe7, 0x38,
    0xe7, 0x38, 0x08, 0x39, 0xe7, 0x38, 0xe7, 0x38, 0x08, 0x41, 0x07, 0x41, 0x08, 0x41, 0x08, 0x41,
    0x08, 0x41, 0x08, 0x41, 0x08, 0x41, 0x08, 0x41, 0x08, 0x41, 0x08, 0x41, 0x08, 0x41, 0x4a, 0x51,
    0xd0, 0x81, 0x78, 0xc2, 0x1e, 0xf3, 0x5f, 0xfb, 0x1f, 0xfb, 0x1f, 0xfb, 0x5f, 0xfb, 0x3f, 0xfb,
    0xff, 0xfa, 0x3f, 0xfb, 0x1e, 0xf3, 0x99, 0xca, 0xb0, 0x89, 0x2a, 0x59, 0x09, 0x49, 0x08, 0x41,
    0x08, 0x41, 0x28, 0x41, 0x28, 0x41, 0x08, 0x49, 0x29, 0x41, 0x08, 0x41, 0x0a, 0x51, 0xaf, 0x79,
    0x36, 0xaa, 0xfc, 0xda, 0x1f, 0xfb, 0xff, 0xfa, 0x3f, 0xfb, 0x3f, 0xfb, 0x1f, 0xfb, 0x1f, 0xfb,
    0x1f, 0xfb, 0x1f, 0xfb, 0xfe, 0xfa, 0xba, 0xda, 0x14, 0xa2, 0x8d, 0x61, 0x08, 0x41, 0x07, 0x39,
    0x08, 0x41, 0x08, 0x41, 0x07, 0x39, 0x07, 0x39, 0xe7, 0x38, 0xe7, 0x38, 0xe7, 0x38, 0xe7, 0x38,
    0xe6, 0x30, 0xe6, 0x30, 0xe6, 0x30, 0xc5, 0x30, 0xc5, 0x30, 0xe5, 0x28, 0xe5, 0x28, 0xc5, 0x28,
    0xc5, 0x28, 0xc5, 0x28, 0xa4, 0x28, 0xa4, 0x20, 0xa4, 0x20, 0xa4, 0x20, 0xa4, 0x20, 0xa4, 0x20,
    0xa4, 0x20, 0xa4, 0x18, 0xa4, 0x18, 0xa4, 0x18, 0xa3, 0x18, 0xa3, 0x18, 0x83, 0x18, 0x83, 0x18,
    0x83, 0x18, 0x83, 0x18, 0x83, 0x18, 0x83, 0x10, 0x83, 0x10, 0x83, 0x10, 0x83, 0x10, 0x82, 0x10,
    0x82, 0x10, 0x82, 0x10, 0x61, 0x08, 0x61, 0x08, 0x61, 0x08, 0x61, 0x08, 0x61, 0x08, 0x61, 0x08,
    0x61, 0x08, 0x61, 0x08, 0x61, 0x08, 0x61, 0x08, 0x61, 0x08, 0x82, 0x10, 0x82, 0x10, 0x82, 0x10,
    0x82, 0x10, 0x82, 0x10, 0x82, 0x10, 0x82, 0x10, 0x82, 0x10, 0x82, 0x10, 0x82, 0x10, 0x82, 0x10,
    0x82, 0x10, 0x82, 0x10, 0x82, 0x10, 0x82, 0x10, 0x82, 0x10, 0x82, 0x10, 0x82, 0x10, 0x82, 0x10,
    0x82, 0x10, 0x82, 0x10, 0x82, 0x10, 0x82, 0x10, 0x82, 0x10, 0x82, 0x10, 0x82, 0x10, 0x82, 0x10,
    0x82, 0x10, 0x82, 0x10, 0x82, 0x10, 0x82, 0x10, 0x82, 0x10, 0x82, 0x10, 0x82, 0x10, 0x82, 0x10,
    0x82, 0x10, 0x82, 0x10, 0x82, 0x10, 0x82, 0x10, 0x82, 0x10, 0x82, 0x10, 0x82, 0x10, 0x82, 0x10,
    0x82, 0x10, 0x82, 0x10, 0x82, 0x10, 0x82, 0x10, 0x82, 0x10, 0x82, 0x10, 0x82, 0x10, 0x82, 0x10,
    0x82, 0x10, 0x82, 0x10, 0x82, 0x10, 0x82, 0x10, 0x82, 0x10, 0x82, 0x10, 0x82, 0x10, 0x82, 0x10,
    0x82, 0x10, 0x82, 0x10, 0x82, 0x10, 0x82, 0x10, 0x61, 0x08, 0x61, 0x08, 0x61, 0x08, 0x61, 0x08,
    0x61, 0x08, 0x61, 0x08, 0x82, 0x10, 0x82, 0x10, 0x82, 0x10, 0x82, 0x10, 0x82, 0x10, 0x82, 0x10,
    0x82, 0x10, 0x83, 0x10, 0x83, 0x10, 0x83, 0x10, 0xa3, 0x18, 0xa3, 0x18, 0xa3, 0x18, 0xa3, 0x18,
    0xa4, 0x20, 0xa4, 0x20, 0xa4, 0x20, 0xa4, 0x20, 0xa4, 0x20, 0xa4, 0x20, 0xc5, 0x28, 0xc5, 0x28,
    0xc5, 0x28, 0xa5, 0x28, 0xa5, 0x28, 0xa5, 0x28, 0xc5, 0x30, 0xe6, 0x30, 0xe6, 0x30, 0xc5, 0x30,
    0xe6, 0x30, 0xe6, 0x28, 0xe6, 0x30, 0xe6, 0x30, 0xe6, 0x30, 0xe6, 0x30, 0xe6, 0x30, 0xe6, 0x30,
    0xe6, 0x30, 0xe7, 0x38, 0xe6, 0x30, 0xe6, 0x30, 0x08, 0x39, 0x6c, 0x61, 0x14, 0xa2, 0x1e, 0xf3,
    0x1f, 0xfb, 0x3f, 0xfb, 0xff, 0xfa, 0x1f, 0xfb, 0xfd, 0xea, 0x14, 0xa2, 0x09, 0x51, 0x07, 0x39,
    0x07, 0x41, 0x07, 0x41, 0x07, 0x41, 0x07, 0x41, 0x07, 0x41, 0x07, 0x41, 0x07, 0x41, 0x07, 0x41,
    0x07, 0x41, 0x07, 0x41, 0x08, 0x41, 0x08, 0x41, 0x08, 0x41, 0x08, 0x41, 0xe8, 0x40, 0x08, 0x41,
    0x28, 0x41, 0xe7, 0x38, 0x08, 0x41, 0xe8, 0x38, 0xe8, 0x40, 0x08, 0x41, 0xd2, 0x91, 0xdb, 0xe2,
    0x1f, 0xfb, 0x5f, 0xfb, 0x3f, 0xfb, 0x1f, 0xfb, 0x5f, 0xfb, 0x5f, 0xfb, 0x1f, 0xfb, 0x3f, 0xfb,
    0x1f, 0xfb, 0xb8, 0xca, 0x8d, 0x71, 0x08, 0x41, 0xe8, 0x40, 0x08, 0x41, 0x28, 0x41, 0x08, 0x41,
    0x08, 0x41, 0x08, 0x41, 0x08, 0x41, 0x08, 0x41, 0xe8, 0x40, 0xe8, 0x40, 0x08, 0x41, 0x08, 0x41,
    0x28, 0x41, 0x09, 0x51, 0xf2, 0x91, 0xfc, 0xda, 0x1f, 0xfb, 0x5f, 0xfb, 0x1f, 0xfb, 0xff, 0xfa,
    0x5f, 0xfb, 0x1f, 0xfb, 0x5f, 0xfb, 0x3f, 0xfb, 0x5f, 0xfb, 0x1e, 0xf3, 0xb8, 0xca, 0x8f, 0x71,
    0xe8, 0x40, 0x07, 0x39, 0x07, 0x41, 0x08, 0x41, 0xe7, 0x30, 0x08, 0x39, 0xe7, 0x38, 0xe7, 0x38,
    0xc6, 0x30, 0xe7, 0x38, 0xc6, 0x30, 0xc6, 0x30, 0xe6, 0x30, 0xe6, 0x28, 0xe6, 0x30, 0xe6, 0x30,
    0xc5, 0x30, 0xc5, 0x30, 0xc5, 0x28, 0xc5, 0x28, 0xc5, 0x28, 0xc5, 0x28, 0xa4, 0x28, 0xa4, 0x28,
    0xa4, 0x20, 0xa4, 0x20, 0xa4, 0x20, 0xa4, 0x20, 0xa4, 0x20, 0xa4, 0x18, 0x83, 0x18, 0xa3, 0x18,
    0x83, 0x10, 0x83, 0x18, 0x83, 0x18, 0x83, 0x10, 0x83, 0x10, 0x83, 0x10, 0x83, 0x10, 0x83, 0x10,
    0x83, 0x10, 0x82, 0x10, 0x82, 0x10, 0x82, 0x10, 0x82, 0x10, 0x82, 0x10, 0x82, 0x10, 0x61, 0x08,
    0x82, 0x10, 0x61, 0x08, 0x61, 0x08, 0x61, 0x08, 0x61, 0x08, 0x61, 0x08, 0x61, 0x08, 0x61, 0x08,
    0x82, 0x10, 0x82, 0x10, 0x82, 0x10, 0x82, 0x10, 0x82, 0x10, 0x82, 0x10, 0x82, 0x10, 0x82, 0x10,
    0x82, 0x10, 0x82, 0x10, 0x82, 0x10, 0x82, 0x10, 0x82, 0x10, 0x82, 0x10, 0x82, 0x10, 0x82, 0x10,
    0x82, 0x10, 0x82, 0x10, 0x82, 0x10, 0x82, 0x10, 0x82, 0x10, 0x82, 0x10, 0x82, 0x10, 0x82, 0x10,
    0x82, 0x10, 0x82, 0x10, 0x82, 0x10, 0x82, 0x10, 0x82, 0x10, 0x82, 0x10, 0x82, 0x10, 0x82, 0x10,
    0x82, 0x10, 0x82, 0x10, 0x82, 0x10, 0x82, 0x10, 0x82, 0x10, 0x82, 0x10, 0x82, 0x10, 0x82, 0x10,
    0x82, 0x10, 0x82, 0x10, 0x82, 0x10, 0x82, 0x10, 0x82, 0x10, 0x82, 0x10, 0x82, 0x10, 0x82, 0x10,
    0x82, 0x10, 0x82, 0x10, 0x82, 0x10, 0x82, 0x10, 0x82, 0x10, 0x82, 0x10, 0x82, 0x10, 0x82, 0x10,
    0x82, 0x10, 0x82, 0x10, 0x82, 0x10, 0x61, 0x08, 0x61, 0x08, 0x61, 0x08, 0x61, 0x08, 0x61, 0x08,
    0x61, 0x08, 0x61, 0x08, 0x82, 0x10, 0x82, 0x10, 0x82, 0x10, 0x83, 0x10, 0x83, 0x10, 0x83, 0x10,
    0x83, 0x10, 0x83, 0x18, 0x83, 0x18, 0xa3, 0x18, 0xa3, 0x18, 0xa3, 0x18, 0xa4, 0x20, 0xa4, 0x20,
    0xa4, 0x20, 0x84, 0x20, 0x84, 0x20, 0xa4, 0x20, 0xa4, 0x28, 0xa5, 0x20, 0xa5, 0x28, 0xa5, 0x28,
    0xc5, 0x28, 0xc5, 0x30, 0xc5, 0x30, 0xc5, 0x30, 0xc5, 0x30, 0xe6, 0x30, 0xe6, 0x30, 0xe6, 0x30,
    0xe6, 0x30, 0xe6, 0x30, 0xe6, 0x30, 0xc6, 0x30, 0xe7, 0x38, 0xe7, 0x38, 0xe7, 0x38, 0x07, 0x39,
    0xe7, 0x38, 0x09, 0x49, 0x4c, 0x61, 0xf2, 0x91, 0x78, 0xc2, 0x1e, 0xf3, 0x5f, 0xfb, 0x3f, 0xfb,
    0x5f, 0xfb, 0x1f, 0xfb, 0xdb, 0xda, 0xf3, 0x99, 0x6c, 0x61, 0x07, 0x41, 0x08, 0x41, 0x08, 0x41,
    0x08, 0x41, 0x08, 0x41, 0x08, 0x41, 0x08, 0x41, 0x08, 0x41, 0x08, 0x41, 0x08, 0x41, 0x08, 0x41,
    0x08, 0x41, 0x08, 0x41, 0x08, 0x41, 0xe7, 0x40, 0x08, 0x41, 0x08, 0x41, 0x28, 0x41, 0x08, 0x49,
    0x08, 0x41, 0x28, 0x41, 0x08, 0x41, 0x4c, 0x61, 0xf3, 0x99, 0x9b, 0xd2, 0x1f, 0xfb, 0x5f, 0xfb,
    0x1f, 0xfb, 0x1f, 0xfb, 0x5f, 0xfb, 0x5f, 0xfb, 0xff, 0xfa, 0x3f, 0xfb, 0xfd, 0xe2, 0x76, 0xba,
    0xb0, 0x79, 0x08, 0x41, 0x08, 0x41, 0x08, 0x41, 0x08, 0x41, 0x08, 0x41, 0x08, 0x41, 0x08, 0x41,
    0xe7, 0x40, 0xe7, 0x40, 0x08, 0x41, 0x08, 0x41, 0x08, 0x41, 0x08, 0x41, 0x08, 0x41, 0x08, 0x41,
    0x08, 0x41, 0x08, 0x41, 0xe8, 0x40, 0x09, 0x51, 0xb0, 0x79, 0x78, 0xc2, 0xfd, 0xe2, 0x1f, 0xfb,
    0xff, 0xfa, 0x1f, 0xfb, 0x1f, 0xfb, 0x5f, 0xfb, 0x1f, 0xfb, 0x5f, 0xfb, 0xff, 0xfa, 0x1f, 0xfb,
    0xba, 0xd2, 0xf1, 0x91, 0x4c, 0x61, 0x08, 0x41, 0xe7, 0x40, 0xe7, 0x40, 0x07, 0x39, 0x07, 0x39,
    0x07, 0x39, 0xe7, 0x38, 0xe7, 0x38, 0xe7, 0x38, 0xe7, 0x38, 0xc6, 0x30, 0xc6, 0x30, 0xc6, 0x30,
    0xe6, 0x30, 0xc5, 0x30, 0xc5, 0x30, 0xc5, 0x28, 0xa5, 0x28, 0xc5, 0x28, 0xc5, 0x28, 0xc4, 0x20,
    0xa4, 0x28, 0xa4, 0x20, 0xa4, 0x20, 0xa4, 0x20, 0xa4, 0x20, 0xa4, 0x20, 0xa4, 0x20, 0xa4, 0x18,
    0xa3, 0x18, 0x83, 0x18, 0x83, 0x18, 0x83, 0x18, 0x83, 0x10, 0x83, 0x10, 0x83, 0x10, 0x83, 0x10,
    0x83, 0x10, 0x83, 0x10, 0x82, 0x10, 0x82, 0x10, 0x82, 0x10, 0x82, 0x10, 0x82, 0x10, 0x82, 0x10,
    0x61, 0x08, 0x61, 0x08, 0x61, 0x08, 0x61, 0x08, 0x61, 0x08, 0x61, 0x08, 0x61, 0x08, 0x61, 0x08,
    0x61, 0x08, 0x61, 0x08, 0x82, 0x10, 0x82, 0x10, 0x82, 0x10, 0x82, 0x10, 0x82, 0x10, 0x82, 0x10,
    0x82, 0x10, 0x82, 0x10, 0x82, 0x10, 0x82, 0x10, 0x82, 0x10, 0x82, 0x10, 0x82, 0x10, 0x82, 0x10,
    0x82, 0x10, 0x82, 0x10, 0x82, 0x10, 0x82, 0x10, 0x82, 0x10, 0x82, 0x10, 0x82, 0x10, 0x82, 0x10,
    0x82, 0x10, 0x82, 0x10, 0x82, 0x10, 0x82, 0x10, 0x82, 0x10, 0x82, 0x10, 0x82, 0x10, 0x82, 0x10,
    0x82, 0x10, 0x82, 0x10, 0x82, 0x10, 0x82, 0x10, 0x82, 0x10, 0x82, 0x10, 0x82, 0x10, 0x82, 0x10,
    0x82, 0x10, 0x82, 0x10, 0x82, 0x10, 0x82, 0x10, 0x82, 0x10, 0x82, 0x10, 0x82, 0x10, 0x82, 0x10,
    0x82, 0x10, 0x82, 0x10, 0x82, 0x10, 0x82, 0x10, 0x82, 0x10, 0x82, 0x10, 0x82, 0x10, 0x82, 0x10,
    0x82, 0x10, 0x82, 0x10, 0x61, 0x08, 0x61, 0x08, 0x61, 0x08, 0x61, 0x08, 0x61, 0x08, 0x61, 0x08,
    0x82, 0x10, 0x82, 0x10, 0x82, 0x10, 0x82, 0x10, 0x83, 0x10, 0x83, 0x10, 0x83, 0x10, 0x83, 0x18,
    0x83, 0x18, 0xa3, 0x18, 0xa3, 0x18, 0xa4, 0x20, 0xa4, 0x20, 0xa4, 0x20, 0xa4, 0x20, 0xa4, 0x20,
    0xa4, 0x20, 0xa4, 0x20, 0xa4, 0x28, 0xc5, 0x28, 0xc5, 0x28, 0xc5, 0x28, 0xc5, 0x30, 0xc5, 0x30,
    0xc5, 0x30, 0xc5, 0x30, 0xe6, 0x30, 0xe6, 0x30, 0xe6, 0x30, 0xe6, 0x30, 0xe7, 0x38, 0xe7, 0x38,
    0xe7, 0x38, 0xe7, 0x38, 0xe7, 0x38, 0xe7, 0x38, 0xe6, 0x38, 0x07, 0x39, 0x07, 0x39, 0x29, 0x49,
    0xb0, 0x79, 0x78, 0xc2, 0x3e, 0xeb, 0x1f, 0xfb, 0x3f, 0xfb, 0x1f, 0xfb, 0x5f, 0xfb, 0x3f, 0xfb,
    0x9a, 0xd2, 0xd1, 0x89, 0x2a, 0x51, 0x08, 0x41, 0xe7, 0x38, 0xe7, 0x38, 0x07, 0x39, 0x08, 0x41,
    0x08, 0x41, 0x08, 0x41, 0x08, 0x41, 0x08, 0x41, 0x08, 0x41, 0x08, 0x41, 0x08, 0x41, 0x08, 0x41,
    0x08, 0x41, 0x08, 0x41, 0x08, 0x41, 0x28, 0x41, 0x08, 0x41, 0x09, 0x49, 0x09, 0x49, 0x09, 0x49,
    0x08, 0x41, 0x6c, 0x59, 0x35, 0xaa, 0xfd, 0xf2, 0x3f, 0xfb, 0x1f, 0xfb, 0x3f, 0xfb, 0x1f, 0xfb,
    0x5f, 0xfb, 0x5f, 0xfb, 0x1f, 0xfb, 0xff, 0xfa, 0x1e, 0xf3, 0x35, 0xaa, 0x4c, 0x61, 0x09, 0x49,
    0x08, 0x41, 0x07, 0x41, 0xe8, 0x40, 0x08, 0x41, 0x08, 0x41, 0x07, 0x41, 0xe8, 0x38, 0xe7, 0x38,
    0xe7, 0x38, 0xe7, 0x38, 0xe7, 0x38, 0xe7, 0x38, 0x07, 0x41, 0x07, 0x41, 0x07, 0x41, 0x07, 0x41,
    0x08, 0x41, 0x08, 0x41, 0x08, 0x41, 0xe8, 0x40, 0x08, 0x41, 0x08, 0x41, 0x4c, 0x69, 0x14, 0xa2,
    0xfc, 0xda, 0x1f, 0xfb, 0x1f, 0xfb, 0xff, 0xfa, 0x5f, 0xfb, 0x1f, 0xfb, 0x1f, 0xfb, 0x1f, 0xfb,
    0x5f, 0xfb, 0x1f, 0xfb, 0xfc, 0xe2, 0x36, 0xb2, 0x8d, 0x71, 0x08, 0x41, 0x08, 0x41, 0x08, 0x41,
    0xe7, 0x38, 0x07, 0x39, 0x07, 0x41, 0xe7, 0x38, 0xe7, 0x38, 0xe7, 0x30, 0xe6, 0x38, 0xe7, 0x38,
    0xc6, 0x30, 0xe6, 0x30, 0xe6, 0x30, 0xc5, 0x30, 0xc5, 0x30, 0xc5, 0x28, 0xa5, 0x28, 0xc5, 0x28,
    0xc5, 0x28, 0xa5, 0x20, 0xa5, 0x20, 0xa5, 0x20, 0xa4, 0x20, 0xa4, 0x20, 0xa4, 0x20, 0xa4, 0x20,
    0xa4, 0x20, 0xa4, 0x18, 0xa3, 0x18, 0xa3, 0x18, 0x83, 0x18, 0x83, 0x18, 0x83, 0x18, 0xa3, 0x18,
    0x83, 0x10, 0x83, 0x10, 0x83, 0x10, 0x83, 0x10, 0x83, 0x10, 0x83, 0x10, 0x82, 0x10, 0x82, 0x10,
    0x82, 0x10, 0x82, 0x10, 0x82, 0x10, 0x82, 0x10, 0x82, 0x10, 0x61, 0x08, 0x61, 0x08, 0x61, 0x08,
    0x61, 0x08, 0x61, 0x08, 0x61, 0x08, 0x61, 0x08, 0x61, 0x08, 0x61, 0x08, 0x61, 0x08, 0x61, 0x08,
    0x82, 0x10, 0x82, 0x10, 0x82, 0x10, 0x82, 0x10, 0x82, 0x10, 0x82, 0x10, 0x82, 0x10, 0x82, 0x10,
    0x82, 0x10, 0x82, 0x10, 0x82, 0x10, 0x82, 0x10, 0x82, 0x10, 0x82, 0x10, 0x82, 0x10, 0x82, 0x10,
    0x82, 0x10, 0x82, 0x10, 0x82, 0x10, 0x82, 0x10, 0x82, 0x10, 0x82, 0x10, 0x82, 0x10, 0x82, 0x10,
    0x82, 0x10, 0x82, 0x10, 0x82, 0x10, 0x82, 0x10, 0x82, 0x10, 0x82, 0x10, 0x82, 0x10, 0x82, 0x10,
    0x82, 0x10, 0x82, 0x10, 0x82, 0x10, 0x82, 0x10, 0x82, 0x10, 0x82, 0x10, 0x82, 0x10, 0x82, 0x10,
    0x82, 0x10, 0x82, 0x10, 0x82, 0x10, 0x82, 0x10, 0x82, 0x10, 0x82, 0x10, 0x82, 0x10, 0x82, 0x10,
    0x82, 0x10, 0x82, 0x10, 0x61, 0x08, 0x61, 0x08, 0x61, 0x08, 0x61, 0x08, 0x61, 0x08, 0x61, 0x08,
    0x82, 0x10, 0x82, 0x10, 0x83, 0x10, 0x82, 0x10, 0x83, 0x10, 0x83, 0x18, 0x83, 0x18, 0x83, 0x18,
    0xa4, 0x18, 0xa4, 0x18, 0xa4, 0x18, 0xa4, 0x20, 0xa4, 0x20, 0xa4, 0x20, 0xa4, 0x28, 0xa4, 0x28,
    0xc5, 0x28, 0xc5, 0x28, 0xc5, 0x28, 0xa5, 0x28, 0xe5, 0x28, 0xc5, 0x30, 0xc5, 0x30, 0xe6, 0x30,
    0xc6, 0x30, 0xc6, 0x30, 0xc6, 0x30, 0xe7, 0x38, 0xc6, 0x30, 0xe7, 0x38, 0xe7, 0x38, 0xe7, 0x38,
    0x07, 0x39, 0xe7, 0x38, 0x08, 0x41, 0x08, 0x39, 0x09, 0x49, 0x6d, 0x69, 0x13, 0xa2, 0xba, 0xda,
    0x5f, 0xfb, 0x1f, 0xfb, 0x3f, 0xfb, 0x1f, 0xfb, 0x1f, 0xfb, 0x1e, 0xf3, 0x99, 0xca, 0xd1, 0x89,
    0x2a, 0x49, 0x08, 0x41, 0x08, 0x41, 0x08, 0x41, 0x08, 0x41, 0x08, 0x41, 0x08, 0x41, 0x08, 0x41,
    0x28, 0x41, 0x28, 0x41, 0x28, 0x41, 0x28, 0x41, 0x28, 0x41, 0x28, 0x41, 0x28, 0x41, 0x28, 0x41,
    0x28, 0x41, 0x28, 0x41, 0x09, 0x49, 0x09, 0x49, 0x28, 0x41, 0x08, 0x49, 0x29, 0x51, 0x8d, 0x69,
    0x35, 0xaa, 0xfd, 0xea, 0x5f, 0xfb, 0x5f, 0xfb, 0x1f, 0xfb, 0x1f, 0xfb, 0x1f, 0xfb, 0x1f, 0xfb,
    0x5f, 0xfb, 0x1f, 0xfb, 0xba, 0xda, 0x35, 0xa2, 0x4c, 0x69, 0x08, 0x41, 0x08, 0x41, 0xe8, 0x38,
    0x08, 0x41, 0x28, 0x41, 0x07, 0x39, 0x07, 0x39, 0xe7, 0x38, 0xe7, 0x38, 0x07, 0x39, 0xe7, 0x38,
    0xe7, 0x38, 0xe7, 0x38, 0xe7, 0x38, 0xe7, 0x38, 0xe7, 0x38, 0xe7, 0x38, 0xe7, 0x38, 0x07, 0x41,
    0xe7, 0x38, 0x07, 0x41, 0x07, 0x39, 0xe7, 0x38, 0x08, 0x41, 0x08, 0x41, 0x08, 0x41, 0x07, 0x41,
    0x2a, 0x51, 0xf2, 0x91, 0x99, 0xca, 0x1e, 0xf3, 0x3f, 0xfb, 0x5f, 0xfb, 0x1f, 0xfb, 0x1f, 0xfb,
    0x1f, 0xfb, 0x1f, 0xfb, 0x3f, 0xfb, 0x3f, 0xfb, 0x3e, 0xf3, 0x78, 0xc2, 0xb0, 0x79, 0x4b, 0x59,
    0x08, 0x41, 0x07, 0x41, 0x08, 0x41, 0x07, 0x39, 0xe7, 0x38, 0x07, 0x39, 0xe7, 0x38, 0xe7, 0x38,
    0xe7, 0x38, 0xe7, 0x38, 0xc6, 0x30, 0xe6, 0x30, 0xe6, 0x30, 0xe6, 0x30, 0xc5, 0x30, 0xc5, 0x30,
    0xc5, 0x30, 0xc5, 0x28, 0xc5, 0x28, 0xc5, 0x28, 0xc5, 0x28, 0xa5, 0x20, 0xa4, 0x20, 0x84, 0x20,
    0xa4, 0x20, 0xa4, 0x20, 0xa4, 0x20, 0xa4, 0x20, 0x83, 0x18, 0x83, 0x18, 0xa3, 0x18, 0x83, 0x18,
    0x83, 0x18, 0x83, 0x18, 0x83, 0x10, 0x83, 0x10, 0x83, 0x10, 0x83, 0x10, 0x83, 0x10, 0x82, 0x10,
    0x82, 0x10, 0x82, 0x10, 0x82, 0x10, 0x82, 0x10, 0x82, 0x10, 0x61, 0x08, 0x61, 0x08, 0x61, 0x08,
    0x61, 0x08, 0x61, 0x08, 0x61, 0x08, 0x61, 0x08, 0x61, 0x08, 0x61, 0x08, 0x61, 0x08, 0x61, 0x08,
    0x82, 0x10, 0x82, 0x10, 0x82, 0x10, 0x82, 0x10, 0x82, 0x10, 0x82, 0x10, 0x82, 0x10, 0x82, 0x10,
    0x82, 0x10, 0x82, 0x10, 0x82, 0x10, 0x82, 0x10, 0x82, 0x10, 0x82, 0x10, 0x82, 0x10, 0x82, 0x10,
    0x82, 0x10, 0x82, 0x10, 0x82, 0x10, 0x82, 0x10, 0x82, 0x10, 0x82, 0x10, 0x82, 0x10, 0x82, 0x10,
    0x82, 0x10, 0x82, 0x10, 0x82, 0x10, 0x82, 0x10, 0x82, 0x10, 0x82, 0x10, 0x82, 0x10, 0x82, 0x10,
    0x82, 0x10, 0x82, 0x10, 0x82, 0x10, 0x82, 0x10, 0x82, 0x10, 0x82, 0x10, 0x82, 0x10, 0x82, 0x10,
    0x82, 0x10, 0x82, 0x10, 0x82, 0x10, 0x82, 0x10, 0x82, 0x10, 0x82, 0x10, 0x82, 0x10, 0x82, 0x10,
    0x82, 0x10, 0x82, 0x10, 0x61, 0x08, 0x61, 0x08, 0x61, 0x08, 0x61, 0x08, 0x82, 0x10, 0x82, 0x10,
    0x82, 0x10, 0x82, 0x10, 0x83, 0x10, 0x83, 0x10, 0x83, 0x10, 0x83, 0x18, 0x83, 0x18, 0xa3, 0x18,
    0xa4, 0x18, 0xa4, 0x20, 0xa4, 0x20, 0xa4, 0x20, 0xa4, 0x20, 0xa4, 0x28, 0xc4, 0x28, 0xc5, 0x28,
    0xc5, 0x28, 0xc5, 0x28, 0xc5, 0x30, 0xc5, 0x30, 0xe6, 0x30, 0xe6, 0x30, 0xc6, 0x30, 0xc6, 0x30,
    0xe7, 0x38, 0xe7, 0x38, 0xe7, 0x38, 0xe7, 0x38, 0xe7, 0x38, 0xe7, 0x38, 0xe7, 0x38, 0x08, 0x41,
    0x08, 0x41, 0xe7, 0x38, 0x4b, 0x59, 0xf1, 0x91, 0xba, 0xd2, 0xfd, 0xea, 0x5f, 0xfb, 0x1f, 0xfb,
    0x3f, 0xfb, 0x3f, 0xfb, 0x1f, 0xfb, 0x1e, 0xf3, 0x97, 0xba, 0xb0, 0x79, 0x4a, 0x51, 0x08, 0x41,
    0x08, 0x41, 0x08, 0x41, 0x08, 0x49, 0x08, 0x41, 0x08, 0x41, 0x28, 0x41, 0x09, 0x49, 0x08, 0x41,
    0x09, 0x49, 0x09, 0x49, 0x09, 0x49, 0x09, 0x49, 0x09, 0x49, 0x08, 0x41, 0x28, 0x41, 0x09, 0x49,
    0x09, 0x49, 0x09, 0x49, 0x08, 0x49, 0x08, 0x41, 0x29, 0x49, 0xaf, 0x79, 0x77, 0xba, 0xfd, 0xe2,
    0x1f, 0xfb, 0x1f, 0xfb, 0x5f, 0xfb, 0x1f, 0xfb, 0x3f, 0xfb, 0x1f, 0xfb, 0x3f, 0xfb, 0x3f, 0xfb,
    0xba, 0xda, 0xf2, 0x91, 0x6c, 0x59, 0x08, 0x41, 0x08, 0x41, 0x07, 0x39, 0xe7, 0x38, 0xe7, 0x38,
    0xe7, 0x38, 0x07, 0x39, 0xe7, 0x38, 0xe7, 0x30, 0xe7, 0x38, 0xe7, 0x38, 0xe6, 0x38, 0xc6, 0x30,
    0xc6, 0x30, 0xc6, 0x30, 0xc6, 0x30, 0xc6, 0x30, 0xe7, 0x38, 0xe7, 0x38, 0xe7, 0x38, 0xe7, 0x38,
    0xe7, 0x38, 0xe7, 0x38, 0xe7, 0x38, 0x08, 0x41, 0xe7, 0x38, 0xe6, 0x38, 0x08, 0x41, 0x07, 0x41,
    0x08, 0x41, 0x08, 0x41, 0x29, 0x49, 0x8e, 0x71, 0x35, 0xaa, 0xfd, 0xea, 0x3f, 0xfb, 0xff, 0xfa,
    0x1f, 0xfb, 0x5f, 0xfb, 0xff, 0xfa, 0xff, 0xfa, 0x3f, 0xfb, 0x5f, 0xfb, 0x3e, 0xf3, 0xda, 0xd2,
    0x14, 0xa2, 0x4c, 0x69, 0x08, 0x41, 0x07, 0x41, 0x08, 0x41, 0x07, 0x39, 0x08, 0x41, 0x08, 0x41,
    0xe7, 0x38, 0xe7, 0x30, 0xe7, 0x38, 0xe6, 0x30, 0xc6, 0x30, 0xc6, 0x30, 0xe6, 0x30, 0xe6, 0x30,
    0xe6, 0x30, 0xc5, 0x30, 0xc5, 0x28, 0xc5, 0x28, 0xc5, 0x28, 0xc5, 0x28, 0xa5, 0x20, 0xa5, 0x20,
    0xa5, 0x20, 0x84, 0x20, 0xa4, 0x20, 0xa4, 0x20, 0xa4, 0x20, 0xa3, 0x20, 0xa4, 0x18, 0x83, 0x18,
    0xa4, 0x18, 0xa3, 0x18, 0xa3, 0x18, 0x83, 0x18, 0x83, 0x18, 0x83, 0x18, 0x83, 0x18, 0x82, 0x10,
    0x83, 0x10, 0x83, 0x10, 0x82, 0x10, 0x82, 0x10, 0x82, 0x10, 0x82, 0x10, 0x82, 0x10, 0x82, 0x10,
    0x61, 0x08, 0x61, 0x08, 0x61, 0x08, 0x61, 0x08, 0x61, 0x08, 0x61, 0x08, 0x61, 0x08, 0x61, 0x08,
    0x82, 0x10, 0x82, 0x10, 0x82, 0x10, 0x82, 0x10, 0x82, 0x10, 0x82, 0x10, 0x82, 0x10, 0x82, 0x10,
    0x82, 0x10, 0x82, 0x10, 0x82, 0x10, 0x82, 0x10, 0x82, 0x10, 0x82, 0x10, 0x82, 0x10, 0x82, 0x10,
    0x82, 0x10, 0x82, 0x10, 0x82, 0x10, 0x82, 0x10, 0x82, 0x10, 0x82, 0x10, 0x82, 0x10, 0x82, 0x10,
    0x82, 0x10, 0x82, 0x10, 0x82, 0x10, 0x82, 0x10, 0x82, 0x10, 0x82, 0x10, 0x82, 0x10, 0x82, 0x10,
    0x82, 0x10, 0x82, 0x10, 0x82, 0x10, 0x82, 0x10, 0x82, 0x10, 0x82, 0x10, 0x82, 0x10, 0x82, 0x10,
    0x82, 0x10, 0x82, 0x10, 0x82, 0x10, 0x82, 0x10, 0x82, 0x10, 0x82, 0x10, 0x82, 0x10, 0x82, 0x10,
    0x82, 0x10, 0x82, 0x10, 0x61, 0x08, 0x61, 0x08, 0x61, 0x08, 0x82, 0x10, 0x82, 0x10, 0x82, 0x10,
    0x82, 0x10, 0x82, 0x10, 0x83, 0x10, 0x83, 0x10, 0x83, 0x18, 0xa3, 0x18, 0xa3, 0x18, 0xa4, 0x18,
    0xa4, 0x20, 0xa4, 0x20, 0xa4, 0x20, 0xa4, 0x20, 0xa4, 0x28, 0xc4, 0x28, 0xc5, 0x28, 0xe5, 0x28,
    0xe5, 0x28, 0xc5, 0x30, 0xc5, 0x30, 0xe6, 0x30, 0xe6, 0x30, 0xe6, 0x30, 0xe7, 0x38, 0xe7, 0x38,
    0xe7, 0x38, 0xe7, 0x38, 0xe7, 0x38, 0xe7, 0x38, 0x07, 0x39, 0x08, 0x41, 0x08, 0x41, 0x29, 0x49,
    0x4b, 0x59, 0x56, 0xb2, 0x1d, 0xeb, 0x1f, 0xfb, 0x3f, 0xfb, 0x5f, 0xfb, 0xff, 0xfa, 0x5f, 0xfb,
    0x1f, 0xfb, 0xfd, 0xea, 0xb8, 0xca, 0x8e, 0x71, 0x28, 0x49, 0x08, 0x41, 0x29, 0x49, 0xe8, 0x48,
    0x08, 0x49, 0x09, 0x49, 0x09, 0x49, 0x28, 0x41, 0x28, 0x41, 0x29, 0x49, 0x09, 0x49, 0x09, 0x49,
    0x09, 0x49, 0x09, 0x49, 0x09, 0x49, 0x09, 0x49, 0x09, 0x49, 0x09, 0x49, 0x09, 0x49, 0x09, 0x49,
    0x09, 0x49, 0x29, 0x49, 0x29, 0x51, 0xaf, 0x79, 0xb8, 0xca, 0x3e, 0xf3, 0x1f, 0xfb, 0x1f, 0xfb,
    0x3f, 0xfb, 0xff, 0xfa, 0x1f, 0xfb, 0xff, 0xfa, 0x3f, 0xfb, 0x1f, 0xfb, 0xdb, 0xda, 0xf2, 0x91,
    0x09, 0x49, 0x08, 0x41, 0xe7, 0x40, 0x08, 0x41, 0x08, 0x41, 0x08, 0x41, 0xe7, 0x38, 0xe7, 0x30,
    0x07, 0x39, 0xe7, 0x40, 0xe6, 0x38, 0xe6, 0x30, 0xe6, 0x30, 0xe6, 0x30, 0xe6, 0x30, 0xc6, 0x30,
    0xc6, 0x30, 0xc6, 0x30, 0xc6, 0x30, 0xc6, 0x30, 0xc6, 0x30, 0xc6, 0x30, 0xc6, 0x30, 0xe7, 0x38,
    0xe7, 0x38, 0xe7, 0x38, 0xe7, 0x38, 0xc6, 0x38, 0xe7, 0x38, 0xe7, 0x38, 0xe7, 0x38, 0x08, 0x39,
    0x07, 0x39, 0x07, 0x39, 0x07, 0x41, 0xe7, 0x38, 0x28, 0x39, 0x2a, 0x51, 0xf3, 0x99, 0xdc, 0xe2,
    0x1f, 0xfb, 0x5f, 0xfb, 0x1f, 0xfb, 0x1f, 0xfb, 0x1f, 0xfb, 0x1f, 0xfb, 0x1f, 0xfb, 0x1f, 0xfb,
    0x5f, 0xfb, 0x1e, 0xf3, 0x97, 0xba, 0x8d, 0x71, 0x08, 0x41, 0x29, 0x41, 0x08, 0x41, 0x08, 0x41,
    0x07, 0x41, 0xe7, 0x38, 0xe7, 0x38, 0xe7, 0x38, 0xe7, 0x38, 0xe6, 0x30, 0xc6, 0x30, 0xc6, 0x30,
    0xe6, 0x30, 0xc6, 0x30, 0xc6, 0x30, 0xc5, 0x28, 0xc5, 0x28, 0xa5, 0x28, 0xc5, 0x28, 0xc5, 0x28,
    0xa5, 0x20, 0xa4, 0x20, 0xa4, 0x20, 0xa4, 0x20, 0xa4, 0x20, 0xa4, 0x20, 0xa4, 0x20, 0xa4, 0x18,
    0xa4, 0x20, 0xa4, 0x18, 0xa3, 0x18, 0xa3, 0x18, 0x83, 0x18, 0x83, 0x18, 0xa3, 0x18, 0x83, 0x10,
    0x83, 0x10, 0x83, 0x10, 0x82, 0x10, 0x82, 0x10, 0x82, 0x10, 0x82, 0x10, 0x82, 0x10, 0x82, 0x10,
    0x82, 0x10, 0x82, 0x10, 0x61, 0x08, 0x61, 0x08, 0x61, 0x08, 0x61, 0x08, 0x61, 0x08, 0x61, 0x08,
    0x82, 0x10, 0x82, 0x10, 0x82, 0x10, 0x82, 0x10, 0x82, 0x10, 0x82, 0x10, 0x82, 0x10, 0x82, 0x10,
    0x82, 0x10, 0x82, 0x10, 0x82, 0x10, 0x82, 0x10, 0x82, 0x10, 0x82, 0x10, 0x82, 0x10, 0x82, 0x10,
    0x82, 0x10, 0x82, 0x10, 0x82, 0x10, 0x82, 0x10, 0x82, 0x10, 0x82, 0x10, 0x82, 0x10, 0x82, 0x10,
    0x82, 0x10, 0x82, 0x10, 0x82, 0x10, 0x82, 0x10, 0x82, 0x10, 0x82, 0x10, 0x82, 0x10, 0x82, 0x10,
    0x82, 0x10, 0x82, 0x10, 0x82, 0x10, 0x82, 0x10, 0x82, 0x10, 0x82, 0x10, 0x82, 0x10, 0x82, 0x10,
    0x82, 0x10, 0x82, 0x10, 0x82, 0x10, 0x82, 0x10, 0x82, 0x10, 0x82, 0x10, 0x82, 0x10, 0x61, 0x08,
    0x61, 0x08, 0x61, 0x08, 0x82, 0x10, 0x82, 0x10, 0x82, 0x10, 0x82, 0x10, 0x82, 0x10, 0x82, 0x10,
    0x83, 0x10, 0x83, 0x10, 0xa3, 0x18, 0x83, 0x18, 0x83, 0x18, 0xa3, 0x18, 0xa4, 0x20, 0xa4, 0x20,
    0xa4, 0x20, 0xa5, 0x20, 0xc5, 0x28, 0xc5, 0x28, 0xc5, 0x28, 0xc5, 0x28, 0xc5, 0x30, 0xe6, 0x30,
    0xe6, 0x30, 0xe6, 0x28, 0xe6, 0x30, 0xe6, 0x38, 0xe7, 0x38, 0xe7, 0x38, 0xe7, 0x30, 0x08, 0x41,
    0x07, 0x41, 0x07, 0x39, 0x08, 0x41, 0xe8, 0x40, 0x08, 0x41, 0x4c, 0x61, 0x13, 0x9a, 0x99, 0xca,
    0xfe, 0xfa, 0x1f, 0xfb, 0x5f, 0xfb, 0x3f, 0xfb, 0x5f, 0xfb, 0x1f, 0xfb, 0x3f, 0xfb, 0xfd, 0xea,
    0x56, 0xb2, 0xaf, 0x79, 0x2a, 0x49, 0x09, 0x49, 0x29, 0x49, 0x29, 0x49, 0x29, 0x49, 0x29, 0x49,
    0x29, 0x49, 0x29, 0x49, 0x29, 0x49, 0x29, 0x49, 0x29, 0x49, 0x29, 0x49, 0x09, 0x49, 0x28, 0x49,
    0x29, 0x49, 0x29, 0x49, 0x29, 0x49, 0x28, 0x49, 0x09, 0x51, 0x29, 0x49, 0x2a, 0x49, 0x29, 0x49,
    0x2a, 0x59, 0xf1, 0x91, 0x99, 0xca, 0x1e, 0xf3, 0x5f, 0xfb, 0x1f, 0xfb, 0x1f, 0xfb, 0x5f, 0xfb,
    0x5f, 0xfb, 0x1f, 0xfb, 0x1f, 0xfb, 0xfe, 0xfa, 0x78, 0xc2, 0xb0, 0x89, 0x2a, 0x59, 0x08, 0x41,
    0x08, 0x41, 0xe7, 0x40, 0x08, 0x41, 0x07, 0x39, 0xe7, 0x38, 0xe7, 0x38, 0xe7, 0x38, 0xe7, 0x38,
    0xc6, 0x30, 0xe6, 0x30, 0xe6, 0x30, 0xe6, 0x30, 0xe6, 0x30, 0xe6, 0x30, 0xe6, 0x30, 0xe6, 0x30,
    0xe6, 0x30, 0xe6, 0x30, 0xe6, 0x30, 0xe6, 0x30, 0xc5, 0x30, 0xe6, 0x30, 0xe6, 0x30, 0xe6, 0x30,
    0xe6, 0x30, 0xe6, 0x30, 0xe6, 0x30, 0xe6, 0x30, 0xe7, 0x38, 0xe7, 0x38, 0xe7, 0x38, 0xe7, 0x38,
    0xe7, 0x38, 0xe7, 0x38, 0xe8, 0x38, 0x08, 0x41, 0x08, 0x41, 0x07, 0x39, 0x08, 0x41, 0x2a, 0x59,
    0xaf, 0x81, 0x77, 0xba, 0xfd, 0xea, 0x3f, 0xfb, 0x1f, 0xfb, 0x1f, 0xfb, 0xff, 0xfa, 0x1f, 0xfb,
    0x5f, 0xfb, 0x5f, 0xfb, 0x1f, 0xfb, 0x1e, 0xf3, 0xb8, 0xca, 0xf2, 0x89, 0x4c, 0x61, 0x07, 0x41,
    0x07, 0x39, 0xe7, 0x38, 0x07, 0x41, 0xe8, 0x38, 0xe7, 0x38, 0xe7, 0x38, 0xe7, 0x38, 0xe7, 0x30,
    0xe6, 0x30, 0xe6, 0x30, 0xe6, 0x30, 0xe6, 0x30, 0xe6, 0x30, 0xc5, 0x30, 0xc5, 0x30, 0xc5, 0x30,
    0xc5, 0x28, 0xa5, 0x28, 0xc5, 0x28, 0xc5, 0x28, 0xc5, 0x28, 0xa4, 0x28, 0xa4, 0x20, 0xa4, 0x20,
    0xa4, 0x20, 0xa4, 0x20, 0xa4, 0x20, 0xa4, 0x18, 0xa4, 0x18, 0xa3, 0x18, 0x83, 0x18, 0x83, 0x18,
    0x83, 0x10, 0x83, 0x10, 0x83, 0x10, 0x82, 0x10, 0x83, 0x10, 0x82, 0x18, 0x82, 0x18, 0x82, 0x18,
    0x82, 0x10, 0x82, 0x10, 0x82, 0x10, 0x82, 0x10, 0x82, 0x10, 0x82, 0x10, 0x61, 0x08, 0x61, 0x08,
    0x61, 0x08, 0x61, 0x08, 0x82, 0x10, 0x82, 0x10, 0x82, 0x10, 0x82, 0x10, 0x82, 0x10, 0x82, 0x10,
    0x82, 0x10, 0x82, 0x10, 0x82, 0x10, 0x82, 0x10, 0x82, 0x10, 0x82, 0x10, 0x82, 0x10, 0x82, 0x10,
    0x82, 0x10, 0x82, 0x10, 0x82, 0x10, 0x82, 0x10, 0x82, 0x10, 0x82, 0x10, 0x82, 0x10, 0x82, 0x10,
    0x82, 0x10, 0x82, 0x10, 0x82, 0x10, 0x82, 0x10, 0x82, 0x10, 0x82, 0x10, 0x82, 0x10, 0x82, 0x10,
    0x82, 0x10, 0x82, 0x10, 0x82, 0x10, 0x82, 0x10, 0x82, 0x10, 0x82, 0x10, 0x82, 0x10, 0x82, 0x10,
    0x82, 0x10, 0x82, 0x10, 0x82, 0x10, 0x82, 0x10, 0x82, 0x10, 0x82, 0x10, 0x61, 0x08, 0x61, 0x08,
    0x61, 0x08, 0x61, 0x08, 0x82, 0x10, 0x82, 0x10, 0x82, 0x10, 0x82, 0x10, 0x82, 0x10, 0x83, 0x10,
    0x83, 0x10, 0x83, 0x10, 0x83, 0x18, 0xa3, 0x18, 0xa4, 0x20, 0xa4, 0x20, 0xa4, 0x20, 0xa4, 0x20,
    0xc4, 0x20, 0xc5, 0x28, 0xc5, 0x28, 0xa5, 0x28, 0xc5, 0x28, 0xc5, 0x30, 0xe6, 0x30, 0xe6, 0x30,
    0xe6, 0x30, 0xc6, 0x30, 0x07, 0x39, 0xe7, 0x38, 0x07, 0x39, 0x28, 0x41, 0x07, 0x41, 0x07, 0x39,
    0x08, 0x41, 0x09, 0x41, 0x08, 0x41, 0x4c, 0x61, 0x77, 0xba, 0x3e, 0xf3, 0x3f, 0xfb, 0x5f, 0xfb,
    0x1f, 0xfb, 0x1f, 0xfb, 0x1f, 0xfb, 0x1f, 0xfb, 0x1f, 0xfb, 0xfd, 0xea, 0x56, 0xb2, 0x6d, 0x61,
    0x08, 0x41, 0x28, 0x49, 0x29, 0x49, 0x28, 0x49, 0x29, 0x49, 0x29, 0x49, 0x29, 0x49, 0x29, 0x49,
    0x29, 0x49, 0x29, 0x49, 0x29, 0x49, 0x29, 0x49, 0x29, 0x49, 0x29, 0x49, 0x0a, 0x49, 0x28, 0x49,
    0x2a, 0x49, 0x29, 0x49, 0xe8, 0x48, 0x4a, 0x49, 0x09, 0x49, 0x2a, 0x49, 0x0a, 0x51, 0x13, 0x9a,
    0xdc, 0xe2, 0x5f, 0xfb, 0xff, 0xfa, 0x5f, 0xfb, 0x1f, 0xfb, 0x5f, 0xfb, 0x5f, 0xfb, 0x5f, 0xfb,
    0x1f, 0xfb, 0x1f, 0xfb, 0xb8, 0xca, 0x8d, 0x71, 0x28, 0x41, 0x08, 0x41, 0xe8, 0x38, 0x07, 0x39,
    0x07, 0x39, 0xe8, 0x38, 0x08, 0x39, 0xe7, 0x30, 0xe7, 0x38, 0xe7, 0x38, 0xc6, 0x30, 0xe6, 0x30,
    0xe6, 0x30, 0xe6, 0x30, 0xe6, 0x30, 0xe6, 0x30, 0xe5, 0x28, 0xc5, 0x30, 0xe5, 0x28, 0xc5, 0x28,
    0xc5, 0x28, 0xc5, 0x28, 0xc5, 0x28, 0xc5, 0x28, 0xc5, 0x30, 0xc5, 0x30, 0xc5, 0x30, 0xc5, 0x30,
    0xc5, 0x30, 0xc5, 0x30, 0xe6, 0x30, 0xe6, 0x30, 0xe6, 0x30, 0xc6, 0x30, 0xe6, 0x30, 0xe7, 0x38,
    0xe6, 0x38, 0xe7, 0x38, 0xe7, 0x38, 0xe7, 0x38, 0xe7, 0x38, 0xe7, 0x30, 0x07, 0x39, 0xe7, 0x38,
    0xe7, 0x38, 0x28, 0x41, 0x6d, 0x61, 0x35, 0xaa, 0xfd, 0xf2, 0x5f, 0xfb, 0x3f, 0xfb, 0xff, 0xfa,
    0x1f, 0xfb, 0x5f, 0xfb, 0x1f, 0xfb, 0x5f, 0xfb, 0x1f, 0xfb, 0x3f, 0xfb, 0xfd, 0xf2, 0x36, 0xb2,
    0x4b, 0x59, 0x28, 0x41, 0x08, 0x41, 0xe8, 0x40, 0x08, 0x41, 0x08, 0x39, 0xe8, 0x38, 0xe7, 0x30,
    0xe6, 0x30, 0xe7, 0x38, 0xe7, 0x38, 0xe6, 0x30, 0xe6, 0x30, 0xe6, 0x30, 0xe6, 0x30, 0xe6, 0x30,
    0xe6, 0x30, 0xc5, 0x30, 0xc5, 0x28, 0xa5, 0x28, 0xc5, 0x28, 0xc5, 0x28, 0xa4, 0x28, 0xa4, 0x20,
    0xa5, 0x20, 0xa4, 0x20, 0xa4, 0x20, 0xa4, 0x20, 0xa4, 0x20, 0xa4, 0x18, 0xa4, 0x18, 0x83, 0x18,
    0x83, 0x18, 0x83, 0x18, 0x83, 0x18, 0x83, 0x10, 0x83, 0x10, 0x83, 0x10, 0x83, 0x10, 0x83, 0x10,
    0x82, 0x10, 0x82, 0x10, 0x82, 0x10, 0x82, 0x10, 0x82, 0x10, 0x82, 0x10, 0x82, 0x10, 0x82, 0x10,
    0x61, 0x08, 0x61, 0x08, 0x82, 0x10, 0x82, 0x10, 0x82, 0x10, 0x82, 0x10, 0x61, 0x08, 0x61, 0x08,
    0x61, 0x08, 0x61, 0x08, 0x61, 0x08, 0x82, 0x10, 0x82, 0x10, 0x82, 0x10, 0x82, 0x10, 0x82, 0x10,
    0x82, 0x10, 0x82, 0x10, 0x82, 0x10, 0x82, 0x10, 0x82, 0x10, 0x82, 0x10, 0x82, 0x10, 0x82, 0x10,
    0x82, 0x10, 0x82, 0x10, 0x82, 0x10, 0x82, 0x10, 0x82, 0x10, 0x82, 0x10, 0x82, 0x10, 0x82, 0x10,
    0x82, 0x10, 0x82, 0x10, 0x82, 0x10, 0x82, 0x10, 0x82, 0x10, 0x82, 0x10, 0x82, 0x10, 0x82, 0x10,
    0x82, 0x10, 0x82, 0x10, 0x82, 0x10, 0x82, 0x10, 0x61, 0x08, 0x61, 0x08, 0x61, 0x08, 0x61, 0x08,
    0x61, 0x08, 0x61, 0x08, 0x82, 0x10, 0x82, 0x10, 0x82, 0x10, 0x83, 0x10, 0x82, 0x18, 0x83, 0x10,
    0x83, 0x18, 0x83, 0x18, 0xa3, 0x18, 0xa4, 0x18, 0xa4, 0x20, 0xa4, 0x20, 0xa4, 0x20, 0xc4, 0x20,
    0xc5, 0x28, 0xc5, 0x28, 0xc5, 0x28, 0xc5, 0x30, 0xc5, 0x30, 0xe6, 0x30, 0xc6, 0x30, 0xe6, 0x38,
    0xe6, 0x30, 0xe6, 0x38, 0x08, 0x41, 0xe8, 0x38, 0x08, 0x41, 0x08, 0x41, 0x08, 0x41, 0xe8, 0x40,
    0x4b, 0x59, 0xd1, 0x89, 0x99, 0xca, 0x3f, 0xfb, 0x1f, 0xfb, 0x1f, 0xfb, 0x5f, 0xfb, 0x1f, 0xfb,
    0x3f, 0xfb, 0x3f, 0xfb, 0x1f, 0xfb, 0xdc, 0xe2, 0x14, 0xa2, 0x6d, 0x69, 0x29, 0x49, 0x29, 0x49,
    0x2a, 0x49, 0x29, 0x49, 0x29, 0x49, 0x2a, 0x49, 0x2a, 0x49, 0x2a, 0x49, 0x29, 0x49, 0x2a, 0x49,
    0x2a, 0x49, 0x2a, 0x49, 0x2a, 0x49, 0x0a, 0x49, 0x2a, 0x49, 0x2a, 0x49, 0x2a, 0x49, 0x2a, 0x49,
    0x29, 0x49, 0x0a, 0x49, 0x2a, 0x49, 0x2a, 0x51, 0x6d, 0x69, 0x13, 0xa2, 0x9a, 0xd2, 0x5f, 0xfb,
    0x1f, 0xfb, 0x1f, 0xfb, 0x1f, 0xfb, 0x5f, 0xfb, 0x5f, 0xfb, 0x1f, 0xfb, 0x3f, 0xfb, 0xfd, 0xea,
    0x56, 0xaa, 0x8f, 0x71, 0x08, 0x41, 0xe8, 0x38, 0x08, 0x41, 0x07, 0x39, 0x07, 0x39, 0x07, 0x39,
    0xe7, 0x38, 0xe7, 0x38, 0xe7, 0x38, 0xe7, 0x38, 0xc6, 0x30, 0xc6, 0x30, 0xe6, 0x30, 0xe6, 0x30,
    0xe6, 0x30, 0xe5, 0x28, 0xe5, 0x28, 0xc5, 0x28, 0xc5, 0x28, 0xc5, 0x28, 0xc5, 0x28, 0xc5, 0x28,
    0xc5, 0x28, 0xc5, 0x28, 0xc5, 0x28, 0xc5, 0x28, 0xc5, 0x28, 0xc5, 0x28, 0xc5, 0x28, 0xc5, 0x28,
    0xc5, 0x28, 0xc5, 0x28, 0xe5, 0x28, 0xe5, 0x28, 0xe5, 0x28, 0xe6, 0x30, 0xe6, 0x30, 0xe6, 0x30,
    0xc6, 0x30, 0xc6, 0x30, 0xe7, 0x38, 0xe7, 0x38, 0xe7, 0x38, 0xe8, 0x38, 0x07, 0x39, 0x08, 0x39,
    0x08, 0x41, 0x07, 0x41, 0x07, 0x39, 0x08, 0x41, 0x4b, 0x59, 0xf2, 0x91, 0xba, 0xd2, 0x1e, 0xf3,
    0x3f, 0xfb, 0xff, 0xfa, 0x5f, 0xfb, 0x5f, 0xfb, 0x5f, 0xfb, 0x1f, 0xfb, 0x3f, 0xfb, 0x5f, 0xfb,
    0xfd, 0xea, 0x77, 0xba, 0xaf, 0x81, 0x4a, 0x51, 0xe8, 0x40, 0x08, 0x41, 0x07, 0x39, 0x07, 0x41,
    0xe7, 0x38, 0xe7, 0x38, 0xe7, 0x38, 0xe7, 0x38, 0xe6, 0x38, 0xc6, 0x30, 0xc6, 0x30, 0xc6, 0x30,
    0xe6, 0x30, 0xc6, 0x30, 0xc5, 0x30, 0xc5, 0x30, 0xa5, 0x28, 0xc5, 0x28, 0xc5, 0x28, 0xc5, 0x28,
    0xa4, 0x28, 0xa4, 0x20, 0xa5, 0x20, 0xa5, 0x20, 0xa5, 0x20, 0xa4, 0x20, 0xa4, 0x20, 0xa4, 0x20,
    0xa3, 0x18, 0x83, 0x18, 0x83, 0x18, 0x83, 0x18, 0x83, 0x18, 0x83, 0x10, 0x83, 0x10, 0x83, 0x10,
    0x83, 0x10, 0x83, 0x10, 0x83, 0x10, 0x82, 0x10, 0x82, 0x10, 0x82, 0x10, 0x82, 0x10, 0x82, 0x10,
    0x82, 0x10, 0x82, 0x10, 0x82, 0x10, 0x82, 0x10, 0x82, 0x10, 0x82, 0x10, 0x61, 0x08, 0x61, 0x08,
    0x61, 0x08, 0x61, 0x08, 0x61, 0x08, 0x82, 0x10, 0x82, 0x10, 0x82, 0x10, 0x82, 0x10, 0x82, 0x10,
    0x82, 0x10, 0x82, 0x10, 0x82, 0x10, 0x82, 0x10, 0x82, 0x10, 0x82, 0x10, 0x82, 0x10, 0x82, 0x10,
    0x82, 0x10, 0x82, 0x10, 0x82, 0x10, 0x82, 0x10, 0x82, 0x10, 0x82, 0x10, 0x82, 0x10, 0x82, 0x10,
    0x82, 0x10, 0x82, 0x10, 0x82, 0x10, 0x82, 0x10, 0x82, 0x10, 0x82, 0x10, 0x82, 0x10, 0x82, 0x10,
    0x82, 0x10, 0x82, 0x10, 0x82, 0x10, 0x82, 0x10, 0x61, 0x08, 0x61, 0x08, 0x61, 0x08, 0x61, 0x08,
    0x61, 0x08, 0x82, 0x10, 0x82, 0x10, 0x82, 0x10, 0x83, 0x10, 0x83, 0x10, 0x83, 0x10, 0x83, 0x18,
    0x83, 0x18, 0x83, 0x18, 0xa4, 0x20, 0xa3, 0x20, 0xa4, 0x20, 0xc4, 0x20, 0xc5, 0x28, 0xc5, 0x28,
    0xc5, 0x28, 0xc5, 0x30, 0xc5, 0x30, 0xe6, 0x30, 0xe6, 0x30, 0xe7, 0x38, 0xe7, 0x38, 0xe7, 0x30,
    0x28, 0x41, 0xe7, 0x38, 0x08, 0x41, 0x08, 0x39, 0x08, 0x41, 0x28, 0x41, 0x4b, 0x59, 0x35, 0xaa,
    0xdd, 0xe2, 0x1f, 0xfb, 0xff, 0xfa, 0x5f, 0xfb, 0x5f, 0xfb, 0x1f, 0xfb, 0x1f, 0xfb, 0x5f, 0xfb,
    0x3e, 0xf3, 0xfc, 0xda, 0xf2, 0x91, 0x4b, 0x59, 0x2a, 0x49, 0x0a, 0x49, 0x29, 0x49, 0x2a, 0x49,
    0x2a, 0x49, 0x2a, 0x49, 0x09, 0x51, 0x29, 0x51, 0x2a, 0x49, 0x2a, 0x49, 0x2a, 0x49, 0x2a, 0x49,
    0x2a, 0x49, 0x2a, 0x49, 0x2a, 0x49, 0x2a, 0x49, 0x2a, 0x49, 0x2a, 0x49, 0x2a, 0x49, 0x29, 0x49,
    0x29, 0x49, 0x0a, 0x49, 0x6d, 0x69, 0x77, 0xba, 0xfc, 0xe2, 0x3f, 0xfb, 0x5f, 0xfb, 0x1f, 0xfb,
    0x1f, 0xfb, 0x1f, 0xfb, 0xff, 0xfa, 0x5f, 0xfb, 0x5f, 0xfb, 0xfd, 0xea, 0x34, 0xaa, 0x6d, 0x61,
    0x29, 0x41, 0x08, 0x39, 0x07, 0x39, 0x08, 0x41, 0x08, 0x41, 0x08, 0x39, 0xe7, 0x38, 0xe7, 0x38,
    0xe7, 0x38, 0xc6, 0x30, 0xe6, 0x30, 0xe6, 0x30, 0xe6, 0x30, 0xe6, 0x30, 0xc5, 0x30, 0xc5, 0x30,
    0xc5, 0x30, 0xc5, 0x28, 0xa5, 0x28, 0xc5, 0x28, 0xc5, 0x28, 0xa5, 0x20, 0xa5, 0x20, 0xa4, 0x28,
    0xa4, 0x28, 0xa4, 0x28, 0xa4, 0x28, 0xa4, 0x28, 0xa4, 0x20, 0xa4, 0x28, 0xa4, 0x28, 0xa4, 0x28,
    0xa4, 0x28, 0xc4, 0x28, 0xc5, 0x28, 0xc5, 0x28, 0xc5, 0x28, 0xc5, 0x28, 0xc5, 0x30, 0xe6, 0x30,
    0xe5, 0x28, 0xe6, 0x30, 0xe6, 0x30, 0xc6, 0x30, 0xc6, 0x30, 0xc6, 0x38, 0xe7, 0x38, 0xe7, 0x38,
    0xe8, 0x38, 0x08, 0x39, 0x07, 0x39, 0x08, 0x41, 0x08, 0x41, 0x08, 0x41, 0x09, 0x51, 0x8d, 0x71,
    0x78, 0xc2, 0xfd, 0xea, 0x1f, 0xfb, 0x1f, 0xfb, 0x5f, 0xfb, 0x5f, 0xfb, 0xff, 0xfa, 0x3f, 0xfb,
    0x5f, 0xfb, 0x1f, 0xfb, 0x1f, 0xfb, 0x9b, 0xd2, 0x14, 0xa2, 0x4b, 0x59, 0x08, 0x39, 0x08, 0x39,
    0x07, 0x39, 0x07, 0x41, 0xe7, 0x38, 0xe7, 0x38, 0xe7, 0x38, 0xe7, 0x38, 0xe7, 0x38, 0xe7, 0x38,
    0xc6, 0x30, 0xc6, 0x30, 0xe6, 0x30, 0xc5, 0x30, 0xc5, 0x30, 0xc5, 0x30, 0xc5, 0x30, 0xc5, 0x28,
    0xc5, 0x28, 0xc5, 0x28, 0xc5, 0x28, 0xa5, 0x20, 0xa5, 0x20, 0xa4, 0x20, 0xa4, 0x20, 0xa4, 0x20,
    0xa4, 0x20, 0xa4, 0x20, 0xa4, 0x20, 0x83, 0x18, 0x83, 0x18, 0xa3, 0x18, 0xa3, 0x18, 0xa3, 0x18,
    0x83, 0x10, 0x83, 0x10, 0x83, 0x10, 0x83, 0x10, 0x83, 0x10, 0x83, 0x10, 0x82, 0x10, 0x82, 0x10,
    0x82, 0x10, 0x82, 0x10, 0x82, 0x10, 0x82, 0x10, 0x82, 0x10, 0x82, 0x10, 0x61, 0x08, 0x61, 0x08,
    0x61, 0x08, 0x61, 0x08, 0x61, 0x08, 0x82, 0x10, 0x82, 0x10, 0x82, 0x10, 0x82, 0x10, 0x82, 0x10,
    0x82, 0x10, 0x82, 0x10, 0x82, 0x10, 0x82, 0x10, 0x82, 0x10, 0x82, 0x10, 0x82, 0x10, 0x82, 0x10,
    0x82, 0x10, 0x82, 0x10, 0x82, 0x10, 0x82, 0x10, 0x82, 0x10, 0x82, 0x10, 0x82, 0x10, 0x82, 0x10,
    0x82, 0x10, 0x82, 0x10, 0x82, 0x10, 0x82, 0x10, 0x82, 0x10, 0x82, 0x10, 0x82, 0x10, 0x82, 0x10,
    0x82, 0x10, 0x82, 0x10, 0x82, 0x10, 0x82, 0x10, 0x61, 0x08, 0x61, 0x08, 0x61, 0x08, 0x61, 0x08,
    0x82, 0x10, 0x82, 0x10, 0x82, 0x10, 0x82, 0x10, 0x83, 0x10, 0x83, 0x10, 0x82, 0x10, 0x83, 0x18,
    0x83, 0x18, 0xa3, 0x18, 0xa4, 0x20, 0xa3, 0x20, 0xa4, 0x20, 0xc5, 0x28, 0xc5, 0x28, 0xc5, 0x28,
    0xe5, 0x28, 0xe6, 0x30, 0xe6, 0x30, 0xc6, 0x30, 0xe7, 0x38, 0xe7, 0x38, 0xe7, 0x38, 0x07, 0x39,
    0x08, 0x41, 0x07, 0x39, 0x08, 0x41, 0x2a, 0x49, 0x8f, 0x71, 0x34, 0xaa, 0x1e, 0xf3, 0x5f, 0xfb,
    0x1f, 0xfb, 0x5f, 0xfb, 0x1f, 0xfb, 0x1f, 0xfb, 0x1f, 0xfb, 0x1f, 0xfb, 0x3e, 0xf3, 0xba, 0xca,
    0xf3, 0x99, 0x0a, 0x51, 0x09, 0x51, 0x2a, 0x51, 0x4a, 0x51, 0x2a, 0x51, 0x2a, 0x49, 0x49, 0x49,
    0x2a, 0x51, 0x29, 0x49, 0x29, 0x49, 0x2a, 0x49, 0x2a, 0x51, 0x2a, 0x51, 0x29, 0x51, 0x2a, 0x51,
    0x2a, 0x51, 0x2a, 0x51, 0x2a, 0x49, 0x0a, 0x49, 0x0a, 0x49, 0x0a, 0x49, 0x0a, 0x49, 0x2b, 0x59,
    0x8e, 0x71, 0x56, 0xb2, 0xfd, 0xea, 0x3f, 0xfb, 0x1f, 0xfb, 0x1f, 0xfb, 0x5f, 0xfb, 0xff, 0xfa,
    0x1f, 0xfb, 0x1f, 0xfb, 0x1f, 0xfb, 0xdc, 0xe2, 0x13, 0xa2, 0x4c, 0x61, 0x08, 0x41, 0x08, 0x41,
    0xe8, 0x40, 0xe7, 0x38, 0x07, 0x39, 0x08, 0x39, 0xe7, 0x38, 0xe6, 0x30, 0xe7, 0x38, 0xc6, 0x30,
    0xe6, 0x30, 0xe6, 0x30, 0xe6, 0x30, 0xe6, 0x30, 0xc5, 0x30, 0xc5, 0x30, 0xc5, 0x28, 0xc5, 0x28,
    0xc5, 0x28, 0xc5, 0x28, 0xc5, 0x28, 0xa5, 0x20, 0xa4, 0x20, 0xa4, 0x20, 0xa4, 0x20, 0xa4, 0x20,
    0xa4, 0x20, 0xa4, 0x20, 0xa4, 0x20, 0xa4, 0x20, 0xa4, 0x20, 0xa4, 0x20, 0xa4, 0x20, 0xa4, 0x20,
    0xa4, 0x20, 0xc4, 0x20, 0xc5, 0x28, 0xc5, 0x28, 0xc5, 0x28, 0xc5, 0x28, 0xc5, 0x28, 0xe5, 0x28,
    0xc5, 0x30, 0xc5, 0x30, 0xe6, 0x30, 0xe6, 0x30, 0xe6, 0x30, 0xc6, 0x30, 0xe7, 0x38, 0xe7, 0x38,
    0xe7, 0x38, 0xe7, 0x38, 0xe7, 0x38, 0xe7, 0x38, 0xe7, 0x38, 0x07, 0x39, 0x07, 0x39, 0x08, 0x41,
    0x07, 0x39, 0x4c, 0x61, 0x34, 0xaa, 0xba, 0xda, 0x3e, 0xf3, 0x5f, 0xfb, 0x1f, 0xfb, 0x5f, 0xfb,
    0x3f, 0xfb, 0x1f, 0xfb, 0xff, 0xfa, 0x5f, 0xfb, 0x5f, 0xfb, 0xdd, 0xe2, 0x56, 0xaa, 0x8e, 0x71,
    0x2a, 0x51, 0x08, 0x41, 0x08, 0x41, 0x07, 0x41, 0x07, 0x39, 0xe7, 0x38, 0xe7, 0x38, 0xe7, 0x38,
    0xe7, 0x38, 0xe7, 0x38, 0xc6, 0x30, 0xc6, 0x30, 0xe6, 0x30, 0xe6, 0x30, 0xc5, 0x30, 0xc5, 0x30,
    0xc5, 0x28, 0xc5, 0x28, 0xc5, 0x28, 0xc5, 0x28, 0xc5, 0x28, 0xa5, 0x20, 0xc5, 0x20, 0xa4, 0x20,
    0xa4, 0x20, 0xa4, 0x20, 0xa4, 0x20, 0xa4, 0x20, 0xa4, 0x18, 0xa3, 0x18, 0xa3, 0x18, 0xa3, 0x18,
    0x83, 0x18, 0x83, 0x18, 0x83, 0x18, 0x83, 0x10, 0x83, 0x10, 0x83, 0x10, 0x82, 0x10, 0x83, 0x10,
    0x82, 0x10, 0x82, 0x10, 0x82, 0x10, 0x82, 0x10, 0x82, 0x10, 0x61, 0x08, 0x61, 0x08, 0x61, 0x08,
    0x61, 0x08, 0x61, 0x08, 0x61, 0x08, 0x82, 0x10, 0x82, 0x10, 0x82, 0x10, 0x82, 0x10, 0x82, 0x10,
    0x82, 0x10, 0x82, 0x10, 0x82, 0x10, 0x82, 0x10, 0x82, 0x10, 0x82, 0x10, 0x82, 0x10, 0x82, 0x10,
    0x82, 0x10, 0x82, 0x10, 0x82, 0x10, 0x82, 0x10, 0x82, 0x10, 0x82, 0x10, 0x82, 0x10, 0x82, 0x10,
    0x82, 0x10, 0x82, 0x10, 0x82, 0x10, 0x82, 0x10, 0x82, 0x10, 0x82, 0x10, 0x82, 0x10, 0x82, 0x10,
    0x82, 0x10, 0x82, 0x10, 0x82, 0x10, 0x61, 0x08, 0x61, 0x08, 0x61, 0x08, 0x61, 0x08, 0x82, 0x10,
    0x82, 0x10, 0x82, 0x10, 0x82, 0x10, 0x83, 0x10, 0x83, 0x10, 0x83, 0x10, 0x83, 0x18, 0x83, 0x18,
    0x83, 0x18, 0xa4, 0x20, 0xa4, 0x20, 0xa4, 0x20, 0xa4, 0x20, 0xc5, 0x28, 0xa5, 0x28, 0xc5, 0x30,
    0xe6, 0x30, 0xe6, 0x30, 0xc6, 0x30, 0xe6, 0x30, 0xe7, 0x38, 0x07, 0x39, 0x07, 0x39, 0x07, 0x41,
    0x07, 0x41, 0x09, 0x51, 0xd0, 0x81, 0x78, 0xc2, 0x1e, 0xf3, 0x5f, 0xfb, 0x1f, 0xfb, 0x1f, 0xfb,
    0xff, 0xfa, 0x5f, 0xfb, 0x1f, 0xfb, 0x5f, 0xfb, 0x1f, 0xfb, 0x78, 0xc2, 0xd1, 0x81, 0x6b, 0x59,
    0x4a, 0x51, 0x2a, 0x49, 0x2a, 0x51, 0x2a, 0x51, 0x2a, 0x51, 0x4a, 0x49, 0x4a, 0x49, 0x2a, 0x51,
    0x4a, 0x49, 0x4a, 0x51, 0x2a, 0x51, 0x49, 0x49, 0x29, 0x51, 0x4a, 0x51, 0x4a, 0x51, 0x4a, 0x49,
    0x4a, 0x49, 0x2a, 0x51, 0x4a, 0x49, 0x0a, 0x49, 0x29, 0x49, 0x4a, 0x51, 0xd0, 0x81, 0x78, 0xc2,
    0xfd, 0xea, 0x3f, 0xfb, 0xff, 0xfa, 0x5f, 0xfb, 0x1f, 0xfb, 0x3f, 0xfb, 0x1f, 0xfb, 0x1f, 0xfb,
    0x1f, 0xfb, 0xda, 0xd2, 0xf2, 0x91, 0x4c, 0x61, 0x08, 0x41, 0x08, 0x41, 0xe8, 0x40, 0xe8, 0x38,
    0x08, 0x39, 0x07, 0x39, 0xe7, 0x38, 0xe7, 0x38, 0xe7, 0x38, 0xe6, 0x30, 0xe6, 0x30, 0xc5, 0x30,
    0xc5, 0x30, 0xc5, 0x30, 0xc5, 0x28, 0xa5, 0x28, 0xc5, 0x28, 0xc5, 0x28, 0xa4, 0x28, 0xa4, 0x28,
    0xa4, 0x28, 0xa4, 0x20, 0xa4, 0x20, 0x84, 0x20, 0xa4, 0x20, 0xa4, 0x20, 0xa4, 0x20, 0xa4, 0x20,
    0xa4, 0x20, 0xa4, 0x20, 0xa4, 0x20, 0xa4, 0x20, 0xa4, 0x20, 0xa4, 0x20, 0xa4, 0x20, 0xa4, 0x20,
    0xa4, 0x20, 0xa4, 0x20, 0xa4, 0x20, 0xa4, 0x20, 0xa5, 0x20, 0xc5, 0x28, 0xc5, 0x20, 0xc5, 0x28,
    0xe5, 0x28, 0xc5, 0x28, 0xe5, 0x28, 0xe5, 0x28, 0xc5, 0x30, 0xe5, 0x28, 0xc5, 0x30, 0xe6, 0x30,
    0xe6, 0x30, 0xe6, 0x38, 0xe7, 0x38, 0xe7, 0x38, 0xe7, 0x38, 0xe7, 0x30, 0x07, 0x39, 0x07, 0x39,
    0xe8, 0x38, 0xe8, 0x40, 0x08, 0x41, 0x4a, 0x51, 0xb0, 0x79, 0x97, 0xba, 0xfd, 0xf2, 0x3f, 0xfb,
    0x3f, 0xfb, 0x5f, 0xfb, 0x5f, 0xfb, 0x1f, 0xfb, 0x5f, 0xfb, 0x5f, 0xfb, 0x3f, 0xfb, 0xfd, 0xea,
    0x9b, 0xd2, 0xf2, 0x91, 0x2a, 0x59, 0x08, 0x41, 0xe7, 0x38, 0x07, 0x41, 0xe7, 0x38, 0x07, 0x39,
    0xe6, 0x38, 0x07, 0x39, 0xe7, 0x38, 0xe6, 0x30, 0xe7, 0x38, 0xe7, 0x38, 0xe6, 0x30, 0xe6, 0x30,
    0xc5, 0x30, 0xc5, 0x30, 0xc5, 0x30, 0xc6, 0x30, 0xc5, 0x28, 0xa5, 0x28, 0xc5, 0x28, 0xa4, 0x28,
    0xa4, 0x28, 0xa4, 0x28, 0xa4, 0x20, 0x84, 0x20, 0x84, 0x20, 0xa4, 0x20, 0xa4, 0x20, 0xa4, 0x20,
    0xa4, 0x20, 0xa3, 0x18, 0x83, 0x18, 0x83, 0x18, 0xa3, 0x18, 0x83, 0x10, 0x83, 0x10, 0xa3, 0x18,
    0x82, 0x18, 0x82, 0x18, 0x82, 0x10, 0x82, 0x10, 0x82, 0x10, 0x61, 0x08, 0x61, 0x08, 0x61, 0x08,
    0x61, 0x08, 0x61, 0x08, 0x82, 0x10, 0x61, 0x08, 0x61, 0x08, 0x61, 0x08, 0x82, 0x10, 0x82, 0x10,
    0x82, 0x10, 0x82, 0x10, 0x61, 0x08, 0x82, 0x10, 0x82, 0x10, 0x82, 0x10, 0x82, 0x10, 0x82, 0x10,
    0x82, 0x10, 0x82, 0x10, 0x82, 0x10, 0x82, 0x10, 0x82, 0x10, 0x82, 0x10, 0x82, 0x10, 0x82, 0x10,
    0x82, 0x10, 0x82, 0x10, 0x82, 0x10, 0x82, 0x10, 0x82, 0x10, 0x82, 0x10, 0x82, 0x10, 0x82, 0x10,
    0x82, 0x10, 0x82, 0x10, 0x82, 0x10, 0x61, 0x08, 0x61, 0x08, 0x61, 0x08, 0x61, 0x08, 0x82, 0x10,
    0x82, 0x10, 0x82, 0x10, 0x82, 0x10, 0x83, 0x10, 0x83, 0x10, 0xa3, 0x18, 0xa3, 0x18, 0x83, 0x18,
    0xa4, 0x20, 0xa4, 0x20, 0x84, 0x20, 0xa5, 0x20, 0xc5, 0x28, 0xc5, 0x28, 0xc5, 0x28, 0xe5, 0x28,
    0xe6, 0x30, 0xe6, 0x38, 0xe6, 0x38, 0xe8, 0x38, 0xe7, 0x38, 0x08, 0x41, 0xe8, 0x48, 0x09, 0x51,
    0xb0, 0x89, 0xba, 0xd2, 0x1f, 0xfb, 0xff, 0xfa, 0x1f, 0xfb, 0xff, 0xfa, 0x5f, 0xfb, 0x5f, 0xfb,
    0x5f, 0xfb, 0x3f, 0xfb, 0x1d, 0xeb, 0x99, 0xc2, 0xd0, 0x81, 0x2a, 0x51, 0x4a, 0x51, 0x4a, 0x51,
    0x28, 0x49, 0x2a, 0x51, 0x2a, 0x51, 0x2a, 0x51, 0x2a, 0x51, 0x2a, 0x51, 0x2a, 0x51, 0x4a, 0x49,
    0x4a, 0x49, 0x2a, 0x49, 0x29, 0x51, 0x4a, 0x51, 0x4a, 0x49, 0x4a, 0x51, 0x2a, 0x51, 0x29, 0x51,
    0x0a, 0x49, 0x4a, 0x51, 0x29, 0x49, 0x4b, 0x59, 0xb0, 0x89, 0x99, 0xca, 0x3e, 0xf3, 0xff, 0xfa,
    0x1f, 0xfb, 0x1f, 0xfb, 0x5f, 0xfb, 0x1f, 0xfb, 0x1f, 0xfb, 0x1f, 0xfb, 0x1f, 0xfb, 0xba, 0xda,
    0xf1, 0x91, 0x0a, 0x51, 0x08, 0x41, 0x08, 0x41, 0x08, 0x41, 0x08, 0x41, 0xe8, 0x38, 0xe8, 0x38,
    0xe7, 0x38, 0xe7, 0x38, 0xe6, 0x30, 0xe6, 0x30, 0xe6, 0x30, 0xe6, 0x30, 0xc5, 0x30, 0xc5, 0x30,
    0xe5, 0x28, 0xc5, 0x28, 0xc5, 0x28, 0xc5, 0x28, 0xc5, 0x20, 0xa5, 0x20, 0xa4, 0x28, 0xa4, 0x20,
    0xa4, 0x20, 0xa4, 0x20, 0xa4, 0x20, 0xa4, 0x20, 0xa4, 0x20, 0xa4, 0x20, 0xa3, 0x18, 0xa4, 0x18,
    0xa4, 0x18, 0xa4, 0x18, 0xa4, 0x18, 0xa4, 0x18, 0xa4, 0x18, 0xa4, 0x18, 0xa4, 0x18, 0xa4, 0x18,
    0xa4, 0x18, 0xa4, 0x18, 0xa4, 0x20, 0xa4, 0x20, 0xa4, 0x20, 0xa4, 0x20, 0xa5, 0x20, 0xc4, 0x20,
    0xc5, 0x28, 0xc5, 0x28, 0xc5, 0x28, 0xc5, 0x28, 0xc5, 0x28, 0xe5, 0x28, 0xc5, 0x30, 0xc5, 0x30,
    0xe6, 0x30, 0xe6, 0x30, 0xe6, 0x30, 0xc6, 0x30, 0xe7, 0x38, 0xe7, 0x38, 0xe7, 0x38, 0xe7, 0x38,
    0xe7, 0x30, 0x08, 0x39, 0xe7, 0x38, 0x07, 0x39, 0xe8, 0x38, 0x09, 0x41, 0x6c, 0x61, 0x76, 0xba,
    0xfc, 0xe2, 0x1f, 0xfb, 0x1f, 0xfb, 0x3f, 0xfb, 0x5f, 0xfb, 0x1f, 0xfb, 0x5f, 0xfb, 0x1f, 0xfb,
    0x1f, 0xfb, 0x5f, 0xfb, 0xfc, 0xe2, 0x14, 0xa2, 0x4c, 0x61, 0x08, 0x41, 0x07, 0x41, 0x07, 0x39,
    0x07, 0x39, 0xe7, 0x38, 0x07, 0x39, 0xe7, 0x38, 0xe6, 0x38, 0xe6, 0x30, 0xe6, 0x30, 0xe6, 0x30,
    0xe6, 0x30, 0xe6, 0x30, 0xe6, 0x30, 0xe6, 0x30, 0xc5, 0x30, 0xc5, 0x28, 0xc5, 0x28, 0xa5, 0x28,
    0xc5, 0x28, 0xa5, 0x28, 0xa5, 0x20, 0xa4, 0x20, 0xa4, 0x20, 0xa4, 0x20, 0xa4, 0x20, 0xa4, 0x20,
    0xa4, 0x20, 0xa4, 0x20, 0xa4, 0x18, 0xa3, 0x18, 0xa3, 0x18, 0xa3, 0x18, 0xa3, 0x18, 0x83, 0x10,
    0xa2, 0x18, 0xa2, 0x18, 0x82, 0x18, 0x82, 0x18, 0x82, 0x10, 0x82, 0x10, 0x82, 0x10, 0x82, 0x10,
    0x82, 0x10, 0x61, 0x08, 0x61, 0x08, 0x61, 0x08, 0x61, 0x08, 0x61, 0x08, 0x82, 0x10, 0x82, 0x10,
    0x82, 0x10, 0x82, 0x10, 0x82, 0x10, 0x82, 0x10, 0x82, 0x10, 0x82, 0x10, 0x82, 0x10, 0x82, 0x10,
    0x82, 0x10, 0x82, 0x10, 0x82, 0x10, 0x82, 0x10, 0x82, 0x10, 0x82, 0x10, 0x82, 0x10, 0x82, 0x10,
    0x82, 0x10, 0x82, 0x10, 0x82, 0x10, 0x82, 0x10, 0x82, 0x10, 0x82, 0x10, 0x82, 0x10, 0x82, 0x10,
    0x82, 0x10, 0x82, 0x10, 0x82, 0x10, 0x61, 0x08, 0x61, 0x08, 0x61, 0x08, 0x61, 0x08, 0x82, 0x10,
    0x82, 0x10, 0x82, 0x10, 0x83, 0x10, 0x83, 0x10, 0x83, 0x10, 0xa3, 0x18, 0xa3, 0x18, 0xa4, 0x18,
    0xa4, 0x20, 0xa4, 0x20, 0xa4, 0x20, 0xc5, 0x28, 0xc5, 0x28, 0xc5, 0x30, 0xe6, 0x30, 0xe6, 0x30,
    0xc6, 0x30, 0xc6, 0x38, 0xe7, 0x38, 0x08, 0x41, 0xe7, 0x38, 0x4b, 0x59, 0x13, 0x9a, 0xba, 0xd2,
    0x1f, 0xfb, 0x1f, 0xfb, 0x1f, 0xfb, 0x5f, 0xfb, 0x1f, 0xfb, 0x5f, 0xfb, 0xff, 0xfa, 0x1f, 0xfb,
    0xfd, 0xea, 0x77, 0xba, 0xb0, 0x79, 0x4a, 0x51, 0x4a, 0x51, 0x2a, 0x51, 0x2a, 0x49, 0x2a, 0x49,
    0x2a, 0x51, 0x2a, 0x51, 0x2a, 0x51, 0x2a, 0x51, 0x2a, 0x51, 0x2a, 0x51, 0x2a, 0x51, 0x2a, 0x51,
    0x0a, 0x49, 0x2a, 0x51, 0x2a, 0x49, 0x2a, 0x49, 0x2a, 0x51, 0x4a, 0x51, 0x2a, 0x51, 0x4a, 0x49,
    0x4a, 0x51, 0x4b, 0x59, 0x13, 0x9a, 0x99, 0xc2, 0x1e, 0xf3, 0x1f, 0xfb, 0x5f, 0xfb, 0x1f, 0xfb,
    0x5f, 0xfb, 0xff, 0xfa, 0x5f, 0xfb, 0x1f, 0xfb, 0x1e, 0xf3, 0x78, 0xc2, 0xb0, 0x89, 0x4a, 0x51,
    0xe7, 0x40, 0x08, 0x41, 0x08, 0x41, 0x08, 0x41, 0x08, 0x41, 0xe7, 0x38, 0xe7, 0x38, 0xe7, 0x38,
    0xe6, 0x30, 0xe6, 0x30, 0xe6, 0x30, 0xe6, 0x30, 0xc6, 0x30, 0xc5, 0x28, 0xc5, 0x28, 0xc5, 0x28,
    0xc5, 0x28, 0xc5, 0x28, 0xc5, 0x28, 0xa4, 0x20, 0xa4, 0x20, 0xa4, 0x20, 0xa4, 0x20, 0xa4, 0x20,
    0xa3, 0x20, 0xa4, 0x20, 0xa4, 0x20, 0xa3, 0x18, 0x83, 0x18, 0x83, 0x18, 0x83, 0x18, 0x83, 0x18,
    0x83, 0x18, 0x83, 0x18, 0x83, 0x18, 0x83, 0x18, 0x83, 0x18, 0x83, 0x18, 0x83, 0x18, 0x83, 0x18,
    0x83, 0x18, 0xa3, 0x18, 0xa4, 0x20, 0xa4, 0x18, 0xa4, 0x20, 0xa4, 0x20, 0xa4, 0x20, 0xa4, 0x20,
    0xa4, 0x20, 0xa4, 0x20, 0xa5, 0x20, 0xc5, 0x28, 0xc5, 0x28, 0xc5, 0x28, 0xc5, 0x28, 0xc5, 0x28,
    0xe5, 0x28, 0xc5, 0x30, 0xc5, 0x30, 0xe6, 0x30, 0xe6, 0x30, 0xc6, 0x30, 0xe7, 0x38, 0xe7, 0x38,
    0xe6, 0x38, 0xe7, 0x30, 0xe7, 0x38, 0xe7, 0x38, 0x07, 0x39, 0x07, 0x39, 0x08, 0x41, 0xe8, 0x40,
    0x6b, 0x61, 0xf2, 0x89, 0x99, 0xca, 0x1f, 0xfb, 0x5f, 0xfb, 0x1f, 0xfb, 0xff, 0xfa, 0x5f, 0xfb,
    0x5f, 0xfb, 0x1f, 0xfb, 0x1f, 0xfb, 0x1f, 0xfb, 0xfd, 0xe2, 0x77, 0xba, 0xd0, 0x81, 0x0a, 0x51,
    0xe8, 0x40, 0xe7, 0x38, 0xe7, 0x38, 0x07, 0x41, 0x08, 0x39, 0xe7, 0x38, 0xe7, 0x38, 0xe7, 0x38,
    0xe6, 0x38, 0xc6, 0x30, 0xe6, 0x30, 0xe6, 0x30, 0xe6, 0x30, 0xe6, 0x30, 0xc5, 0x30, 0xc5, 0x30,
    0xc5, 0x28, 0xa5, 0x28, 0xc5, 0x28, 0xc5, 0x28, 0xc5, 0x28, 0xa4, 0x28, 0xa4, 0x20, 0xa5, 0x20,
    0xa3, 0x20, 0xa4, 0x20, 0xa4, 0x20, 0xa4, 0x18, 0xa3, 0x18, 0xa3, 0x18, 0xa3, 0x18, 0xa3, 0x18,
    0x83, 0x10, 0x83, 0x10, 0x83, 0x10, 0x83, 0x10, 0x83, 0x10, 0x82, 0x10, 0x82, 0x10, 0x82, 0x10,
    0x82, 0x10, 0x82, 0x10, 0x82, 0x10, 0x61, 0x08, 0x82, 0x10, 0x61, 0x08, 0x61, 0x08, 0x61, 0x08,
    0x61, 0x08, 0x82, 0x10, 0x82, 0x10, 0x82, 0x10, 0x82, 0x10, 0x82, 0x10, 0x82, 0x10, 0x82, 0x10,
    0x82, 0x10, 0x82, 0x10, 0x82, 0x10, 0x82, 0x10, 0x82, 0x10, 0x82, 0x10, 0x82, 0x10, 0x82, 0x10,
    0x82, 0x10, 0x82, 0x10, 0x82, 0x10, 0x82, 0x10, 0x82, 0x10, 0x82, 0x10, 0x82, 0x10, 0x82, 0x10,
    0x82, 0x10, 0x82, 0x10, 0x82, 0x10, 0x61, 0x08, 0x61, 0x08, 0x61, 0x08, 0x82, 0x10, 0x82, 0x10,
    0x82, 0x10, 0x83, 0x10, 0x83, 0x10, 0x83, 0x10, 0x83, 0x18, 0xa3, 0x18, 0xa4, 0x18, 0xa4, 0x18,
    0xa4, 0x20, 0xa4, 0x20, 0xa4, 0x28, 0xc5, 0x28, 0xc5, 0x28, 0xe7, 0x38, 0xe5, 0x28, 0xe6, 0x30,
    0xe7, 0x38, 0x07, 0x39, 0xe7, 0x38, 0x2b, 0x59, 0x14, 0xa2, 0xfd, 0xea, 0x3f, 0xfb, 0x1f, 0xfb,
    0x1f, 0xfb, 0x5f, 0xfb, 0x1f, 0xfb, 0x3f, 0xfb, 0x5f, 0xfb, 0x1f, 0xfb, 0xfd, 0xe2, 0x77, 0xba,
    0x6d, 0x61, 0x49, 0x49, 0x2a, 0x51, 0x2a, 0x49, 0x2a, 0x49, 0x4a, 0x49, 0x2a, 0x51, 0x0a, 0x51,
    0x2a, 0x51, 0x2a, 0x51, 0x2a, 0x51, 0x2a, 0x51, 0x2a, 0x51, 0x2a, 0x51, 0x4a, 0x51, 0x4a, 0x51,
    0x4a, 0x51, 0x0a, 0x49, 0x0a, 0x49, 0x2a, 0x51, 0x0a, 0x49, 0x0a, 0x51, 0x2a, 0x51, 0x4b, 0x59,
    0x13, 0x9a, 0x1c, 0xe3, 0x1f, 0xfb, 0x5f, 0xfb, 0x1f, 0xfb, 0x5f, 0xfb, 0x5f, 0xfb, 0x1f, 0xfb,
    0x3f, 0xfb, 0x5f, 0xfb, 0x1f, 0xfb, 0x78, 0xc2, 0x8d, 0x71, 0x08, 0x39, 0x08, 0x41, 0x08, 0x41,
    0xe8, 0x40, 0xe7, 0x40, 0x07, 0x39, 0x07, 0x39, 0xe7, 0x38, 0xe7, 0x38, 0xe7, 0x38, 0xe7, 0x38,
    0xe6, 0x30, 0xe6, 0x30, 0xe6, 0x30, 0xc5, 0x30, 0xe5, 0x28, 0xe5, 0x28, 0xc5, 0x28, 0xc5, 0x28,
    0xc5, 0x28, 0xa4, 0x28, 0xa4, 0x20, 0xa4, 0x20, 0xa4, 0x20, 0xa4, 0x20, 0xa3, 0x18, 0xa3, 0x18,
    0x83, 0x18, 0x83, 0x18, 0xa3, 0x20, 0x83, 0x18, 0x83, 0x18, 0x83, 0x18, 0x83, 0x18, 0x83, 0x18,
    0x83, 0x18, 0x83, 0x18, 0x83, 0x18, 0x83, 0x18, 0x83, 0x18, 0x83, 0x18, 0x83, 0x18, 0x83, 0x18,
    0x83, 0x18, 0x83, 0x18, 0x83, 0x18, 0xa3, 0x18, 0xa3, 0x18, 0xa4, 0x18, 0xa4, 0x20, 0xa4, 0x20,
    0xa4, 0x20, 0xa4, 0x20, 0xa4, 0x20, 0xa4, 0x20, 0xa4, 0x20, 0xa5, 0x20, 0xc5, 0x28, 0xc5, 0x28,
    0xc5, 0x28, 0xc5, 0x28, 0xe5, 0x28, 0xc5, 0x30, 0xc5, 0x30, 0xe6, 0x30, 0xe6, 0x30, 0xe6, 0x30,
    0xe6, 0x30, 0xe6, 0x30, 0xe7, 0x30, 0xe7, 0x38, 0xe7, 0x30, 0xe7, 0x38, 0x08, 0x41, 0x07, 0x41,
    0x08, 0x41, 0x08, 0x41, 0x08, 0x41, 0x8e, 0x71, 0x98, 0xba, 0xfe, 0xfa, 0x1f, 0xfb, 0x1f, 0xfb,
    0x1f, 0xfb, 0x3f, 0xfb, 0x5f, 0xfb, 0x1f, 0xfb, 0x1f, 0xfb, 0x1f, 0xfb, 0x1f, 0xfb, 0xfc, 0xe2,
    0x13, 0x9a, 0x29, 0x51, 0x08, 0x41, 0x07, 0x41, 0xe8, 0x40, 0x07, 0x41, 0xe7, 0x38, 0xe7, 0x30,
    0xe7, 0x30, 0xe6, 0x30, 0xe7, 0x38, 0xe7, 0x38, 0xc6, 0x30, 0xe6, 0x30, 0xe6, 0x30, 0xe6, 0x30,
    0xe6, 0x30, 0xc5, 0x30, 0xc5, 0x28, 0xa5, 0x28, 0xa5, 0x28, 0xc5, 0x28, 0xc5, 0x28, 0xa4, 0x28,
    0xa4, 0x28, 0xa4, 0x28, 0xa4, 0x20, 0xa4, 0x20, 0xa4, 0x20, 0xa4, 0x18, 0xa4, 0x18, 0xa4, 0x18,
    0xa3, 0x18, 0x83, 0x18, 0x83, 0x10, 0x83, 0x10, 0x83, 0x10, 0x83, 0x10, 0x83, 0x10, 0x83, 0x10,
    0x82, 0x10, 0x82, 0x10, 0x82, 0x10, 0x61, 0x08, 0x61, 0x08, 0x61, 0x08, 0x61, 0x08, 0x61, 0x08,
    0x61, 0x08, 0x82, 0x10, 0x82, 0x10, 0x82, 0x10, 0x82, 0x10, 0x82, 0x10, 0x82, 0x10, 0x82, 0x10,
    0x82, 0x10, 0x82, 0x10, 0x82, 0x10, 0x82, 0x10, 0x82, 0x10, 0x82, 0x10, 0x82, 0x10, 0x82, 0x10,
    0x82, 0x10, 0x82, 0x10, 0x82, 0x10, 0x82, 0x10, 0x82, 0x10, 0x82, 0x10, 0x82, 0x10, 0x82, 0x10,
    0x82, 0x10, 0x82, 0x10, 0x82, 0x10, 0x82, 0x10, 0x61, 0x08, 0x61, 0x08, 0x82, 0x10, 0x82, 0x10,
    0x82, 0x10, 0x83, 0x10, 0x83, 0x10, 0x83, 0x18, 0xa3, 0x18, 0xa4, 0x18, 0xa4, 0x18, 0xa4, 0x20,
    0xa4, 0x20, 0xa4, 0x28, 0xc5, 0x28, 0xe5, 0x28, 0xc5, 0x30, 0xc6, 0x30, 0xc6, 0x30, 0xe7, 0x38,
    0x08, 0x41, 0x8d, 0x61, 0x14, 0xa2, 0xdc, 0xe2, 0x3f, 0xfb, 0x1f, 0xfb, 0x5f, 0xfb, 0x5f, 0xfb,
    0x1f, 0xfb, 0x1f, 0xfb, 0x5f, 0xfb, 0x1f, 0xfb, 0xdc, 0xe2, 0x14, 0xa2, 0x8e, 0x71, 0x0a, 0x51,
    0x2a, 0x51, 0x2a, 0x49, 0x2a, 0x49, 0x2a, 0x51, 0x4a, 0x51, 0x4a, 0x51, 0x4a, 0x51, 0x2a, 0x59,
    0x2a, 0x59, 0x4a, 0x51, 0x4a, 0x51, 0x4a, 0x51, 0x4a, 0x51, 0x4a, 0x51, 0x4a, 0x51, 0x4a, 0x51,
    0x2a, 0x49, 0x2a, 0x49, 0x2a, 0x51, 0x0a, 0x51, 0x0a, 0x51, 0x8e, 0x71, 0x35, 0xa2, 0xdc, 0xe2,
    0x1f, 0xfb, 0x5f, 0xfb, 0x1f, 0xfb, 0x1f, 0xfb, 0x5f, 0xfb, 0x5f, 0xfb, 0x3f, 0xfb, 0x3f, 0xfb,
    0xfd, 0xe2, 0x56, 0xb2, 0x8d, 0x71, 0x09, 0x49, 0x08, 0x41, 0x08, 0x41, 0x08, 0x41, 0x07, 0x41,
    0xe7, 0x38, 0x08, 0x39, 0xe7, 0x38, 0xe7, 0x38, 0xe7, 0x38, 0xc6, 0x30, 0xe6, 0x30, 0xe6, 0x30,
    0xe6, 0x30, 0xe5, 0x28, 0xe5, 0x28, 0xc5, 0x28, 0xc5, 0x28, 0xc5, 0x28, 0xa5, 0x20, 0xa4, 0x20,
    0xa4, 0x20, 0xa4, 0x20, 0xa4, 0x20, 0xa4, 0x20, 0xa4, 0x18, 0xa3, 0x18, 0x83, 0x18, 0xa3, 0x18,
    0x83, 0x18, 0x83, 0x18, 0x83, 0x18, 0x83, 0x18, 0x83, 0x18, 0x83, 0x18, 0x83, 0x10, 0x83, 0x10,
    0x83, 0x10, 0x83, 0x10, 0x83, 0x10, 0x83, 0x10, 0x83, 0x10, 0x83, 0x10, 0x83, 0x10, 0x83, 0x10,
    0xa3, 0x18, 0x83, 0x10, 0x83, 0x18, 0x83, 0x18, 0x83, 0x18, 0xa3, 0x18, 0xa3, 0x18, 0xa4, 0x18,
    0xa4, 0x18, 0xa4, 0x18, 0xa4, 0x18, 0xa4, 0x18, 0xa4, 0x20, 0xa4, 0x20, 0xa5, 0x20, 0xa5, 0x20,
    0xc5, 0x28, 0xc5, 0x28, 0xc5, 0x28, 0xc5, 0x28, 0xc5, 0x28, 0xc5, 0x30, 0xe6, 0x30, 0xe6, 0x30,
    0xc6, 0x30, 0xe6, 0x30, 0xc6, 0x30, 0xe6, 0x30, 0xe7, 0x38, 0xe7, 0x38, 0x07, 0x39, 0xe7, 0x38,
    0x07, 0x41, 0x07, 0x39, 0x07, 0x41, 0xe7, 0x40, 0xe8, 0x40, 0x6d, 0x69, 0x14, 0xa2, 0x9a, 0xd2,
    0xfe, 0xfa, 0x3f, 0xfb, 0x5f, 0xfb, 0x1f, 0xfb, 0x5f, 0xfb, 0xff, 0xfa, 0xff, 0xfa, 0xff, 0xfa,
    0x1f, 0xfb, 0xfc, 0xe2, 0x35, 0xaa, 0x8e, 0x71, 0x0a, 0x49, 0x08, 0x41, 0x07, 0x39, 0x07, 0x41,
    0xe7, 0x38, 0xe6, 0x38, 0x07, 0x39, 0x07, 0x39, 0xe7, 0x38, 0xe7, 0x38, 0xe6, 0x30, 0xe6, 0x30,
    0xc6, 0x30, 0xe6, 0x30, 0xc5, 0x30, 0xc5, 0x30, 0xc5, 0x28, 0xe5, 0x28, 0xe5, 0x28, 0xc5, 0x28,
    0xc5, 0x28, 0xa4, 0x28, 0xa4, 0x28, 0xa4, 0x20, 0xa4, 0x20, 0xa4, 0x20, 0xa4, 0x20, 0xa4, 0x20,
    0xa3, 0x18, 0xa3, 0x18, 0xa3, 0x18, 0x83, 0x18, 0x83, 0x10, 0x83, 0x18, 0x83, 0x10, 0x83, 0x10,
    0x83, 0x10, 0x82, 0x10, 0x82, 0x10, 0x82, 0x10, 0x61, 0x08, 0x61, 0x08, 0x61, 0x08, 0x61, 0x08,
    0x61, 0x08, 0x82, 0x10, 0x82, 0x10, 0x82, 0x10, 0x82, 0x10, 0x82, 0x10, 0x82, 0x10, 0x82, 0x10,
    0x82, 0x10, 0x82, 0x10, 0x82, 0x10, 0x82, 0x10, 0x82, 0x10, 0x82, 0x10, 0x82, 0x10, 0x82, 0x10,
    0x82, 0x10, 0x82, 0x10, 0x82, 0x10, 0x82, 0x10, 0x82, 0x10, 0x82, 0x10, 0x82, 0x10, 0x82, 0x10,
    0x82, 0x10, 0x82, 0x10, 0x82, 0x10, 0x61, 0x08, 0x82, 0x10, 0x82, 0x10, 0x82, 0x10, 0x82, 0x10,
    0x82, 0x10, 0x83, 0x10, 0x83, 0x10, 0x83, 0x18, 0x83, 0x18, 0xa4, 0x18, 0xa4, 0x20, 0xa4, 0x20,
    0xa4, 0x20, 0xa4, 0x28, 0xc5, 0x28, 0xe5, 0x28, 0xe6, 0x30, 0xc6, 0x30, 0xe6, 0x30, 0xe8, 0x38,
    0xf2, 0x91, 0xfd, 0xea, 0x1f, 0xfb, 0x1f, 0xfb, 0x1f, 0xfb, 0x5f, 0xfb, 0x1f, 0xfb, 0x3f, 0xfb,
    0xff, 0xfa, 0x1f, 0xfb, 0xfc, 0xda, 0xf3, 0x99, 0x6d, 0x61, 0x2a, 0x59, 0x2b, 0x51, 0x0a, 0x49,
    0x29, 0x51, 0x29, 0x51, 0x4a, 0x51, 0x49, 0x49, 0x4a, 0x49, 0x4a, 0x51, 0x4a, 0x51, 0x4a, 0x49,
    0x4a, 0x51, 0x4a, 0x51, 0x4a, 0x51, 0x4a, 0x51, 0x4a, 0x51, 0x4a, 0x51, 0x4a, 0x51, 0x4a, 0x51,
    0x2a, 0x49, 0x6a, 0x51, 0x2a, 0x49, 0x6c, 0x61, 0x77, 0xba, 0xfd, 0xea, 0x3f, 0xfb, 0x1f, 0xfb,
    0x1f, 0xfb, 0x1f, 0xfb, 0x5f, 0xfb, 0x3f, 0xfb, 0x1f, 0xfb, 0x1f, 0xfb, 0xfd, 0xea, 0x15, 0xaa,
    0x4c, 0x69, 0x09, 0x49, 0xe7, 0x40, 0x07, 0x41, 0x07, 0x39, 0x08, 0x41, 0x07, 0x39, 0x07, 0x39,
    0xe7, 0x38, 0xe7, 0x38, 0xe6, 0x30, 0xe6, 0x30, 0xe6, 0x30, 0xe6, 0x30, 0xe6, 0x30, 0xc5, 0x30,
    0xe5, 0x28, 0xc5, 0x28, 0xc5, 0x28, 0xc5, 0x28, 0xc5, 0x28, 0xa5, 0x20, 0xa4, 0x20, 0xa4, 0x20,
    0xa4, 0x20, 0xa4, 0x20, 0xa4, 0x20, 0xa4, 0x18, 0xa3, 0x18, 0xa3, 0x18, 0xa3, 0x18, 0x83, 0x10,
    0xa3, 0x18, 0x83, 0x10, 0x83, 0x10, 0x83, 0x10, 0x83, 0x10, 0x83, 0x10, 0x83, 0x10, 0x83, 0x10,
    0x83, 0x10, 0x83, 0x10, 0x83, 0x10, 0x83, 0x10, 0x83, 0x10, 0x83, 0x10, 0x83, 0x10, 0x83, 0x10,
    0x83, 0x10, 0x83, 0x10, 0x83, 0x10, 0x83, 0x10, 0x83, 0x10, 0x83, 0x18, 0x83, 0x18, 0xa3, 0x18,
    0x83, 0x18, 0xa3, 0x18, 0xa4, 0x18, 0xa4, 0x18, 0xa4, 0x20, 0xa4, 0x20, 0xa4, 0x20, 0xa4, 0x20,
    0xa5, 0x20, 0xc5, 0x28, 0xa4, 0x28, 0xc5, 0x28, 0xc5, 0x28, 0xc5, 0x28, 0xc5, 0x28, 0xc5, 0x30,
    0xe6, 0x30, 0xe6, 0x30, 0xc5, 0x30, 0xe6, 0x30, 0xc6, 0x30, 0xe6, 0x30, 0xe7, 0x38, 0xe7, 0x38,
    0xe7, 0x30, 0xe7, 0x38, 0x07, 0x39, 0x07, 0x39, 0x08, 0x41, 0x08, 0x41, 0x08, 0x41, 0x2a, 0x51,
    0xae, 0x79, 0x99, 0xca, 0x3e, 0xf3, 0x1f, 0xfb, 0x5f, 0xfb, 0x1f, 0xfb, 0x1f, 0xfb, 0x5f, 0xfb,
    0x1f, 0xfb, 0x5f, 0xfb, 0x3f, 0xfb, 0xfe, 0xfa, 0x99, 0xca, 0xd1, 0x89, 0x09, 0x49, 0xe7, 0x38,
    0x08, 0x41, 0x08, 0x41, 0x08, 0x39, 0x08, 0x39, 0x07, 0x39, 0xe7, 0x38, 0xe7, 0x38, 0xe7, 0x38,
    0xe6, 0x38, 0xc6, 0x30, 0xe6, 0x30, 0xc6, 0x30, 0xc5, 0x30, 0xe6, 0x30, 0xe5, 0x28, 0xe5, 0x28,
    0xc5, 0x28, 0xc5, 0x28, 0xa4, 0x28, 0xa5, 0x20, 0xc4, 0x20, 0xa4, 0x20, 0xa4, 0x20, 0xa4, 0x20,
    0xa4, 0x18, 0xa4, 0x18, 0xa3, 0x18, 0x83, 0x18, 0xa3, 0x18, 0x83, 0x18, 0x83, 0x10, 0x83, 0x10,
    0x83, 0x10, 0x83, 0x10, 0x83, 0x10, 0x82, 0x10, 0x82, 0x10, 0x61, 0x08, 0x61, 0x08, 0x61, 0x08,
    0x61, 0x08, 0x82, 0x10, 0x82, 0x10, 0x82, 0x10, 0x82, 0x10, 0x82, 0x10, 0x82, 0x10, 0x82, 0x10,
    0x82, 0x10, 0x82, 0x10, 0x82, 0x10, 0x82, 0x10, 0x82, 0x10, 0x82, 0x10, 0x82, 0x10, 0x82, 0x10,
    0x82, 0x10, 0x82, 0x10, 0x82, 0x10, 0x82, 0x10, 0x82, 0x10, 0x82, 0x10, 0x82, 0x10, 0x82, 0x10,
    0x82, 0x10, 0x82, 0x10, 0x82, 0x10, 0x61, 0x08, 0x61, 0x08, 0x61, 0x08, 0x82, 0x10, 0x82, 0x10,
    0x82, 0x10, 0x83, 0x10, 0x83, 0x10, 0xa3, 0x18, 0xa4, 0x18, 0xa4, 0x20, 0xa4, 0x20, 0xa4, 0x20,
    0xc5, 0x28, 0xc5, 0x28, 0xc5, 0x28, 0xe6, 0x30, 0xe6, 0x30, 0xe6, 0x30, 0xe7, 0x30, 0xb0, 0x79,
    0xfd, 0xea, 0x1f, 0xfb, 0x5f, 0xfb, 0x5f, 0xfb, 0x3f, 0xfb, 0x5f, 0xfb, 0x1f, 0xfb, 0x1f, 0xfb,
    0xba, 0xd2, 0x13, 0xa2, 0x4c, 0x61, 0x2a, 0x49, 0x2a, 0x51, 0x0a, 0x49, 0x2a, 0x51, 0x2a, 0x51,
    0x2a, 0x51, 0x2a, 0x51, 0x4a, 0x51, 0x4a, 0x51, 0x4a, 0x51, 0x2a, 0x51, 0x4a, 0x51, 0x4a, 0x51,
    0x4a, 0x51, 0x4a, 0x51, 0x4a, 0x51, 0x4a, 0x51, 0x4a, 0x51, 0x4a, 0x51, 0x4a, 0x51, 0x2a, 0x51,
    0x6c, 0x59, 0xb0, 0x79, 0x76, 0xba, 0xfd, 0xf2, 0x1f, 0xfb, 0x1f, 0xfb, 0x1f, 0xfb, 0x1f, 0xfb,
    0x1f, 0xfb, 0x5f, 0xfb, 0x1f, 0xfb, 0x1f, 0xfb, 0xdb, 0xda, 0x14, 0xa2, 0x6b, 0x61, 0x08, 0x41,
    0x08, 0x41, 0x08, 0x41, 0x07, 0x41, 0x07, 0x41, 0x07, 0x39, 0xe7, 0x38, 0xe7, 0x38, 0xe6, 0x30,
    0xe6, 0x30, 0xe6, 0x30, 0xe6, 0x30, 0xe6, 0x30, 0xc5, 0x30, 0xe5, 0x28, 0xe5, 0x28, 0xc5, 0x28,
    0xa5, 0x20, 0xa5, 0x20, 0xa5, 0x20, 0xa4, 0x20, 0xa4, 0x20, 0xa4, 0x20, 0xa4, 0x20, 0xa4, 0x20,
    0xa4, 0x20, 0xa4, 0x18, 0xa4, 0x18, 0xa3, 0x18, 0x83, 0x18, 0x83, 0x18, 0x83, 0x18, 0x83, 0x18,
    0x83, 0x10, 0x82, 0x10, 0x82, 0x10, 0x82, 0x10, 0x82, 0x10, 0x82, 0x10, 0x82, 0x10, 0x82, 0x10,
    0x82, 0x10, 0x82, 0x10, 0x82, 0x10, 0x82, 0x10, 0x82, 0x10, 0x82, 0x10, 0x82, 0x10, 0x82, 0x10,
    0x82, 0x10, 0x82, 0x10, 0x82, 0x10, 0x83, 0x10, 0x83, 0x10, 0x83, 0x10, 0x83, 0x10, 0x83, 0x18,
    0x83, 0x18, 0x83, 0x18, 0xa3, 0x18, 0xa3, 0x18, 0xa3, 0x18, 0xa4, 0x20, 0xa4, 0x20, 0xa4, 0x20,
    0xa4, 0x20, 0xa4, 0x20, 0xa4, 0x20, 0xa4, 0x20, 0xa4, 0x28, 0xa5, 0x20, 0xc4, 0x28, 0xc5, 0x28,
    0xc5, 0x28, 0xc5, 0x28, 0xe5, 0x28, 0xc5, 0x30, 0xe6, 0x30, 0xe6, 0x30, 0xe6, 0x30, 0xe6, 0x30,
    0xe7, 0x38, 0xe7, 0x38, 0xe7, 0x38, 0xe7, 0x38, 0xe7, 0x38, 0xe7, 0x38, 0x08, 0x41, 0x08, 0x41,
    0x08, 0x41, 0x09, 0x49, 0x8e, 0x71, 0x56, 0xb2, 0xdc, 0xe2, 0x3f, 0xfb, 0x5f, 0xfb, 0x5f, 0xfb,
    0x1f, 0xfb, 0x5f, 0xfb, 0xff, 0xfa, 0x1f, 0xfb, 0x5f, 0xfb, 0x1f, 0xfb, 0xdc, 0xe2, 0x14, 0xa2,
    0x6c, 0x61, 0x09, 0x49, 0x08, 0x41, 0x08, 0x41, 0x08, 0x41, 0x08, 0x41, 0x07, 0x39, 0xe7, 0x38,
    0xe7, 0x38, 0xe6, 0x38, 0x07, 0x39, 0xe7, 0x38, 0xc6, 0x30, 0xe6, 0x30, 0xe6, 0x30, 0xe6, 0x30,
    0xc5, 0x30, 0xc5, 0x28, 0xc5, 0x28, 0xc5, 0x28, 0xc5, 0x28, 0xa4, 0x28, 0xa4, 0x28, 0xa4, 0x28,
    0xa4, 0x20, 0xa4, 0x20, 0xa4, 0x20, 0xa3, 0x18, 0xa3, 0x18, 0xa3, 0x18, 0xa3, 0x18, 0x83, 0x18,
    0x83, 0x10, 0x83, 0x10, 0x83, 0x10, 0x82, 0x10, 0x82, 0x10, 0x82, 0x10, 0x82, 0x10, 0x82, 0x10,
    0x61, 0x08, 0x61, 0x08, 0x61, 0x08, 0x61, 0x08, 0x61, 0x08, 0x61, 0x08, 0x82, 0x10, 0x82, 0x10,
    0x82, 0x10, 0x82, 0x10, 0x82, 0x10, 0x82, 0x10, 0x82, 0x10, 0x82, 0x10, 0x82, 0x10, 0x82, 0x10,
    0x82, 0x10, 0x82, 0x10, 0x82, 0x10, 0x82, 0x10, 0x82, 0x10, 0x82, 0x10, 0x82, 0x10, 0x82, 0x10,
    0x82, 0x10, 0x82, 0x10, 0x82, 0x10, 0x61, 0x08, 0x61, 0x08, 0x61, 0x08, 0x82, 0x10, 0x82, 0x10,
    0x82, 0x10, 0x83, 0x10, 0x83, 0x18, 0xa3, 0x18, 0xa4, 0x18, 0xa4, 0x20, 0xa4, 0x20, 0xa5, 0x20,
    0xc5, 0x28, 0xc5, 0x28, 0xc5, 0x30, 0xe6, 0x30, 0xe6, 0x30, 0xe7, 0x38, 0x08, 0x39, 0x14, 0xa2,
    0x3f, 0xfb, 0x1f, 0xfb, 0x1f, 0xfb, 0x5f, 0xfb, 0xff, 0xfa, 0xfe, 0xfa, 0xba, 0xd2, 0xd1, 0x89,
    0x4c, 0x61, 0x4a, 0x51, 0x29, 0x49, 0x2a, 0x49, 0x2a, 0x51, 0x09, 0x51, 0x2a, 0x51, 0x2a, 0x51,
    0x2a, 0x51, 0x2a, 0x51, 0x4a, 0x51, 0x4a, 0x51, 0x4a, 0x51, 0x2a, 0x59, 0x4a, 0x51, 0x4a, 0x51,
    0x2a, 0x51, 0x49, 0x49, 0x4b, 0x59, 0x2a, 0x59, 0x29, 0x51, 0x4a, 0x51, 0x4a, 0x51, 0xd1, 0x81,
    0x99, 0xca, 0xfd, 0xea, 0x1f, 0xfb, 0x5f, 0xfb, 0x1f, 0xfb, 0xff, 0xfa, 0x1f, 0xfb, 0x1f, 0xfb,
    0x3f, 0xfb, 0x1f, 0xfb, 0xda, 0xd2, 0xf2, 0x89, 0x4a, 0x51, 0x29, 0x49, 0xe8, 0x40, 0x08, 0x41,
    0x08, 0x41, 0xe7, 0x38, 0xe7, 0x38, 0x07, 0x39, 0xe7, 0x38, 0xe7, 0x38, 0xe7, 0x38, 0xe6, 0x30,
    0xe6, 0x30, 0xe6, 0x30, 0xc5, 0x30, 0xe5, 0x28, 0xe5, 0x28, 0xc5, 0x28, 0xc5, 0x28, 0xc5, 0x28,
    0xa5, 0x20, 0xa5, 0x20, 0xa4, 0x20, 0x84, 0x20, 0xa4, 0x20, 0xa3, 0x20, 0xa4, 0x18, 0xa4, 0x18,
    0xa3, 0x18, 0xa3, 0x18, 0xa3, 0x18, 0x83, 0x18, 0x83, 0x10, 0x83, 0x10, 0x83, 0x10, 0x83, 0x10,
    0x82, 0x10, 0x82, 0x10, 0x82, 0x10, 0x82, 0x10, 0x83, 0x10, 0x82, 0x10, 0x82, 0x10, 0x82, 0x10,
    0x82, 0x10, 0x82, 0x10, 0x61, 0x08, 0x82, 0x10, 0x82, 0x10, 0x82, 0x10, 0x82, 0x10, 0x82, 0x10,
    0x82, 0x10, 0x82, 0x10, 0x82, 0x10, 0x82, 0x10, 0x82, 0x10, 0x83, 0x10, 0x83, 0x10, 0x83, 0x10,
    0x83, 0x10, 0x83, 0x10, 0xa3, 0x18, 0xa3, 0x18, 0xa3, 0x18, 0xa3, 0x18, 0xa3, 0x18, 0xa4, 0x20,
    0xa4, 0x20, 0xa4, 0x20, 0xa4, 0x20, 0xa4, 0x20, 0xa4, 0x20, 0xa4, 0x20, 0xa4, 0x28, 0xa5, 0x20,
    0xc5, 0x28, 0xc5, 0x28, 0xc5, 0x28, 0xe5, 0x28, 0xe5, 0x28, 0xe5, 0x28, 0xe6, 0x30, 0xe6, 0x30,
    0xe6, 0x30, 0xe6, 0x30, 0xe6, 0x30, 0xe7, 0x38, 0xe7, 0x38, 0xe7, 0x38, 0x07, 0x39, 0x07, 0x41,
    0x08, 0x41, 0x08, 0x41, 0x07, 0x41, 0x09, 0x49, 0x4c, 0x61, 0xd2, 0x91, 0xba, 0xd2, 0x3e, 0xf3,
    0x5f, 0xfb, 0x5f, 0xfb, 0x3f, 0xfb, 0xff, 0xfa, 0xff, 0xfa, 0x1f, 0xfb, 0x3f, 0xfb, 0x3f, 0xfb,
    0xfd, 0xea, 0x78, 0xc2, 0xb0, 0x79, 0x09, 0x49, 0x07, 0x39, 0x08, 0x41, 0x08, 0x41, 0x07, 0x39,
    0x07, 0x39, 0x07, 0x41, 0x07, 0x39, 0xe6, 0x38, 0xc6, 0x38, 0xc6, 0x30, 0xe6, 0x30, 0xe6, 0x30,
    0xe6, 0x30, 0xc5, 0x30, 0xc5, 0x30, 0xc5, 0x28, 0xc5, 0x28, 0xc5, 0x28, 0xc5, 0x28, 0xc5, 0x28,
    0xa4, 0x20, 0xa4, 0x20, 0xa4, 0x20, 0xa4, 0x18, 0xa4, 0x18, 0xa3, 0x18, 0xa3, 0x18, 0xa3, 0x18,
    0x83, 0x10, 0x83, 0x10, 0x83, 0x10, 0x83, 0x10, 0x82, 0x10, 0x82, 0x10, 0x82, 0x10, 0x82, 0x10,
    0x61, 0x08, 0x61, 0x08, 0x61, 0x08, 0x61, 0x08, 0x61, 0x08, 0x61, 0x08, 0x82, 0x10, 0x82, 0x10,
    0x82, 0x10, 0x82, 0x10, 0x82, 0x10, 0x82, 0x10, 0x82, 0x10, 0x82, 0x10, 0x82, 0x10, 0x82, 0x10,
    0x82, 0x10, 0x82, 0x10, 0x82, 0x10, 0x82, 0x10, 0x82, 0x10, 0x82, 0x10, 0x82, 0x10, 0x82, 0x10,
    0x82, 0x10, 0x82, 0x10, 0x82, 0x10, 0x61, 0x08, 0x61, 0x08, 0x82, 0x10, 0x82, 0x10, 0x83, 0x10,
    0x83, 0x10, 0x83, 0x10, 0x83, 0x18, 0xa3, 0x18, 0xa4, 0x20, 0xa4, 0x20, 0xa4, 0x20, 0xc5, 0x20,
    0xc5, 0x28, 0xc5, 0x28, 0xc5, 0x30, 0xe6, 0x30, 0xe6, 0x30, 0xe7, 0x38, 0xe7, 0x38, 0x56, 0xb2,
    0x1f, 0xfb, 0x5f, 0xfb, 0x1f, 0xfb, 0x3f, 0xfb, 0x99, 0xca, 0xb0, 0x89, 0x29, 0x51, 0x6a, 0x51,
    0x2b, 0x51, 0x2a, 0x51, 0x09, 0x51, 0x2a, 0x49, 0x2a, 0x49, 0x4a, 0x51, 0x2a, 0x51, 0x2a, 0x51,
    0x2a, 0x51, 0x2a, 0x51, 0x4a, 0x51, 0x2a, 0x51, 0x4a, 0x51, 0x4a, 0x51, 0x4a, 0x51, 0x4a, 0x51,
    0x49, 0x49, 0x4a, 0x51, 0x4a, 0x51, 0x4a, 0x51, 0x6c, 0x61, 0xd1, 0x89, 0xba, 0xca, 0x3e, 0xf3,
    0x1f, 0xfb, 0x1f, 0xfb, 0x5f, 0xfb, 0x1f, 0xfb, 0x1f, 0xfb, 0x5f, 0xfb, 0x5f, 0xfb, 0x1e, 0xf3,
    0x99, 0xca, 0xf2, 0x99, 0x0a, 0x49, 0x09, 0x41, 0x08, 0x41, 0x08, 0x41, 0x08, 0x41, 0xe8, 0x38,
    0xe7, 0x38, 0xe7, 0x38, 0xe7, 0x38, 0xe6, 0x30, 0xe6, 0x30, 0xe6, 0x30, 0xe6, 0x30, 0xe6, 0x30,
    0xc5, 0x30, 0xc5, 0x30, 0xe5, 0x28, 0xc5, 0x28, 0xc5, 0x28, 0xc5, 0x28, 0xc5, 0x28, 0xc5, 0x20,
    0xa4, 0x20, 0xa4, 0x20, 0xa4, 0x20, 0xa4, 0x20, 0xa4, 0x20, 0xa4, 0x20, 0xa3, 0x18, 0x83, 0x18,
    0xa3, 0x18, 0x83, 0x18, 0x83, 0x18, 0x83, 0x10, 0x83, 0x10, 0x83, 0x10, 0x83, 0x10, 0x83, 0x10,
    0x83, 0x10, 0x82, 0x10, 0x82, 0x10, 0x82, 0x10, 0x82, 0x10, 0x82, 0x10, 0x82, 0x10, 0x82, 0x10,
    0x82, 0x10, 0x82, 0x10, 0x82, 0x10, 0x82, 0x10, 0x82, 0x10, 0x82, 0x10, 0x82, 0x10, 0x82, 0x10,
    0x82, 0x10, 0x82, 0x10, 0x82, 0x10, 0x82, 0x10, 0x82, 0x10, 0x83, 0x10, 0x83, 0x10, 0x83, 0x10,
    0x83, 0x10, 0x83, 0x10, 0x83, 0x10, 0x83, 0x10, 0x83, 0x10, 0x83, 0x18, 0xa3, 0x18, 0xa3, 0x20,
    0xa4, 0x20, 0xa4, 0x20, 0xa4, 0x20, 0xa4, 0x20, 0xa4, 0x18, 0xa4, 0x20, 0xa4, 0x20, 0xa4, 0x20,
    0xa5, 0x20, 0xa5, 0x20, 0xc5, 0x28, 0xc5, 0x28, 0xc5, 0x28, 0xc5, 0x28, 0xc5, 0x30, 0xc6, 0x30,
    0xe6, 0x30, 0xe6, 0x30, 0xe6, 0x30, 0xc6, 0x30, 0xe6, 0x38, 0xe7, 0x38, 0xe7, 0x38, 0xe7, 0x38,
    0xe7, 0x38, 0x08, 0x41, 0xe7, 0x40, 0x28, 0x41, 0x08, 0x41, 0x08, 0x41, 0x09, 0x49, 0xaf, 0x79,
    0x78, 0xc2, 0xfd, 0xf2, 0x3f, 0xfb, 0x5f, 0xfb, 0x1f, 0xfb, 0xff, 0xfa, 0x1f, 0xfb, 0x5f, 0xfb,
    0x3f, 0xfb, 0x5f, 0xfb, 0x1f, 0xfb, 0xba, 0xda, 0xd1, 0x89, 0x49, 0x49, 0x28, 0x49, 0x08, 0x41,
    0xe8, 0x40, 0x08, 0x41, 0x07, 0x39, 0x07, 0x39, 0x08, 0x41, 0xe7, 0x38, 0xe7, 0x38, 0xe7, 0x38,
    0xc6, 0x30, 0xe6, 0x30, 0xe6, 0x30, 0xe6, 0x30, 0xc5, 0x30, 0xc5, 0x30, 0xc5, 0x28, 0xc5, 0x28,
    0xa4, 0x28, 0xa4, 0x28, 0xa4, 0x20, 0xa4, 0x20, 0xa4, 0x20, 0xa4, 0x18, 0xa3, 0x18, 0xa3, 0x18,
    0xa3, 0x18, 0x83, 0x10, 0xa2, 0x18, 0x83, 0x10, 0x83, 0x10, 0x82, 0x10, 0x82, 0x10, 0x82, 0x10,
    0x82, 0x10, 0x61, 0x08, 0x61, 0x08, 0x61, 0x08, 0x61, 0x08, 0x61, 0x08, 0x82, 0x10, 0x82, 0x10,
    0x82, 0x10, 0x82, 0x10, 0x82, 0x10, 0x82, 0x10, 0x82, 0x10, 0x82, 0x10, 0x82, 0x10, 0x82, 0x10,
    0x82, 0x10, 0x82, 0x10, 0x82, 0x10, 0x82, 0x10, 0x82, 0x10, 0x82, 0x10, 0x82, 0x10, 0x82, 0x10,
    0x82, 0x10, 0x82, 0x10, 0x82, 0x10, 0x61, 0x08, 0x82, 0x10, 0x82, 0x10, 0x82, 0x10, 0x83, 0x10,
    0x83, 0x10, 0x83, 0x10, 0x83, 0x18, 0xa3, 0x18, 0xa4, 0x20, 0xa4, 0x20, 0xa4, 0x20, 0xa5, 0x20,
    0xc5, 0x28, 0xc5, 0x28, 0xe6, 0x30, 0xe6, 0x30, 0xe7, 0x38, 0xe8, 0x38, 0xe7, 0x40, 0x76, 0xba,
    0x1f, 0xfb, 0x5f, 0xfb, 0x1f, 0xfb, 0x3e, 0xf3, 0x6d, 0x69, 0x4a, 0x49, 0x2a, 0x49, 0x4a, 0x51,
    0x4a, 0x49, 0x09, 0x51, 0x29, 0x51, 0x0a, 0x49, 0x2a, 0x49, 0x2a, 0x49, 0x2a, 0x51, 0x2a, 0x51,
    0x2a, 0x51, 0x2a, 0x51, 0x4a, 0x51, 0x4a, 0x51, 0x4a, 0x51, 0x4a, 0x51, 0x4a, 0x51, 0x4a, 0x51,
    0x4a, 0x51, 0x4a, 0x51, 0x6c, 0x61, 0x13, 0x9a, 0xba, 0xd2, 0x1f, 0xfb, 0x3f, 0xfb, 0x5f, 0xfb,
    0x5f, 0xfb, 0x5f, 0xfb, 0x5f, 0xfb, 0x1f, 0xfb, 0x3f, 0xfb, 0x3e, 0xf3, 0x78, 0xc2, 0xb0, 0x79,
    0x2a, 0x59, 0x08, 0x41, 0x28, 0x41, 0x08, 0x41, 0x08, 0x41, 0x08, 0x41, 0x07, 0x39, 0xe7, 0x38,
    0xe7, 0x38, 0xc6, 0x30, 0xc6, 0x30, 0xc6, 0x30, 0xc6, 0x30, 0xc5, 0x30, 0xc5, 0x30, 0xe5, 0x28,
    0xc5, 0x28, 0xc5, 0x28, 0xc5, 0x28, 0xc5, 0x28, 0xa5, 0x20, 0xc4, 0x20, 0xa4, 0x20, 0xa4, 0x20,
    0xa4, 0x20, 0xa4, 0x18, 0xa4, 0x18, 0xa4, 0x18, 0x83, 0x18, 0xa3, 0x18, 0x83, 0x18, 0x83, 0x18,
    0x83, 0x10, 0x83, 0x10, 0x83, 0x10, 0x83, 0x10, 0x82, 0x10, 0x83, 0x10, 0x82, 0x10, 0x82, 0x10,
    0x82, 0x10, 0x61, 0x08, 0x61, 0x08, 0x61, 0x08, 0x61, 0x08, 0x61, 0x08, 0x61, 0x08, 0x61, 0x08,
    0x61, 0x08, 0x61, 0x08, 0x61, 0x08, 0x61, 0x08, 0x61, 0x08, 0x61, 0x08, 0x61, 0x08, 0x61, 0x08,
    0x61, 0x08, 0x61, 0x08, 0x82, 0x10, 0x82, 0x10, 0x82, 0x10, 0x82, 0x10, 0x82, 0x10, 0x82, 0x10,
    0x82, 0x10, 0x82, 0x10, 0x83, 0x10, 0x83, 0x10, 0x83, 0x10, 0x83, 0x10, 0x83, 0x10, 0x83, 0x18,
    0x83, 0x18, 0x83, 0x18, 0x83, 0x18, 0xa3, 0x18, 0xa3, 0x18, 0xa4, 0x18, 0xa4, 0x18, 0xa4, 0x20,
    0xa4, 0x20, 0xa4, 0x20, 0xa4, 0x20, 0xa5, 0x20, 0xc5, 0x28, 0xc5, 0x28, 0xc5, 0x28, 0xc5, 0x28,
    0xe5, 0x28, 0xc5, 0x30, 0xc5, 0x30, 0xe6, 0x30, 0xe6, 0x30, 0xe6, 0x30, 0xc6, 0x30, 0xe7, 0x38,
    0xe7, 0x38, 0xe7, 0x38, 0xe7, 0x38, 0xe8, 0x38, 0xe7, 0x38, 0x08, 0x41, 0xe7, 0x38, 0x08, 0x41,
    0x29, 0x49, 0x8d, 0x61, 0x13, 0xa2, 0xba, 0xda, 0x1f, 0xfb, 0x1f, 0xfb, 0x1f, 0xfb, 0x1f, 0xfb,
    0x1f, 0xfb, 0x5f, 0xfb, 0x5f, 0xfb, 0x5f, 0xfb, 0x1f, 0xfb, 0xfc, 0xda, 0x35, 0xaa, 0xae, 0x79,
    0x09, 0x51, 0x08, 0x41, 0x08, 0x41, 0x08, 0x41, 0x08, 0x41, 0x07, 0x39, 0x07, 0x39, 0xe7, 0x38,
    0xe7, 0x38, 0xe7, 0x38, 0xe6, 0x38, 0xe6, 0x38, 0xe6, 0x30, 0xe6, 0x30, 0xc5, 0x30, 0xc5, 0x30,
    0xc5, 0x28, 0xc5, 0x28, 0xc5, 0x28, 0xa4, 0x20, 0xa5, 0x20, 0xa4, 0x20, 0xa4, 0x18, 0xa4, 0x18,
    0xa3, 0x18, 0xa3, 0x18, 0x83, 0x18, 0x83, 0x10, 0x83, 0x10, 0x83, 0x10, 0x82, 0x10, 0x82, 0x10,
    0x82, 0x10, 0x61, 0x08, 0x61, 0x08, 0x61, 0x08, 0x61, 0x08, 0x61, 0x08, 0x82, 0x10, 0x82, 0x10,
    0x82, 0x10, 0x82, 0x10, 0x82, 0x10, 0x82, 0x10, 0x82, 0x10, 0x82, 0x10, 0x82, 0x10, 0x82, 0x10,
    0x82, 0x10, 0x82, 0x10, 0x82, 0x10, 0x82, 0x10, 0x82, 0x10, 0x82, 0x10, 0x82, 0x10, 0x82, 0x10,
    0x82, 0x10, 0x82, 0x10, 0x82, 0x10, 0x61, 0x08, 0x82, 0x10, 0x82, 0x10, 0x82, 0x10, 0x83, 0x10,
    0x83, 0x10, 0x83, 0x10, 0x83, 0x18, 0xa4, 0x20, 0xa4, 0x20, 0xa4, 0x20, 0xa4, 0x20, 0xc5, 0x28,
    0xc5, 0x28, 0xc5, 0x30, 0xe6, 0x30, 0xe6, 0x30, 0xe7, 0x38, 0x08, 0x39, 0x07, 0x41, 0x56, 0xb2,
    0x3f, 0xfb, 0x1f, 0xfb, 0x1f, 0xfb, 0xfe, 0xfa, 0x6c, 0x61, 0x4a, 0x49, 0x4a, 0x51, 0x0a, 0x51,
    0x2a, 0x49, 0x2b, 0x51, 0x0a, 0x51, 0x4a, 0x51, 0x09, 0x51, 0x2a, 0x49, 0x2a, 0x51, 0x2a, 0x51,
    0x2a, 0x51, 0x2a, 0x51, 0x4a, 0x51, 0x6a, 0x51, 0x4a, 0x51, 0x4a, 0x51, 0x6a, 0x51, 0x4a, 0x49,
    0x4c, 0x61, 0x14, 0x9a, 0x1c, 0xe3, 0x1f, 0xfb, 0x5f, 0xfb, 0x1f, 0xfb, 0x5f, 0xfb, 0x3f, 0xfb,
    0xff, 0xfa, 0x1f, 0xfb, 0x5f, 0xfb, 0x3e, 0xf3, 0x78, 0xc2, 0x8f, 0x71, 0xe8, 0x48, 0xe8, 0x48,
    0x08, 0x41, 0xe8, 0x40, 0x08, 0x41, 0x07, 0x39, 0x08, 0x39, 0xe7, 0x38, 0xe7, 0x38, 0xe6, 0x30,
    0xc6, 0x30, 0xc6, 0x30, 0xc5, 0x30, 0xc5, 0x30, 0xc5, 0x30, 0xc5, 0x30, 0xc5, 0x28, 0xc5, 0x28,
    0xc5, 0x28, 0xc5, 0x28, 0xa5, 0x20, 0xa4, 0x28, 0xa4, 0x20, 0xa4, 0x20, 0xa4, 0x20, 0xa4, 0x20,
    0xa4, 0x18, 0xa3, 0x18, 0x83, 0x18, 0x83, 0x18, 0x83, 0x10, 0x83, 0x10, 0x83, 0x10, 0x83, 0x10,
    0x83, 0x10, 0x83, 0x10, 0x82, 0x10, 0x82, 0x10, 0x82, 0x10, 0x82, 0x10, 0x82, 0x10, 0x82, 0x10,
    0x82, 0x10, 0x61, 0x08, 0x61, 0x08, 0x61, 0x08, 0x61, 0x08, 0x61, 0x08, 0x61, 0x08, 0x82, 0x10,
    0x82, 0x10, 0x82, 0x10, 0x82, 0x10, 0x82, 0x10, 0x61, 0x08, 0x61, 0x08, 0x61, 0x08, 0x61, 0x08,
    0x61, 0x08, 0x61, 0x08, 0x61, 0x08, 0x61, 0x08, 0x82, 0x10, 0x82, 0x10, 0x82, 0x10, 0x82, 0x10,
    0x82, 0x10, 0x82, 0x10, 0x82, 0x10, 0x82, 0x10, 0x82, 0x10, 0x83, 0x10, 0x83, 0x10, 0x83, 0x10,
    0x83, 0x10, 0x83, 0x10, 0x83, 0x18, 0x83, 0x18, 0x83, 0x18, 0xa3, 0x18, 0xa3, 0x18, 0xa4, 0x18,
    0xa4, 0x20, 0xa4, 0x20, 0xa4, 0x20, 0xa4, 0x20, 0xa4, 0x20, 0xa5, 0x20, 0xa5, 0x20, 0xc5, 0x28,
    0xc5, 0x28, 0xc5, 0x28, 0xc5, 0x28, 0xc5, 0x30, 0xc5, 0x30, 0xe6, 0x30, 0xe6, 0x30, 0xe6, 0x30,
    0xe6, 0x30, 0xe6, 0x38, 0xe6, 0x30, 0xe7, 0x30, 0xe8, 0x38, 0xe7, 0x38, 0x08, 0x39, 0x08, 0x41,
    0xe8, 0x40, 0x08, 0x41, 0x08, 0x41, 0x08, 0x41, 0xd1, 0x89, 0xda, 0xd2, 0x3f, 0xfb, 0x1f, 0xfb,
    0x1f, 0xfb, 0x3f, 0xfb, 0x1f, 0xfb, 0x1f, 0xfb, 0x5f, 0xfb, 0x1f, 0xfb, 0xff, 0xfa, 0x1f, 0xfb,
    0xba, 0xd2, 0xd0, 0x81, 0xe8, 0x40, 0xe8, 0x48, 0x09, 0x49, 0x08, 0x41, 0x08, 0x41, 0x08, 0x41,
    0x07, 0x39, 0xe7, 0x38, 0xe7, 0x38, 0xe7, 0x38, 0xe6, 0x30, 0xe6, 0x30, 0xe6, 0x30, 0xe6, 0x30,
    0xc5, 0x30, 0xc5, 0x28, 0xc5, 0x28, 0xc5, 0x20, 0xa5, 0x20, 0xa4, 0x20, 0xa4, 0x18, 0xa4, 0x18,
    0xa3, 0x18, 0xa3, 0x18, 0xa4, 0x18, 0xa3, 0x18, 0x82, 0x10, 0x82, 0x10, 0x83, 0x10, 0x82, 0x10,
    0x82, 0x10, 0x61, 0x08, 0x61, 0x08, 0x61, 0x08, 0x61, 0x08, 0x61, 0x08, 0x82, 0x10, 0x82, 0x10,
    0x82, 0x10, 0x82, 0x10, 0x82, 0x10, 0x82, 0x10, 0x82, 0x10, 0x82, 0x10, 0x82, 0x10, 0x82, 0x10,
    0x82, 0x10, 0x82, 0x10, 0x82, 0x10, 0x82, 0x10, 0x82, 0x10, 0x82, 0x10, 0x82, 0x10, 0x82, 0x10,
    0x82, 0x10, 0x82, 0x10, 0x82, 0x10, 0x61, 0x08, 0x82, 0x10, 0x82, 0x10, 0x82, 0x10, 0x83, 0x10,
    0x83, 0x10, 0x83, 0x18, 0x83, 0x18, 0xa3, 0x18, 0xa4, 0x20, 0xa4, 0x20, 0xa4, 0x20, 0xc5, 0x28,
    0xc5, 0x28, 0xc5, 0x30, 0xe6, 0x30, 0xe7, 0x38, 0xe7, 0x38, 0x07, 0x41, 0x08, 0x41, 0x77, 0xba,
    0x1f, 0xfb, 0x1f, 0xfb, 0xff, 0xfa, 0xfe, 0xfa, 0x4c, 0x61, 0x4a, 0x49, 0x2a, 0x49, 0x2a, 0x51,
    0x29, 0x51, 0x0a, 0x49, 0x0a, 0x49, 0x2a, 0x49, 0x09, 0x51, 0x2a, 0x49, 0x2a, 0x51, 0x2a, 0x51,
    0x2a, 0x51, 0x4a, 0x51, 0x4a, 0x51, 0x4a, 0x49, 0x4a, 0x51, 0x2a, 0x59, 0x8e, 0x71, 0x15, 0xaa,
    0xdb, 0xe2, 0xff, 0xfa, 0x1f, 0xfb, 0x5f, 0xfb, 0x1f, 0xfb, 0x1f, 0xfb, 0xff, 0xfa, 0x5f, 0xfb,
    0x3f, 0xfb, 0xdc, 0xe2, 0x56, 0xaa, 0x8e, 0x71, 0x29, 0x49, 0x09, 0x49, 0x08, 0x41, 0x08, 0x41,
    0x08, 0x41, 0x07, 0x39, 0xe7, 0x38, 0xe7, 0x38, 0xe7, 0x38, 0xe6, 0x30, 0xc6, 0x30, 0xe6, 0x30,
    0xe6, 0x30, 0xc5, 0x30, 0xc5, 0x30, 0xc5, 0x28, 0xa5, 0x28, 0xc5, 0x28, 0xc5, 0x28, 0xa5, 0x28,
    0xa5, 0x20, 0xa5, 0x20, 0xa4, 0x20, 0xa4, 0x20, 0xa4, 0x20, 0xa4, 0x20, 0xa4, 0x18, 0xa3, 0x18,
    0x83, 0x18, 0x83, 0x18, 0x83, 0x18, 0x83, 0x18, 0x83, 0x18, 0x83, 0x10, 0x83, 0x10, 0x83, 0x10,
    0x83, 0x10, 0x82, 0x10, 0x82, 0x10, 0x82, 0x10, 0x82, 0x10, 0x82, 0x10, 0x82, 0x10, 0x61, 0x08,
    0x61, 0x08, 0x61, 0x08, 0x61, 0x08, 0x61, 0x08, 0x61, 0x08, 0x61, 0x08, 0x61, 0x08, 0x82, 0x10,
    0x82, 0x10, 0x82, 0x10, 0x82, 0x10, 0x82, 0x10, 0x61, 0x08, 0x61, 0x08, 0x61, 0x08, 0x61, 0x08,
    0x61, 0x08, 0x61, 0x08, 0x61, 0x08, 0x61, 0x08, 0x61, 0x08, 0x82, 0x10, 0x82, 0x10, 0x82, 0x10,
    0x82, 0x10, 0x82, 0x10, 0x82, 0x10, 0x82, 0x10, 0x82, 0x10, 0x83, 0x10, 0x83, 0x10, 0x83, 0x10,
    0x83, 0x10, 0x83, 0x10, 0x83, 0x10, 0x83, 0x10, 0x83, 0x18, 0x83, 0x18, 0xa3, 0x18, 0x83, 0x18,
    0xa4, 0x20, 0xa4, 0x18, 0xa4, 0x20, 0xa4, 0x20, 0xa4, 0x20, 0xa4, 0x20, 0xa5, 0x20, 0xa5, 0x20,
    0xa5, 0x20, 0xc5, 0x28, 0xa5, 0x28, 0xc5, 0x28, 0xe5, 0x28, 0xe5, 0x28, 0xc5, 0x30, 0xe6, 0x30,
    0xe6, 0x30, 0xc6, 0x30, 0xc6, 0x30, 0xe7, 0x38, 0xe6, 0x30, 0xe7, 0x38, 0xe7, 0x38, 0xe6, 0x38,
    0xe7, 0x38, 0x07, 0x39, 0x08, 0x41, 0x08, 0x41, 0xe7, 0x40, 0x29, 0x49, 0xaf, 0x79, 0x56, 0xb2,
    0xdc, 0xe2, 0x1f, 0xfb, 0x1f, 0xfb, 0x5f, 0xfb, 0x1f, 0xfb, 0x5f, 0xfb, 0x5f, 0xfb, 0x3f, 0xfb,
    0x3f, 0xfb, 0x1f, 0xfb, 0x9a, 0xd2, 0xf3, 0x99, 0x8d, 0x71, 0x09, 0x49, 0x08, 0x41, 0x08, 0x41,
    0x08, 0x41, 0xe7, 0x38, 0x07, 0x41, 0xe7, 0x38, 0xe7, 0x38, 0xe7, 0x38, 0xc6, 0x30, 0xe6, 0x30,
    0xe6, 0x30, 0xe6, 0x30, 0xc5, 0x28, 0xc5, 0x28, 0xc5, 0x28, 0xa4, 0x20, 0xa4, 0x20, 0xa4, 0x18,
    0xa4, 0x20, 0xa4, 0x18, 0x83, 0x18, 0x83, 0x18, 0xa3, 0x18, 0x83, 0x10, 0x83, 0x10, 0x82, 0x10,
    0x82, 0x10, 0x82, 0x10, 0x61, 0x08, 0x61, 0x08, 0x61, 0x08, 0x61, 0x08, 0x61, 0x08, 0x82, 0x10,
    0x82, 0x10, 0x82, 0x10, 0x82, 0x10, 0x82, 0x10, 0x82, 0x10, 0x82, 0x10, 0x82, 0x10, 0x82, 0x10,
    0x82, 0x10, 0x82, 0x10, 0x82, 0x10, 0x82, 0x10, 0x82, 0x10, 0x82, 0x10, 0x82, 0x10, 0x82, 0x10,
    0x82, 0x10, 0x82, 0x10, 0x82, 0x10, 0x61, 0x08, 0x82, 0x10, 0x82, 0x10, 0x82, 0x10, 0x83, 0x10,
    0x83, 0x10, 0x83, 0x18, 0xa3, 0x18, 0x83, 0x18, 0xa4, 0x20, 0xa4, 0x20, 0xa4, 0x28, 0xc5, 0x28,
    0xc5, 0x28, 0xc5, 0x30, 0xe6, 0x30, 0xc6, 0x30, 0xe7, 0x38, 0x07, 0x41, 0x08, 0x41, 0x76, 0xba,
    0x3f, 0xfb, 0x5f, 0xfb, 0x1f, 0xfb, 0x1e, 0xf3, 0x6c, 0x61, 0x2a, 0x51, 0x2a, 0x51, 0x2a, 0x51,
    0x2a, 0x49, 0x2a, 0x49, 0x2a, 0x49, 0x2a, 0x49, 0x2a, 0x49, 0x2a, 0x49, 0x2a, 0x51, 0x2a, 0x51,
    0x2a, 0x51, 0x2a, 0x51, 0x2a, 0x49, 0x2b, 0x51, 0x6d, 0x69, 0x78, 0xc2, 0xfd, 0xea, 0x1f, 0xfb,
    0x5f, 0xfb, 0x5f, 0xfb, 0x5f, 0xfb, 0x1f, 0xfb, 0x1f, 0xfb, 0x5f, 0xfb, 0x3f, 0xfb, 0xfd, 0xe2,
    0x14, 0xa2, 0x4c, 0x61, 0x29, 0x49, 0x08, 0x49, 0x08, 0x41, 0x08, 0x41, 0x08, 0x41, 0x08, 0x41,
    0x07, 0x41, 0x07, 0x39, 0xe7, 0x38, 0xe7, 0x38, 0xe6, 0x30, 0xe6, 0x30, 0xc6, 0x30, 0xc5, 0x30,
    0xc5, 0x30, 0xc5, 0x30, 0xa5, 0x28, 0xc5, 0x28, 0xc5, 0x28, 0xa4, 0x28, 0xa4, 0x28, 0xa4, 0x20,
    0xa4, 0x20, 0xa4, 0x20, 0xa4, 0x20, 0xa4, 0x20, 0xa4, 0x18, 0xa3, 0x18, 0xa3, 0x18, 0xa3, 0x18,
    0x83, 0x18, 0x83, 0x18, 0x83, 0x18, 0x83, 0x10, 0x83, 0x10, 0x83, 0x10, 0x82, 0x10, 0x82, 0x10,
    0x82, 0x10, 0x82, 0x10, 0x82, 0x10, 0x82, 0x10, 0x61, 0x08, 0x61, 0x08, 0x61, 0x08, 0x61, 0x08,
    0x61, 0x08, 0x61, 0x08, 0x61, 0x08, 0x61, 0x08, 0x61, 0x08, 0x61, 0x08, 0x61, 0x08, 0x82, 0x10,
    0x82, 0x10, 0x82, 0x10, 0x82, 0x10, 0x82, 0x10, 0x82, 0x10, 0x82, 0x10, 0x82, 0x10, 0x82, 0x10,
    0x82, 0x10, 0x82, 0x10, 0x61, 0x08, 0x61, 0x08, 0x61, 0x08, 0x61, 0x08, 0x61, 0x08, 0x61, 0x08,
    0x61, 0x08, 0x61, 0x08, 0x61, 0x08, 0x82, 0x10, 0x82, 0x10, 0x82, 0x10, 0x82, 0x10, 0x82, 0x10,
    0x83, 0x10, 0x83, 0x10, 0x83, 0x10, 0x83, 0x10, 0x83, 0x10, 0x83, 0x18, 0x83, 0x18, 0x83, 0x18,
    0xa3, 0x18, 0xa3, 0x18, 0xa4, 0x18, 0xa4, 0x18, 0xa4, 0x20, 0xa4, 0x20, 0xa4, 0x20, 0xa4, 0x20,
    0xa4, 0x20, 0xa5, 0x20, 0xa5, 0x20, 0xc4, 0x28, 0xc5, 0x28, 0xc5, 0x28, 0xc5, 0x28, 0xc5, 0x30,
    0xc5, 0x30, 0xc5, 0x30, 0xe6, 0x30, 0xe6, 0x30, 0xc6, 0x30, 0xe7, 0x38, 0xe7, 0x38, 0xe7, 0x38,
    0xe7, 0x38, 0xe7, 0x38, 0xe7, 0x38, 0x07, 0x41, 0x08, 0x41, 0xe7, 0x38, 0x08, 0x41, 0x08, 0x41,
    0x4c, 0x61, 0xf1, 0x91, 0xba, 0xda, 0x3f, 0xfb, 0x5f, 0xfb, 0x1f, 0xfb, 0xff, 0xfa, 0xff, 0xfa,
    0xff, 0xfa, 0x5f, 0xfb, 0x1f, 0xfb, 0x1f, 0xfb, 0xfd, 0xf2, 0x78, 0xc2, 0xaf, 0x79, 0x28, 0x41,
    0x08, 0x41, 0x08, 0x41, 0x08, 0x41, 0x08, 0x41, 0xe7, 0x38, 0xe7, 0x38, 0xe7, 0x38, 0xe7, 0x38,
    0xe6, 0x30, 0xe6, 0x30, 0xe6, 0x30, 0xc5, 0x30, 0xe5, 0x28, 0xc5, 0x28, 0xa4, 0x28, 0xa4, 0x20,
    0xa4, 0x20, 0xa3, 0x20, 0xa4, 0x20, 0xa3, 0x18, 0xa3, 0x18, 0x83, 0x18, 0x83, 0x10, 0x82, 0x10,
    0x82, 0x10, 0x82, 0x10, 0x82, 0x10, 0x82, 0x10, 0x61, 0x08, 0x61, 0x08, 0x61, 0x08, 0x61, 0x08,
    0x82, 0x10, 0x82, 0x10, 0x82, 0x10, 0x82, 0x10, 0x82, 0x10, 0x82, 0x10, 0x82, 0x10, 0x82, 0x10,
    0x82, 0x10, 0x82, 0x10, 0x82, 0x10, 0x82, 0x10, 0x82, 0x10, 0x82, 0x10, 0x82, 0x10, 0x82, 0x10,
    0x82, 0x10, 0x82, 0x10, 0x82, 0x10, 0x82, 0x10, 0x82, 0x10, 0x82, 0x10, 0x82, 0x10, 0x83, 0x10,
    0x83, 0x10, 0xa3, 0x18, 0xa3, 0x18, 0x83, 0x18, 0xa4, 0x20, 0xa4, 0x20, 0xa4, 0x28, 0xc5, 0x28,
    0xc5, 0x28, 0xc5, 0x30, 0xe6, 0x30, 0xe7, 0x38, 0xe7, 0x38, 0x07, 0x41, 0x08, 0x41, 0x76, 0xba,
    0x5f, 0xfb, 0x5f, 0xfb, 0x1f, 0xfb, 0x3e, 0xf3, 0x4c, 0x69, 0x2a, 0x51, 0x2a, 0x51, 0x2a, 0x51,
    0x2a, 0x51, 0x2a, 0x49, 0x2a, 0x49, 0x2a, 0x49, 0x2a, 0x49, 0x2a, 0x49, 0x0a, 0x49, 0x2a, 0x51,
    0x4a, 0x51, 0x2a, 0x51, 0x6d, 0x69, 0x56, 0xb2, 0xfd, 0xe2, 0x1f, 0xfb, 0x5f, 0xfb, 0x5f, 0xfb,
    0x1f, 0xfb, 0x3f, 0xfb, 0x1f, 0xfb, 0x1f, 0xfb, 0x1f, 0xfb, 0xda, 0xd2, 0x35, 0xa2, 0x6c, 0x61,
    0x09, 0x49, 0x09, 0x49, 0x08, 0x41, 0x08, 0x41, 0x08, 0x41, 0x08, 0x41, 0x08, 0x41, 0xe7, 0x38,
    0xe7, 0x38, 0xe7, 0x38, 0xe6, 0x30, 0xe6, 0x30, 0xe6, 0x30, 0xc5, 0x30, 0xc5, 0x30, 0xc5, 0x28,
    0xc5, 0x28, 0xc5, 0x28, 0xc4, 0x28, 0xa5, 0x20, 0xa4, 0x28, 0xa4, 0x20, 0xa4, 0x20, 0xa4, 0x20,
    0xa4, 0x20, 0xa4, 0x20, 0xa4, 0x20, 0xa3, 0x18, 0x83, 0x18, 0x83, 0x18, 0x83, 0x18, 0x83, 0x18,
    0x83, 0x10, 0x83, 0x10, 0x83, 0x10, 0x83, 0x10, 0x83, 0x10, 0x83, 0x10, 0x82, 0x10, 0x82, 0x10,
    0x82, 0x10, 0x82, 0x10, 0x82, 0x10, 0x61, 0x08, 0x61, 0x08, 0x61, 0x08, 0x61, 0x08, 0x61, 0x08,
    0x82, 0x10, 0x82, 0x10, 0x82, 0x10, 0x82, 0x10, 0x82, 0x10, 0x82, 0x10, 0x82, 0x10, 0x82, 0x10,
    0x82, 0x10, 0x82, 0x10, 0x82, 0x10, 0x82, 0x10, 0x82, 0x10, 0x82, 0x10, 0x82, 0x10, 0x82, 0x10,
    0x82, 0x10, 0x82, 0x10, 0x82, 0x10, 0x82, 0x10, 0x82, 0x10, 0x82, 0x10, 0x82, 0x10, 0x61, 0x08,
    0x61, 0x08, 0x61, 0x08, 0x61, 0x08, 0x61, 0x08, 0x61, 0x08, 0x82, 0x10, 0x82, 0x10, 0x82, 0x10,
    0x82, 0x10, 0x82, 0x10, 0x82, 0x10, 0x83, 0x10, 0x83, 0x10, 0x83, 0x10, 0x83, 0x10, 0x83, 0x10,
    0x83, 0x18, 0x83, 0x18, 0xa3, 0x18, 0xa3, 0x18, 0xa3, 0x18, 0xa4, 0x18, 0xa4, 0x20, 0xa4, 0x20,
    0xa4, 0x20, 0xa4, 0x20, 0xa4, 0x20, 0xa4, 0x28, 0xa4, 0x28, 0xc4, 0x28, 0xc5, 0x28, 0xc5, 0x28,
    0xc5, 0x28, 0xc5, 0x30, 0xc5, 0x30, 0xe6, 0x30, 0xe6, 0x30, 0xe6, 0x30, 0xc6, 0x30, 0xe7, 0x38,
    0xe7, 0x38, 0xe7, 0x38, 0xe7, 0x38, 0xe7, 0x38, 0x07, 0x39, 0x08, 0x41, 0xe7, 0x40, 0x08, 0x41,
    0xe8, 0x40, 0x09, 0x49, 0x4b, 0x59, 0xd1, 0x89, 0x78, 0xc2, 0xfd, 0xea, 0x1f, 0xfb, 0x1f, 0xfb,
    0x5f, 0xfb, 0x1f, 0xfb, 0x1f, 0xfb, 0x1f, 0xfb, 0x5f, 0xfb, 0x3f, 0xfb, 0xfe, 0xfa, 0xba, 0xd2,
    0xf2, 0x91, 0x2b, 0x59, 0x29, 0x49, 0x08, 0x41, 0x08, 0x41, 0x08, 0x41, 0x07, 0x39, 0xe7, 0x38,
    0xe7, 0x38, 0xc6, 0x30, 0xc6, 0x30, 0xe6, 0x30, 0xa5, 0x28, 0xc5, 0x28, 0xa4, 0x28, 0xa4, 0x28,
    0xa4, 0x20, 0xa4, 0x20, 0xa4, 0x20, 0xa3, 0x18, 0xa3, 0x18, 0x83, 0x18, 0x83, 0x10, 0x83, 0x10,
    0x82, 0x10, 0x82, 0x10, 0x82, 0x10, 0x82, 0x10, 0x61, 0x08, 0x61, 0x08, 0x61, 0x08, 0x61, 0x08,
    0x82, 0x10, 0x82, 0x10, 0x82, 0x10, 0x82, 0x10, 0x82, 0x10, 0x82, 0x10, 0x82, 0x10, 0x82, 0x10,
    0x82, 0x10, 0x82, 0x10, 0x82, 0x10, 0x82, 0x10, 0x82, 0x10, 0x82, 0x10, 0x82, 0x10, 0x82, 0x10,
    0x82, 0x10, 0x82, 0x10, 0x82, 0x10, 0x82, 0x10, 0x82, 0x10, 0x82, 0x10, 0x82, 0x10, 0x83, 0x10,
    0x83, 0x10, 0x83, 0x18, 0xa3, 0x18, 0xa3, 0x18, 0xa4, 0x20, 0xa4, 0x20, 0xc4, 0x20, 0xc5, 0x28,
    0xc5, 0x28, 0xc5, 0x30, 0xe6, 0x30, 0xe6, 0x30, 0xe7, 0x38, 0x07, 0x41, 0x08, 0x41, 0x76, 0xba,
    0xff, 0xfa, 0x5f, 0xfb, 0x3f, 0xfb, 0x3e, 0xf3, 0x4c, 0x69, 0x2a, 0x51, 0x2a, 0x51, 0x2a, 0x51,
    0x2a, 0x49, 0x2a, 0x51, 0x2a, 0x51, 0x2a, 0x51, 0x2a, 0x51, 0x2a, 0x51, 0x2a, 0x49, 0x2a, 0x49,
    0x4a, 0x51, 0x6c, 0x61, 0x78, 0xc2, 0x1f, 0xfb, 0x1f, 0xfb, 0x1f, 0xfb, 0x5f, 0xfb, 0x1f, 0xfb,
    0xff, 0xfa, 0x1f, 0xfb, 0x1f, 0xfb, 0xda, 0xd2, 0xf2, 0x89, 0x4b, 0x59, 0x29, 0x49, 0x09, 0x51,
    0x09, 0x49, 0x28, 0x39, 0x28, 0x41, 0x07, 0x41, 0x07, 0x39, 0x07, 0x39, 0xe7, 0x38, 0xe7, 0x38,
    0xe6, 0x38, 0xc6, 0x30, 0xc5, 0x30, 0xc5, 0x30, 0xc5, 0x30, 0xa5, 0x28, 0xc5, 0x28, 0xc5, 0x28,
    0xc4, 0x20, 0xc4, 0x20, 0xa4, 0x20, 0xa4, 0x20, 0xa4, 0x20, 0xa4, 0x20, 0xa4, 0x20, 0xa4, 0x20,
    0xa4, 0x20, 0x83, 0x18, 0x83, 0x18, 0x83, 0x18, 0x83, 0x18, 0x83, 0x18, 0x83, 0x10, 0x83, 0x10,
    0x83, 0x10, 0x83, 0x10, 0x83, 0x10, 0x82, 0x10, 0x82, 0x10, 0x82, 0x10, 0x82, 0x10, 0x82, 0x10,
    0x82, 0x10, 0x61, 0x08, 0x61, 0x08, 0x61, 0x08, 0x61, 0x08, 0x61, 0x08, 0x61, 0x08, 0x61, 0x08,
    0x82, 0x10, 0x82, 0x10, 0x82, 0x10, 0x82, 0x10, 0x82, 0x10, 0x82, 0x10, 0x82, 0x10, 0x82, 0x10,
    0x82, 0x10, 0x82, 0x10, 0x82, 0x10, 0x82, 0x10, 0x82, 0x10, 0x82, 0x10, 0x82, 0x10, 0x82, 0x10,
    0x82, 0x10, 0x82, 0x10, 0x82, 0x10, 0x82, 0x10, 0x82, 0x10, 0x82, 0x10, 0x82, 0x10, 0x61, 0x08,
    0x61, 0x08, 0x61, 0x08, 0x61, 0x08, 0x61, 0x08, 0x61, 0x08, 0x61, 0x08, 0x61, 0x08, 0x82, 0x10,
    0x82, 0x10, 0x82, 0x10, 0x82, 0x10, 0x82, 0x10, 0x82, 0x10, 0x83, 0x10, 0x83, 0x10, 0x83, 0x10,
    0x83, 0x10, 0x83, 0x10, 0x83, 0x18, 0x83, 0x18, 0xa3, 0x18, 0xa3, 0x18, 0xa3, 0x18, 0xa4, 0x18,
    0xa4, 0x20, 0xa3, 0x20, 0xa4, 0x20, 0xa4, 0x20, 0xa4, 0x20, 0xa4, 0x20, 0xa4, 0x28, 0xa4, 0x28,
    0xa4, 0x28, 0xc5, 0x28, 0xc5, 0x28, 0xc5, 0x28, 0xc5, 0x30, 0xc5, 0x30, 0xe6, 0x30, 0xc6, 0x30,
    0xc6, 0x30, 0xe7, 0x38, 0xe7, 0x38, 0xe7, 0x38, 0x07, 0x39, 0x07, 0x41, 0x07, 0x41, 0x08, 0x41,
    0x08, 0x49, 0x08, 0x41, 0x09, 0x49, 0x09, 0x49, 0x29, 0x51, 0x6d, 0x69, 0x14, 0xa2, 0xdc, 0xe2,
    0x3e, 0xf3, 0x3f, 0xfb, 0x5f, 0xfb, 0x1f, 0xfb, 0x5f, 0xfb, 0x5f, 0xfb, 0xff, 0xfa, 0xff, 0xfa,
    0x3e, 0xf3, 0xba, 0xda, 0x56, 0xaa, 0x8e, 0x71, 0x08, 0x41, 0x08, 0x41, 0x08, 0x41, 0x07, 0x39,
    0x07, 0x39, 0xe7, 0x30, 0xe6, 0x30, 0xe6, 0x30, 0xc6, 0x30, 0xc5, 0x30, 0xc5, 0x28, 0xc5, 0x28,
    0xa4, 0x28, 0xa4, 0x20, 0xa4, 0x20, 0xa4, 0x18, 0xa3, 0x18, 0x83, 0x18, 0x83, 0x18, 0x83, 0x10,
    0x83, 0x10, 0x82, 0x10, 0x82, 0x10, 0x82, 0x10, 0x61, 0x08, 0x61, 0x08, 0x61, 0x08, 0x61, 0x08,
    0x82, 0x10, 0x82, 0x10, 0x82, 0x10, 0x82, 0x10, 0x82, 0x10, 0x82, 0x10, 0x82, 0x10, 0x82, 0x10,
    0x82, 0x10, 0x82, 0x10, 0x82, 0x10, 0x82, 0x10, 0x82, 0x10, 0x82, 0x10, 0x82, 0x10, 0x82, 0x10,
    0x82, 0x10, 0x82, 0x10, 0x82, 0x10, 0x82, 0x10, 0x82, 0x10, 0x82, 0x10, 0x82, 0x10, 0x83, 0x10,
    0x83, 0x10, 0x83, 0x18, 0xa3, 0x18, 0xa3, 0x18, 0xa4, 0x20, 0xa4, 0x20, 0xa4, 0x28, 0xc5, 0x28,
    0xc5, 0x28, 0xe6, 0x30, 0xe6, 0x30, 0xe7, 0x38, 0xe7, 0x38, 0x07, 0x41, 0x08, 0x41, 0x77, 0xba,
    0x3f, 0xfb, 0x5f, 0xfb, 0x1f, 0xfb, 0xfe, 0xfa, 0x4c, 0x69, 0x2a, 0x51, 0x2a, 0x51, 0x2a, 0x51,
    0x2a, 0x51, 0x2a, 0x51, 0x2a, 0x51, 0x2a, 0x51, 0x2a, 0x51, 0x4a, 0x51, 0x2a, 0x51, 0x2a, 0x49,
    0x4a, 0x51, 0x13, 0x9a, 0x3f, 0xfb, 0x5f, 0xfb, 0x1f, 0xfb, 0xff, 0xfa, 0x1f, 0xfb, 0x3f, 0xfb,
    0xfe, 0xfa, 0x9a, 0xd2, 0xd2, 0x91, 0x2a, 0x59, 0x29, 0x49, 0x0a, 0x49, 0x09, 0x49, 0x08, 0x41,
    0xe8, 0x40, 0x08, 0x41, 0xe8, 0x38, 0x08, 0x39, 0xe6, 0x30, 0xe6, 0x30, 0xc6, 0x30, 0xc6, 0x30,
    0xe6, 0x30, 0xe6, 0x30, 0xc5, 0x30, 0xc5, 0x28, 0xc5, 0x28, 0xc5, 0x28, 0xa5, 0x28, 0xa4, 0x28,
    0xc4, 0x20, 0xa3, 0x20, 0xa4, 0x20, 0xa4, 0x20, 0xa4, 0x20, 0xa4, 0x20, 0xa4, 0x20, 0xa4, 0x18,
    0x83, 0x18, 0x83, 0x18, 0x83, 0x18, 0x83, 0x18, 0x83, 0x10, 0x83, 0x10, 0x83, 0x10, 0x82, 0x10,
    0x83, 0x10, 0x82, 0x10, 0x82, 0x10, 0x82, 0x10, 0x82, 0x10, 0x82, 0x10, 0x82, 0x10, 0x82, 0x10,
    0x82, 0x10, 0x61, 0x08, 0x61, 0x08, 0x61, 0x08, 0x61, 0x08, 0x61, 0x08, 0x61, 0x08, 0x61, 0x08,
    0x61, 0x08, 0x82, 0x10, 0x82, 0x10, 0x82, 0x10, 0x82, 0x10, 0x82, 0x10, 0x82, 0x10, 0x82, 0x10,
    0x82, 0x10, 0x82, 0x10, 0x82, 0x10, 0x82, 0x10, 0x82, 0x10, 0x82, 0x10, 0x82, 0x10, 0x82, 0x10,
    0x82, 0x10, 0x82, 0x10, 0x82, 0x10, 0x82, 0x10, 0x82, 0x10, 0x82, 0x10, 0x82, 0x10, 0x61, 0x08,
    0x61, 0x08, 0x61, 0x08, 0x61, 0x08, 0x61, 0x08, 0x61, 0x08, 0x61, 0x08, 0x61, 0x08, 0x61, 0x08,
    0x82, 0x10, 0x82, 0x10, 0x82, 0x10, 0x82, 0x10, 0x82, 0x10, 0x82, 0x10, 0x82, 0x10, 0x83, 0x10,
    0x83, 0x10, 0x83, 0x10, 0x83, 0x10, 0x83, 0x10, 0x83, 0x18, 0x83, 0x18, 0x83, 0x18, 0xa3, 0x18,
    0x83, 0x18, 0xa4, 0x20, 0xa4, 0x18, 0xa4, 0x20, 0xa4, 0x20, 0xa4, 0x20, 0xa4, 0x20, 0xa4, 0x20,
    0xa4, 0x20, 0xa5, 0x20, 0xc5, 0x28, 0xc5, 0x28, 0xa5, 0x28, 0xc5, 0x28, 0xc5, 0x30, 0xc5, 0x30,
    0xe6, 0x30, 0xe6, 0x30, 0xc6, 0x30, 0xe7, 0x38, 0xe6, 0x38, 0x07, 0x39, 0xe8, 0x38, 0xe7, 0x40,
    0xe7, 0x40, 0x08, 0x41, 0x08, 0x41, 0x08, 0x41, 0x28, 0x41, 0x29, 0x49, 0x29, 0x49, 0x4a, 0x51,
    0x13, 0x9a, 0x9b, 0xd2, 0x3e, 0xf3, 0x3f, 0xfb, 0x1f, 0xfb, 0x5f, 0xfb, 0x3f, 0xfb, 0x1f, 0xfb,
    0x1f, 0xfb, 0x1f, 0xfb, 0x3f, 0xfb, 0x3e, 0xf3, 0x78, 0xc2, 0x8f, 0x71, 0x2a, 0x49, 0x08, 0x41,
    0xe8, 0x40, 0xe7, 0x38, 0xe7, 0x30, 0xc6, 0x30, 0xc6, 0x30, 0xc6, 0x30, 0xc5, 0x30, 0xc5, 0x28,
    0xc5, 0x28, 0xa4, 0x20, 0xa4, 0x20, 0xa4, 0x18, 0xa4, 0x18, 0x83, 0x18, 0x83, 0x18, 0x83, 0x18,
    0x83, 0x10, 0x83, 0x10, 0x82, 0x10, 0x82, 0x10, 0x82, 0x10, 0x61, 0x08, 0x61, 0x08, 0x61, 0x08,
    0x82, 0x10, 0x82, 0x10, 0x82, 0x10, 0x82, 0x10, 0x82, 0x10, 0x82, 0x10, 0x82, 0x10, 0x82, 0x10,
    0x82, 0x10, 0x82, 0x10, 0x82, 0x10, 0x82, 0x10, 0x82, 0x10, 0x82, 0x10, 0x82, 0x10, 0x82, 0x10,
    0x82, 0x10, 0x82, 0x10, 0x82, 0x10, 0x82, 0x10, 0x82, 0x10, 0x82, 0x10, 0x82, 0x10, 0x83, 0x10,
    0x83, 0x10, 0xa3, 0x18, 0xa3, 0x18, 0xa3, 0x18, 0xa4, 0x20, 0xa4, 0x20, 0xc5, 0x28, 0xc4, 0x28,
    0xc5, 0x30, 0xe6, 0x30, 0xe6, 0x30, 0xe7, 0x38, 0x07, 0x39, 0xe7, 0x38, 0x08, 0x41, 0x76, 0xba,
    0x3f, 0xfb, 0x5f, 0xfb, 0x1f, 0xfb, 0x3e, 0xf3, 0x4c, 0x69, 0x4a, 0x49, 0x4a, 0x49, 0x2a, 0x51,
    0x2a, 0x51, 0x2a, 0x51, 0x2a, 0x51, 0x2a, 0x51, 0x2a, 0x51, 0x2a, 0x51, 0x2a, 0x51, 0x2a, 0x51,
    0x4b, 0x59, 0x78, 0xc2, 0x1f, 0xfb, 0x5f, 0xfb, 0x5f, 0xfb, 0x5f, 0xfb, 0x1e, 0xf3, 0x78, 0xc2,
    0xd0, 0x81, 0x4a, 0x51, 0x0a, 0x49, 0x29, 0x49, 0x29, 0x49, 0x08, 0x49, 0x08, 0x41, 0x08, 0x41,
    0x08, 0x41, 0x08, 0x39, 0xe7, 0x38, 0xe7, 0x38, 0xe6, 0x30, 0xc6, 0x30, 0xc6, 0x30, 0xe6, 0x30,
    0xc5, 0x30, 0xe5, 0x28, 0xa5, 0x28, 0xc5, 0x28, 0xc5, 0x28, 0xa4, 0x28, 0xa4, 0x20, 0xa4, 0x20,
    0xa4, 0x20, 0xa4, 0x20, 0xa4, 0x20, 0xa4, 0x20, 0xa4, 0x20, 0xa4, 0x18, 0xa3, 0x18, 0xa3, 0x18,
    0x83, 0x18, 0xa3, 0x18, 0x83, 0x18, 0x83, 0x10, 0x83, 0x10, 0x83, 0x10, 0x82, 0x10, 0x82, 0x10,
    0x82, 0x10, 0x82, 0x10, 0x82, 0x10, 0x82, 0x10, 0x61, 0x08, 0x82, 0x10, 0x82, 0x10, 0x82, 0x10,
    0x61, 0x08, 0x61, 0x08, 0x61, 0x08, 0x61, 0x08, 0x61, 0x08, 0x61, 0x08, 0x61, 0x08, 0x61, 0x08,
    0x82, 0x10, 0x82, 0x10, 0x82, 0x10, 0x82, 0x10, 0x82, 0x10, 0x82, 0x10, 0x82, 0x10, 0x82, 0x10,
    0x82, 0x10, 0x82, 0x10, 0x82, 0x10, 0x82, 0x10, 0x82, 0x10, 0x82, 0x10, 0x82, 0x10, 0x82, 0x10,
    0x82, 0x10, 0x82, 0x10, 0x82, 0x10, 0x82, 0x10, 0x82, 0x10, 0x82, 0x10, 0x82, 0x10, 0x82, 0x10,
    0x82, 0x10, 0x82, 0x10, 0x61, 0x08, 0x61, 0x08, 0x61, 0x08, 0x61, 0x08, 0x61, 0x08, 0x61, 0x08,
    0x61, 0x08, 0x61, 0x08, 0x61, 0x08, 0x61, 0x08, 0x82, 0x10, 0x82, 0x10, 0x82, 0x10, 0x82, 0x10,
    0x82, 0x10, 0x82, 0x10, 0x83, 0x10, 0x83, 0x10, 0x83, 0x10, 0x83, 0x10, 0x83, 0x10, 0x83, 0x10,
    0x83, 0x18, 0xa3, 0x18, 0xa3, 0x18, 0x83, 0x18, 0xa3, 0x18, 0xa4, 0x20, 0xa4, 0x20, 0xa4, 0x20,
    0xa4, 0x20, 0xa4, 0x20, 0xa4, 0x28, 0xa5, 0x20, 0xc5, 0x28, 0xc5, 0x28, 0xc5, 0x28, 0xc5, 0x30,
    0xc5, 0x30, 0xe6, 0x30, 0xc6, 0x30, 0xe6, 0x30, 0xe7, 0x38, 0xe7, 0x30, 0x08, 0x39, 0xe7, 0x38,
    0x07, 0x41, 0x08, 0x41, 0x08, 0x41, 0x08, 0x41, 0x09, 0x49, 0x29, 0x41, 0x09, 0x49, 0x0a, 0x49,
    0x2a, 0x49, 0x4b, 0x59, 0xaf, 0x81, 0x77, 0xba, 0xfd, 0xe2, 0xff, 0xfa, 0x3f, 0xfb, 0x3f, 0xfb,
    0x1f, 0xfb, 0x5f, 0xfb, 0x5f, 0xfb, 0x1f, 0xfb, 0x5f, 0xfb, 0x1e, 0xf3, 0xda, 0xd2, 0x14, 0xa2,
    0x6b, 0x61, 0xe8, 0x40, 0x07, 0x39, 0xe6, 0x38, 0xe6, 0x38, 0xe6, 0x30, 0xe6, 0x30, 0xc5, 0x30,
    0xc5, 0x28, 0xa5, 0x20, 0xa4, 0x20, 0xa4, 0x18, 0xa4, 0x18, 0xa3, 0x18, 0xa3, 0x18, 0x83, 0x18,
    0x83, 0x10, 0x82, 0x10, 0x82, 0x10, 0x82, 0x10, 0x82, 0x10, 0x61, 0x08, 0x61, 0x08, 0x61, 0x08,
    0x82, 0x10, 0x82, 0x10, 0x82, 0x10, 0x82, 0x10, 0x82, 0x10, 0x82, 0x10, 0x82, 0x10, 0x82, 0x10,
    0x82, 0x10, 0x82, 0x10, 0x82, 0x10, 0x82, 0x10, 0x82, 0x10, 0x82, 0x10, 0x82, 0x10, 0x82, 0x10,
    0x82, 0x10, 0x82, 0x10, 0x82, 0x10, 0x82, 0x10, 0x82, 0x10, 0x82, 0x10, 0x83, 0x10, 0x83, 0x10,
    0x83, 0x10, 0xa3, 0x18, 0xa3, 0x18, 0xa4, 0x20, 0xa4, 0x20, 0xa4, 0x20, 0xc5, 0x28, 0xc5, 0x28,
    0xc5, 0x30, 0xc6, 0x30, 0xc6, 0x30, 0xe7, 0x38, 0xe7, 0x38, 0x07, 0x41, 0x08, 0x41, 0x77, 0xba,
    0x3f, 0xfb, 0x1f, 0xfb, 0x1f, 0xfb, 0x3e, 0xf3, 0x6c, 0x61, 0x4a, 0x49, 0x4a, 0x51, 0x2a, 0x51,
    0x4a, 0x49, 0x4a, 0x49, 0x4a, 0x49, 0x4a, 0x49, 0x4a, 0x49, 0x4a, 0x49, 0x4a, 0x49, 0x2a, 0x51,
    0x4b, 0x59, 0xba, 0xd2, 0x1f, 0xfb, 0x1f, 0xfb, 0x1f, 0xfb, 0xfd, 0xea, 0x8d, 0x71, 0x4a, 0x49,
    0x2a, 0x49, 0x0a, 0x49, 0x29, 0x49, 0x09, 0x49, 0x08, 0x49, 0x08, 0x41, 0x08, 0x41, 0x07, 0x39,
    0x07, 0x39, 0xe7, 0x38, 0xe7, 0x38, 0xe6, 0x30, 0xe6, 0x30, 0xe6, 0x30, 0xe5, 0x28, 0xe5, 0x28,
    0xc5, 0x28, 0xc5, 0x28, 0xa4, 0x20, 0xa4, 0x20, 0xa4, 0x20, 0xa4, 0x20, 0xa4, 0x20, 0xa4, 0x18,
    0xa4, 0x18, 0xa4, 0x18, 0xa3, 0x18, 0x83, 0x18, 0x83, 0x18, 0x83, 0x10, 0x83, 0x10, 0x83, 0x10,
    0x83, 0x10, 0x83, 0x10, 0x83, 0x10, 0x82, 0x10, 0x82, 0x10, 0x82, 0x10, 0x82, 0x10, 0x82, 0x10,
    0x61, 0x08, 0x61, 0x08, 0x61, 0x08, 0x61, 0x08, 0x61, 0x08, 0x61, 0x08, 0x82, 0x10, 0x82, 0x10,
    0x82, 0x10, 0x82, 0x10, 0x82, 0x10, 0x82, 0x10, 0x82, 0x10, 0x82, 0x10, 0x82, 0x10, 0x82, 0x10,
    0x82, 0x10, 0x82, 0x10, 0x82, 0x10, 0x82, 0x10, 0x82, 0x10, 0x82, 0x10, 0x82, 0x10, 0x82, 0x10,
    0x82, 0x10, 0x82, 0x10, 0x82, 0x10, 0x82, 0x10, 0x82, 0x10, 0x82, 0x10, 0x82, 0x10, 0x82, 0x10,
    0x82, 0x10, 0x82, 0x10, 0x82, 0x10, 0x82, 0x10, 0x82, 0x10, 0x82, 0x10, 0x82, 0x10, 0x82, 0x10,
    0x82, 0x10, 0x82, 0x10, 0x82, 0x10, 0x82, 0x10, 0x82, 0x10, 0x61, 0x08, 0x61, 0x08, 0x61, 0x08,
    0x61, 0x08, 0x61, 0x08, 0x61, 0x08, 0x61, 0x08, 0x82, 0x10, 0x61, 0x08, 0x61, 0x08, 0x61, 0x08,
    0x82, 0x10, 0x82, 0x10, 0x82, 0x10, 0x82, 0x10, 0x82, 0x10, 0x83, 0x10, 0x83, 0x10, 0x83, 0x10,
    0x83, 0x10, 0x83, 0x10, 0x83, 0x10, 0x83, 0x18, 0xa3, 0x18, 0xa3, 0x18, 0xa4, 0x20, 0xa4, 0x18,
    0xa4, 0x18, 0xa4, 0x20, 0xa4, 0x20, 0xa4, 0x20, 0xa4, 0x20, 0xa4, 0x28, 0xa4, 0x28, 0xc5, 0x28,
    0xc5, 0x28, 0xc5, 0x30, 0xe6, 0x30, 0xc6, 0x30, 0xe6, 0x30, 0xe6, 0x30, 0xe7, 0x38, 0xe7, 0x38,
    0x07, 0x39, 0x08, 0x41, 0x08, 0x41, 0x08, 0x41, 0x08, 0x41, 0x29, 0x41, 0x29, 0x49, 0x2a, 0x49,
    0x2a, 0x49, 0x2a, 0x49, 0x2a, 0x49, 0x2a, 0x49, 0x2a, 0x51, 0x35, 0xa2, 0x1c, 0xe3, 0x1f, 0xfb,
    0x3f, 0xfb, 0x3f, 0xfb, 0x5f, 0xfb, 0x3f, 0xfb, 0xff, 0xfa, 0x5f, 0xfb, 0x1f, 0xfb, 0xff, 0xfa,
    0x1e, 0xf3, 0x77, 0xba, 0x6d, 0x61, 0x08, 0x41, 0xe6, 0x30, 0xe6, 0x30, 0xe6, 0x30, 0xc5, 0x30,
    0xc5, 0x28, 0xc5, 0x28, 0xc5, 0x28, 0xa4, 0x20, 0xa4, 0x20, 0xa4, 0x20, 0xa3, 0x18, 0x83, 0x18,
    0x83, 0x18, 0x83, 0x10, 0x83, 0x10, 0x83, 0x10, 0x82, 0x10, 0x82, 0x10, 0x82, 0x10, 0x82, 0x10,
    0x82, 0x10, 0x82, 0x10, 0x82, 0x10, 0x82, 0x10, 0x82, 0x10, 0x82, 0x10, 0x82, 0x10, 0x82, 0x10,
    0x82, 0x10, 0x82, 0x10, 0x82, 0x10, 0x82, 0x10, 0x82, 0x10, 0x82, 0x10, 0x82, 0x10, 0x82, 0x10,
    0x82, 0x10, 0x82, 0x10, 0x82, 0x10, 0x82, 0x10, 0x82, 0x10, 0x82, 0x10, 0x83, 0x10, 0x83, 0x10,
    0x83, 0x10, 0xa3, 0x18, 0xa3, 0x18, 0xa4, 0x20, 0xa4, 0x20, 0xa4, 0x20, 0xc5, 0x28, 0xc5, 0x28,
    0xc5, 0x30, 0xc6, 0x30, 0xc6, 0x30, 0xe7, 0x38, 0xe7, 0x38, 0x07, 0x41, 0x08, 0x41, 0x77, 0xba,
    0x3f, 0xfb, 0x1f, 0xfb, 0x1f, 0xfb, 0xfe, 0xfa, 0x6c, 0x61, 0x2a, 0x49, 0x4a, 0x51, 0x4a, 0x49,
    0x4a, 0x49, 0x4a, 0x49, 0x4a, 0x49, 0x4a, 0x49, 0x4a, 0x49, 0x4a, 0x49, 0x4a, 0x49, 0x2a, 0x51,
    0x4b, 0x59, 0xba, 0xd2, 0x1f, 0xfb, 0x1f, 0xfb, 0x5f, 0xfb, 0xfc, 0xda, 0x4c, 0x69, 0x2a, 0x49,
    0x2a, 0x49, 0x29, 0x49, 0x09, 0x51, 0x09, 0x49, 0x08, 0x49, 0x08, 0x41, 0x08, 0x41, 0x07, 0x39,
    0xe7, 0x38, 0xe7, 0x38, 0xe6, 0x30, 0xe6, 0x30, 0xe6, 0x30, 0xc5, 0x30, 0xe5, 0x28, 0xc5, 0x28,
    0xc5, 0x28, 0xc5, 0x20, 0xa4, 0x20, 0xa3, 0x20, 0xa4, 0x20, 0xa4, 0x20, 0xa4, 0x20, 0xa3, 0x18,
    0xa3, 0x18, 0x83, 0x18, 0x83, 0x18, 0x83, 0x18, 0x83, 0x18, 0x83, 0x10, 0x83, 0x10, 0x83, 0x10,
    0x83, 0x10, 0x83, 0x10, 0x82, 0x10, 0x82, 0x10, 0x82, 0x10, 0x82, 0x10, 0x82, 0x10, 0x82, 0x10,
    0x61, 0x08, 0x61, 0x08, 0x61, 0x08, 0x61, 0x08, 0x61, 0x08, 0x61, 0x08, 0x82, 0x10, 0x82, 0x10,
    0x82, 0x10, 0x82, 0x10, 0x82, 0x10, 0x82, 0x10, 0x82, 0x10, 0x82, 0x10, 0x82, 0x10, 0x82, 0x10,
    0x82, 0x10, 0x82, 0x10, 0x82, 0x10, 0x82, 0x10, 0x82, 0x10, 0x82, 0x10, 0x82, 0x10, 0x82, 0x10,
    0x82, 0x10, 0x82, 0x10, 0x82, 0x10, 0x82, 0x10, 0x82, 0x10, 0x82, 0x10, 0x82, 0x10, 0x82, 0x10,
    0x82, 0x10, 0x82, 0x10, 0x82, 0x10, 0x82, 0x10, 0x82, 0x10, 0x82, 0x10, 0x82, 0x10, 0x82, 0x10,
    0x82, 0x10, 0x82, 0x10, 0x82, 0x10, 0x82, 0x10, 0x82, 0x10, 0x61, 0x08, 0x61, 0x08, 0x61, 0x08,
    0x61, 0x08, 0x61, 0x08, 0x61, 0x08, 0x61, 0x08, 0x61, 0x08, 0x61, 0x08, 0x61, 0x08, 0x61, 0x08,
    0x82, 0x10, 0x82, 0x10, 0x82, 0x10, 0x82, 0x10, 0x82, 0x10, 0x82, 0x10, 0x82, 0x10, 0x83, 0x10,
    0x83, 0x10, 0x83, 0x10, 0x83, 0x10, 0x83, 0x18, 0x83, 0x18, 0xa3, 0x18, 0xa3, 0x18, 0xa3, 0x18,
    0xa3, 0x18, 0xa4, 0x20, 0xa4, 0x20, 0xa4, 0x20, 0xa4, 0x20, 0xa4, 0x20, 0xa4, 0x28, 0xa4, 0x28,
    0xc5, 0x28, 0xc5, 0x28, 0xc5, 0x30, 0xe6, 0x30, 0xe6, 0x30, 0xe6, 0x30, 0xe7, 0x38, 0xe7, 0x38,
    0x07, 0x41, 0x08, 0x41, 0x08, 0x41, 0x08, 0x41, 0x09, 0x49, 0x29, 0x49, 0x29, 0x49, 0x2a, 0x49,
    0x2a, 0x49, 0x2a, 0x49, 0x2a, 0x49, 0x4a, 0x49, 0x4a, 0x49, 0x4a, 0x51, 0x6c, 0x61, 0xf2, 0x89,
    0x99, 0xca, 0x1e, 0xf3, 0x1f, 0xfb, 0x5f, 0xfb, 0x1f, 0xfb, 0x3f, 0xfb, 0x5f, 0xfb, 0x3f, 0xfb,
    0x1f, 0xfb, 0x3f, 0xfb, 0xfd, 0xea, 0xb0, 0x89, 0xe7, 0x38, 0xc6, 0x38, 0xe6, 0x30, 0xe6, 0x30,
    0xe5, 0x28, 0xc5, 0x28, 0xc5, 0x28, 0xa4, 0x20, 0xa4, 0x20, 0xa4, 0x20, 0xa3, 0x18, 0xa3, 0x18,
    0x83, 0x10, 0x83, 0x10, 0x83, 0x10, 0x83, 0x10, 0x82, 0x10, 0x82, 0x10, 0x61, 0x08, 0x61, 0x08,
    0x82, 0x10, 0x82, 0x10, 0x82, 0x10, 0x82, 0x10, 0x82, 0x10, 0x82, 0x10, 0x82, 0x10, 0x82, 0x10,
    0x82, 0x10, 0x82, 0x10, 0x82, 0x10, 0x82, 0x10, 0x82, 0x10, 0x82, 0x10, 0x82, 0x10, 0x82, 0x10,
    0x82, 0x10, 0x82, 0x10, 0x82, 0x10, 0x82, 0x10, 0x82, 0x10, 0x82, 0x10, 0x83, 0x10, 0x83, 0x10,
    0x83, 0x10, 0xa3, 0x18, 0xa3, 0x18, 0xa4, 0x20, 0xa4, 0x20, 0xa4, 0x20, 0xc5, 0x28, 0xc5, 0x28,
    0xc5, 0x30, 0xc6, 0x30, 0xc6, 0x30, 0xe7, 0x38, 0xe7, 0x38, 0x07, 0x41, 0x08, 0x41, 0x77, 0xba,
    0x3f, 0xfb, 0x1f, 0xfb, 0x1f, 0xfb, 0xfe, 0xfa, 0x6c, 0x61, 0x4a, 0x49, 0x2a, 0x51, 0x4a, 0x49,
    0x4a, 0x49, 0x4a, 0x49, 0x4a, 0x49, 0x4a, 0x49, 0x4a, 0x49, 0x4a, 0x49, 0x4a, 0x49, 0x2a, 0x51,
    0x4b, 0x59, 0xba, 0xd2, 0x1f, 0xfb, 0xff, 0xfa, 0x5f, 0xfb, 0xfc, 0xda, 0x6c, 0x61, 0x2a, 0x49,
    0x29, 0x49, 0x29, 0x49, 0x29, 0x49, 0x08, 0x49, 0x08, 0x41, 0x08, 0x41, 0x07, 0x41, 0xe7, 0x38,
    0xe7, 0x38, 0xc6, 0x30, 0xe6, 0x30, 0xe6, 0x30, 0xc5, 0x30, 0xc5, 0x28, 0xc5, 0x28, 0xc5, 0x28,
    0xc5, 0x20, 0xa5, 0x20, 0xa4, 0x20, 0xa4, 0x20, 0xa4, 0x18, 0xa3, 0x18, 0x83, 0x18, 0xa3, 0x18,
    0xa3, 0x18, 0x83, 0x10, 0x83, 0x10, 0x83, 0x10, 0x83, 0x10, 0x83, 0x10, 0x83, 0x10, 0x82, 0x10,
    0x82, 0x10, 0x82, 0x10, 0x82, 0x10, 0x82, 0x10, 0x82, 0x10, 0x82, 0x10, 0x82, 0x10, 0x82, 0x10,
    0x61, 0x08, 0x61, 0x08, 0x61, 0x08, 0x61, 0x08, 0x61, 0x08, 0x61, 0x08, 0x82, 0x10, 0x82, 0x10,
    0x82, 0x10, 0x82, 0x10, 0x82, 0x10, 0x82, 0x10, 0x82, 0x10, 0x82, 0x10, 0x82, 0x10, 0x82, 0x10,
    0x82, 0x10, 0x82, 0x10, 0x82, 0x10, 0x82, 0x10, 0x82, 0x10, 0x82, 0x10, 0x82, 0x10, 0x82, 0x10,
    0x82, 0x10, 0x82, 0x10, 0x82, 0x10, 0x82, 0x10, 0x82, 0x10, 0x82, 0x10, 0x82, 0x10, 0x82, 0x10,
    0x82, 0x10, 0x82, 0x10, 0x82, 0x10, 0x82, 0x10, 0x82, 0x10, 0x82, 0x10, 0x82, 0x10, 0x82, 0x10,
    0x82, 0x10, 0x82, 0x10, 0x82, 0x10, 0x82, 0x10, 0x82, 0x10, 0x82, 0x10, 0x82, 0x10, 0x82, 0x10,
    0x82, 0x10, 0x82, 0x10, 0x82, 0x10, 0x61, 0x08, 0x61, 0x08, 0x61, 0x08, 0x61, 0x08, 0x61, 0x08,
    0x82, 0x10, 0x82, 0x10, 0x82, 0x10, 0x82, 0x10, 0x82, 0x10, 0x82, 0x10, 0x82, 0x10, 0x82, 0x10,
    0x82, 0x10, 0x83, 0x10, 0x83, 0x10, 0x83, 0x10, 0x83, 0x10, 0x83, 0x10, 0x83, 0x10, 0xa3, 0x18,
    0xa3, 0x18, 0xa4, 0x20, 0xa4, 0x20, 0xa4, 0x20, 0xa4, 0x20, 0xa4, 0x20, 0xa4, 0x20, 0xa4, 0x28,
    0xa4, 0x28, 0xc5, 0x28, 0xe5, 0x28, 0xc5, 0x30, 0xe6, 0x30, 0xe6, 0x30, 0xe7, 0x38, 0xe7, 0x38,
    0xe7, 0x38, 0x07, 0x41, 0x08, 0x41, 0x08, 0x41, 0x09, 0x49, 0x29, 0x49, 0x29, 0x49, 0x2a, 0x49,
    0x2a, 0x49, 0x2a, 0x49, 0x2a, 0x49, 0x4a, 0x49, 0x4a, 0x49, 0x2a, 0x51, 0x0a, 0x51, 0x4a, 0x51,
    0x4a, 0x51, 0x8e, 0x71, 0x56, 0xaa, 0xfd, 0xe2, 0x3f, 0xfb, 0xff, 0xfa, 0x5f, 0xfb, 0x3f, 0xfb,
    0x5f, 0xfb, 0x3f, 0xfb, 0x1f, 0xfb, 0xba, 0xd2, 0x09, 0x51, 0xe7, 0x38, 0xe6, 0x30, 0xe6, 0x30,
    0xc5, 0x30, 0xc5, 0x28, 0xc5, 0x28, 0xc4, 0x20, 0xa4, 0x20, 0xa4, 0x20, 0xa4, 0x20, 0x83, 0x18,
    0x83, 0x18, 0x83, 0x10, 0x83, 0x10, 0x83, 0x10, 0x82, 0x10, 0x82, 0x10, 0x61, 0x08, 0x61, 0x08,
    0x82, 0x10, 0x82, 0x10, 0x82, 0x10, 0x82, 0x10, 0x82, 0x10, 0x82, 0x10, 0x82, 0x10, 0x82, 0x10,
    0x82, 0x10, 0x82, 0x10, 0x82, 0x10, 0x82, 0x10, 0x82, 0x10, 0x82, 0x10, 0x82, 0x10, 0x82, 0x10,
    0x82, 0x10, 0x82, 0x10, 0x82, 0x10, 0x82, 0x10, 0x82, 0x10, 0x82, 0x10, 0x83, 0x10, 0x83, 0x10,
    0x83, 0x10, 0xa3, 0x18, 0xa3, 0x18, 0xa4, 0x20, 0xa4, 0x20, 0xa4, 0x20, 0xc5, 0x28, 0xc5, 0x28,
    0xc5, 0x30, 0xc6, 0x30, 0xc6, 0x30, 0xe7, 0x38, 0xe7, 0x38, 0x07, 0x41, 0x08, 0x41, 0x77, 0xba,
    0x3f, 0xfb, 0x1f, 0xfb, 0x1f, 0xfb, 0xfe, 0xfa, 0x4c, 0x61, 0x2a, 0x49, 0x2a, 0x51, 0x2a, 0x49,
    0x2a, 0x49, 0x2a, 0x49, 0x2a, 0x49, 0x4a, 0x49, 0x2a, 0x49, 0x4a, 0x49, 0x4a, 0x49, 0x4a, 0x51,
    0x4b, 0x59, 0xba, 0xd2, 0x1f, 0xfb, 0xff, 0xfa, 0x5f, 0xfb, 0xba, 0xda, 0x4c, 0x61, 0x29, 0x49,
    0x09, 0x49, 0x09, 0x49, 0x08, 0x41, 0x08, 0x41, 0x08, 0x41, 0xe7, 0x38, 0xe7, 0x38, 0xe6, 0x38,
    0xc6, 0x30, 0xe6, 0x30, 0xe5, 0x28, 0xe5, 0x28, 0xc5, 0x28, 0xc5, 0x28, 0xa5, 0x20, 0xc4, 0x20,
    0xa4, 0x20, 0xa4, 0x20, 0xa4, 0x18, 0xa3, 0x18, 0xa3, 0x20, 0x83, 0x18, 0x83, 0x10, 0x83, 0x10,
    0x83, 0x18, 0x83, 0x10, 0x83, 0x10, 0x82, 0x10, 0x82, 0x10, 0x82, 0x10, 0x82, 0x10, 0x83, 0x10,
    0x82, 0x10, 0x82, 0x10, 0x82, 0x10, 0x82, 0x10, 0x82, 0x10, 0x82, 0x10, 0x82, 0x10, 0x82, 0x10,
    0x61, 0x08, 0x61, 0x08, 0x61, 0x08, 0x61, 0x08, 0x61, 0x08, 0x61, 0x08, 0x82, 0x10, 0x82, 0x10,
    0x82, 0x10, 0x82, 0x10, 0x82, 0x10, 0x82, 0x10, 0x82, 0x10, 0x82, 0x10, 0x82, 0x10, 0x82, 0x10,
    0x82, 0x10, 0x82, 0x10, 0x82, 0x10, 0x82, 0x10, 0x82, 0x10, 0x82, 0x10, 0x82, 0x10, 0x82, 0x10,
    0x82, 0x10, 0x82, 0x10, 0x82, 0x10, 0x82, 0x10, 0x82, 0x10, 0x82, 0x10, 0x82, 0x10, 0x82, 0x10,
    0x82, 0x10, 0x82, 0x10, 0x82, 0x10, 0x82, 0x10, 0x82, 0x10, 0x82, 0x10, 0x82, 0x10, 0x82, 0x10,
    0x82, 0x10, 0x82, 0x10, 0x82, 0x10, 0x82, 0x10, 0x82, 0x10, 0x82, 0x10, 0x82, 0x10, 0x82, 0x10,
    0x82, 0x10, 0x82, 0x10, 0x82, 0x10, 0x61, 0x08, 0x61, 0x08, 0x61, 0x08, 0x61, 0x08, 0x61, 0x08,
    0x82, 0x10, 0x82, 0x10, 0x82, 0x10, 0x82, 0x10, 0x82, 0x10, 0x82, 0x10, 0x82, 0x10, 0x82, 0x10,
    0x82, 0x10, 0x82, 0x10, 0x82, 0x10, 0x83, 0x10, 0x83, 0x10, 0x83, 0x10, 0x83, 0x10, 0x83, 0x10,
    0x83, 0x10, 0x83, 0x18, 0x83, 0x18, 0xa4, 0x20, 0xa4, 0x20, 0xa4, 0x20, 0xa4, 0x20, 0x84, 0x20,
    0xa4, 0x20, 0xc5, 0x28, 0xa5, 0x28, 0xc5, 0x28, 0xe6, 0x30, 0xe6, 0x30, 0xe6, 0x30, 0xe7, 0x38,
    0xe7, 0x38, 0xe7, 0x38, 0x08, 0x41, 0x08, 0x41, 0x09, 0x49, 0x29, 0x49, 0x29, 0x49, 0x2a, 0x49,
    0x2a, 0x49, 0x2a, 0x49, 0x2a, 0x49, 0x4a, 0x49, 0x4a, 0x49, 0x2a, 0x49, 0x2a, 0x51, 0x2a, 0x49,
    0x2a, 0x51, 0x2a, 0x51, 0x2a, 0x49, 0x6d, 0x69, 0x13, 0xa2, 0xba, 0xca, 0x1e, 0xf3, 0x1f, 0xfb,
    0x5f, 0xfb, 0x1f, 0xfb, 0x1f, 0xfb, 0xfd, 0xea, 0x4b, 0x59, 0xe7, 0x30, 0xe7, 0x38, 0xe6, 0x30,
    0xc5, 0x30, 0xc5, 0x30, 0xc5, 0x28, 0xa4, 0x28, 0xa4, 0x20, 0xa4, 0x20, 0xa4, 0x20, 0xa4, 0x18,
    0x83, 0x18, 0x83, 0x10, 0x83, 0x10, 0x83, 0x10, 0x82, 0x10, 0x82, 0x10, 0x82, 0x10, 0x61, 0x08,
    0x82, 0x10, 0x82, 0x10, 0x82, 0x10, 0x82, 0x10, 0x82, 0x10, 0x82, 0x10, 0x82, 0x10, 0x82, 0x10,
    0x82, 0x10, 0x82, 0x10, 0x82, 0x10, 0x82, 0x10, 0x82, 0x10, 0x82, 0x10, 0x82, 0x10, 0x82, 0x10,
    0x82, 0x10, 0x82, 0x10, 0x82, 0x10, 0x82, 0x10, 0x82, 0x10, 0x82, 0x10, 0x83, 0x10, 0x83, 0x10,
    0x83, 0x10, 0xa3, 0x18, 0xa3, 0x18, 0xa4, 0x20, 0xa4, 0x20, 0xa4, 0x20, 0xc5, 0x28, 0xc5, 0x28,
    0xc5, 0x30, 0xc6, 0x30, 0xc6, 0x30, 0xe7, 0x38, 0xe7, 0x38, 0x07, 0x41, 0x08, 0x41, 0x77, 0xba,
    0x3f, 0xfb, 0x1f, 0xfb, 0x1f, 0xfb, 0xfe, 0xfa, 0x6c, 0x61, 0x0a, 0x49, 0x2a, 0x51, 0x2a, 0x49,
    0x2a, 0x49, 0x2a, 0x49, 0x2a, 0x49, 0x4a, 0x49, 0x4a, 0x49, 0x4a, 0x49, 0x4a, 0x49, 0x2a, 0x51,
    0x4b, 0x59, 0xba, 0xd2, 0x1f, 0xfb, 0x1f, 0xfb, 0x5f, 0xfb, 0xba, 0xda, 0x4c, 0x61, 0x29, 0x49,
    0x29, 0x49, 0x08, 0x41, 0x28, 0x41, 0x08, 0x41, 0x07, 0x41, 0xe7, 0x38, 0xe7, 0x38, 0xe6, 0x30,
    0xe6, 0x30, 0xc5, 0x30, 0xc5, 0x28, 0xc5, 0x28, 0xc5, 0x28, 0xa5, 0x20, 0xa4, 0x20, 0xa4, 0x20,
    0xa4, 0x20, 0xa4, 0x18, 0xa3, 0x18, 0x83, 0x18, 0x83, 0x18, 0x83, 0x10, 0x83, 0x10, 0x82, 0x18,
    0x82, 0x18, 0x82, 0x18, 0x82, 0x10, 0x82, 0x10, 0x82, 0x10, 0x82, 0x10, 0x61, 0x08, 0x82, 0x10,
    0x61, 0x08, 0x61, 0x08, 0x61, 0x08, 0x61, 0x08, 0x61, 0x08, 0x61, 0x08, 0x61, 0x08, 0x61, 0x08,
    0x82, 0x10, 0x82, 0x10, 0x82, 0x10, 0x82, 0x10, 0x82, 0x10, 0x82, 0x10, 0x82, 0x10, 0x82, 0x10,
    0x82, 0x10, 0x82, 0x10, 0x82, 0x10, 0x82, 0x10, 0x82, 0x10, 0x82, 0x10, 0x82, 0x10, 0x82, 0x10,
    0x82, 0x10, 0x82, 0x10, 0x82, 0x10, 0x82, 0x10, 0x82, 0x10, 0x82, 0x10, 0x82, 0x10, 0x82, 0x10,
    0x82, 0x10, 0x82, 0x10, 0x82, 0x10, 0x82, 0x10, 0x82, 0x10, 0x82, 0x10, 0x82, 0x10, 0x82, 0x10,
    0x82, 0x10, 0x82, 0x10, 0x82, 0x10, 0x82, 0x10, 0x82, 0x10, 0x82, 0x10, 0x82, 0x10, 0x82, 0x10,
    0x82, 0x10, 0x82, 0x10, 0x82, 0x10, 0x82, 0x10, 0x82, 0x10, 0x82, 0x10, 0x82, 0x10, 0x82, 0x10,
    0x82, 0x10, 0x82, 0x10, 0x82, 0x10, 0x61, 0x08, 0x61, 0x08, 0x61, 0x08, 0x61, 0x08, 0x61, 0x08,
    0x61, 0x08, 0x61, 0x08, 0x61, 0x08, 0x61, 0x08, 0x61, 0x08, 0x61, 0x08, 0x61, 0x08, 0x61, 0x08,
    0x82, 0x10, 0x82, 0x10, 0x82, 0x10, 0x82, 0x10, 0x82, 0x10, 0x82, 0x10, 0x82, 0x18, 0xa2, 0x18,
    0xa2, 0x18, 0x83, 0x18, 0x83, 0x18, 0x83, 0x18, 0xa3, 0x18, 0xa4, 0x18, 0xa4, 0x20, 0xa4, 0x20,
    0xa4, 0x20, 0xa5, 0x20, 0xc5, 0x28, 0xa5, 0x28, 0xe5, 0x28, 0xe6, 0x30, 0xe6, 0x30, 0xe7, 0x38,
    0xe7, 0x38, 0xe7, 0x38, 0x08, 0x41, 0x08, 0x41, 0x09, 0x49, 0x29, 0x49, 0x29, 0x49, 0x2a, 0x49,
    0x2a, 0x49, 0x2a, 0x49, 0x4a, 0x49, 0x4a, 0x49, 0x4a, 0x49, 0x2a, 0x51, 0x2a, 0x51, 0x29, 0x51,
    0x4a, 0x49, 0x2a, 0x51, 0x0a, 0x51, 0x0a, 0x51, 0x4a, 0x51, 0x4c, 0x61, 0xaf, 0x81, 0xfc, 0xda,
    0x1f, 0xfb, 0x1f, 0xfb, 0xff, 0xfa, 0xfd, 0xea, 0x2a, 0x59, 0xe7, 0x38, 0xe7, 0x38, 0xe6, 0x30,
    0xe6, 0x30, 0xc5, 0x30, 0xc5, 0x28, 0xa4, 0x28, 0xa4, 0x20, 0xa4, 0x20, 0xa4, 0x20, 0xa4, 0x18,
    0xa3, 0x18, 0x83, 0x10, 0x83, 0x10, 0x83, 0x10, 0x83, 0x10, 0x82, 0x10, 0x82, 0x10, 0x61, 0x08,
    0x82, 0x10, 0x82, 0x10, 0x82, 0x10, 0x82, 0x10, 0x82, 0x10, 0x82, 0x10, 0x82, 0x10, 0x82, 0x10,
    0x82, 0x10, 0x82, 0x10, 0x82, 0x10, 0x82, 0x10, 0x82, 0x10, 0x82, 0x10, 0x82, 0x10, 0x82, 0x10,
    0x82, 0x10, 0x82, 0x10, 0x82, 0x10, 0x82, 0x10, 0x82, 0x10, 0x82, 0x10, 0x83, 0x10, 0x83, 0x10,
    0x83, 0x10, 0xa3, 0x18, 0xa3, 0x18, 0xa4, 0x20, 0xa4, 0x20, 0xa4, 0x20, 0xc5, 0x28, 0xc5, 0x28,
    0xc5, 0x30, 0xc6, 0x30, 0xc6, 0x30, 0xe7, 0x38, 0xe7, 0x38, 0x07, 0x41, 0x08, 0x41, 0x77, 0xba,
    0x3f, 0xfb, 0x1f, 0xfb, 0x1f, 0xfb, 0xfe, 0xfa, 0x4c, 0x61, 0x2a, 0x49, 0x2a, 0x51, 0x2a, 0x49,
    0x2a, 0x49, 0x2a, 0x49, 0x2a, 0x49, 0x4a, 0x49, 0x4a, 0x49, 0x4a, 0x49, 0x4a, 0x49, 0x2a, 0x51,
    0x4b, 0x59, 0xba, 0xd2, 0x1f, 0xfb, 0x5f, 0xfb, 0x3f, 0xfb, 0xba, 0xda, 0x4c, 0x61, 0x09, 0x49,
    0x09, 0x49, 0x08, 0x41, 0x08, 0x41, 0x08, 0x41, 0x08, 0x39, 0xe7, 0x38, 0xe6, 0x38, 0xe6, 0x30,
    0xe5, 0x28, 0xe5, 0x28, 0xc5, 0x28, 0xc5, 0x28, 0xa4, 0x20, 0xa4, 0x20, 0xa4, 0x20, 0xa4, 0x20,
    0xa3, 0x18, 0x83, 0x18, 0x83, 0x18, 0x83, 0x18, 0xa2, 0x18, 0x83, 0x10, 0x83, 0x10, 0x83, 0x10,
    0x82, 0x18, 0x82, 0x10, 0x82, 0x10, 0x82, 0x10, 0x82, 0x10, 0x82, 0x10, 0x82, 0x10, 0x82, 0x10,
    0x61, 0x08, 0x61, 0x08, 0x61, 0x08, 0x61, 0x08, 0x61, 0x08, 0x61, 0x08, 0x61, 0x08, 0x61, 0x08,
    0x82, 0x10, 0x82, 0x10, 0x82, 0x10, 0x82, 0x10, 0x82, 0x10, 0x82, 0x10, 0x82, 0x10, 0x82, 0x10,
    0x82, 0x10, 0x82, 0x10, 0x82, 0x10, 0x82, 0x10, 0x82, 0x10, 0x82, 0x10, 0x82, 0x10, 0x82, 0x10,
    0x82, 0x10, 0x82, 0x10, 0x82, 0x10, 0x82, 0x10, 0x82, 0x10, 0x82, 0x10, 0x82, 0x10, 0x82, 0x10,
    0x82, 0x10, 0x82, 0x10, 0x82, 0x10, 0x82, 0x10, 0x82, 0x10, 0x82, 0x10, 0x82, 0x10, 0x82, 0x10,
    0x82, 0x10, 0x82, 0x10, 0x82, 0x10, 0x82, 0x10, 0x82, 0x10, 0x82, 0x10, 0x82, 0x10, 0x82, 0x10,
    0x82, 0x10, 0x82, 0x10, 0x82, 0x10, 0x82, 0x10, 0x82, 0x10, 0x82, 0x10, 0x82, 0x10, 0x82, 0x10,
    0x82, 0x10, 0x82, 0x10, 0x82, 0x10, 0x61, 0x08, 0x61, 0x08, 0x61, 0x08, 0x61, 0x08, 0x82, 0x10,
    0x61, 0x08, 0x61, 0x08, 0x61, 0x08, 0x61, 0x08, 0x61, 0x08, 0x61, 0x08, 0x61, 0x08, 0x61, 0x08,
    0x61, 0x08, 0x82, 0x10, 0x82, 0x10, 0x61, 0x08, 0x82, 0x10, 0x82, 0x10, 0x82, 0x10, 0x82, 0x18,
    0x82, 0x18, 0x83, 0x18, 0x83, 0x18, 0x83, 0x18, 0xa3, 0x18, 0xa4, 0x18, 0xa4, 0x20, 0xa4, 0x20,
    0xa4, 0x20, 0xa5, 0x20, 0xc5, 0x28, 0xa5, 0x28, 0xe5, 0x28, 0xe6, 0x30, 0xe6, 0x30, 0xe7, 0x38,
    0xe7, 0x38, 0x07, 0x39, 0x08, 0x41, 0x08, 0x41, 0x08, 0x41, 0x09, 0x49, 0x29, 0x49, 0x2a, 0x49,
    0x4a, 0x49, 0x2a, 0x49, 0x2a, 0x51, 0x2a, 0x49, 0x4a, 0x49, 0x2a, 0x49, 0x4a, 0x51, 0x4a, 0x51,
    0x2a, 0x51, 0x4a, 0x51, 0x49, 0x49, 0x2a, 0x49, 0x2a, 0x49, 0x4a, 0x51, 0x6a, 0x51, 0x78, 0xc2,
    0x1f, 0xfb, 0x5f, 0xfb, 0x1f, 0xfb, 0xdd, 0xe2, 0x2a, 0x59, 0xe7, 0x30, 0xe7, 0x38, 0xe6, 0x30,
    0xe6, 0x30, 0xc5, 0x30, 0xe5, 0x28, 0xc5, 0x28, 0xa4, 0x28, 0xa4, 0x20, 0xa4, 0x20, 0xa4, 0x20,
    0xa3, 0x18, 0x83, 0x18, 0x83, 0x10, 0x83, 0x10, 0x83, 0x10, 0x83, 0x10, 0x82, 0x10, 0x61, 0x08,
    0x82, 0x10, 0x82, 0x10, 0x82, 0x10, 0x82, 0x10, 0x82, 0x10, 0x82, 0x10, 0x82, 0x10, 0x82, 0x10,
    0x82, 0x10, 0x82, 0x10, 0x82, 0x10, 0x82, 0x10, 0x82, 0x10, 0x82, 0x10, 0x82, 0x10, 0x82, 0x10,
    0x82, 0x10, 0x82, 0x10, 0x82, 0x10, 0x82, 0x10, 0x82, 0x10, 0x82, 0x10, 0x83, 0x10, 0x83, 0x10,
    0xa3, 0x18, 0xa3, 0x18, 0xa3, 0x18, 0xa4, 0x20, 0xa4, 0x20, 0xa4, 0x20, 0xc5, 0x28, 0xc5, 0x28,
    0xe6, 0x30, 0xc6, 0x30, 0xe7, 0x38, 0xe7, 0x38, 0x07, 0x41, 0x07, 0x41, 0x08, 0x41, 0x77, 0xba,
    0x3f, 0xfb, 0x1f, 0xfb, 0x1f, 0xfb, 0xfe, 0xfa, 0x6c, 0x61, 0x2a, 0x49, 0x2a, 0x49, 0x2a, 0x49,
    0x2a, 0x49, 0x2a, 0x49, 0x2a, 0x49, 0x2a, 0x49, 0x2a, 0x49, 0x4a, 0x49, 0x4a, 0x49, 0x2a, 0x51,
    0x6c, 0x59, 0xba, 0xd2, 0x5f, 0xfb, 0x5f, 0xfb, 0x1f, 0xfb, 0xba, 0xda, 0x4c, 0x61, 0x29, 0x41,
    0x29, 0x41, 0x08, 0x41, 0x08, 0x41, 0x08, 0x41, 0xe7, 0x38, 0xe7, 0x38, 0xc6, 0x30, 0xe6, 0x30,
    0xc5, 0x30, 0xc5, 0x28, 0xa5, 0x20, 0xa4, 0x20, 0xa4, 0x18, 0xa4, 0x18, 0xa4, 0x18, 0xa3, 0x18,
    0x83, 0x18, 0x83, 0x18, 0x83, 0x18, 0x83, 0x10, 0x83, 0x10, 0x83, 0x10, 0x82, 0x10, 0x82, 0x10,
    0x82, 0x10, 0x82, 0x10, 0x82, 0x10, 0x82, 0x10, 0x82, 0x10, 0x61, 0x08, 0x61, 0x08, 0x61, 0x08,
    0x61, 0x08, 0x61, 0x08, 0x61, 0x08, 0x82, 0x10, 0x82, 0x10, 0x82, 0x10, 0x82, 0x10, 0x82, 0x10,
    0x82, 0x10, 0x82, 0x10, 0x82, 0x10, 0x82, 0x10, 0x82, 0x10, 0x82, 0x10, 0x82, 0x10, 0x82, 0x10,
    0x82, 0x10, 0x82, 0x10, 0x82, 0x10, 0x82, 0x10, 0x82, 0x10, 0x82, 0x10, 0x82, 0x10, 0x82, 0x10,
    0x82, 0x10, 0x82, 0x10, 0x82, 0x10, 0x82, 0x10, 0x82, 0x10, 0x82, 0x10, 0x82, 0x10, 0x82, 0x10,
    0x82, 0x10, 0x82, 0x10, 0x82, 0x10, 0x82, 0x10, 0x82, 0x10, 0x82, 0x10, 0x82, 0x10, 0x82, 0x10,
    0x82, 0x10, 0x82, 0x10, 0x82, 0x10, 0x82, 0x10, 0x82, 0x10, 0x82, 0x10, 0x82, 0x10, 0x82, 0x10,
    0x82, 0x10, 0x82, 0x10, 0x82, 0x10, 0x82, 0x10, 0x82, 0x10, 0x82, 0x10, 0x82, 0x10, 0x82, 0x10,
    0x82, 0x10, 0x82, 0x10, 0x82, 0x10, 0x82, 0x10, 0x82, 0x10, 0x82, 0x10, 0x82, 0x10, 0x82, 0x10,
    0x82, 0x10, 0x82, 0x10, 0x82, 0x10, 0x82, 0x10, 0x82, 0x10, 0x82, 0x10, 0x61, 0x08, 0x61, 0x08,
    0x82, 0x10, 0x82, 0x10, 0x61, 0x08, 0x61, 0x08, 0x82, 0x10, 0x82, 0x10, 0x82, 0x10, 0x82, 0x10,
    0x82, 0x10, 0x83, 0x10, 0x83, 0x18, 0x83, 0x18, 0xa3, 0x18, 0xa3, 0x18, 0xa4, 0x18, 0xa4, 0x20,
    0xa4, 0x20, 0xa5, 0x20, 0xc5, 0x28, 0xa5, 0x28, 0xc5, 0x30, 0xe6, 0x30, 0xe6, 0x38, 0x07, 0x39,
    0x07, 0x41, 0x08, 0x41, 0x08, 0x41, 0xe8, 0x40, 0x08, 0x41, 0x29, 0x49, 0x2a, 0x49, 0x29, 0x49,
    0x28, 0x49, 0x29, 0x49, 0x2b, 0x51, 0x2a, 0x49, 0x09, 0x51, 0x2a, 0x51, 0x2a, 0x51, 0x2a, 0x51,
    0x2a, 0x51, 0x2a, 0x51, 0x2a, 0x51, 0x4a, 0x51, 0x2a, 0x51, 0x2a, 0x51, 0x4a, 0x51, 0x78, 0xc2,
    0x1f, 0xfb, 0x5f, 0xfb, 0x5f, 0xfb, 0xfd, 0xea, 0x4b, 0x59, 0x08, 0x41, 0xe7, 0x38, 0xe7, 0x38,
    0xc6, 0x30, 0xe6, 0x30, 0xc5, 0x30, 0xc5, 0x28, 0xa5, 0x20, 0xa4, 0x20, 0xa4, 0x20, 0xa4, 0x18,
    0xa4, 0x18, 0xa3, 0x18, 0x83, 0x10, 0x83, 0x10, 0x83, 0x10, 0x82, 0x10, 0x82, 0x10, 0x82, 0x10,
    0x82, 0x10, 0x82, 0x10, 0x82, 0x10, 0x82, 0x10, 0x82, 0x10, 0x82, 0x10, 0x82, 0x10, 0x82, 0x10,
    0x82, 0x10, 0x82, 0x10, 0x82, 0x10, 0x82, 0x10, 0x82, 0x10, 0x82, 0x10, 0x82, 0x10, 0x82, 0x10,
    0x82, 0x10, 0x82, 0x10, 0x82, 0x10, 0x82, 0x10, 0x82, 0x10, 0x82, 0x10, 0x83, 0x10, 0x83, 0x10,
    0x83, 0x10, 0xa3, 0x18, 0xa3, 0x18, 0xa4, 0x20, 0xa4, 0x20, 0xa4, 0x20, 0xc5, 0x28, 0xc5, 0x28,
    0xc5, 0x30, 0xc6, 0x30, 0xe7, 0x38, 0xe7, 0x38, 0x07, 0x41, 0x07, 0x41, 0x08, 0x41, 0x77, 0xba,
    0x3f, 0xfb, 0x1f, 0xfb, 0x1f, 0xfb, 0xfe, 0xfa, 0x6c, 0x61, 0x2a, 0x49, 0x2a, 0x51, 0x2a, 0x49,
    0x2a, 0x49, 0x2a, 0x49, 0x2a, 0x49, 0x2a, 0x49, 0x2a, 0x49, 0x2a, 0x49, 0x4a, 0x49, 0x2a, 0x51,
    0x6c, 0x59, 0xba, 0xd2, 0x5f, 0xfb, 0x5f, 0xfb, 0x1f, 0xfb, 0xba, 0xda, 0x4c, 0x61, 0x29, 0x41,
    0x28, 0x41, 0x08, 0x41, 0x08, 0x41, 0xe8, 0x38, 0xe7, 0x38, 0xc6, 0x30, 0xe6, 0x30, 0xc5, 0x30,
    0xe5, 0x28, 0xc5, 0x28, 0xa5, 0x20, 0xa4, 0x20, 0xa4, 0x18, 0xa4, 0x18, 0xa4, 0x18, 0xa3, 0x18,
    0x83, 0x18, 0x83, 0x10, 0x83, 0x10, 0x83, 0x10, 0x83, 0x10, 0x82, 0x10, 0x82, 0x10, 0x82, 0x10,
    0x82, 0x10, 0x82, 0x10, 0x82, 0x10, 0x82, 0x10, 0x82, 0x10, 0x82, 0x10, 0x61, 0x08, 0x61, 0x08,
    0x61, 0x08, 0x61, 0x08, 0x61, 0x08, 0x82, 0x10, 0x82, 0x10, 0x82, 0x10, 0x82, 0x10, 0x82, 0x10,
    0x82, 0x10, 0x82, 0x10, 0x82, 0x10, 0x82, 0x10, 0x82, 0x10, 0x82, 0x10, 0x82, 0x10, 0x82, 0x10,
    0x82, 0x10, 0x82, 0x10, 0x82, 0x10, 0x82, 0x10, 0x82, 0x10, 0x82, 0x10, 0x82, 0x10, 0x82, 0x10,
    0x82, 0x10, 0x82, 0x10, 0x82, 0x10, 0x82, 0x10, 0x82, 0x10, 0x82, 0x10, 0x82, 0x10, 0x82, 0x10,
    0x82, 0x10, 0x82, 0x10, 0x82, 0x10, 0x82, 0x10, 0x82, 0x10, 0x82, 0x10, 0x82, 0x10, 0x82, 0x10,
    0x82, 0x10, 0x82, 0x10, 0x82, 0x10, 0x82, 0x10, 0x82, 0x10, 0x82, 0x10, 0x82, 0x10, 0x82, 0x10,
    0x82, 0x10, 0x82, 0x10, 0x82, 0x10, 0x82, 0x10, 0x82, 0x10, 0x82, 0x10, 0x82, 0x10, 0x82, 0x10,
    0x82, 0x10, 0x82, 0x10, 0x82, 0x10, 0x82, 0x10, 0x82, 0x10, 0x82, 0x10, 0x82, 0x10, 0x82, 0x10,
    0x82, 0x10, 0x82, 0x10, 0x82, 0x10, 0x82, 0x10, 0x82, 0x10, 0x82, 0x10, 0x61, 0x08, 0x61, 0x08,
    0x61, 0x08, 0x61, 0x08, 0x61, 0x08, 0x61, 0x08, 0x82, 0x10, 0x82, 0x10, 0x82, 0x10, 0x82, 0x10,
    0x82, 0x10, 0x83, 0x10, 0x83, 0x10, 0x83, 0x18, 0xa3, 0x18, 0xa4, 0x18, 0xa4, 0x18, 0xa4, 0x20,
    0xa4, 0x20, 0xa5, 0x20, 0xc5, 0x28, 0xa5, 0x28, 0xc5, 0x30, 0xe6, 0x30, 0xe6, 0x38, 0xe7, 0x38,
    0x08, 0x41, 0x08, 0x41, 0x28, 0x41, 0x28, 0x41, 0x29, 0x49, 0x29, 0x49, 0x4b, 0x59, 0x6d, 0x69,
    0x4b, 0x59, 0x29, 0x51, 0x0a, 0x49, 0x29, 0x51, 0x4a, 0x49, 0x4a, 0x51, 0x4a, 0x51, 0x4a, 0x51,
    0x4a, 0x51, 0x4a, 0x51, 0x2a, 0x51, 0x4a, 0x51, 0x2a, 0x51, 0x2a, 0x51, 0x4a, 0x51, 0x78, 0xc2,
    0x1f, 0xfb, 0x5f, 0xfb, 0x5f, 0xfb, 0xfd, 0xea, 0x4b, 0x59, 0x08, 0x41, 0xe7, 0x38, 0xe7, 0x38,
    0xc6, 0x30, 0xe6, 0x30, 0xc5, 0x30, 0xc5, 0x28, 0xc5, 0x28, 0xa4, 0x20, 0xa4, 0x20, 0xa4, 0x18,
    0xa4, 0x18, 0xa3, 0x18, 0x83, 0x10, 0x83, 0x10, 0x83, 0x10, 0x82, 0x10, 0x82, 0x10, 0x82, 0x10,
    0x82, 0x10, 0x82, 0x10, 0x82, 0x10, 0x82, 0x10, 0x82, 0x10, 0x82, 0x10, 0x82, 0x10, 0x82, 0x10,
    0x82, 0x10, 0x82, 0x10, 0x82, 0x10, 0x82, 0x10, 0x82, 0x10, 0x82, 0x10, 0x82, 0x10, 0x82, 0x10,
    0x82, 0x10, 0x82, 0x10, 0x82, 0x10, 0x82, 0x10, 0x82, 0x10, 0x82, 0x10, 0x83, 0x10, 0x83, 0x10,
    0x83, 0x10, 0xa3, 0x18, 0xa3, 0x18, 0xa4, 0x20, 0xa4, 0x20, 0xa4, 0x20, 0xc5, 0x28, 0xc5, 0x28,
    0xc5, 0x30, 0xc6, 0x30, 0xe7, 0x38, 0xe7, 0x38, 0x07, 0x41, 0x07, 0x41, 0x08, 0x41, 0x77, 0xba,
    0x3f, 0xfb, 0x1f, 0xfb, 0x1f, 0xfb, 0xfe, 0xfa, 0x6c, 0x61, 0x2a, 0x49, 0x2a, 0x51, 0x2a, 0x49,
    0x2a, 0x49, 0x2a, 0x49, 0x2a, 0x49, 0x2a, 0x49, 0x2a, 0x49, 0x2a, 0x49, 0x4a, 0x49, 0x2a, 0x51,
    0x6c, 0x59, 0xba, 0xd2, 0x5f, 0xfb, 0x5f, 0xfb, 0x1f, 0xfb, 0xfc, 0xda, 0x4c, 0x61, 0x29, 0x41,
    0x28, 0x41, 0x08, 0x41, 0x08, 0x41, 0xe7, 0x38, 0xe7, 0x38, 0xe6, 0x30, 0xe6, 0x30, 0xe5, 0x28,
    0xc5, 0x28, 0xc5, 0x28, 0xa4, 0x20, 0xa4, 0x20, 0xa4, 0x18, 0xa3, 0x18, 0xa3, 0x18, 0x83, 0x18,
    0x83, 0x18, 0x83, 0x10, 0x83, 0x10, 0x83, 0x10, 0x82, 0x10, 0x82, 0x10, 0x82, 0x10, 0x82, 0x10,
    0x82, 0x10, 0x82, 0x10, 0x82, 0x10, 0x82, 0x10, 0x82, 0x10, 0x61, 0x08, 0x61, 0x08, 0x61, 0x08,
    0x61, 0x08, 0x61, 0x08, 0x82, 0x10, 0x82, 0x10, 0x82, 0x10, 0x82, 0x10, 0x82, 0x10, 0x82, 0x10,
    0x82, 0x10, 0x82, 0x10, 0x82, 0x10, 0x82, 0x10, 0x82, 0x10, 0x82, 0x10, 0x82, 0x10, 0x82, 0x10,
    0x82, 0x10, 0x82, 0x10, 0x82, 0x10, 0x82, 0x10, 0x82, 0x10, 0x82, 0x10, 0x82, 0x10, 0x82, 0x10,
    0x82, 0x10, 0x82, 0x10, 0x82, 0x10, 0x82, 0x10, 0x82, 0x10, 0x82, 0x10, 0x82, 0x10, 0x82, 0x10,
    0x82, 0x10, 0x82, 0x10, 0x82, 0x10, 0x82, 0x10, 0x82, 0x10, 0x82, 0x10, 0x82, 0x10, 0x82, 0x10,
    0x82, 0x10, 0x82, 0x10, 0x82, 0x10, 0x82, 0x10, 0x82, 0x10, 0x82, 0x10, 0x82, 0x10, 0x82, 0x10,
    0x82, 0x10, 0x82, 0x10, 0x82, 0x10, 0x82, 0x10, 0x82, 0x10, 0x82, 0x10, 0x82, 0x10, 0x82, 0x10,
    0x82, 0x10, 0x82, 0x10, 0x82, 0x10, 0x82, 0x10, 0x82, 0x10, 0x82, 0x10, 0x82, 0x10, 0x82, 0x10,
    0x82, 0x10, 0x82, 0x10, 0x82, 0x10, 0x82, 0x10, 0x82, 0x10, 0x82, 0x10, 0x61, 0x08, 0x61, 0x08,
    0x61, 0x08, 0x61, 0x08, 0x61, 0x08, 0x61, 0x08, 0x61, 0x08, 0x82, 0x10, 0x82, 0x10, 0x82, 0x10,
    0x82, 0x10, 0x83, 0x10, 0x83, 0x10, 0x83, 0x18, 0xa3, 0x18, 0xa4, 0x18, 0xa4, 0x18, 0xa4, 0x20,
    0xa4, 0x20, 0xc5, 0x28, 0xc5, 0x28, 0xc5, 0x28, 0xe6, 0x30, 0xc6, 0x30, 0xe7, 0x38, 0x07, 0x39,
    0x08, 0x41, 0x08, 0x41, 0x09, 0x41, 0x09, 0x41, 0x2a, 0x49, 0xd0, 0x81, 0x99, 0xca, 0xfc, 0xda,
    0x78, 0xc2, 0xb0, 0x79, 0x2a, 0x49, 0x4a, 0x51, 0x2a, 0x51, 0x4a, 0x51, 0x2a, 0x51, 0x4a, 0x51,
    0x4a, 0x51, 0x4a, 0x51, 0x2a, 0x51, 0x4a, 0x51, 0x2a, 0x51, 0x2a, 0x51, 0x4a, 0x51, 0x78, 0xc2,
    0x1f, 0xfb, 0x5f, 0xfb, 0x5f, 0xfb, 0xfd, 0xea, 0x4b, 0x59, 0x08, 0x41, 0x07, 0x41, 0xe7, 0x38,
    0xe7, 0x38, 0xe6, 0x30, 0xc5, 0x30, 0xc5, 0x28, 0xc5, 0x28, 0xa4, 0x20, 0xa4, 0x20, 0xa4, 0x18,
    0xa4, 0x18, 0xa3, 0x18, 0x83, 0x10, 0x83, 0x10, 0x83, 0x10, 0x82, 0x10, 0x82, 0x10, 0x82, 0x10,
    0x82, 0x10, 0x82, 0x10, 0x82, 0x10, 0x82, 0x10, 0x82, 0x10, 0x82, 0x10, 0x82, 0x10, 0x82, 0x10,
    0x82, 0x10, 0x82, 0x10, 0x82, 0x10, 0x82, 0x10, 0x82, 0x10, 0x82, 0x10, 0x82, 0x10, 0x82, 0x10,
    0x82, 0x10, 0x82, 0x10, 0x82, 0x10, 0x82, 0x10, 0x82, 0x10, 0x82, 0x10, 0x83, 0x10, 0x83, 0x10,
    0x83, 0x10, 0xa3, 0x18, 0xa3, 0x18, 0xa4, 0x20, 0xa4, 0x20, 0xa4, 0x20, 0xc5, 0x28, 0xc5, 0x28,
    0xc5, 0x30, 0xc6, 0x30, 0xe7, 0x38, 0xe7, 0x38, 0x07, 0x41, 0x07, 0x41, 0x08, 0x41, 0x77, 0xba,
    0x3f, 0xfb, 0x1f, 0xfb, 0x1f, 0xfb, 0xfe, 0xfa, 0x6c, 0x61, 0x2a, 0x49, 0x2a, 0x51, 0x2a, 0x49,
    0x2a, 0x49, 0x2a, 0x49, 0x2a, 0x49, 0x2a, 0x49, 0x2a, 0x49, 0x2a, 0x49, 0x4a, 0x49, 0x2a, 0x51,
    0x6c, 0x59, 0xba, 0xd2, 0x5f, 0xfb, 0x5f, 0xfb, 0x1f, 0xfb, 0xfc, 0xda, 0x4c, 0x61, 0x28, 0x41,
    0x08, 0x41, 0x08, 0x41, 0xe8, 0x38, 0xe7, 0x38, 0xc6, 0x30, 0xe6, 0x30, 0xc5, 0x30, 0xc5, 0x28,
    0xc5, 0x28, 0xa5, 0x20, 0xa4, 0x20, 0xa4, 0x20, 0xa3, 0x18, 0xa3, 0x18, 0x83, 0x18, 0x83, 0x10,
    0x83, 0x10, 0x83, 0x10, 0x83, 0x10, 0x82, 0x10, 0x82, 0x10, 0x82, 0x10, 0x82, 0x10, 0x61, 0x08,
    0x82, 0x10, 0x82, 0x10, 0x82, 0x10, 0x82, 0x10, 0x82, 0x10, 0x61, 0x08, 0x61, 0x08, 0x61, 0x08,
    0x61, 0x08, 0x82, 0x10, 0x82, 0x10, 0x82, 0x10, 0x82, 0x10, 0x82, 0x10, 0x82, 0x10, 0x82, 0x10,
    0x82, 0x10, 0x82, 0x10, 0x82, 0x10, 0x82, 0x10, 0x82, 0x10, 0x82, 0x10, 0x82, 0x10, 0x82, 0x10,
    0x82, 0x10, 0x82, 0x10, 0x82, 0x10, 0x82, 0x10, 0x82, 0x10, 0x82, 0x10, 0x82, 0x10, 0x82, 0x10,
    0x82, 0x10, 0x82, 0x10, 0x82, 0x10, 0x82, 0x10, 0x82, 0x10, 0x82, 0x10, 0x82, 0x10, 0x82, 0x10,
    0x82, 0x10, 0x82, 0x10, 0x82, 0x10, 0x82, 0x10, 0x82, 0x10, 0x82, 0x10, 0x82, 0x10, 0x82, 0x10,
    0x82, 0x10, 0x82, 0x10, 0x82, 0x10, 0x82, 0x10, 0x82, 0x10, 0x82, 0x10, 0x82, 0x10, 0x82, 0x10,
    0x82, 0x10, 0x82, 0x10, 0x82, 0x10, 0x82, 0x10, 0x82, 0x10, 0x82, 0x10, 0x82, 0x10, 0x82, 0x10,
    0x82, 0x10, 0x82, 0x10, 0x82, 0x10, 0x82, 0x10, 0x82, 0x10, 0x82, 0x10, 0x82, 0x10, 0x82, 0x10,
    0x82, 0x10, 0x82, 0x10, 0x82, 0x10, 0x82, 0x10, 0x82, 0x10, 0x82, 0x10, 0x61, 0x08, 0x61, 0x08,
    0x61, 0x08, 0x61, 0x08, 0x61, 0x08, 0x61, 0x08, 0x61, 0x08, 0x61, 0x08, 0x82, 0x10, 0x82, 0x10,
    0x82, 0x10, 0x83, 0x10, 0x83, 0x10, 0x83, 0x18, 0xa3, 0x18, 0xa4, 0x18, 0xa4, 0x18, 0xa4, 0x20,
    0xa4, 0x20, 0xc5, 0x28, 0xc5, 0x28, 0xc5, 0x30, 0xe6, 0x30, 0xc6, 0x30, 0xe7, 0x38, 0x07, 0x41,
    0x08, 0x41, 0x08, 0x41, 0x08, 0x41, 0x29, 0x41, 0x8e, 0x71, 0xfc, 0xda, 0xff, 0xfa, 0xff, 0xfa,
    0x3f, 0xfb, 0xba, 0xd2, 0x6c, 0x61, 0x2a, 0x51, 0x29, 0x49, 0x4a, 0x51, 0x4a, 0x51, 0x4a, 0x51,
    0x4a, 0x51, 0x4a, 0x51, 0x2a, 0x51, 0x4a, 0x51, 0x2a, 0x51, 0x2a, 0x51, 0x4a, 0x51, 0x78, 0xc2,
    0x1f, 0xfb, 0x5f, 0xfb, 0x5f, 0xfb, 0xfd, 0xea, 0x4b, 0x59, 0x08, 0x41, 0x07, 0x41, 0xe7, 0x38,
    0xe7, 0x38, 0xe6, 0x30, 0xc5, 0x30, 0xc5, 0x28, 0xc5, 0x28, 0xa4, 0x20, 0xa4, 0x20, 0xa4, 0x18,
    0xa4, 0x18, 0xa3, 0x18, 0x83, 0x10, 0x83, 0x10, 0x83, 0x10, 0x82, 0x10, 0x82, 0x10, 0x82, 0x10,
    0x82, 0x10, 0x82, 0x10, 0x82, 0x10, 0x82, 0x10, 0x82, 0x10, 0x82, 0x10, 0x82, 0x10, 0x82, 0x10,
    0x82, 0x10, 0x82, 0x10, 0x82, 0x10, 0x82, 0x10, 0x82, 0x10, 0x82, 0x10, 0x82, 0x10, 0x82, 0x10,
    0x82, 0x10, 0x82, 0x10, 0x82, 0x10, 0x82, 0x10, 0x82, 0x10, 0x82, 0x10, 0x83, 0x10, 0x83, 0x10,
    0x83, 0x10, 0xa3, 0x18, 0xa3, 0x18, 0xa4, 0x20, 0xa4, 0x20, 0xa4, 0x20, 0xc5, 0x28, 0xc5, 0x28,
    0xc5, 0x30, 0xc6, 0x30, 0xe7, 0x38, 0xe7, 0x38, 0x07, 0x41, 0x07, 0x41, 0x08, 0x41, 0x77, 0xba,
    0x3f, 0xfb, 0x1f, 0xfb, 0x1f, 0xfb, 0xfe, 0xfa, 0x6c, 0x61, 0x2a, 0x49, 0x2a, 0x51, 0x2a, 0x49,
    0x2a, 0x49, 0x2a, 0x49, 0x2a, 0x49, 0x2a, 0x49, 0x2a, 0x49, 0x2a, 0x49, 0x4a, 0x49, 0x2a, 0x51,
    0x6c, 0x59, 0xba, 0xd2, 0x5f, 0xfb, 0x1f, 0xfb, 0x1f, 0xfb, 0xfc, 0xda, 0x4c, 0x61, 0x08, 0x41,
    0x08, 0x41, 0x08, 0x41, 0xe7, 0x38, 0xe6, 0x30, 0xc6, 0x30, 0xc5, 0x30, 0xe5, 0x28, 0xc5, 0x28,
    0xc5, 0x28, 0xa5, 0x20, 0xa4, 0x20, 0xa4, 0x20, 0xa3, 0x18, 0x83, 0x18, 0x83, 0x18, 0x83, 0x10,
    0x82, 0x10, 0x82, 0x10, 0x82, 0x10, 0x82, 0x10, 0x82, 0x10, 0x61, 0x08, 0x61, 0x08, 0x61, 0x08,
    0x61, 0x08, 0x61, 0x08, 0x61, 0x08, 0x61, 0x08, 0x61, 0x08, 0x82, 0x10, 0x82, 0x10, 0x82, 0x10,
    0x82, 0x10, 0x82, 0x10, 0x82, 0x10, 0x82, 0x10, 0x82, 0x10, 0x82, 0x10, 0x82, 0x10, 0x82, 0x10,
    0x82, 0x10, 0x82, 0x10, 0x82, 0x10, 0x82, 0x10, 0x82, 0x10, 0x82, 0x10, 0x82, 0x10, 0x82, 0x10,
    0x82, 0x10, 0x82, 0x10, 0x82, 0x10, 0x82, 0x10, 0x82, 0x10, 0x82, 0x10, 0x82, 0x10, 0x82, 0x10,
    0x82, 0x10, 0x82, 0x10, 0x82, 0x10, 0x82, 0x10, 0x82, 0x10, 0x82, 0x10, 0x82, 0x10, 0x82, 0x10,
    0x82, 0x10, 0x82, 0x10, 0x82, 0x10, 0x82, 0x10, 0x82, 0x10, 0x82, 0x10, 0x82, 0x10, 0x82, 0x10,
    0x82, 0x10, 0x82, 0x10, 0x82, 0x10, 0x82, 0x10, 0x82, 0x10, 0x82, 0x10, 0x82, 0x10, 0x82, 0x10,
    0x82, 0x10, 0x82, 0x10, 0x82, 0x10, 0x82, 0x10, 0x82, 0x10, 0x82, 0x10, 0x82, 0x10, 0x82, 0x10,
    0x82, 0x10, 0x82, 0x10, 0x82, 0x10, 0x82, 0x10, 0x82, 0x10, 0x82, 0x10, 0x82, 0x10, 0x82, 0x10,
    0x82, 0x10, 0x82, 0x10, 0x82, 0x10, 0x82, 0x10, 0x82, 0x10, 0x82, 0x10, 0x82, 0x10, 0x61, 0x08,
    0x61, 0x08, 0x61, 0x08, 0x61, 0x08, 0x61, 0x08, 0x61, 0x08, 0x61, 0x08, 0x82, 0x10, 0x82, 0x10,
    0x82, 0x10, 0x83, 0x10, 0x83, 0x10, 0x83, 0x18, 0xa3, 0x18, 0xa4, 0x18, 0xa4, 0x18, 0xa4, 0x20,
    0xa4, 0x20, 0xc5, 0x28, 0xc5, 0x28, 0xe6, 0x30, 0xc6, 0x30, 0xe6, 0x30, 0xe7, 0x38, 0x07, 0x41,
    0x08, 0x41, 0x08, 0x41, 0x09, 0x49, 0x28, 0x49, 0x14, 0xa2, 0x1f, 0xfb, 0x5f, 0xfb, 0xff, 0xfa,
    0x5f, 0xfb, 0x1e, 0xf3, 0xb0, 0x79, 0x4a, 0x51, 0x2a, 0x51, 0x4a, 0x51, 0x4a, 0x51, 0x4a, 0x51,
    0x4a, 0x51, 0x4a, 0x51, 0x4a, 0x51, 0x4a, 0x51, 0x2a, 0x51, 0x2a, 0x51, 0x4a, 0x51, 0x78, 0xc2,
    0x1f, 0xfb, 0x5f, 0xfb, 0x5f, 0xfb, 0xfd, 0xea, 0x4b, 0x59, 0x08, 0x41, 0x07, 0x41, 0xe7, 0x38,
    0xe7, 0x38, 0xe6, 0x30, 0xc5, 0x30, 0xc5, 0x28, 0xc5, 0x28, 0xa4, 0x20, 0xa4, 0x20, 0xa4, 0x18,
    0xa4, 0x18, 0xa3, 0x18, 0x83, 0x10, 0x83, 0x10, 0x83, 0x10, 0x82, 0x18, 0x82, 0x10, 0x82, 0x10,
    0x82, 0x10, 0x82, 0x10, 0x82, 0x10, 0x82, 0x10, 0x82, 0x10, 0x82, 0x10, 0x82, 0x10, 0x82, 0x10,
    0x82, 0x10, 0x82, 0x10, 0x82, 0x10, 0x82, 0x10, 0x82, 0x10, 0x82, 0x10, 0x82, 0x10, 0x82, 0x10,
    0x82, 0x10, 0x82, 0x10, 0x82, 0x10, 0x82, 0x10, 0x82, 0x10, 0x82, 0x10, 0x83, 0x10, 0x83, 0x10,
    0x83, 0x10, 0xa3, 0x18, 0xa3, 0x18, 0xa4, 0x20, 0xa4, 0x20, 0xa5, 0x20, 0xc5, 0x28, 0xc5, 0x28,
    0xc5, 0x30, 0xc6, 0x30, 0xe7, 0x38, 0xe7, 0x38, 0x07, 0x41, 0x07, 0x41, 0x08, 0x41, 0x77, 0xba,
    0x3f, 0xfb, 0x1f, 0xfb, 0x1f, 0xfb, 0xfe, 0xfa, 0x6c, 0x61, 0x2a, 0x49, 0x2a, 0x51, 0x2a, 0x49,
    0x2a, 0x49, 0x2a, 0x49, 0x2a, 0x49, 0x2a, 0x49, 0x2a, 0x49, 0x2a, 0x49, 0x2a, 0x49, 0x2a, 0x51,
    0x4b, 0x59, 0xba, 0xd2, 0x1f, 0xfb, 0xff, 0xfa, 0x3f, 0xfb, 0xdb, 0xda, 0x4b, 0x59, 0x08, 0x41,
    0x08, 0x41, 0x07, 0x39, 0xe7, 0x38, 0xe7, 0x38, 0xe6, 0x30, 0xe5, 0x28, 0xc5, 0x28, 0xc4, 0x28,
    0xa5, 0x20, 0xa4, 0x20, 0xa4, 0x20, 0xa3, 0x18, 0x83, 0x18, 0x83, 0x18, 0x83, 0x10, 0x83, 0x10,
    0x83, 0x10, 0x82, 0x10, 0x61, 0x08, 0x61, 0x08, 0x61, 0x08, 0x61, 0x08, 0x61, 0x08, 0x61, 0x08,
    0x82, 0x10, 0x82, 0x10, 0x82, 0x10, 0x82, 0x10, 0x82, 0x10, 0x82, 0x10, 0x82, 0x10, 0x82, 0x10,
    0x82, 0x10, 0x82, 0x10, 0x82, 0x10, 0x82, 0x10, 0x82, 0x10, 0x82, 0x10, 0x82, 0x10, 0x82, 0x10,
    0x82, 0x10, 0x82, 0x10, 0x82, 0x10, 0x82, 0x10, 0x82, 0x10, 0x82, 0x10, 0x82, 0x10, 0x82, 0x10,
    0x82, 0x10, 0x82, 0x10, 0x82, 0x10, 0x82, 0x10, 0x82, 0x10, 0x82, 0x10, 0x82, 0x10, 0x82, 0x10,
    0x82, 0x10, 0x82, 0x10, 0x82, 0x10, 0x82, 0x10, 0x82, 0x10, 0x82, 0x10, 0x82, 0x10, 0x82, 0x10,
    0x82, 0x10, 0x82, 0x10, 0x82, 0x10, 0x82, 0x10, 0x82, 0x10, 0x82, 0x10, 0x82, 0x10, 0x82, 0x10,
    0x82, 0x10, 0x82, 0x10, 0x82, 0x10, 0x82, 0x10, 0x82, 0x10, 0x82, 0x10, 0x82, 0x10, 0x82, 0x10,
    0x82, 0x10, 0x82, 0x10, 0x82, 0x10, 0x82, 0x10, 0x82, 0x10, 0x82, 0x10, 0x82, 0x10, 0x82, 0x10,
    0x82, 0x10, 0x82, 0x10, 0x82, 0x10, 0x82, 0x10, 0x82, 0x10, 0x82, 0x10, 0x82, 0x10, 0x82, 0x10,
    0x82, 0x10, 0x82, 0x10, 0x82, 0x10, 0x82, 0x10, 0x82, 0x10, 0x82, 0x10, 0x82, 0x10, 0x82, 0x10,
    0x82, 0x10, 0x82, 0x10, 0x82, 0x10, 0x61, 0x08, 0x61, 0x08, 0x61, 0x08, 0x82, 0x10, 0x82, 0x10,
    0x82, 0x10, 0x83, 0x10, 0x83, 0x10, 0x83, 0x18, 0x83, 0x18, 0xa4, 0x18, 0xa4, 0x20, 0xa4, 0x20,
    0xa4, 0x20, 0xc5, 0x28, 0xc5, 0x28, 0xe6, 0x30, 0xe7, 0x38, 0xe7, 0x38, 0x07, 0x39, 0x08, 0x41,
    0x08, 0x41, 0x08, 0x49, 0x28, 0x49, 0x6c, 0x59, 0xdc, 0xe2, 0x1f, 0xfb, 0x5f, 0xfb, 0x1f, 0xfb,
    0x1f, 0xfb, 0x1f, 0xfb, 0xf2, 0x91, 0x2a, 0x59, 0x0a, 0x51, 0x2a, 0x59, 0x4a, 0x51, 0x4a, 0x51,
    0x4a, 0x51, 0x4a, 0x51, 0x4a, 0x51, 0x2a, 0x51, 0x2a, 0x51, 0x2a, 0x51, 0x2a, 0x59, 0x78, 0xc2,
    0x5f, 0xfb, 0x1f, 0xfb, 0x5f, 0xfb, 0xfd, 0xe2, 0x4b, 0x59, 0x08, 0x41, 0x07, 0x41, 0xe7, 0x38,
    0xe7, 0x38, 0xe6, 0x30, 0xc5, 0x30, 0xc5, 0x28, 0xc5, 0x28, 0xc4, 0x20, 0xa4, 0x20, 0xa4, 0x18,
    0xa3, 0x18, 0xa3, 0x18, 0x83, 0x10, 0x83, 0x10, 0x82, 0x10, 0x82, 0x10, 0x82, 0x10, 0x82, 0x10,
    0x82, 0x10, 0x82, 0x10, 0x82, 0x10, 0x82, 0x10, 0x82, 0x10, 0x82, 0x10, 0x82, 0x10, 0x82, 0x10,
    0x82, 0x10, 0x82, 0x10, 0x82, 0x10, 0x82, 0x10, 0x82, 0x10, 0x82, 0x10, 0x82, 0x10, 0x82, 0x10,
    0x82, 0x10, 0x82, 0x10, 0x82, 0x10, 0x82, 0x10, 0x82, 0x10, 0x82, 0x10, 0x83, 0x10, 0x83, 0x10,
    0x83, 0x10, 0xa3, 0x18, 0xa4, 0x18, 0xa4, 0x20, 0xa4, 0x20, 0xa5, 0x20, 0xc4, 0x28, 0xc5, 0x28,
    0xc5, 0x30, 0xc6, 0x30, 0xe7, 0x38, 0xe7, 0x38, 0x07, 0x41, 0x07, 0x41, 0x08, 0x41, 0x77, 0xba,
    0x3f, 0xfb, 0x1f, 0xfb, 0x1f, 0xfb, 0xfe, 0xfa, 0x6c, 0x61, 0x2a, 0x49, 0x2a, 0x51, 0x2a, 0x49,
    0x2a, 0x49, 0x2a, 0x49, 0x2a, 0x49, 0x2a, 0x49, 0x2a, 0x49, 0x2a, 0x49, 0x2a, 0x49, 0x2a, 0x51,
    0x4b, 0x59, 0xba, 0xd2, 0x1f, 0xfb, 0xff, 0xfa, 0x3f, 0xfb, 0xba, 0xda, 0x4b, 0x59, 0x08, 0x41,
    0x08, 0x41, 0x07, 0x39, 0xe7, 0x38, 0xe6, 0x30, 0xc6, 0x30, 0xe5, 0x28, 0xc5, 0x28, 0xa4, 0x28,
    0xa4, 0x20, 0xa4, 0x20, 0xa4, 0x18, 0x83, 0x18, 0x83, 0x10, 0x83, 0x18, 0x83, 0x10, 0x83, 0x10,
    0x82, 0x10, 0x82, 0x10, 0x61, 0x08, 0x61, 0x08, 0x61, 0x08, 0x82, 0x10, 0x82, 0x10, 0x82, 0x10,
    0x82, 0x10, 0x82, 0x10, 0x82, 0x10, 0x82, 0x10, 0x82, 0x10, 0x82, 0x10, 0x82, 0x10, 0x82, 0x10,
    0x82, 0x10, 0x82, 0x10, 0x82, 0x10, 0x82, 0x10, 0x82, 0x10, 0x82, 0x10, 0x82, 0x10, 0x82, 0x10,
    0x82, 0x10, 0x82, 0x10, 0x82, 0x10, 0x82, 0x10, 0x82, 0x10, 0x82, 0x10, 0x82, 0x10, 0x82, 0x10,
    0x82, 0x10, 0x82, 0x10, 0x82, 0x10, 0x82, 0x10, 0x82, 0x10, 0x82, 0x10, 0x82, 0x10, 0x82, 0x10,
    0x82, 0x10, 0x82, 0x10, 0x82, 0x10, 0x82, 0x10, 0x82, 0x10, 0x82, 0x10, 0x82, 0x10, 0x82, 0x10,
    0x82, 0x10, 0x82, 0x10, 0x82, 0x10, 0x82, 0x10, 0x82, 0x10, 0x82, 0x10, 0x82, 0x10, 0x82, 0x10,
    0x82, 0x10, 0x82, 0x10, 0x82, 0x10, 0x82, 0x10, 0x82, 0x10, 0x82, 0x10, 0x82, 0x10, 0x82, 0x10,
    0x82, 0x10, 0x82, 0x10, 0x82, 0x10, 0x82, 0x10, 0x82, 0x10, 0x82, 0x10, 0x82, 0x10, 0x82, 0x10,
    0x82, 0x10, 0x82, 0x10, 0x82, 0x10, 0x82, 0x10, 0x82, 0x10, 0x82, 0x10, 0x82, 0x10, 0x82, 0x10,
    0x82, 0x10, 0x82, 0x10, 0x82, 0x10, 0x82, 0x10, 0x82, 0x10, 0x82, 0x10, 0x82, 0x10, 0x82, 0x10,
    0x82, 0x10, 0x82, 0x10, 0x82, 0x10, 0x61, 0x08, 0x61, 0x08, 0x61, 0x08, 0x82, 0x10, 0x82, 0x10,
    0x82, 0x10, 0x83, 0x10, 0x83, 0x10, 0x83, 0x18, 0x83, 0x18, 0xa4, 0x20, 0xa4, 0x20, 0xa4, 0x20,
    0xa5, 0x20, 0xa5, 0x28, 0xc5, 0x30, 0xe6, 0x30, 0xe6, 0x30, 0xe7, 0x38, 0xe8, 0x38, 0x08, 0x41,
    0x08, 0x41, 0x09, 0x49, 0x29, 0x49, 0x14, 0x9a, 0x3e, 0xf3, 0x5f, 0xfb, 0x5f, 0xfb, 0x5f, 0xfb,
    0x1f, 0xfb, 0x1f, 0xfb, 0xf3, 0x91, 0x2a, 0x59, 0x4a, 0x51, 0x2a, 0x59, 0x4a, 0x51, 0x4a, 0x51,
    0x4a, 0x51, 0x4a, 0x51, 0x4a, 0x51, 0x2a, 0x51, 0x2a, 0x51, 0x2a, 0x51, 0x2a, 0x59, 0x78, 0xc2,
    0x5f, 0xfb, 0x1f, 0xfb, 0x5f, 0xfb, 0xfd, 0xe2, 0x4b, 0x59, 0x08, 0x41, 0x07, 0x41, 0x07, 0x39,
    0xe7, 0x38, 0xe6, 0x30, 0xe6, 0x30, 0xc5, 0x28, 0xc5, 0x28, 0xa4, 0x20, 0xa4, 0x20, 0xa4, 0x18,
    0xa3, 0x18, 0x83, 0x18, 0x83, 0x10, 0x83, 0x10, 0x82, 0x10, 0x82, 0x18, 0x82, 0x10, 0x82, 0x10,
    0x82, 0x10, 0x82, 0x10, 0x82, 0x10, 0x82, 0x10, 0x82, 0x10, 0x82, 0x10, 0x82, 0x10, 0x82, 0x10,
    0x82, 0x10, 0x82, 0x10, 0x82, 0x10, 0x82, 0x10, 0x82, 0x10, 0x82, 0x10, 0x82, 0x10, 0x82, 0x10,
    0x82, 0x10, 0x82, 0x10, 0x82, 0x10, 0x82, 0x10, 0x82, 0x10, 0x82, 0x10, 0x83, 0x10, 0x83, 0x10,
    0x83, 0x10, 0xa3, 0x18, 0xa4, 0x18, 0xa4, 0x20, 0xa4, 0x20, 0xa5, 0x20, 0xc4, 0x28, 0xc5, 0x28,
    0xc5, 0x30, 0xc6, 0x30, 0xe7, 0x38, 0xe7, 0x38, 0x07, 0x41, 0x07, 0x41, 0x08, 0x41, 0x77, 0xba,
    0x3f, 0xfb, 0x1f, 0xfb, 0x1f, 0xfb, 0xfe, 0xfa, 0x6c, 0x61, 0x2a, 0x49, 0x2a, 0x51, 0x2a, 0x49,
    0x2a, 0x49, 0x2a, 0x49, 0x2a, 0x49, 0x2a, 0x49, 0x2a, 0x49, 0x2a, 0x49, 0x2a, 0x49, 0x2a, 0x49,
    0x4b, 0x59, 0xba, 0xd2, 0x1f, 0xfb, 0xff, 0xfa, 0x3f, 0xfb, 0xdb, 0xda, 0x4b, 0x59, 0x08, 0x41,
    0x08, 0x41, 0x08, 0x39, 0xe7, 0x38, 0xe6, 0x30, 0xe6, 0x30, 0xe5, 0x28, 0xc5, 0x28, 0xa4, 0x28,
    0xa4, 0x20, 0xa4, 0x20, 0xa4, 0x18, 0xa3, 0x18, 0x83, 0x18, 0x83, 0x18, 0x83, 0x10, 0x82, 0x10,
    0x82, 0x10, 0x82, 0x10, 0x61, 0x08, 0x61, 0x08, 0x61, 0x08, 0x61, 0x08, 0x61, 0x08, 0x82, 0x10,
    0x82, 0x10, 0x82, 0x10, 0x82, 0x10, 0x82, 0x10, 0x82, 0x10, 0x82, 0x10, 0x82, 0x10, 0x82, 0x10,
    0x82, 0x10, 0x82, 0x10, 0x82, 0x10, 0x82, 0x10, 0x82, 0x10, 0x82, 0x10, 0x82, 0x10, 0x82, 0x10,
    0x82, 0x10, 0x82, 0x10, 0x82, 0x10, 0x82, 0x10, 0x82, 0x10, 0x82, 0x10, 0x82, 0x10, 0x82, 0x10,
    0x82, 0x10, 0x82, 0x10, 0x82, 0x10, 0x82, 0x10, 0x82, 0x10, 0x82, 0x10, 0x82, 0x10, 0x82, 0x10,
    0x82, 0x10, 0x82, 0x10, 0x82, 0x10, 0x82, 0x10, 0x82, 0x10, 0x82, 0x10, 0x82, 0x10, 0x82, 0x10,
    0x82, 0x10, 0x82, 0x10, 0x82, 0x10, 0x82, 0x10, 0x82, 0x10, 0x82, 0x10, 0x82, 0x10, 0x82, 0x10,
    0x82, 0x10, 0x82, 0x10, 0x82, 0x10, 0x82, 0x10, 0x82, 0x10, 0x82, 0x10, 0x82, 0x10, 0x82, 0x10,
    0x82, 0x10, 0x82, 0x10, 0x82, 0x10, 0x82, 0x10, 0x82, 0x10, 0x82, 0x10, 0x82, 0x10, 0x82, 0x10,
    0x82, 0x10, 0x82, 0x10, 0x82, 0x10, 0x82, 0x10, 0x82, 0x10, 0x82, 0x10, 0x82, 0x10, 0x82, 0x10,
    0x82, 0x10, 0x82, 0x10, 0x82, 0x10, 0x82, 0x10, 0x82, 0x10, 0x82, 0x10, 0x82, 0x10, 0x82, 0x10,
    0x82, 0x10, 0x82, 0x10, 0x82, 0x10, 0x61, 0x08, 0x61, 0x08, 0x82, 0x10, 0x82, 0x10, 0x82, 0x10,
    0x82, 0x10, 0x83, 0x10, 0x83, 0x18, 0x83, 0x18, 0xa3, 0x18, 0xa4, 0x20, 0xa4, 0x20, 0xa4, 0x20,
    0xc5, 0x28, 0xc5, 0x28, 0xe6, 0x30, 0xc6, 0x30, 0xe7, 0x38, 0x07, 0x39, 0x08, 0x41, 0x08, 0x41,
    0x29, 0x49, 0x0a, 0x49, 0x6c, 0x61, 0xdc, 0xe2, 0x3f, 0xfb, 0x1f, 0xfb, 0x1f, 0xfb, 0x1f, 0xfb,
    0x1f, 0xfb, 0x1f, 0xfb, 0xf3, 0x91, 0x4b, 0x59, 0x2a, 0x59, 0x2a, 0x59, 0x4a, 0x51, 0x4a, 0x51,
    0x4a, 0x51, 0x4a, 0x51, 0x2a, 0x51, 0x2a, 0x51, 0x2a, 0x51, 0x2a, 0x51, 0x2a, 0x59, 0x78, 0xc2,
    0x5f, 0xfb, 0x1f, 0xfb, 0x5f, 0xfb, 0xfd, 0xe2, 0x4b, 0x59, 0x08, 0x41, 0x07, 0x41, 0x07, 0x39,
    0xe7, 0x38, 0xe6, 0x30, 0xe6, 0x30, 0xc5, 0x28, 0xc5, 0x28, 0xa4, 0x20, 0xa4, 0x20, 0xa4, 0x18,
    0xa3, 0x18, 0x83, 0x18, 0x83, 0x10, 0x83, 0x10, 0x82, 0x10, 0x82, 0x18, 0x82, 0x10, 0x82, 0x10,
    0x82, 0x10, 0x82, 0x10, 0x82, 0x10, 0x82, 0x10, 0x82, 0x10, 0x82, 0x10, 0x82, 0x10, 0x82, 0x10,
    0x82, 0x10, 0x82, 0x10, 0x82, 0x10, 0x82, 0x10, 0x82, 0x10, 0x82, 0x10, 0x82, 0x10, 0x82, 0x10,
    0x82, 0x10, 0x82, 0x10, 0x82, 0x10, 0x82, 0x10, 0x82, 0x10, 0x82, 0x10, 0x83, 0x10, 0x83, 0x10,
    0x83, 0x10, 0xa3, 0x18, 0xa4, 0x18, 0xa4, 0x20, 0xa4, 0x20, 0xa5, 0x20, 0xc5, 0x28, 0xc5, 0x28,
    0xc5, 0x30, 0xc6, 0x30, 0xe7, 0x38, 0xe7, 0x38, 0x07, 0x41, 0x07, 0x41, 0x08, 0x41, 0x77, 0xba,
    0x3f, 0xfb, 0x1f, 0xfb, 0x1f, 0xfb, 0xfe, 0xfa, 0x6c, 0x61, 0x2a, 0x49, 0x2a, 0x51, 0x2a, 0x49,
    0x2a, 0x49, 0x2a, 0x49, 0x2a, 0x49, 0x2a, 0x49, 0x2a, 0x49, 0x2a, 0x49, 0x2a, 0x49, 0x2a, 0x49,
    0x4b, 0x59, 0xba, 0xd2, 0x1f, 0xfb, 0xff, 0xfa, 0x3f, 0xfb, 0xdb, 0xda, 0x4b, 0x59, 0x08, 0x41,
    0x08, 0x41, 0x07, 0x39, 0xe7, 0x38, 0xc6, 0x30, 0xe6, 0x30, 0xe5, 0x28, 0xc5, 0x28, 0xc4, 0x28,
    0xa4, 0x20, 0xa4, 0x18, 0xa4, 0x18, 0xa3, 0x18, 0x83, 0x18, 0x83, 0x18, 0x83, 0x10, 0x82, 0x10,
    0x82, 0x10, 0x82, 0x10, 0x61, 0x08, 0x61, 0x08, 0x61, 0x08, 0x61, 0x08, 0x61, 0x08, 0x82, 0x10,
    0x82, 0x10, 0x82, 0x10, 0x82, 0x10, 0x82, 0x10, 0x82, 0x10, 0x82, 0x10, 0x82, 0x10, 0x82, 0x10,
    0x82, 0x10, 0x82, 0x10, 0x82, 0x10, 0x82, 0x10, 0x82, 0x10, 0x82, 0x10, 0x82, 0x10, 0x82, 0x10,
    0x82, 0x10, 0x82, 0x10, 0x82, 0x10, 0x82, 0x10, 0x82, 0x10, 0x82, 0x10, 0x82, 0x10, 0x82, 0x10,
    0x82, 0x10, 0x82, 0x10, 0x82, 0x10, 0x82, 0x10, 0x82, 0x10, 0x82, 0x10, 0x82, 0x10, 0x82, 0x10,
    0x82, 0x10, 0x82, 0x10, 0x82, 0x10, 0x82, 0x10, 0x82, 0x10, 0x82, 0x10, 0x82, 0x10, 0x82, 0x10,
    0x82, 0x10, 0x82, 0x10, 0x82, 0x10, 0x82, 0x10, 0x82, 0x10, 0x82, 0x10, 0x82, 0x10, 0x82, 0x10,
    0x82, 0x10, 0x82, 0x10, 0x82, 0x10, 0x82, 0x10, 0x82, 0x10, 0x82, 0x10, 0x82, 0x10, 0x82, 0x10,
    0x82, 0x10, 0x82, 0x10, 0x82, 0x10, 0x82, 0x10, 0x82, 0x10, 0x82, 0x10, 0x82, 0x10, 0x82, 0x10,
    0x82, 0x10, 0x82, 0x10, 0x82, 0x10, 0x82, 0x10, 0x82, 0x10, 0x82, 0x10, 0x82, 0x10, 0x82, 0x10,
    0x82, 0x10, 0x82, 0x10, 0x82, 0x10, 0x82, 0x10, 0x82, 0x10, 0x82, 0x10, 0x82, 0x10, 0x82, 0x10,
    0x82, 0x10, 0x82, 0x10, 0x82, 0x10, 0x61, 0x08, 0x61, 0x08, 0x82, 0x10, 0x82, 0x10, 0x82, 0x10,
    0x82, 0x10, 0x83, 0x10, 0xa3, 0x18, 0xa3, 0x18, 0xa4, 0x18, 0xa4, 0x20, 0xa4, 0x20, 0xa4, 0x28,
    0xa5, 0x28, 0xc5, 0x30, 0xe6, 0x30, 0xe7, 0x38, 0xe7, 0x38, 0x08, 0x41, 0x08, 0x41, 0x29, 0x49,
    0x2a, 0x49, 0x2a, 0x49, 0x14, 0xa2, 0xff, 0xfa, 0x1f, 0xfb, 0x3f, 0xfb, 0x5f, 0xfb, 0x1f, 0xfb,
    0x1f, 0xfb, 0x1f, 0xfb, 0xf3, 0x91, 0x4b, 0x59, 0x2a, 0x59, 0x2a, 0x59, 0x4a, 0x51, 0x2a, 0x59,
    0x4a, 0x51, 0x4a, 0x51, 0x4a, 0x51, 0x2a, 0x51, 0x2a, 0x51, 0x2a, 0x51, 0x2a, 0x59, 0x78, 0xc2,
    0x1f, 0xfb, 0x1f, 0xfb, 0x5f, 0xfb, 0xfd, 0xe2, 0x4b, 0x59, 0x08, 0x41, 0x07, 0x41, 0x07, 0x39,
    0xe7, 0x38, 0xe6, 0x30, 0xe6, 0x30, 0xc5, 0x28, 0xc5, 0x28, 0xa4, 0x20, 0xa4, 0x20, 0xa4, 0x18,
    0xa3, 0x18, 0x83, 0x18, 0x83, 0x10, 0x83, 0x10, 0x82, 0x10, 0x82, 0x18, 0x82, 0x10, 0x82, 0x10,
    0x82, 0x10, 0x82, 0x10, 0x82, 0x10, 0x82, 0x10, 0x82, 0x10, 0x82, 0x10, 0x82, 0x10, 0x82, 0x10,
    0x82, 0x10, 0x82, 0x10, 0x82, 0x10, 0x82, 0x10, 0x82, 0x10, 0x82, 0x10, 0x82, 0x10, 0x82, 0x10,
    0x82, 0x10, 0x82, 0x10, 0x82, 0x10, 0x82, 0x10, 0x82, 0x10, 0x82, 0x10, 0x83, 0x10, 0x83, 0x10,
    0x83, 0x10, 0xa3, 0x18, 0xa4, 0x18, 0xa4, 0x20, 0xa4, 0x20, 0xa5, 0x20, 0xc5, 0x28, 0xc5, 0x28,
    0xe6, 0x30, 0xc6, 0x30, 0xe7, 0x38, 0xe7, 0x38, 0x07, 0x41, 0x07, 0x41, 0x08, 0x41, 0x77, 0xba,
    0x3f, 0xfb, 0x1f, 0xfb, 0x1f, 0xfb, 0xfe, 0xfa, 0x4c, 0x61, 0x2a, 0x49, 0x2a, 0x51, 0x2a, 0x49,
    0x2a, 0x49, 0x2a, 0x49, 0x2a, 0x49, 0x2a, 0x49, 0x2a, 0x49, 0x2a, 0x49, 0x2a, 0x49, 0x2a, 0x49,
    0x4b, 0x59, 0xba, 0xd2, 0x1f, 0xfb, 0xff, 0xfa, 0x3f, 0xfb, 0xdc, 0xe2, 0x4b, 0x59, 0x08, 0x41,
    0x08, 0x41, 0x07, 0x39, 0xe7, 0x38, 0xe6, 0x30, 0xe6, 0x30, 0xe5, 0x28, 0xc5, 0x28, 0xc4, 0x20,
    0xa4, 0x20, 0xa4, 0x18, 0xa3, 0x18, 0xa3, 0x18, 0x83, 0x10, 0x83, 0x10, 0x83, 0x10, 0x82, 0x10,
    0x82, 0x10, 0x82, 0x10, 0x61, 0x08, 0x61, 0x08, 0x61, 0x08, 0x61, 0x08, 0x61, 0x08, 0x82, 0x10,
    0x82, 0x10, 0x82, 0x10, 0x82, 0x10, 0x82, 0x10, 0x82, 0x10, 0x82, 0x10, 0x82, 0x10, 0x82, 0x10,
    0x82, 0x10, 0x82, 0x10, 0x82, 0x10, 0x82, 0x10, 0x82, 0x10, 0x82, 0x10, 0x82, 0x10, 0x82, 0x10,
    0x82, 0x10, 0x82, 0x10, 0x82, 0x10, 0x82, 0x10, 0x82, 0x10, 0x82, 0x10, 0x82, 0x10, 0x82, 0x10,
    0x82, 0x10, 0x82, 0x10, 0x82, 0x10, 0x82, 0x10, 0x82, 0x10, 0x82, 0x10, 0x82, 0x10, 0x82, 0x10,
    0x82, 0x10, 0x82, 0x10, 0x82, 0x10, 0x82, 0x10, 0x82, 0x10, 0x82, 0x10, 0x82, 0x10, 0x82, 0x10,
    0x82, 0x10, 0x82, 0x10, 0x82, 0x10, 0x82, 0x10, 0x82, 0x10, 0x82, 0x10, 0x82, 0x10, 0x82, 0x10,
    0x82, 0x10, 0x82, 0x10, 0x82, 0x10, 0x82, 0x10, 0x82, 0x10, 0x82, 0x10, 0x82, 0x10, 0x82, 0x10,
    0x82, 0x10, 0x82, 0x10, 0x82, 0x10, 0x82, 0x10, 0x82, 0x10, 0x82, 0x10, 0x82, 0x10, 0x82, 0x10,
    0x82, 0x10, 0x82, 0x10, 0x82, 0x10, 0x82, 0x10, 0x82, 0x10, 0x82, 0x10, 0x82, 0x10, 0x82, 0x10,
    0x82, 0x10, 0x82, 0x10, 0x82, 0x10, 0x82, 0x10, 0x82, 0x10, 0x82, 0x10, 0x82, 0x10, 0x82, 0x10,
    0x82, 0x10, 0x82, 0x10, 0x82, 0x10, 0x61, 0x08, 0x61, 0x08, 0x82, 0x10, 0x82, 0x10, 0x82, 0x10,
    0x82, 0x10, 0x83, 0x10, 0x83, 0x18, 0x83, 0x18, 0xa4, 0x20, 0xa4, 0x20, 0xa4, 0x20, 0xa5, 0x20,
    0xc5, 0x28, 0xc5, 0x30, 0xc6, 0x30, 0xe7, 0x38, 0x07, 0x41, 0x08, 0x41, 0x09, 0x49, 0x09, 0x49,
    0x0a, 0x49, 0x6c, 0x61, 0xba, 0xda, 0xff, 0xfa, 0x1f, 0xfb, 0x5f, 0xfb, 0x5f, 0xfb, 0x1f, 0xfb,
    0x1f, 0xfb, 0x1f, 0xfb, 0xf3, 0x91, 0x4b, 0x59, 0x4b, 0x59, 0x2a, 0x59, 0x4a, 0x51, 0x4a, 0x51,
    0x4a, 0x51, 0x4a, 0x51, 0x4a, 0x51, 0x2a, 0x51, 0x2a, 0x51, 0x2a, 0x51, 0x2a, 0x59, 0x78, 0xc2,
    0x5f, 0xfb, 0x1f, 0xfb, 0x5f, 0xfb, 0xfd, 0xe2, 0x4b, 0x59, 0x08, 0x41, 0x07, 0x41, 0xe7, 0x38,
    0xe7, 0x38, 0xe6, 0x30, 0xe6, 0x30, 0xc5, 0x28, 0xc5, 0x28, 0xa4, 0x20, 0xa4, 0x20, 0xa4, 0x18,
    0xa3, 0x18, 0x83, 0x18, 0x83, 0x10, 0x83, 0x10, 0x82, 0x10, 0x82, 0x18, 0x82, 0x10, 0x82, 0x10,
    0x82, 0x10, 0x82, 0x10, 0x82, 0x10, 0x82, 0x10, 0x82, 0x10, 0x82, 0x10, 0x82, 0x10, 0x82, 0x10,
    0x82, 0x10, 0x82, 0x10, 0x82, 0x10, 0x82, 0x10, 0x82, 0x10, 0x82, 0x10, 0x82, 0x10, 0x82, 0x10,
    0x82, 0x10, 0x82, 0x10, 0x82, 0x10, 0x82, 0x10, 0x82, 0x10, 0x82, 0x18, 0x83, 0x10, 0x83, 0x10,
    0x83, 0x10, 0xa3, 0x18, 0xa4, 0x18, 0xa4, 0x20, 0xa4, 0x20, 0xa5, 0x20, 0xc5, 0x28, 0xc5, 0x28,
    0xc5, 0x30, 0xc6, 0x30, 0xe7, 0x38, 0xe7, 0x38, 0x07, 0x41, 0x07, 0x41, 0x08, 0x41, 0x76, 0xba,
    0x3f, 0xfb, 0x1f, 0xfb, 0xff, 0xfa, 0xfe, 0xfa, 0x6c, 0x61, 0x2a, 0x49, 0x2a, 0x49, 0x2a, 0x49,
    0x2a, 0x49, 0x2a, 0x49, 0x2a, 0x49, 0x2a, 0x49, 0x2a, 0x49, 0x2a, 0x49, 0x2a, 0x49, 0x2a, 0x49,
    0x4b, 0x59, 0xba, 0xd2, 0x1f, 0xfb, 0xff, 0xfa, 0x3f, 0xfb, 0xdb, 0xda, 0x4b, 0x59, 0x08, 0x41,
    0x08, 0x41, 0x07, 0x39, 0xe7, 0x38, 0xe6, 0x30, 0xe6, 0x30, 0xe5, 0x28, 0xc5, 0x28, 0xc4, 0x20,
    0xa4, 0x20, 0xa4, 0x18, 0xa3, 0x18, 0x83, 0x18, 0x83, 0x18, 0x83, 0x10, 0x83, 0x10, 0x82, 0x10,
    0x82, 0x10, 0x61, 0x08, 0x61, 0x08, 0x61, 0x08, 0x61, 0x08, 0x61, 0x08, 0x82, 0x10, 0x82, 0x10,
    0x82, 0x10, 0x82, 0x10, 0x82, 0x10, 0x82, 0x10, 0x82, 0x10, 0x82, 0x10, 0x82, 0x10, 0x82, 0x10,
    0x82, 0x10, 0x82, 0x10, 0x82, 0x10, 0x82, 0x10, 0x82, 0x10, 0x82, 0x10, 0x82, 0x10, 0x82, 0x10,
    0x82, 0x10, 0x82, 0x10, 0x82, 0x10, 0x82, 0x10, 0x82, 0x10, 0x82, 0x10, 0x82, 0x10, 0x82, 0x10,
    0x82, 0x10, 0x82, 0x10, 0x82, 0x10, 0x82, 0x10, 0x82, 0x10, 0x82, 0x10, 0x82, 0x10, 0x82, 0x10,
    0x82, 0x10, 0x82, 0x10, 0x82, 0x10, 0x82, 0x10, 0x82, 0x10, 0x82, 0x10, 0x82, 0x10, 0x82, 0x10,
    0x82, 0x10, 0x82, 0x10, 0x82, 0x10, 0x82, 0x10, 0x82, 0x10, 0x82, 0x10, 0x82, 0x10, 0x82, 0x10,
    0x82, 0x10, 0x82, 0x10, 0x82, 0x10, 0x82, 0x10, 0x82, 0x10, 0x82, 0x10, 0x82, 0x10, 0x82, 0x10,
    0x82, 0x10, 0x82, 0x10, 0x82, 0x10, 0x82, 0x10, 0x82, 0x10, 0x82, 0x10, 0x82, 0x10, 0x82, 0x10,
    0x82, 0x10, 0x82, 0x10, 0x82, 0x10, 0x82, 0x10, 0x82, 0x10, 0x82, 0x10, 0x82, 0x10, 0x82, 0x10,
    0x82, 0x10, 0x82, 0x10, 0x82, 0x10, 0x82, 0x10, 0x82, 0x10, 0x82, 0x10, 0x82, 0x10, 0x82, 0x10,
    0x82, 0x10, 0x82, 0x10, 0x82, 0x10, 0x61, 0x08, 0x61, 0x08, 0x82, 0x10, 0x82, 0x10, 0x82, 0x10,
    0x82, 0x10, 0x83, 0x10, 0x83, 0x18, 0xa3, 0x18, 0xa4, 0x20, 0xa4, 0x20, 0xa4, 0x20, 0xc5, 0x28,
    0xc5, 0x28, 0xe6, 0x30, 0xc6, 0x30, 0xe7, 0x38, 0x08, 0x41, 0x08, 0x41, 0x29, 0x49, 0x0a, 0x49,
    0x4a, 0x51, 0xf0, 0x81, 0x3e, 0xf3, 0x1f, 0xfb, 0x3f, 0xfb, 0x1f, 0xfb, 0x5f, 0xfb, 0x1f, 0xfb,
    0x1f, 0xfb, 0x1f, 0xfb, 0xf3, 0x91, 0x4b, 0x59, 0x4b, 0x59, 0x2a, 0x59, 0x4a, 0x51, 0x4a, 0x51,
    0x4a, 0x51, 0x4a, 0x51, 0x4a, 0x51, 0x2a, 0x51, 0x2a, 0x51, 0x2a, 0x51, 0x4a, 0x51, 0x78, 0xc2,
    0x5f, 0xfb, 0x1f, 0xfb, 0x5f, 0xfb, 0xfd, 0xe2, 0x4b, 0x59, 0x08, 0x41, 0x07, 0x41, 0xe7, 0x38,
    0xe7, 0x38, 0xe6, 0x30, 0xe6, 0x30, 0xc5, 0x28, 0xc5, 0x28, 0xa4, 0x20, 0xa4, 0x20, 0xa4, 0x18,
    0xa3, 0x18, 0x83, 0x18, 0x83, 0x10, 0x83, 0x10, 0x82, 0x10, 0x82, 0x18, 0x82, 0x10, 0x82, 0x10,
    0x82, 0x10, 0x82, 0x10, 0x82, 0x10, 0x82, 0x10, 0x82, 0x10, 0x82, 0x10, 0x82, 0x10, 0x82, 0x10,
    0x82, 0x10, 0x82, 0x10, 0x82, 0x10, 0x82, 0x10, 0x82, 0x10, 0x82, 0x10, 0x82, 0x10, 0x82, 0x10,
    0x82, 0x10, 0x82, 0x10, 0x82, 0x10, 0x82, 0x10, 0x82, 0x10, 0x82, 0x18, 0x83, 0x10, 0x83, 0x10,
    0x83, 0x10, 0x83, 0x18, 0xa4, 0x18, 0xa4, 0x20, 0xa4, 0x20, 0xa5, 0x20, 0xc5, 0x28, 0xc5, 0x28,
    0xc5, 0x30, 0xc6, 0x30, 0xc6, 0x30, 0xe7, 0x38, 0xe7, 0x38, 0x07, 0x41, 0x08, 0x41, 0x76, 0xba,
    0x3f, 0xfb, 0x1f, 0xfb, 0xff, 0xfa, 0xfe, 0xfa, 0x6c, 0x61, 0x2a, 0x49, 0x2a, 0x49, 0x2a, 0x49,
    0x2a, 0x49, 0x2a, 0x49, 0x2a, 0x49, 0x2a, 0x49, 0x2a, 0x49, 0x2a, 0x49, 0x2a, 0x49, 0x2a, 0x49,
    0x4b, 0x59, 0xba, 0xd2, 0x1f, 0xfb, 0x1f, 0xfb, 0x5f, 0xfb, 0xba, 0xda, 0x4b, 0x59, 0x08, 0x41,
    0x07, 0x41, 0xe7, 0x38, 0xe7, 0x38, 0xe6, 0x30, 0xe6, 0x30, 0xa5, 0x28, 0xa5, 0x28, 0xa4, 0x20,
    0xa4, 0x20, 0xa4, 0x20, 0xa3, 0x18, 0x83, 0x18, 0x83, 0x18, 0x83, 0x10, 0x82, 0x10, 0x82, 0x10,
    0x82, 0x10, 0x61, 0x08, 0x61, 0x08, 0x82, 0x10, 0x61, 0x08, 0x82, 0x10, 0x82, 0x10, 0x82, 0x10,
    0x82, 0x10, 0x82, 0x10, 0x82, 0x10, 0x82, 0x10, 0x82, 0x10, 0x82, 0x10, 0x82, 0x10, 0x82, 0x10,
    0x82, 0x10, 0x82, 0x10, 0x82, 0x10, 0x82, 0x10, 0x82, 0x10, 0x82, 0x10, 0x82, 0x10, 0x82, 0x10,
    0x82, 0x10, 0x82, 0x10, 0x82, 0x10, 0x82, 0x10, 0x82, 0x10, 0x82, 0x10, 0x82, 0x10, 0x82, 0x10,
    0x82, 0x10, 0x82, 0x10, 0x82, 0x10, 0x82, 0x10, 0x82, 0x10, 0x82, 0x10, 0x82, 0x10, 0x82, 0x10,
    0x82, 0x10, 0x82, 0x10, 0x82, 0x10, 0x82, 0x10, 0x82, 0x10, 0x82, 0x10, 0x82, 0x10, 0x82, 0x10,
    0x82, 0x10, 0x82, 0x10, 0x82, 0x10, 0x82, 0x10, 0x82, 0x10, 0x82, 0x10, 0x82, 0x10, 0x82, 0x10,
    0x82, 0x10, 0x82, 0x10, 0x82, 0x10, 0x82, 0x10, 0x82, 0x10, 0x82, 0x10, 0x82, 0x10, 0x82, 0x10,
    0x82, 0x10, 0x82, 0x10, 0x82, 0x10, 0x82, 0x10, 0x82, 0x10, 0x82, 0x10, 0x82, 0x10, 0x82, 0x10,
    0x82, 0x10, 0x82, 0x10, 0x82, 0x10, 0x82, 0x10, 0x82, 0x10, 0x82, 0x10, 0x82, 0x10, 0x82, 0x10,
    0x82, 0x10, 0x82, 0x10, 0x82, 0x10, 0x82, 0x10, 0x82, 0x10, 0x82, 0x10, 0x82, 0x10, 0x82, 0x10,
    0x82, 0x10, 0x82, 0x10, 0x61, 0x08, 0x61, 0x08, 0x82, 0x10, 0x83, 0x10, 0x83, 0x10, 0x83, 0x10,
    0x83, 0x10, 0xa3, 0x18, 0xa3, 0x18, 0xa4, 0x20, 0xa4, 0x20, 0xc4, 0x20, 0xa5, 0x20, 0xa5, 0x28,
    0xc6, 0x30, 0xe6, 0x30, 0xe7, 0x38, 0x08, 0x41, 0x08, 0x41, 0x09, 0x49, 0x29, 0x49, 0x4a, 0x49,
    0x6c, 0x59, 0xdc, 0xe2, 0xff, 0xfa, 0x5f, 0xfb, 0x5f, 0xfb, 0xff, 0xfa, 0x5f, 0xfb, 0x1f, 0xfb,
    0x1f, 0xfb, 0x1f, 0xfb, 0xf3, 0x91, 0x4c, 0x61, 0x4b, 0x59, 0x4b, 0x59, 0x4a, 0x51, 0x4a, 0x51,
    0x4a, 0x51, 0x4a, 0x51, 0x4a, 0x51, 0x2a, 0x51, 0x2a, 0x51, 0x2a, 0x51, 0x4a, 0x51, 0x78, 0xc2,
    0x5f, 0xfb, 0x1f, 0xfb, 0x5f, 0xfb, 0xfd, 0xe2, 0x4b, 0x59, 0x08, 0x41, 0x07, 0x41, 0xe7, 0x38,
    0xe7, 0x38, 0xc6, 0x30, 0xe6, 0x30, 0xc5, 0x28, 0xc5, 0x28, 0xa4, 0x20, 0xa4, 0x20, 0xa4, 0x18,
    0xa3, 0x18, 0x83, 0x18, 0x83, 0x10, 0x83, 0x10, 0x82, 0x10, 0x82, 0x18, 0x82, 0x10, 0x82, 0x10,
    0x82, 0x10, 0x82, 0x10, 0x82, 0x10, 0x82, 0x10, 0x82, 0x10, 0x82, 0x10, 0x82, 0x10, 0x82, 0x10,
    0x82, 0x10, 0x82, 0x10, 0x82, 0x10, 0x82, 0x10, 0x82, 0x10, 0x82, 0x10, 0x82, 0x10, 0x82, 0x10,
    0x82, 0x10, 0x82, 0x10, 0x82, 0x10, 0x82, 0x10, 0x82, 0x10, 0x82, 0x18, 0x83, 0x10, 0x83, 0x10,
    0x83, 0x18, 0x83, 0x18, 0xa4, 0x18, 0xa4, 0x20, 0xa4, 0x20, 0xa5, 0x20, 0xc5, 0x28, 0xc5, 0x28,
    0xc5, 0x30, 0xc6, 0x30, 0xc6, 0x30, 0xe7, 0x38, 0xe7, 0x38, 0x07, 0x41, 0x08, 0x41, 0x76, 0xba,
    0x3f, 0xfb, 0x1f, 0xfb, 0xff, 0xfa, 0xfe, 0xfa, 0x6c, 0x61, 0x2a, 0x49, 0x0a, 0x49, 0x2a, 0x49,
    0x2a, 0x49, 0x2a, 0x49, 0x2a, 0x49, 0x2a, 0x49, 0x2a, 0x49, 0x2a, 0x49, 0x2a, 0x49, 0x2a, 0x49,
    0x4b, 0x59, 0xba, 0xd2, 0x1f, 0xfb, 0x1f, 0xfb, 0x5f, 0xfb, 0xba, 0xda, 0x4b, 0x59, 0x08, 0x41,
    0x08, 0x41, 0xe7, 0x38, 0xe7, 0x38, 0xe6, 0x30, 0xe6, 0x30, 0xa5, 0x28, 0xa5, 0x28, 0xa4, 0x20,
    0xa4, 0x20, 0xa4, 0x20, 0xa3, 0x18, 0x83, 0x18, 0x83, 0x18, 0x83, 0x10, 0x82, 0x10, 0x82, 0x10,
    0x82, 0x10, 0x61, 0x08, 0x61, 0x08, 0x82, 0x10, 0x82, 0x10, 0x82, 0x10, 0x82, 0x10, 0x82, 0x10,
    0x82, 0x10, 0x82, 0x10, 0x82, 0x10, 0x82, 0x10, 0x82, 0x10, 0x82, 0x10, 0x82, 0x10, 0x82, 0x10,
    0x82, 0x10, 0x82, 0x10, 0x82, 0x10, 0x82, 0x10, 0x82, 0x10, 0x82, 0x10, 0x82, 0x10, 0x82, 0x10,
    0x82, 0x10, 0x82, 0x10, 0x82, 0x10, 0x82, 0x10, 0x82, 0x10, 0x82, 0x10, 0x82, 0x10, 0x82, 0x10,
    0x82, 0x10, 0x82, 0x10, 0x82, 0x10, 0x82, 0x10, 0x82, 0x10, 0x82, 0x10, 0x82, 0x10, 0x82, 0x10,
    0x82, 0x10, 0x82, 0x10, 0x82, 0x10, 0x82, 0x10, 0x82, 0x10, 0x82, 0x10, 0x82, 0x10, 0x82, 0x10,
    0x82, 0x10, 0x82, 0x10, 0x82, 0x10, 0x82, 0x10, 0x82, 0x10, 0x82, 0x10, 0x82, 0x10, 0x82, 0x10,
    0x82, 0x10, 0x82, 0x10, 0x82, 0x10, 0x82, 0x10, 0x82, 0x10, 0x82, 0x10, 0x82, 0x10, 0x82, 0x10,
    0x82, 0x10, 0x82, 0x10, 0x82, 0x10, 0x82, 0x10, 0x82, 0x10, 0x82, 0x10, 0x82, 0x10, 0x82, 0x10,
    0x82, 0x10, 0x82, 0x10, 0x82, 0x10, 0x82, 0x10, 0x82, 0x10, 0x82, 0x10, 0x82, 0x10, 0x82, 0x10,
    0x82, 0x10, 0x82, 0x10, 0x82, 0x10, 0x82, 0x10, 0x82, 0x10, 0x82, 0x10, 0x82, 0x10, 0x82, 0x10,
    0x82, 0x10, 0x82, 0x10, 0x61, 0x08, 0x82, 0x10, 0x82, 0x10, 0x82, 0x10, 0x83, 0x10, 0x83, 0x10,
    0x83, 0x18, 0xa3, 0x18, 0xa3, 0x18, 0xa4, 0x20, 0xa4, 0x20, 0xa4, 0x28, 0xc5, 0x28, 0xc5, 0x30,
    0xe6, 0x30, 0xc6, 0x30, 0xe7, 0x38, 0x08, 0x41, 0x29, 0x49, 0x09, 0x49, 0x2a, 0x51, 0x2b, 0x51,
    0xf3, 0x91, 0x1e, 0xf3, 0x1f, 0xfb, 0x1f, 0xfb, 0x1f, 0xfb, 0x1e, 0xf3, 0x1f, 0xfb, 0x1f, 0xfb,
    0x1f, 0xfb, 0x1f, 0xfb, 0xf3, 0x91, 0x4c, 0x61, 0x4b, 0x59, 0x4b, 0x59, 0x4a, 0x51, 0x4a, 0x51,
    0x4a, 0x51, 0x4a, 0x51, 0x4a, 0x51, 0x2a, 0x51, 0x2a, 0x51, 0x2a, 0x51, 0x4a, 0x51, 0x78, 0xc2,
    0x5f, 0xfb, 0x1f, 0xfb, 0x5f, 0xfb, 0xfd, 0xe2, 0x4b, 0x59, 0x08, 0x41, 0x07, 0x41, 0xe7, 0x38,
    0xe7, 0x38, 0xc6, 0x30, 0xe6, 0x30, 0xc5, 0x28, 0xc5, 0x28, 0xa4, 0x20, 0xa4, 0x20, 0xa4, 0x18,
    0xa3, 0x18, 0x83, 0x18, 0x83, 0x10, 0x83, 0x10, 0x82, 0x10, 0x82, 0x18, 0x82, 0x10, 0x82, 0x10,
    0x82, 0x10, 0x82, 0x10, 0x82, 0x10, 0x82, 0x10, 0x82, 0x10, 0x82, 0x10, 0x82, 0x10, 0x82, 0x10,
    0x82, 0x10, 0x82, 0x10, 0x82, 0x10, 0x82, 0x10, 0x82, 0x10, 0x82, 0x10, 0x82, 0x10, 0x82, 0x10,
    0x82, 0x10, 0x82, 0x10, 0x82, 0x10, 0x82, 0x10, 0x82, 0x10, 0x82, 0x18, 0x83, 0x10, 0x83, 0x10,
    0x83, 0x18, 0x83, 0x18, 0xa4, 0x18, 0xa4, 0x20, 0xa4, 0x20, 0xa5, 0x20, 0xc5, 0x28, 0xc5, 0x28,
    0xc5, 0x30, 0xc6, 0x30, 0xc6, 0x30, 0xe7, 0x38, 0xe7, 0x38, 0x07, 0x41, 0x08, 0x41, 0x76, 0xba,
    0x3f, 0xfb, 0x1f, 0xfb, 0xff, 0xfa, 0xfe, 0xfa, 0x6c, 0x61, 0x2a, 0x49, 0x0a, 0x49, 0x2a, 0x49,
    0x2a, 0x49, 0x2a, 0x49, 0x2a, 0x49, 0x2a, 0x49, 0x2a, 0x49, 0x2a, 0x49, 0x2a, 0x49, 0x2a, 0x49,
    0x4b, 0x59, 0xba, 0xd2, 0x1f, 0xfb, 0x1f, 0xfb, 0x5f, 0xfb, 0xba, 0xda, 0x4b, 0x59, 0x08, 0x41,
    0x08, 0x41, 0xe7, 0x38, 0xe7, 0x38, 0xe6, 0x30, 0xe6, 0x30, 0xa5, 0x28, 0xa5, 0x28, 0xa4, 0x20,
    0xa4, 0x20, 0xa4, 0x20, 0xa3, 0x18, 0x83, 0x18, 0x83, 0x18, 0x83, 0x10, 0x82, 0x10, 0x82, 0x10,
    0x82, 0x10, 0x61, 0x08, 0x61, 0x08, 0x82, 0x10, 0x82, 0x10, 0x82, 0x10, 0x82, 0x10, 0x82, 0x10,
    0x82, 0x10, 0x82, 0x10, 0x82, 0x10, 0x82, 0x10, 0x82, 0x10, 0x82, 0x10, 0x82, 0x10, 0x82, 0x10,
    0x82, 0x10, 0x82, 0x10, 0x82, 0x10, 0x82, 0x10, 0x82, 0x10, 0x82, 0x10, 0x82, 0x10, 0x82, 0x10,
    0x82, 0x10, 0x82, 0x10, 0x82, 0x10, 0x82, 0x10, 0x82, 0x10, 0x82, 0x10, 0x82, 0x10, 0x82, 0x10,
    0x82, 0x10, 0x82, 0x10, 0x82, 0x10, 0x82, 0x10, 0x82, 0x10, 0x82, 0x10, 0x82, 0x10, 0x82, 0x10,
    0x82, 0x10, 0x82, 0x10, 0x82, 0x10, 0x82, 0x10, 0x82, 0x10, 0x82, 0x10, 0x82, 0x10, 0x82, 0x10,
    0x82, 0x10, 0x82, 0x10, 0x82, 0x10, 0x82, 0x10, 0x82, 0x10, 0x82, 0x10, 0x82, 0x10, 0x82, 0x10,
    0x82, 0x10, 0x82, 0x10, 0x82, 0x10, 0x82, 0x10, 0x82, 0x10, 0x82, 0x10, 0x82, 0x10, 0x82, 0x10,
    0x82, 0x10, 0x82, 0x10, 0x82, 0x10, 0x82, 0x10, 0x82, 0x10, 0x82, 0x10, 0x82, 0x10, 0x82, 0x10,
    0x82, 0x10, 0x82, 0x10, 0x82, 0x10, 0x82, 0x10, 0x82, 0x10, 0x82, 0x10, 0x82, 0x10, 0x82, 0x10,
    0x82, 0x10, 0x82, 0x10, 0x82, 0x10, 0x82, 0x10, 0x82, 0x10, 0x82, 0x10, 0x82, 0x10, 0x82, 0x10,
    0x82, 0x10, 0x82, 0x10, 0x61, 0x08, 0x82, 0x10, 0x82, 0x10, 0x82, 0x10, 0x83, 0x10, 0x83, 0x10,
    0x83, 0x18, 0xa3, 0x18, 0xa4, 0x20, 0xa4, 0x20, 0xa4, 0x20, 0xc4, 0x28, 0xc5, 0x28, 0xc5, 0x30,
    0xc6, 0x30, 0xe7, 0x38, 0xe7, 0x38, 0x08, 0x41, 0x09, 0x41, 0x29, 0x49, 0x4a, 0x51, 0x4c, 0x61,
    0x9a, 0xd2, 0x5f, 0xfb, 0x1f, 0xfb, 0x5f, 0xfb, 0xff, 0xfa, 0xba, 0xd2, 0x1f, 0xfb, 0x1f, 0xfb,
    0xff, 0xfa, 0x1f, 0xfb, 0xf3, 0x91, 0x4c, 0x61, 0x4b, 0x59, 0x4b, 0x59, 0x4a, 0x51, 0x4a, 0x51,
    0x4a, 0x51, 0x4a, 0x51, 0x4a, 0x51, 0x2a, 0x51, 0x2a, 0x51, 0x2a, 0x51, 0x4a, 0x51, 0x78, 0xc2,
    0x5f, 0xfb, 0x1f, 0xfb, 0x5f, 0xfb, 0xfd, 0xe2, 0x4b, 0x59, 0x08, 0x41, 0x07, 0x41, 0xe7, 0x38,
    0xe7, 0x38, 0xc6, 0x30, 0xe6, 0x30, 0xc5, 0x28, 0xc5, 0x28, 0xa4, 0x20, 0xa4, 0x20, 0xa4, 0x18,
    0xa3, 0x18, 0x83, 0x18, 0x83, 0x10, 0x83, 0x10, 0x82, 0x10, 0x82, 0x18, 0x82, 0x10, 0x82, 0x10,
    0x82, 0x10, 0x82, 0x10, 0x82, 0x10, 0x82, 0x10, 0x82, 0x10, 0x82, 0x10, 0x82, 0x10, 0x82, 0x10,
    0x82, 0x10, 0x82, 0x10, 0x82, 0x10, 0x82, 0x10, 0x82, 0x10, 0x82, 0x10, 0x82, 0x10, 0x82, 0x10,
    0x82, 0x10, 0x82, 0x10, 0x82, 0x10, 0x82, 0x10, 0x82, 0x10, 0x82, 0x18, 0x83, 0x10, 0x83, 0x10,
    0x83, 0x18, 0x83, 0x18, 0xa4, 0x18, 0xa4, 0x20, 0xa4, 0x20, 0xa5, 0x20, 0xc5, 0x28, 0xc5, 0x28,
    0xc5, 0x30, 0xc6, 0x30, 0xc6, 0x30, 0xe7, 0x38, 0xe7, 0x38, 0x07, 0x41, 0x08, 0x41, 0x76, 0xba,
    0x3f, 0xfb, 0x1f, 0xfb, 0xff, 0xfa, 0xfe, 0xfa, 0x6c, 0x61, 0x2a, 0x49, 0x0a, 0x49, 0x2a, 0x49,
    0x2a, 0x49, 0x2a, 0x49, 0x2a, 0x49, 0x2a, 0x49, 0x2a, 0x49, 0x2a, 0x49, 0x2a, 0x49, 0x2a, 0x49,
    0x4b, 0x59, 0xba, 0xd2, 0x1f, 0xfb, 0x1f, 0xfb, 0x5f, 0xfb, 0xba, 0xda, 0x4b, 0x59, 0x08, 0x41,
    0x08, 0x41, 0xe7, 0x38, 0xe7, 0x38, 0xe6, 0x30, 0xe6, 0x30, 0xa5, 0x28, 0xa5, 0x28, 0xa4, 0x20,
    0xa4, 0x20, 0xa4, 0x20, 0xa3, 0x18, 0x83, 0x18, 0x83, 0x18, 0x83, 0x10, 0x82, 0x10, 0x82, 0x10,
    0x82, 0x10, 0x61, 0x08, 0x61, 0x08, 0x82, 0x10, 0x82, 0x10, 0x82, 0x10, 0x82, 0x10, 0x82, 0x10,
    0x82, 0x10, 0x82, 0x10, 0x82, 0x10, 0x82, 0x10, 0x82, 0x10, 0x82, 0x10, 0x82, 0x10, 0x82, 0x10,
    0x82, 0x10, 0x82, 0x10, 0x82, 0x10, 0x82, 0x10, 0x82, 0x10, 0x82, 0x10, 0x82, 0x10, 0x82, 0x10,
    0x82, 0x10, 0x82, 0x10, 0x82, 0x10, 0x82, 0x10, 0x82, 0x10, 0x82, 0x10, 0x82, 0x10, 0x82, 0x10,
    0x82, 0x10, 0x82, 0x10, 0x82, 0x10, 0x82, 0x10, 0x82, 0x10, 0x82, 0x10, 0x82, 0x10, 0x82, 0x10,
    0x82, 0x10, 0x82, 0x10, 0x82, 0x10, 0x82, 0x10, 0x82, 0x10, 0x82, 0x10, 0x82, 0x10, 0x82, 0x10,
    0x82, 0x10, 0x82, 0x10, 0x82, 0x10, 0x82, 0x10, 0x82, 0x10, 0x82, 0x10, 0x82, 0x10, 0x82, 0x10,
    0x82, 0x10, 0x82, 0x10, 0x82, 0x10, 0x82, 0x10, 0x82, 0x10, 0x82, 0x10, 0x82, 0x10, 0x82, 0x10,
    0x82, 0x10, 0x82, 0x10, 0x82, 0x10, 0x82, 0x10, 0x82, 0x10, 0x82, 0x10, 0x82, 0x10, 0x82, 0x10,
    0x82, 0x10, 0x82, 0x10, 0x82, 0x10, 0x82, 0x10, 0x82, 0x10, 0x82, 0x10, 0x82, 0x10, 0x82, 0x10,
    0x82, 0x10, 0x82, 0x10, 0x82, 0x10, 0x82, 0x10, 0x82, 0x10, 0x82, 0x10, 0x82, 0x10, 0x82, 0x10,
    0x82, 0x10, 0x82, 0x10, 0x61, 0x08, 0x82, 0x10, 0x82, 0x10, 0x83, 0x10, 0x83, 0x10, 0x83, 0x18,
    0x83, 0x18, 0xa3, 0x18, 0xa4, 0x20, 0xa4, 0x20, 0xa4, 0x28, 0xc5, 0x28, 0xc5, 0x30, 0xe6, 0x30,
    0xe6, 0x38, 0xe7, 0x38, 0x08, 0x41, 0x28, 0x41, 0x29, 0x49, 0x4a, 0x49, 0x2b, 0x51, 0xf2, 0x91,
    0xfe, 0xfa, 0x5f, 0xfb, 0x5f, 0xfb, 0x3f, 0xfb, 0xfc, 0xda, 0x56, 0xb2, 0x5f, 0xfb, 0x1f, 0xfb,
    0x1f, 0xfb, 0x1f, 0xfb, 0x13, 0x9a, 0x4c, 0x61, 0x2b, 0x59, 0x4b, 0x59, 0x4a, 0x51, 0x4a, 0x51,
    0x4a, 0x51, 0x4a, 0x51, 0x4a, 0x51, 0x2a, 0x51, 0x2a, 0x51, 0x2a, 0x51, 0x4a, 0x51, 0x78, 0xc2,
    0x5f, 0xfb, 0x1f, 0xfb, 0x5f, 0xfb, 0xfd, 0xe2, 0x4b, 0x59, 0x08, 0x41, 0x07, 0x41, 0xe7, 0x38,
    0xe7, 0x38, 0xc6, 0x30, 0xe6, 0x30, 0xc5, 0x28, 0xc5, 0x28, 0xa4, 0x20, 0xa4, 0x20, 0xa4, 0x18,
    0xa3, 0x18, 0x83, 0x18, 0x83, 0x10, 0x83, 0x10, 0x82, 0x10, 0x82, 0x18, 0x82, 0x10, 0x82, 0x10,
    0x82, 0x10, 0x82, 0x10, 0x82, 0x10, 0x82, 0x10, 0x82, 0x10, 0x82, 0x10, 0x82, 0x10, 0x82, 0x10,
    0x82, 0x10, 0x82, 0x10, 0x82, 0x10, 0x82, 0x10, 0x82, 0x10, 0x82, 0x10, 0x82, 0x10, 0x82, 0x10,
    0x82, 0x10, 0x82, 0x10, 0x82, 0x10, 0x82, 0x10, 0x82, 0x10, 0x82, 0x18, 0x83, 0x10, 0x83, 0x10,
    0x83, 0x18, 0x83, 0x18, 0xa4, 0x18, 0xa4, 0x20, 0xa4, 0x20, 0xa5, 0x20, 0xc5, 0x28, 0xc5, 0x28,
    0xc5, 0x30, 0xc6, 0x30, 0xc6, 0x30, 0xe7, 0x38, 0xe7, 0x38, 0x07, 0x41, 0x08, 0x41, 0x76, 0xba,
    0x3f, 0xfb, 0x1f, 0xfb, 0xff, 0xfa, 0xfe, 0xfa, 0x6c, 0x61, 0x0a, 0x49, 0x2a, 0x49, 0x2a, 0x49,
    0x2a, 0x49, 0x2a, 0x49, 0x2a, 0x49, 0x2a, 0x49, 0x2a, 0x49, 0x2a, 0x49, 0x2a, 0x49, 0x2a, 0x49,
    0x6c, 0x59, 0xba, 0xd2, 0x1f, 0xfb, 0x1f, 0xfb, 0x5f, 0xfb, 0xba, 0xda, 0x4b, 0x59, 0x08, 0x41,
    0x08, 0x41, 0xe7, 0x38, 0xe7, 0x38, 0xe6, 0x30, 0xe6, 0x30, 0xa5, 0x28, 0xa5, 0x28, 0xa4, 0x20,
    0xa4, 0x20, 0xa4, 0x20, 0xa3, 0x18, 0x83, 0x18, 0x83, 0x18, 0x83, 0x10, 0x82, 0x10, 0x82, 0x10,
    0x82, 0x10, 0x61, 0x08, 0x61, 0x08, 0x82, 0x10, 0x82, 0x10, 0x82, 0x10, 0x82, 0x10, 0x82, 0x10,
    0x82, 0x10, 0x82, 0x10, 0x82, 0x10, 0x82, 0x10, 0x82, 0x10, 0x82, 0x10, 0x82, 0x10, 0x82, 0x10,
    0x82, 0x10, 0x82, 0x10, 0x82, 0x10, 0x82, 0x10, 0x82, 0x10, 0x82, 0x10, 0x82, 0x10, 0x82, 0x10,
    0x82, 0x10, 0x82, 0x10, 0x82, 0x10, 0x82, 0x10, 0x82, 0x10, 0x82, 0x10, 0x82, 0x10, 0x82, 0x10,
    0x82, 0x10, 0x82, 0x10, 0x82, 0x10, 0x82, 0x10, 0x82, 0x10, 0x82, 0x10, 0x82, 0x10, 0x82, 0x10,
    0x82, 0x10, 0x82, 0x10, 0x82, 0x10, 0x82, 0x10, 0x82, 0x10, 0x82, 0x10, 0x82, 0x10, 0x82, 0x10,
    0x82, 0x10, 0x82, 0x10, 0x82, 0x10, 0x82, 0x10, 0x82, 0x10, 0x82, 0x10, 0x82, 0x10, 0x82, 0x10,
    0x82, 0x10, 0x82, 0x10, 0x82, 0x10, 0x82, 0x10, 0x82, 0x10, 0x82, 0x10, 0x82, 0x10, 0x82, 0x10,
    0x82, 0x10, 0x82, 0x10, 0x82, 0x10, 0x82, 0x10, 0x82, 0x10, 0x82, 0x10, 0x82, 0x10, 0x82, 0x10,
    0x82, 0x10, 0x82, 0x10, 0x82, 0x10, 0x82, 0x10, 0x82, 0x10, 0x82, 0x10, 0x82, 0x10, 0x82, 0x10,
    0x82, 0x10, 0x82, 0x10, 0x82, 0x10, 0x82, 0x10, 0x82, 0x10, 0x82, 0x10, 0x82, 0x10, 0x82, 0x10,
    0x82, 0x10, 0x82, 0x10, 0x61, 0x08, 0x82, 0x10, 0x82, 0x10, 0x83, 0x10, 0x83, 0x10, 0x83, 0x10,
    0xa3, 0x18, 0xa3, 0x18, 0xa4, 0x20, 0xa4, 0x20, 0xa4, 0x28, 0xc5, 0x28, 0xc5, 0x30, 0xe6, 0x30,
    0xe6, 0x38, 0xe7, 0x38, 0x08, 0x41, 0x08, 0x41, 0x29, 0x49, 0x49, 0x49, 0x4b, 0x59, 0xba, 0xd2,
    0x3f, 0xfb, 0x5f, 0xfb, 0x5f, 0xfb, 0x3f, 0xfb, 0x35, 0xaa, 0x35, 0xaa, 0x5f, 0xfb, 0x5f, 0xfb,
    0x1f, 0xfb, 0x1f, 0xfb, 0x14, 0x9a, 0x4c, 0x61, 0x4b, 0x59, 0x4b, 0x59, 0x4a, 0x51, 0x4a, 0x51,
    0x4a, 0x51, 0x4a, 0x51, 0x4a, 0x51, 0x2a, 0x51, 0x2a, 0x51, 0x2a, 0x51, 0x4a, 0x51, 0x78, 0xc2,
    0x5f, 0xfb, 0x1f, 0xfb, 0x5f, 0xfb, 0xfd, 0xe2, 0x4b, 0x59, 0x08, 0x41, 0x07, 0x41, 0xe7, 0x38,
    0xe7, 0x38, 0xc6, 0x30, 0xe6, 0x30, 0xc5, 0x28, 0xc5, 0x28, 0xa4, 0x20, 0xa4, 0x20, 0xa4, 0x18,
    0xa3, 0x18, 0x83, 0x18, 0x83, 0x10, 0x83, 0x10, 0x82, 0x10, 0x82, 0x18, 0x82, 0x10, 0x82, 0x10,
    0x82, 0x10, 0x82, 0x10, 0x82, 0x10, 0x82, 0x10, 0x82, 0x10, 0x82, 0x10, 0x82, 0x10, 0x82, 0x10,
    0x82, 0x10, 0x82, 0x10, 0x82, 0x10, 0x82, 0x10, 0x82, 0x10, 0x82, 0x10, 0x82, 0x10, 0x82, 0x10,
    0x82, 0x10, 0x82, 0x10, 0x82, 0x10, 0x82, 0x10, 0x82, 0x10, 0x82, 0x18, 0x83, 0x10, 0x83, 0x10,
    0x83, 0x18, 0x83, 0x18, 0xa4, 0x18, 0xa4, 0x20, 0xa4, 0x20, 0xa5, 0x20, 0xc5, 0x28, 0xc5, 0x28,
    0xc5, 0x30, 0xc6, 0x30, 0xc6, 0x30, 0xe7, 0x38, 0xe7, 0x38, 0xe7, 0x38, 0x08, 0x41, 0x77, 0xba,
    0x3f, 0xfb, 0x1f, 0xfb, 0x1f, 0xfb, 0xfe, 0xfa, 0x4c, 0x61, 0x0a, 0x49, 0x2a, 0x49, 0x2a, 0x49,
    0x2a, 0x49, 0x2a, 0x49, 0x2a, 0x49, 0x2a, 0x49, 0x2a, 0x49, 0x2a, 0x49, 0x2a, 0x49, 0x2a, 0x49,
    0x6c, 0x59, 0xba, 0xd2, 0x1f, 0xfb, 0x1f, 0xfb, 0x5f, 0xfb, 0xba, 0xda, 0x4b, 0x59, 0x08, 0x41,
    0x08, 0x41, 0xe7, 0x38, 0xe7, 0x38, 0xe6, 0x30, 0xe6, 0x30, 0xa5, 0x28, 0xa5, 0x28, 0xa4, 0x20,
    0xa4, 0x20, 0xa4, 0x20, 0xa3, 0x18, 0x83, 0x18, 0x83, 0x18, 0x83, 0x10, 0x82, 0x10, 0x82, 0x10,
    0x82, 0x10, 0x61, 0x08, 0x61, 0x08, 0x82, 0x10, 0x82, 0x10, 0x82, 0x10, 0x82, 0x10, 0x82, 0x10,
    0x82, 0x10, 0x82, 0x10, 0x82, 0x10, 0x82, 0x10, 0x82, 0x10, 0x82, 0x10, 0x82, 0x10, 0x82, 0x10,
    0x82, 0x10, 0x82, 0x10, 0x82, 0x10, 0x82, 0x10, 0x82, 0x10, 0x82, 0x10, 0x82, 0x10, 0x82, 0x10,
    0x82, 0x10, 0x82, 0x10, 0x82, 0x10, 0x82, 0x10, 0x82, 0x10, 0x82, 0x10, 0x82, 0x10, 0x82, 0x10,
    0x82, 0x10, 0x82, 0x10, 0x82, 0x10, 0x82, 0x10, 0x82, 0x10, 0x82, 0x10, 0x82, 0x10, 0x82, 0x10,
    0x82, 0x10, 0x82, 0x10, 0x82, 0x10, 0x82, 0x10, 0x82, 0x10, 0x82, 0x10, 0x82, 0x10, 0x82, 0x10,
    0x82, 0x10, 0x82, 0x10, 0x82, 0x10, 0x82, 0x10, 0x82, 0x10, 0x82, 0x10, 0x82, 0x10, 0x82, 0x10,
    0x82, 0x10, 0x82, 0x10, 0x82, 0x10, 0x82, 0x10, 0x82, 0x10, 0x82, 0x10, 0x82, 0x10, 0x82, 0x10,
    0x82, 0x10, 0x82, 0x10, 0x82, 0x10, 0x82, 0x10, 0x82, 0x10, 0x82, 0x10, 0x82, 0x10, 0x82, 0x10,
    0x82, 0x10, 0x82, 0x10, 0x82, 0x10, 0x82, 0x10, 0x82, 0x10, 0x82, 0x10, 0x82, 0x10, 0x82, 0x10,
    0x82, 0x10, 0x82, 0x10, 0x82, 0x10, 0x82, 0x10, 0x82, 0x10, 0x82, 0x10, 0x82, 0x10, 0x82, 0x10,
    0x82, 0x10, 0x82, 0x10, 0x82, 0x10, 0x82, 0x10, 0x82, 0x10, 0x83, 0x10, 0x83, 0x10, 0x83, 0x18,
    0xa3, 0x18, 0xa4, 0x20, 0xa4, 0x20, 0xa4, 0x20, 0xc4, 0x28, 0xe5, 0x28, 0xe6, 0x30, 0xc6, 0x30,
    0xe7, 0x38, 0x08, 0x41, 0x08, 0x41, 0x29, 0x49, 0x4a, 0x49, 0x4a, 0x51, 0xb0, 0x89, 0x3e, 0xf3,
    0x1f, 0xfb, 0x1f, 0xfb, 0x5f, 0xfb, 0xfd, 0xf2, 0xd0, 0x81, 0x56, 0xaa, 0x1f, 0xfb, 0x5f, 0xfb,
    0x5f, 0xfb, 0x3f, 0xfb, 0x14, 0x9a, 0x6b, 0x61, 0x6b, 0x61, 0x4b, 0x59, 0x4a, 0x51, 0x4a, 0x51,
    0x4a, 0x51, 0x4a, 0x51, 0x4a, 0x51, 0x2a, 0x51, 0x2a, 0x51, 0x2a, 0x51, 0x2a, 0x59, 0x78, 0xc2,
    0x1f, 0xfb, 0x1f, 0xfb, 0x5f, 0xfb, 0xfd, 0xe2, 0x4b, 0x59, 0x08, 0x41, 0x07, 0x41, 0xe7, 0x38,
    0xe7, 0x38, 0xc6, 0x30, 0xe6, 0x30, 0xc5, 0x28, 0xc5, 0x28, 0xa4, 0x20, 0xa4, 0x20, 0xa4, 0x20,
    0xa3, 0x18, 0x83, 0x18, 0x83, 0x10, 0x83, 0x10, 0x82, 0x10, 0x82, 0x18, 0x82, 0x10, 0x82, 0x10,
    0x82, 0x10, 0x82, 0x10, 0x82, 0x10, 0x82, 0x10, 0x82, 0x10, 0x82, 0x10, 0x82, 0x10, 0x82, 0x10,
    0x82, 0x10, 0x82, 0x10, 0x82, 0x10, 0x82, 0x10, 0x82, 0x10, 0x82, 0x10, 0x82, 0x10, 0x82, 0x10,
    0x82, 0x10, 0x82, 0x10, 0x82, 0x10, 0x82, 0x10, 0x82, 0x10, 0x82, 0x18, 0x83, 0x10, 0x83, 0x10,
    0x83, 0x18, 0x83, 0x18, 0xa4, 0x18, 0xa4, 0x20, 0xa4, 0x20, 0xa5, 0x20, 0xc5, 0x28, 0xc5, 0x28,
    0xc5, 0x30, 0xc6, 0x30, 0xc6, 0x30, 0xe7, 0x38, 0xe7, 0x38, 0x07, 0x41, 0x08, 0x41, 0x76, 0xba,
    0x3f, 0xfb, 0x1f, 0xfb, 0x1f, 0xfb, 0xfe, 0xfa, 0x6c, 0x61, 0x2a, 0x49, 0x2a, 0x51, 0x2a, 0x49,
    0x2a, 0x49, 0x2a, 0x49, 0x2a, 0x49, 0x2a, 0x49, 0x2a, 0x49, 0x2a, 0x49, 0x2a, 0x49, 0x2a, 0x49,
    0x4b, 0x59, 0xba, 0xd2, 0x1f, 0xfb, 0x1f, 0xfb, 0x5f, 0xfb, 0xba, 0xda, 0x4b, 0x59, 0x08, 0x41,
    0x08, 0x41, 0xe7, 0x38, 0xe7, 0x38, 0xe6, 0x30, 0xe6, 0x30, 0xa5, 0x28, 0xa5, 0x28, 0xa4, 0x20,
    0xa4, 0x20, 0xa4, 0x20, 0xa3, 0x18, 0x83, 0x18, 0x83, 0x18, 0x83, 0x10, 0x82, 0x10, 0x82, 0x10,
    0x82, 0x10, 0x61, 0x08, 0x61, 0x08, 0x82, 0x10, 0x82, 0x10, 0x82, 0x10, 0x82, 0x10, 0x82, 0x10,
    0x82, 0x10, 0x82, 0x10, 0x82, 0x10, 0x82, 0x10, 0x82, 0x10, 0x82, 0x10, 0x82, 0x10, 0x82, 0x10,
    0x82, 0x10, 0x82, 0x10, 0x82, 0x10, 0x82, 0x10, 0x82, 0x10, 0x82, 0x10, 0x82, 0x10, 0x82, 0x10,
    0x82, 0x10, 0x82, 0x10, 0x82, 0x10, 0x82, 0x10, 0x82, 0x10, 0x82, 0x10, 0x82, 0x10, 0x82, 0x10,
    0x82, 0x10, 0x82, 0x10, 0x82, 0x10, 0x82, 0x10, 0x82, 0x10, 0x82, 0x10, 0x82, 0x10, 0x82, 0x10,
    0x82, 0x10, 0x82, 0x10, 0x82, 0x10, 0x82, 0x10, 0x82, 0x10, 0x82, 0x10, 0x82, 0x10, 0x82, 0x10,
    0x82, 0x10, 0x82, 0x10, 0x82, 0x10, 0x82, 0x10, 0x82, 0x10, 0x82, 0x10, 0x82, 0x10, 0x82, 0x10,
    0x82, 0x10, 0x82, 0x10, 0x82, 0x10, 0x82, 0x10, 0x82, 0x10, 0x82, 0x10, 0x82, 0x10, 0x82, 0x10,
    0x82, 0x10, 0x82, 0x10, 0x82, 0x10, 0x82, 0x10, 0x82, 0x10, 0x82, 0x10, 0x82, 0x10, 0x82, 0x10,
    0x82, 0x10, 0x82, 0x10, 0x82, 0x10, 0x82, 0x10, 0x82, 0x10, 0x82, 0x10, 0x82, 0x10, 0x82, 0x10,
    0x82, 0x10, 0x82, 0x10, 0x82, 0x10, 0x82, 0x10, 0x82, 0x10, 0x82, 0x10, 0x82, 0x10, 0x82, 0x10,
    0x61, 0x08, 0x82, 0x10, 0x82, 0x10, 0x82, 0x10, 0x82, 0x10, 0x83, 0x10, 0x83, 0x18, 0xa3, 0x18,
    0xa4, 0x18, 0xa4, 0x20, 0xa4, 0x20, 0xa4, 0x28, 0xa5, 0x28, 0xc5, 0x30, 0xe6, 0x30, 0xe7, 0x38,
    0xe7, 0x38, 0x08, 0x41, 0x08, 0x41, 0x29, 0x49, 0x0a, 0x51, 0x6c, 0x59, 0xba, 0xd2, 0x5f, 0xfb,
    0x5f, 0xfb, 0x5f, 0xfb, 0x5f, 0xfb, 0x77, 0xba, 0x8d, 0x71, 0x36, 0xaa, 0x1f, 0xfb, 0x5f, 0xfb,
    0xff, 0xfa, 0x3f, 0xfb, 0x14, 0x9a, 0x6c, 0x61, 0x6b, 0x61, 0x6b, 0x61, 0x4b, 0x59, 0x4a, 0x51,
    0x4a, 0x51, 0x4a, 0x51, 0x4a, 0x51, 0x2a, 0x51, 0x2a, 0x51, 0x4a, 0x51, 0x2a, 0x59, 0x78, 0xc2,
    0x5f, 0xfb, 0x1f, 0xfb, 0x5f, 0xfb, 0xfd, 0xe2, 0x4b, 0x59, 0x08, 0x41, 0x07, 0x41, 0xe7, 0x38,
    0xe7, 0x38, 0xc6, 0x30, 0xe6, 0x30, 0xe5, 0x28, 0xc5, 0x28, 0xa4, 0x28, 0xa4, 0x20, 0xa4, 0x20,
    0xa4, 0x20, 0xa3, 0x18, 0xa3, 0x18, 0x83, 0x10, 0x83, 0x10, 0x82, 0x18, 0x82, 0x10, 0x82, 0x10,
    0x82, 0x10, 0x82, 0x10, 0x82, 0x10, 0x82, 0x10, 0x82, 0x10, 0x82, 0x10, 0x82, 0x10, 0x82, 0x10,
    0x82, 0x10, 0x82, 0x10, 0x82, 0x10, 0x82, 0x10, 0x82, 0x10, 0x82, 0x10, 0x82, 0x10, 0x82, 0x10,
    0x82, 0x10, 0x82, 0x10, 0x82, 0x10, 0x82, 0x10, 0x82, 0x10, 0x82, 0x18, 0x83, 0x10, 0x83, 0x10,
    0x83, 0x18, 0x83, 0x18, 0xa4, 0x18, 0xa4, 0x20, 0xa4, 0x20, 0xa5, 0x20, 0xc5, 0x28, 0xc5, 0x28,
    0xc5, 0x30, 0xc6, 0x30, 0xc6, 0x30, 0xe7, 0x38, 0xe7, 0x38, 0x07, 0x41, 0x08, 0x41, 0x76, 0xba,
    0x3f, 0xfb, 0x1f, 0xfb, 0x1f, 0xfb, 0xfe, 0xfa, 0x6c, 0x61, 0x2a, 0x49, 0x2a, 0x51, 0x2a, 0x49,
    0x2a, 0x49, 0x2a, 0x49, 0x2a, 0x49, 0x2a, 0x49, 0x2a, 0x49, 0x2a, 0x49, 0x2a, 0x49, 0x2a, 0x49,
    0x4b, 0x59, 0xba, 0xd2, 0x1f, 0xfb, 0x1f, 0xfb, 0x5f, 0xfb, 0xba, 0xda, 0x4b, 0x59, 0x08, 0x41,
    0x08, 0x41, 0xe7, 0x38, 0xe7, 0x38, 0xe6, 0x30, 0xe6, 0x30, 0xa5, 0x28, 0xa5, 0x28, 0xa4, 0x20,
    0xa4, 0x20, 0xa4, 0x20, 0xa3, 0x18, 0x83, 0x18, 0x83, 0x18, 0x83, 0x10, 0x82, 0x10, 0x82, 0x10,
    0x82, 0x10, 0x61, 0x08, 0x61, 0x08, 0x82, 0x10, 0x82, 0x10, 0x82, 0x10, 0x82, 0x10, 0x82, 0x10,
    0x82, 0x10, 0x82, 0x10, 0x82, 0x10, 0x82, 0x10, 0x82, 0x10, 0x82, 0x10, 0x82, 0x10, 0x82, 0x10,
    0x82, 0x10, 0x82, 0x10, 0x82, 0x10, 0x82, 0x10, 0x82, 0x10, 0x82, 0x10, 0x82, 0x10, 0x82, 0x10,
    0x82, 0x10, 0x82, 0x10, 0x82, 0x10, 0x82, 0x10, 0x82, 0x10, 0x82, 0x10, 0x82, 0x10, 0x82, 0x10,
    0x82, 0x10, 0x82, 0x10, 0x82, 0x10, 0x82, 0x10, 0x82, 0x10, 0x82, 0x10, 0x82, 0x10, 0x82, 0x10,
    0x82, 0x10, 0x82, 0x10, 0x82, 0x10, 0x82, 0x10, 0x82, 0x10, 0x82, 0x10, 0x82, 0x10, 0x82, 0x10,
    0x82, 0x10, 0x82, 0x10, 0x82, 0x10, 0x82, 0x10, 0x82, 0x10, 0x82, 0x10, 0x82, 0x10, 0x82, 0x10,
    0x82, 0x10, 0x82, 0x10, 0x82, 0x10, 0x82, 0x10, 0x82, 0x10, 0x82, 0x10, 0x82, 0x10, 0x82, 0x10,
    0x82, 0x10, 0x82, 0x10, 0x82, 0x10, 0x82, 0x10, 0x82, 0x10, 0x82, 0x10, 0x82, 0x10, 0x82, 0x10,
    0x82, 0x10, 0x82, 0x10, 0x82, 0x10, 0x82, 0x10, 0x82, 0x10, 0x82, 0x10, 0x82, 0x10, 0x82, 0x10,
    0x82, 0x10, 0x82, 0x10, 0x82, 0x10, 0x82, 0x10, 0x82, 0x10, 0x82, 0x10, 0x82, 0x10, 0x82, 0x10,
    0x61, 0x08, 0x82, 0x10, 0x82, 0x10, 0x82, 0x10, 0x83, 0x10, 0x83, 0x10, 0x83, 0x18, 0xa3, 0x18,
    0xa4, 0x18, 0xa4, 0x20, 0xa4, 0x20, 0xc4, 0x20, 0xc5, 0x28, 0xe6, 0x30, 0xc6, 0x30, 0xe7, 0x38,
    0x07, 0x39, 0x28, 0x39, 0x09, 0x49, 0x29, 0x49, 0x4a, 0x51, 0xd0, 0x81, 0x3e, 0xf3, 0xff, 0xfa,
    0x3f, 0xfb, 0x1f, 0xfb, 0xfd, 0xe2, 0xb0, 0x79, 0x6d, 0x69, 0x35, 0xaa, 0x5f, 0xfb, 0x1f, 0xfb,
    0xff, 0xfa, 0x3f, 0xfb, 0x14, 0x9a, 0x4c, 0x61, 0x6b, 0x61, 0x6b, 0x61, 0x4b, 0x59, 0x4a, 0x51,
    0x4a, 0x51, 0x4a, 0x51, 0x4a, 0x51, 0x2a, 0x51, 0x2a, 0x51, 0x4a, 0x51, 0x2a, 0x59, 0x78, 0xc2,
    0x5f, 0xfb, 0x1f, 0xfb, 0x5f, 0xfb, 0xfd, 0xe2, 0x4b, 0x59, 0x08, 0x41, 0x07, 0x41, 0xe7, 0x38,
    0xe7, 0x38, 0xc6, 0x30, 0xe6, 0x30, 0xe5, 0x28, 0xc5, 0x28, 0xa4, 0x28, 0xa4, 0x20, 0xa4, 0x20,
    0xa4, 0x20, 0xa3, 0x18, 0xa3, 0x18, 0x83, 0x10, 0x83, 0x10, 0x82, 0x18, 0x82, 0x10, 0x82, 0x10,
    0x82, 0x10, 0x82, 0x10, 0x82, 0x10, 0x82, 0x10, 0x82, 0x10, 0x82, 0x10, 0x82, 0x10, 0x82, 0x10,
    0x82, 0x10, 0x82, 0x10, 0x82, 0x10, 0x82, 0x10, 0x82, 0x10, 0x82, 0x10, 0x82, 0x10, 0x82, 0x10,
    0x82, 0x10, 0x82, 0x10, 0x82, 0x10, 0x82, 0x10, 0x82, 0x10, 0x82, 0x18, 0x83, 0x10, 0x83, 0x10,
    0x83, 0x18, 0x83, 0x18, 0xa4, 0x18, 0xa4, 0x20, 0xa4, 0x20, 0xa5, 0x20, 0xc5, 0x28, 0xc5, 0x28,
    0xc5, 0x30, 0xc6, 0x30, 0xc6, 0x30, 0xe7, 0x38, 0xe7, 0x38, 0x07, 0x41, 0x08, 0x41, 0x76, 0xba,
    0x3f, 0xfb, 0x1f, 0xfb, 0x1f, 0xfb, 0xfe, 0xfa, 0x6c, 0x61, 0x2a, 0x49, 0x2a, 0x51, 0x2a, 0x49,
    0x2a, 0x49, 0x2a, 0x49, 0x2a, 0x49, 0x2a, 0x49, 0x2a, 0x49, 0x2a, 0x49, 0x2a, 0x49, 0x2a, 0x49,
    0x4b, 0x59, 0xba, 0xd2, 0x1f, 0xfb, 0x1f, 0xfb, 0x5f, 0xfb, 0xba, 0xda, 0x4b, 0x59, 0x08, 0x41,
    0x08, 0x41, 0xe7, 0x38, 0xe7, 0x38, 0xe6, 0x30, 0xe6, 0x30, 0xa5, 0x28, 0xa5, 0x28, 0xa4, 0x20,
    0xa4, 0x20, 0xa4, 0x20, 0xa3, 0x18, 0x83, 0x18, 0x83, 0x18, 0x83, 0x10, 0x82, 0x10, 0x82, 0x10,
    0x82, 0x10, 0x61, 0x08, 0x61, 0x08, 0x82, 0x10, 0x82, 0x10, 0x82, 0x10, 0x82, 0x10, 0x82, 0x10,
    0x82, 0x10, 0x82, 0x10, 0x82, 0x10, 0x82, 0x10, 0x82, 0x10, 0x82, 0x10, 0x82, 0x10, 0x82, 0x10,
    0x82, 0x10, 0x82, 0x10, 0x82, 0x10, 0x82, 0x10, 0x82, 0x10, 0x82, 0x10, 0x82, 0x10, 0x82, 0x10,
    0x82, 0x10, 0x82, 0x10, 0x82, 0x10, 0x82, 0x10, 0x82, 0x10, 0x82, 0x10, 0x82, 0x10, 0x82, 0x10,
    0x82, 0x10, 0x82, 0x10, 0x82, 0x10, 0x82, 0x10, 0x82, 0x10, 0x82, 0x10, 0x82, 0x10, 0x82, 0x10,
    0x82, 0x10, 0x82, 0x10, 0x82, 0x10, 0x82, 0x10, 0x82, 0x10, 0x82, 0x10, 0x82, 0x10, 0x82, 0x10,
    0x82, 0x10, 0x82, 0x10, 0x82, 0x10, 0x82, 0x10, 0x82, 0x10, 0x82, 0x10, 0x82, 0x10, 0x82, 0x10,
    0x82, 0x10, 0x82, 0x10, 0x82, 0x10, 0x82, 0x10, 0x82, 0x10, 0x82, 0x10, 0x82, 0x10, 0x82, 0x10,
    0x82, 0x10, 0x82, 0x10, 0x82, 0x10, 0x82, 0x10, 0x82, 0x10, 0x82, 0x10, 0x82, 0x10, 0x82, 0x10,
    0x82, 0x10, 0x82, 0x10, 0x82, 0x10, 0x82, 0x10, 0x82, 0x10, 0x82, 0x10, 0x82, 0x10, 0x82, 0x10,
    0x82, 0x10, 0x82, 0x10, 0x82, 0x10, 0x82, 0x10, 0x82, 0x10, 0x82, 0x10, 0x82, 0x10, 0x61, 0x08,
    0x61, 0x08, 0x82, 0x10, 0x82, 0x10, 0x83, 0x10, 0x83, 0x10, 0x83, 0x18, 0x83, 0x18, 0xa4, 0x18,
    0xa4, 0x20, 0xa4, 0x20, 0xa4, 0x20, 0xc5, 0x28, 0xe5, 0x28, 0xe6, 0x30, 0xe7, 0x38, 0xe7, 0x38,
    0x08, 0x41, 0x09, 0x49, 0x29, 0x49, 0x2a, 0x49, 0x6a, 0x51, 0x78, 0xc2, 0x1f, 0xfb, 0x5f, 0xfb,
    0x3f, 0xfb, 0x3f, 0xfb, 0x77, 0xba, 0x4c, 0x69, 0x8d, 0x71, 0x35, 0xaa, 0x1f, 0xfb, 0x1f, 0xfb,
    0xff, 0xfa, 0x3f, 0xfb, 0x14, 0x9a, 0x4c, 0x61, 0x6b, 0x61, 0x4b, 0x59, 0x4b, 0x59, 0x4a, 0x51,
    0x4a, 0x51, 0x4a, 0x51, 0x4a, 0x51, 0x2a, 0x51, 0x2a, 0x51, 0x4a, 0x51, 0x2a, 0x59, 0x78, 0xc2,
    0x5f, 0xfb, 0x1f, 0xfb, 0x5f, 0xfb, 0xfd, 0xe2, 0x4b, 0x59, 0x08, 0x41, 0x07, 0x41, 0xe7, 0x38,
    0xe7, 0x38, 0xc6, 0x30, 0xe6, 0x30, 0xe5, 0x28, 0xc5, 0x28, 0xa4, 0x28, 0xa4, 0x20, 0xa4, 0x20,
    0xa4, 0x20, 0xa3, 0x18, 0xa3, 0x18, 0x83, 0x10, 0x83, 0x10, 0x82, 0x18, 0x82, 0x10, 0x82, 0x10,
    0x82, 0x10, 0x82, 0x10, 0x82, 0x10, 0x82, 0x10, 0x82, 0x10, 0x82, 0x10, 0x82, 0x10, 0x82, 0x10,
    0x82, 0x10, 0x82, 0x10, 0x82, 0x10, 0x82, 0x10, 0x82, 0x10, 0x82, 0x10, 0x82, 0x10, 0x82, 0x10,
    0x82, 0x10, 0x82, 0x10, 0x82, 0x10, 0x82, 0x10, 0x82, 0x10, 0x82, 0x18, 0x83, 0x10, 0x83, 0x10,
    0x83, 0x18, 0x83, 0x18, 0xa4, 0x18, 0xa4, 0x20, 0xa4, 0x20, 0xa5, 0x20, 0xc5, 0x28, 0xc5, 0x28,
    0xc5, 0x30, 0xc6, 0x30, 0xc6, 0x30, 0xe7, 0x38, 0xe7, 0x38, 0x07, 0x41, 0x08, 0x41, 0x76, 0xba,
    0x3f, 0xfb, 0x1f, 0xfb, 0x1f, 0xfb, 0xfe, 0xfa, 0x6c, 0x61, 0x2a, 0x49, 0x2a, 0x51, 0x2a, 0x49,
    0x2a, 0x49, 0x2a, 0x49, 0x2a, 0x49, 0x2a, 0x49, 0x2a, 0x49, 0x2a, 0x49, 0x2a, 0x49, 0x2a, 0x49,
    0x4b, 0x59, 0xba, 0xd2, 0x1f, 0xfb, 0x1f, 0xfb, 0x5f, 0xfb, 0xba, 0xda, 0x4b, 0x59, 0x08, 0x41,
    0x08, 0x41, 0xe7, 0x38, 0xe7, 0x38, 0xe6, 0x30, 0xe6, 0x30, 0xa5, 0x28, 0xa5, 0x28, 0xa4, 0x20,
    0xa4, 0x20, 0xa4, 0x20, 0xa3, 0x18, 0x83, 0x18, 0x83, 0x18, 0x83, 0x10, 0x82, 0x10, 0x82, 0x10,
    0x82, 0x10, 0x61, 0x08, 0x61, 0x08, 0x82, 0x10, 0x82, 0x10, 0x82, 0x10, 0x82, 0x10, 0x82, 0x10,
    0x82, 0x10, 0x82, 0x10, 0x82, 0x10, 0x82, 0x10, 0x82, 0x10, 0x82, 0x10, 0x82, 0x10, 0x82, 0x10,
    0x82, 0x10, 0x82, 0x10, 0x82, 0x10, 0x82, 0x10, 0x82, 0x10, 0x82, 0x10, 0x82, 0x10, 0x82, 0x10,
    0x82, 0x10, 0x82, 0x10, 0x82, 0x10, 0x82, 0x10, 0x82, 0x10, 0x82, 0x10, 0x82, 0x10, 0x82, 0x10,
    0x82, 0x10, 0x82, 0x10, 0x82, 0x10, 0x82, 0x10, 0x82, 0x10, 0x82, 0x10, 0x82, 0x10, 0x82, 0x10,
    0x82, 0x10, 0x82, 0x10, 0x82, 0x10, 0x82, 0x10, 0x82, 0x10, 0x82, 0x10, 0x82, 0x10, 0x82, 0x10,
    0x82, 0x10, 0x82, 0x10, 0x82, 0x10, 0x82, 0x10, 0x82, 0x10, 0x82, 0x10, 0x82, 0x10, 0x82, 0x10,
    0x82, 0x10, 0x82, 0x10, 0x82, 0x10, 0x82, 0x10, 0x82, 0x10, 0x82, 0x10, 0x82, 0x10, 0x82, 0x10,
    0x82, 0x10, 0x82, 0x10, 0x82, 0x10, 0x82, 0x10, 0x82, 0x10, 0x82, 0x10, 0x82, 0x10, 0x82, 0x10,
    0x82, 0x10, 0x82, 0x10, 0x82, 0x10, 0x82, 0x10, 0x82, 0x10, 0x82, 0x10, 0x82, 0x10, 0x82, 0x10,
    0x82, 0x10, 0x82, 0x10, 0x82, 0x10, 0x82, 0x10, 0x82, 0x10, 0x82, 0x10, 0x61, 0x08, 0x61, 0x08,
    0x61, 0x08, 0x82, 0x10, 0x82, 0x10, 0x83, 0x10, 0x83, 0x10, 0x83, 0x18, 0x83, 0x18, 0xa4, 0x20,
    0xa4, 0x20, 0xa4, 0x20, 0xc5, 0x28, 0xc5, 0x28, 0xe6, 0x30, 0xe6, 0x30, 0xe7, 0x38, 0x08, 0x39,
    0x08, 0x41, 0x09, 0x49, 0x2a, 0x49, 0x2a, 0x51, 0x8f, 0x71, 0x1e, 0xf3, 0x5f, 0xfb, 0x1f, 0xfb,
    0x5f, 0xfb, 0xfd, 0xe2, 0xd0, 0x81, 0x6d, 0x69, 0x8d, 0x69, 0x35, 0xaa, 0x1f, 0xfb, 0x1f, 0xfb,
    0xff, 0xfa, 0x3f, 0xfb, 0x14, 0x9a, 0x4c, 0x61, 0x6b, 0x61, 0x4b, 0x59, 0x4b, 0x59, 0x4a, 0x51,
    0x4a, 0x51, 0x4a, 0x51, 0x4a, 0x51, 0x2a, 0x51, 0x2a, 0x51, 0x4a, 0x51, 0x2a, 0x59, 0x78, 0xc2,
    0x5f, 0xfb, 0x1f, 0xfb, 0x5f, 0xfb, 0xfd, 0xe2, 0x4b, 0x59, 0x08, 0x41, 0x07, 0x41, 0xe7, 0x38,
    0xe7, 0x38, 0xc6, 0x30, 0xe6, 0x30, 0xe5, 0x28, 0xc5, 0x28, 0xa4, 0x28, 0xa4, 0x20, 0xa4, 0x20,
    0xa4, 0x20, 0xa3, 0x18, 0xa3, 0x18, 0x83, 0x10, 0x83, 0x10, 0x82, 0x18, 0x82, 0x10, 0x82, 0x10,
    0x82, 0x10, 0x82, 0x10, 0x82, 0x10, 0x82, 0x10, 0x82, 0x10, 0x82, 0x10, 0x82, 0x10, 0x82, 0x10,
    0x82, 0x10, 0x82, 0x10, 0x82, 0x10, 0x82, 0x10, 0x82, 0x10, 0x82, 0x10, 0x82, 0x10, 0x82, 0x10,
    0x82, 0x10, 0x82, 0x10, 0x82, 0x10, 0x82, 0x10, 0x82, 0x10, 0x82, 0x18, 0x83, 0x10, 0x83, 0x10,
    0x83, 0x18, 0x83, 0x18, 0xa4, 0x18, 0xa4, 0x20, 0xa4, 0x20, 0xa5, 0x20, 0xc5, 0x28, 0xc5, 0x28,
    0xc5, 0x30, 0xc6, 0x30, 0xc6, 0x30, 0xe7, 0x38, 0xe7, 0x38, 0x07, 0x41, 0x08, 0x41, 0x76, 0xba,
    0x3f, 0xfb, 0x1f, 0xfb, 0x1f, 0xfb, 0xfe, 0xfa, 0x6c, 0x61, 0x2a, 0x49, 0x2a, 0x51, 0x2a, 0x49,
    0x2a, 0x49, 0x2a, 0x49, 0x2a, 0x49, 0x2a, 0x49, 0x2a, 0x49, 0x2a, 0x49, 0x2a, 0x49, 0x2a, 0x49,
    0x4b, 0x59, 0xba, 0xd2, 0x1f, 0xfb, 0x1f, 0xfb, 0x5f, 0xfb, 0xba, 0xda, 0x4b, 0x59, 0x08, 0x41,
    0x08, 0x41, 0xe7, 0x38, 0xe7, 0x38, 0xe6, 0x30, 0xe6, 0x30, 0xa5, 0x28, 0xa5, 0x28, 0xa4, 0x20,
    0xa4, 0x20, 0xa4, 0x20, 0xa3, 0x18, 0x83, 0x18, 0x83, 0x18, 0x83, 0x10, 0x82, 0x10, 0x82, 0x10,
    0x82, 0x10, 0x61, 0x08, 0x61, 0x08, 0x82, 0x10, 0x82, 0x10, 0x82, 0x10, 0x82, 0x10, 0x82, 0x10,
    0x82, 0x10, 0x82, 0x10, 0x82, 0x10, 0x82, 0x10, 0x82, 0x10, 0x82, 0x10, 0x82, 0x10, 0x82, 0x10,
    0x82, 0x10, 0x82, 0x10, 0x82, 0x10, 0x82, 0x10, 0x82, 0x10, 0x82, 0x10, 0x82, 0x10, 0x82, 0x10,
    0x82, 0x10, 0x82, 0x10, 0x82, 0x10, 0x82, 0x10, 0x82, 0x10, 0x82, 0x10, 0x82, 0x10, 0x82, 0x10,
    0x82, 0x10, 0x82, 0x10, 0x82, 0x10, 0x82, 0x10, 0x82, 0x10, 0x82, 0x10, 0x82, 0x10, 0x82, 0x10,
    0x82, 0x10, 0x82, 0x10, 0x82, 0x10, 0x82, 0x10, 0x82, 0x10, 0x82, 0x10, 0x82, 0x10, 0x82, 0x10,
    0x82, 0x10, 0x82, 0x10, 0x82, 0x10, 0x82, 0x10, 0x82, 0x10, 0x82, 0x10, 0x82, 0x10, 0x82, 0x10,
    0x82, 0x10, 0x82, 0x10, 0x82, 0x10, 0x82, 0x10, 0x82, 0x10, 0x82, 0x10, 0x82, 0x10, 0x82, 0x10,
    0x82, 0x10, 0x82, 0x10, 0x82, 0x10, 0x82, 0x10, 0x82, 0x10, 0x82, 0x10, 0x82, 0x10, 0x82, 0x10,
    0x82, 0x10, 0x82, 0x10, 0x82, 0x10, 0x82, 0x10, 0x82, 0x10, 0x82, 0x10, 0x82, 0x10, 0x82, 0x10,
    0x82, 0x10, 0x82, 0x10, 0x82, 0x10, 0x82, 0x10, 0x82, 0x10, 0x82, 0x10, 0x61, 0x08, 0x61, 0x08,
    0x61, 0x08, 0x82, 0x10, 0x82, 0x10, 0x83, 0x10, 0x83, 0x18, 0xa3, 0x18, 0xa3, 0x18, 0xa4, 0x18,
    0xa4, 0x20, 0xa4, 0x28, 0xa4, 0x28, 0xc5, 0x28, 0xe6, 0x30, 0xe6, 0x30, 0xe7, 0x38, 0x08, 0x39,
    0x08, 0x41, 0x09, 0x49, 0x2a, 0x49, 0x2a, 0x51, 0x78, 0xc2, 0x3f, 0xfb, 0x5f, 0xfb, 0x1f, 0xfb,
    0x1f, 0xfb, 0x78, 0xc2, 0x6d, 0x69, 0x6d, 0x69, 0x6d, 0x69, 0x35, 0xa2, 0x1f, 0xfb, 0x1f, 0xfb,
    0xff, 0xfa, 0x3f, 0xfb, 0x14, 0x9a, 0x6c, 0x61, 0x6b, 0x61, 0x4b, 0x59, 0x4b, 0x59, 0x4a, 0x51,
    0x4a, 0x51, 0x4a, 0x51, 0x4a, 0x51, 0x2a, 0x51, 0x2a, 0x51, 0x4a, 0x51, 0x2a, 0x59, 0x78, 0xc2,
    0x5f, 0xfb, 0x1f, 0xfb, 0x5f, 0xfb, 0xfd, 0xe2, 0x4b, 0x59, 0x08, 0x41, 0x07, 0x41, 0xe7, 0x38,
    0xe7, 0x38, 0xc6, 0x30, 0xe6, 0x30, 0xe5, 0x28, 0xc5, 0x28, 0xa4, 0x28, 0xa4, 0x20, 0xa4, 0x20,
    0xa4, 0x20, 0xa3, 0x18, 0xa3, 0x18, 0x83, 0x10, 0x83, 0x10, 0x82, 0x18, 0x82, 0x10, 0x82, 0x10,
    0x82, 0x10, 0x82, 0x10, 0x82, 0x10, 0x82, 0x10, 0x82, 0x10, 0x82, 0x10, 0x82, 0x10, 0x82, 0x10,
    0x82, 0x10, 0x82, 0x10, 0x82, 0x10, 0x82, 0x10, 0x82, 0x10, 0x82, 0x10, 0x82, 0x10, 0x82, 0x10,
    0x82, 0x10, 0x82, 0x10, 0x82, 0x10, 0x82, 0x10, 0x82, 0x10, 0x82, 0x18, 0x83, 0x10, 0x83, 0x10,
    0x83, 0x18, 0x83, 0x18, 0xa4, 0x18, 0xa4, 0x20, 0xa4, 0x20, 0xc4, 0x20, 0xc5, 0x28, 0xc5, 0x28,
    0xc5, 0x30, 0xc6, 0x30, 0xe7, 0x38, 0xe7, 0x38, 0x07, 0x41, 0x07, 0x41, 0x08, 0x41, 0x76, 0xba,
    0x3f, 0xfb, 0x1f, 0xfb, 0x1f, 0xfb, 0xfe, 0xfa, 0x6c, 0x61, 0x2a, 0x49, 0x2a, 0x51, 0x2a, 0x49,
    0x2a, 0x49, 0x2a, 0x49, 0x2a, 0x49, 0x2a, 0x49, 0x2a, 0x49, 0x2a, 0x49, 0x2a, 0x49, 0x2a, 0x49,
    0x4b, 0x59, 0xba, 0xd2, 0x1f, 0xfb, 0x1f, 0xfb, 0x5f, 0xfb, 0xba, 0xda, 0x4b, 0x59, 0x08, 0x41,
    0x08, 0x41, 0xe7, 0x38, 0xe7, 0x38, 0xe6, 0x30, 0xe6, 0x30, 0xa5, 0x28, 0xa5, 0x28, 0xa4, 0x20,
    0xa4, 0x20, 0xa4, 0x20, 0xa3, 0x18, 0x83, 0x18, 0x83, 0x18, 0x83, 0x10, 0x82, 0x10, 0x82, 0x10,
    0x82, 0x10, 0x61, 0x08, 0x61, 0x08, 0x61, 0x08, 0x61, 0x08, 0x61, 0x08, 0x82, 0x10, 0x82, 0x10,
    0x82, 0x10, 0x82, 0x10, 0x82, 0x10, 0x82, 0x10, 0x82, 0x10, 0x82, 0x10, 0x82, 0x10, 0x82, 0x10,
    0x82, 0x10, 0x82, 0x10, 0x82, 0x10, 0x82, 0x10, 0x82, 0x10, 0x82, 0x10, 0x82, 0x10, 0x82, 0x10,
    0x82, 0x10, 0x82, 0x10, 0x82, 0x10, 0x82, 0x10, 0x82, 0x10, 0x82, 0x10, 0x82, 0x10, 0x82, 0x10,
    0x82, 0x10, 0x82, 0x10, 0x82, 0x10, 0x82, 0x10, 0x82, 0x10, 0x82, 0x10, 0x82, 0x10, 0x82, 0x10,
    0x82, 0x10, 0x82, 0x10, 0x82, 0x10, 0x82, 0x10, 0x82, 0x10, 0x82, 0x10, 0x82, 0x10, 0x82, 0x10,
    0x82, 0x10, 0x82, 0x10, 0x82, 0x10, 0x82, 0x10, 0x82, 0x10, 0x82, 0x10, 0x82, 0x10, 0x82, 0x10,
    0x82, 0x10, 0x82, 0x10, 0x82, 0x10, 0x82, 0x10, 0x82, 0x10, 0x82, 0x10, 0x82, 0x10, 0x82, 0x10,
    0x82, 0x10, 0x82, 0x10, 0x82, 0x10, 0x82, 0x10, 0x82, 0x10, 0x82, 0x10, 0x82, 0x10, 0x82, 0x10,
    0x82, 0x10, 0x82, 0x10, 0x82, 0x10, 0x82, 0x10, 0x82, 0x10, 0x82, 0x10, 0x82, 0x10, 0x82, 0x10,
    0x82, 0x10, 0x82, 0x10, 0x61, 0x08, 0x61, 0x08, 0x61, 0x08, 0x61, 0x08, 0x61, 0x08, 0x61, 0x08,
    0x82, 0x10, 0x83, 0x10, 0x83, 0x10, 0x83, 0x10, 0x83, 0x18, 0xa3, 0x18, 0xa4, 0x20, 0xa4, 0x20,
    0xa4, 0x20, 0xa5, 0x20, 0xc5, 0x28, 0xc5, 0x30, 0xe6, 0x30, 0xe6, 0x38, 0xe6, 0x30, 0x07, 0x39,
    0x08, 0x41, 0x29, 0x49, 0x29, 0x49, 0xb0, 0x79, 0x1f, 0xfb, 0x1f, 0xfb, 0x3f, 0xfb, 0x5f, 0xfb,
    0x1e, 0xf3, 0xd0, 0x81, 0x8d, 0x69, 0x6d, 0x69, 0x6d, 0x69, 0x35, 0xaa, 0x3f, 0xfb, 0x5f, 0xfb,
    0x1f, 0xfb, 0x1f, 0xfb, 0x14, 0x9a, 0x6c, 0x61, 0x6b, 0x61, 0x4b, 0x59, 0x4a, 0x51, 0x4a, 0x51,
    0x4a, 0x51, 0x4a, 0x51, 0x2a, 0x51, 0x29, 0x51, 0x2a, 0x51, 0x4a, 0x49, 0x2a, 0x51, 0x78, 0xc2,
    0x5f, 0xfb, 0x1f, 0xfb, 0x5f, 0xfb, 0xfd, 0xe2, 0x4b, 0x59, 0x08, 0x41, 0x07, 0x41, 0xe7, 0x38,
    0xe7, 0x38, 0xc6, 0x30, 0xe6, 0x30, 0xe5, 0x28, 0xc5, 0x28, 0xa4, 0x28, 0xa4, 0x20, 0xa4, 0x20,
    0xa4, 0x20, 0xa3, 0x18, 0xa3, 0x18, 0x83, 0x10, 0x82, 0x10, 0x82, 0x18, 0x82, 0x10, 0x82, 0x10,
    0x82, 0x10, 0x82, 0x10, 0x82, 0x10, 0x82, 0x10, 0x82, 0x10, 0x82, 0x10, 0x82, 0x10, 0x82, 0x10,
    0x82, 0x10, 0x82, 0x10, 0x82, 0x10, 0x82, 0x10, 0x82, 0x10, 0x82, 0x10, 0x82, 0x10, 0x82, 0x10,
    0x82, 0x10, 0x82, 0x10, 0x82, 0x10, 0x82, 0x10, 0x82, 0x10, 0x82, 0x18, 0x83, 0x10, 0x83, 0x10,
    0x83, 0x18, 0x83, 0x18, 0xa4, 0x18, 0xa4, 0x20, 0xa4, 0x20, 0xc4, 0x20, 0xc5, 0x28, 0xc5, 0x28,
    0xc5, 0x30, 0xc6, 0x30, 0xe7, 0x38, 0xe7, 0x38, 0x07, 0x41, 0x07, 0x41, 0x08, 0x41, 0x77, 0xba,
    0x3f, 0xfb, 0x1f, 0xfb, 0x1f, 0xfb, 0xfe, 0xfa, 0x6c, 0x61, 0x2a, 0x49, 0x2a, 0x51, 0x2a, 0x49,
    0x2a, 0x49, 0x2a, 0x49, 0x2a, 0x49, 0x2a, 0x49, 0x2a, 0x49, 0x2a, 0x49, 0x2a, 0x49, 0x2a, 0x49,
    0x4b, 0x59, 0xba, 0xd2, 0x1f, 0xfb, 0x1f, 0xfb, 0x5f, 0xfb, 0xba, 0xda, 0x4b, 0x59, 0x08, 0x41,
    0x08, 0x41, 0xe7, 0x38, 0xe7, 0x38, 0xe6, 0x30, 0xe6, 0x30, 0xa5, 0x28, 0xa5, 0x28, 0xa4, 0x20,
    0xa4, 0x20, 0xa4, 0x20, 0xa3, 0x18, 0x83, 0x18, 0x83, 0x18, 0x83, 0x10, 0x82, 0x10, 0x82, 0x10,
    0x82, 0x10, 0x61, 0x08, 0x61, 0x08, 0x61, 0x08, 0x61, 0x08, 0x61, 0x08, 0x61, 0x08, 0x82, 0x10,
    0x82, 0x10, 0x82, 0x10, 0x82, 0x10, 0x82, 0x10, 0x82, 0x10, 0x82, 0x10, 0x61, 0x08, 0x61, 0x08,
    0x61, 0x08, 0x61, 0x08, 0x61, 0x08, 0x61, 0x08, 0x61, 0x08, 0x61, 0x08, 0x61, 0x08, 0x61, 0x08,
    0x61, 0x08, 0x61, 0x08, 0x61, 0x08, 0x61, 0x08, 0x61, 0x08, 0x61, 0x08, 0x61, 0x08, 0x61, 0x08,
    0x61, 0x08, 0x61, 0x08, 0x61, 0x08, 0x61, 0x08, 0x61, 0x08, 0x61, 0x08, 0x61, 0x08, 0x61, 0x08,
    0x61, 0x08, 0x61, 0x08, 0x61, 0x08, 0x61, 0x08, 0x61, 0x08, 0x61, 0x08, 0x61, 0x08, 0x61, 0x08,
    0x61, 0x08, 0x61, 0x08, 0x61, 0x08, 0x61, 0x08, 0x61, 0x08, 0x61, 0x08, 0x61, 0x08, 0x61, 0x08,
    0x61, 0x08, 0x61, 0x08, 0x61, 0x08, 0x61, 0x08, 0x61, 0x08, 0x61, 0x08, 0x61, 0x08, 0x61, 0x08,
    0x61, 0x08, 0x61, 0x08, 0x61, 0x08, 0x61, 0x08, 0x61, 0x08, 0x61, 0x08, 0x61, 0x08, 0x61, 0x08,
    0x61, 0x08, 0x61, 0x08, 0x61, 0x08, 0x61, 0x08, 0x61, 0x08, 0x61, 0x08, 0x61, 0x08, 0x61, 0x08,
    0x82, 0x10, 0x61, 0x08, 0x61, 0x08, 0x61, 0x08, 0x61, 0x08, 0x61, 0x08, 0x61, 0x08, 0x82, 0x10,
    0x82, 0x10, 0x83, 0x10, 0x83, 0x10, 0x83, 0x10, 0x83, 0x18, 0xa3, 0x18, 0xa4, 0x20, 0xa4, 0x20,
    0xa4, 0x20, 0xc5, 0x28, 0xc5, 0x28, 0xc5, 0x30, 0xc6, 0x30, 0xe7, 0x38, 0x08, 0x41, 0x07, 0x39,
    0x28, 0x41, 0x0a, 0x49, 0x4a, 0x51, 0x96, 0xb2, 0x3f, 0xfb, 0x3f, 0xfb, 0x3f, 0xfb, 0x3f, 0xfb,
    0x77, 0xba, 0x6d, 0x69, 0x8d, 0x69, 0x6d, 0x69, 0x6d, 0x69, 0x35, 0xaa, 0x1f, 0xfb, 0x5f, 0xfb,
    0x1f, 0xfb, 0x1f, 0xfb, 0x14, 0x9a, 0x6c, 0x59, 0x6b, 0x61, 0x4b, 0x59, 0x4a, 0x51, 0x4a, 0x51,
    0x4a, 0x51, 0x4a, 0x51, 0x2a, 0x51, 0x29, 0x51, 0x2a, 0x51, 0x4a, 0x49, 0x2a, 0x51, 0x78, 0xc2,
    0x5f, 0xfb, 0x1f, 0xfb, 0x5f, 0xfb, 0xfd, 0xe2, 0x4b, 0x59, 0x08, 0x41, 0x07, 0x41, 0xe7, 0x38,
    0xe7, 0x38, 0xc6, 0x30, 0xe6, 0x30, 0xe5, 0x28, 0xc5, 0x28, 0xa4, 0x28, 0xa4, 0x20, 0xa4, 0x20,
    0xa4, 0x20, 0xa3, 0x18, 0xa3, 0x18, 0x83, 0x10, 0x82, 0x10, 0x82, 0x18, 0x82, 0x10, 0x82, 0x10,
    0x82, 0x10, 0x82, 0x10, 0x82, 0x10, 0x82, 0x10, 0x82, 0x10, 0x82, 0x10, 0x82, 0x10, 0x82, 0x10,
    0x82, 0x10, 0x82, 0x10, 0x82, 0x10, 0x82, 0x10, 0x82, 0x10, 0x82, 0x10, 0x82, 0x10, 0x82, 0x10,
    0x82, 0x10, 0x82, 0x10, 0x82, 0x10, 0x82, 0x10, 0x82, 0x10, 0x82, 0x18, 0x83, 0x10, 0x83, 0x10,
    0x83, 0x18, 0x83, 0x18, 0xa4, 0x18, 0xa4, 0x20, 0xa4, 0x20, 0xc4, 0x20, 0xc5, 0x28, 0xc5, 0x28,
    0xc5, 0x30, 0xc6, 0x30, 0xe7, 0x38, 0xe7, 0x38, 0x07, 0x41, 0x07, 0x41, 0x08, 0x41, 0x77, 0xba,
    0x3f, 0xfb, 0x1f, 0xfb, 0x1f, 0xfb, 0xfe, 0xfa, 0x6c, 0x61, 0x2a, 0x49, 0x2a, 0x51, 0x2a, 0x49,
    0x2a, 0x49, 0x2a, 0x49, 0x2a, 0x49, 0x2a, 0x49, 0x2a, 0x49, 0x2a, 0x49, 0x2a, 0x49, 0x2a, 0x49,
    0x4b, 0x59, 0xba, 0xd2, 0x1f, 0xfb, 0x1f, 0xfb, 0x5f, 0xfb, 0xba, 0xda, 0x4b, 0x59, 0x08, 0x41,
    0x08, 0x41, 0xe7, 0x38, 0xe7, 0x38, 0xe6, 0x30, 0xe6, 0x30, 0xa5, 0x28, 0xa5, 0x28, 0xa4, 0x20,
    0xa4, 0x20, 0xa4, 0x20, 0xa3, 0x18, 0x83, 0x18, 0x83, 0x18, 0x83, 0x10, 0x82, 0x10, 0x82, 0x10,
    0x82, 0x10, 0x61, 0x08, 0x61, 0x08, 0x61, 0x08, 0x61, 0x08, 0x61, 0x08, 0x61, 0x08, 0x82, 0x10,
    0x82, 0x10, 0x82, 0x10, 0x82, 0x10, 0x82, 0x10, 0x82, 0x10, 0x61, 0x08, 0x61, 0x08, 0x61, 0x08,
    0x61, 0x08, 0x61, 0x08, 0x61, 0x08, 0x61, 0x08, 0x61, 0x08, 0x61, 0x08, 0x61, 0x08, 0x61, 0x08,
    0x61, 0x08, 0x61, 0x08, 0x61, 0x08, 0x61, 0x08, 0x61, 0x08, 0x61, 0x08, 0x61, 0x08, 0x61, 0x08,
    0x61, 0x08, 0x61, 0x08, 0x61, 0x08, 0x61, 0x08, 0x61, 0x08, 0x61, 0x08, 0x61, 0x08, 0x61, 0x08,
    0x61, 0x08, 0x61, 0x08, 0x61, 0x08, 0x61, 0x08, 0x61, 0x08, 0x61, 0x08, 0x61, 0x08, 0x61, 0x08,
    0x61, 0x08, 0x61, 0x08, 0x61, 0x08, 0x61, 0x08, 0x61, 0x08, 0x61, 0x08, 0x61, 0x08, 0x61, 0x08,
    0x61, 0x08, 0x61, 0x08, 0x61, 0x08, 0x61, 0x08, 0x61, 0x08, 0x61, 0x08, 0x61, 0x08, 0x61, 0x08,
    0x61, 0x08, 0x61, 0x08, 0x61, 0x08, 0x61, 0x08, 0x61, 0x08, 0x61, 0x08, 0x61, 0x08, 0x61, 0x08,
    0x61, 0x08, 0x61, 0x08, 0x61, 0x08, 0x61, 0x08, 0x61, 0x08, 0x61, 0x08, 0x61, 0x08, 0x61, 0x08,
    0x61, 0x08, 0x61, 0x08, 0x61, 0x08, 0x61, 0x08, 0x61, 0x08, 0x61, 0x08, 0x82, 0x10, 0x82, 0x10,
    0x82, 0x10, 0x83, 0x10, 0x83, 0x10, 0x83, 0x10, 0xa3, 0x18, 0xa4, 0x18, 0xa4, 0x20, 0xa4, 0x20,
    0xa4, 0x28, 0xc5, 0x28, 0xc5, 0x28, 0xe6, 0x30, 0xc6, 0x30, 0xe7, 0x38, 0x07, 0x39, 0x08, 0x41,
    0x28, 0x49, 0x09, 0x51, 0x8e, 0x71, 0xfd, 0xea, 0x5f, 0xfb, 0xff, 0xfa, 0x1f, 0xfb, 0xfd, 0xf2,
    0xd0, 0x81, 0x6d, 0x61, 0x6c, 0x61, 0x6d, 0x69, 0x6d, 0x69, 0x35, 0xaa, 0x3f, 0xfb, 0x5f, 0xfb,
    0x1f, 0xfb, 0x1f, 0xfb, 0xf3, 0x91, 0x6c, 0x59, 0x4b, 0x59, 0x4b, 0x59, 0x4a, 0x51, 0x4a, 0x51,
    0x0a, 0x51, 0x2a, 0x51, 0x2a, 0x51, 0x29, 0x51, 0x2a, 0x51, 0x4a, 0x49, 0x2a, 0x51, 0x78, 0xc2,
    0x5f, 0xfb, 0x1f, 0xfb, 0x5f, 0xfb, 0xfd, 0xe2, 0x4b, 0x59, 0x08, 0x41, 0x07, 0x41, 0xe7, 0x38,
    0xe7, 0x38, 0xc6, 0x30, 0xe6, 0x30, 0xe5, 0x28, 0xc5, 0x28, 0xa4, 0x28, 0xa4, 0x20, 0xa4, 0x20,
    0xa4, 0x20, 0xa3, 0x18, 0xa3, 0x18, 0x83, 0x10, 0x82, 0x10, 0x82, 0x18, 0x82, 0x10, 0x82, 0x10,
    0x82, 0x10, 0x82, 0x10, 0x82, 0x10, 0x82, 0x10, 0x82, 0x10, 0x82, 0x10, 0x82, 0x10, 0x82, 0x10,
    0x82, 0x10, 0x82, 0x10, 0x82, 0x10, 0x82, 0x10, 0x82, 0x10, 0x82, 0x10, 0x82, 0x10, 0x82, 0x10,
    0x82, 0x10, 0x82, 0x10, 0x82, 0x10, 0x82, 0x10, 0x82, 0x10, 0x82, 0x18, 0x83, 0x10, 0x83, 0x10,
    0x83, 0x18, 0x83, 0x18, 0xa4, 0x18, 0xa4, 0x20, 0xa4, 0x20, 0xc4, 0x20, 0xc5, 0x28, 0xc5, 0x28,
    0xc5, 0x30, 0xc6, 0x30, 0xe7, 0x38, 0xe7, 0x38, 0x07, 0x41, 0x07, 0x41, 0x08, 0x41, 0x77, 0xba,
    0x3f, 0xfb, 0x1f, 0xfb, 0x1f, 0xfb, 0xfe, 0xfa, 0x6c, 0x61, 0x2a, 0x49, 0x2a, 0x51, 0x2a, 0x49,
    0x2a, 0x49, 0x2a, 0x49, 0x2a, 0x49, 0x2a, 0x49, 0x2a, 0x49, 0x2a, 0x49, 0x2a, 0x49, 0x2a, 0x49,
    0x4b, 0x59, 0xba, 0xd2, 0x1f, 0xfb, 0x1f, 0xfb, 0x5f, 0xfb, 0xba, 0xda, 0x4b, 0x59, 0x08, 0x41,
    0x08, 0x41, 0xe7, 0x38, 0xe7, 0x38, 0xe6, 0x30, 0xe6, 0x30, 0xa5, 0x28, 0xa5, 0x28, 0xa4, 0x20,
    0xa4, 0x20, 0xa4, 0x20, 0xa3, 0x18, 0x83, 0x18, 0x83, 0x18, 0x83, 0x10, 0x82, 0x10, 0x82, 0x10,
    0x82, 0x10, 0x61, 0x08, 0x61, 0x08, 0x61, 0x08, 0x61, 0x08, 0x61, 0x08, 0x61, 0x08, 0x82, 0x10,
    0x82, 0x10, 0x61, 0x08, 0x82, 0x10, 0x82, 0x10, 0x82, 0x10, 0x61, 0x08, 0x61, 0x08, 0x61, 0x08,
    0x61, 0x08, 0x61, 0x08, 0x61, 0x08, 0x61, 0x08, 0x61, 0x08, 0x61, 0x08, 0x61, 0x08, 0x61, 0x08,
    0x61, 0x08, 0x61, 0x08, 0x61, 0x08, 0x61, 0x08, 0x61, 0x08, 0x61, 0x08, 0x61, 0x08, 0x61, 0x08,
    0x61, 0x08, 0x61, 0x08, 0x61, 0x08, 0x61, 0x08, 0x61, 0x08, 0x61, 0x08, 0x61, 0x08, 0x61, 0x08,
    0x61, 0x08, 0x61, 0x08, 0x61, 0x08, 0x61, 0x08, 0x61, 0x08, 0x61, 0x08, 0x61, 0x08, 0x61, 0x08,
    0x61, 0x08, 0x61, 0x08, 0x61, 0x08, 0x61, 0x08, 0x61, 0x08, 0x61, 0x08, 0x61, 0x08, 0x61, 0x08,
    0x61, 0x08, 0x61, 0x08, 0x61, 0x08, 0x61, 0x08, 0x61, 0x08, 0x61, 0x08, 0x61, 0x08, 0x61, 0x08,
    0x61, 0x08, 0x61, 0x08, 0x61, 0x08, 0x61, 0x08, 0x61, 0x08, 0x61, 0x08, 0x61, 0x08, 0x61, 0x08,
    0x61, 0x08, 0x61, 0x08, 0x61, 0x08, 0x61, 0x08, 0x61, 0x08, 0x61, 0x08, 0x61, 0x08, 0x61, 0x08,
    0x61, 0x08, 0x61, 0x08, 0x61, 0x08, 0x61, 0x08, 0x61, 0x08, 0x61, 0x08, 0x82, 0x10, 0x82, 0x10,
    0x83, 0x10, 0x83, 0x10, 0x83, 0x18, 0xa3, 0x18, 0xa3, 0x18, 0xa4, 0x20, 0xa4, 0x20, 0xc4, 0x20,
    0xa4, 0x28, 0xc5, 0x28, 0xc5, 0x30, 0xc6, 0x30, 0xe7, 0x38, 0xe7, 0x38, 0x07, 0x39, 0x28, 0x41,
    0x08, 0x41, 0x29, 0x49, 0x35, 0xaa, 0x3f, 0xfb, 0x5f, 0xfb, 0x1f, 0xfb, 0x5f, 0xfb, 0x99, 0xca,
    0x6c, 0x61, 0x4c, 0x69, 0x6c, 0x61, 0x6d, 0x69, 0x4c, 0x69, 0x35, 0xaa, 0x3f, 0xfb, 0x5f, 0xfb,
    0x1f, 0xfb, 0x1f, 0xfb, 0xf3, 0x91, 0x6b, 0x61, 0x4b, 0x59, 0x4b, 0x59, 0x4a, 0x51, 0x4a, 0x51,
    0x4a, 0x51, 0x2a, 0x51, 0x2a, 0x51, 0x29, 0x51, 0x2a, 0x51, 0x4a, 0x49, 0x2a, 0x51, 0x78, 0xc2,
    0x5f, 0xfb, 0x1f, 0xfb, 0x5f, 0xfb, 0xfd, 0xe2, 0x4b, 0x59, 0x08, 0x41, 0x07, 0x41, 0xe7, 0x38,
    0xe7, 0x38, 0xc6, 0x30, 0xe6, 0x30, 0xe5, 0x28, 0xc5, 0x28, 0xa4, 0x28, 0xa4, 0x20, 0xa4, 0x20,
    0xa4, 0x20, 0xa3, 0x18, 0xa3, 0x18, 0x83, 0x10, 0x82, 0x10, 0x82, 0x18, 0x82, 0x10, 0x82, 0x10,
    0x82, 0x10, 0x82, 0x10, 0x82, 0x10, 0x82, 0x10, 0x82, 0x10, 0x82, 0x10, 0x82, 0x10, 0x82, 0x10,
    0x82, 0x10, 0x82, 0x10, 0x82, 0x10, 0x82, 0x10, 0x82, 0x10, 0x82, 0x10, 0x82, 0x10, 0x82, 0x10,
    0x82, 0x10, 0x82, 0x10, 0x82, 0x10, 0x82, 0x10, 0x82, 0x10, 0x82, 0x18, 0x83, 0x10, 0x83, 0x10,
    0x83, 0x18, 0x83, 0x18, 0xa4, 0x18, 0xa4, 0x20, 0xa4, 0x20, 0xc4, 0x20, 0xc5, 0x28, 0xc5, 0x28,
    0xc5, 0x30, 0xc6, 0x30, 0xe7, 0x38, 0xe7, 0x38, 0x07, 0x41, 0x07, 0x41, 0x08, 0x41, 0x77, 0xba,
    0x3f, 0xfb, 0x1f, 0xfb, 0x1f, 0xfb, 0xfe, 0xfa, 0x6c, 0x61, 0x2a, 0x49, 0x2a, 0x51, 0x2a, 0x49,
    0x2a, 0x49, 0x2a, 0x49, 0x2a, 0x49, 0x2a, 0x49, 0x2a, 0x49, 0x2a, 0x49, 0x2a, 0x49, 0x2a, 0x49,
    0x4b, 0x59, 0xba, 0xd2, 0x1f, 0xfb, 0x1f, 0xfb, 0x5f, 0xfb, 0xba, 0xda, 0x4b, 0x59, 0x08, 0x41,
    0x08, 0x41, 0xe7, 0x38, 0xe7, 0x38, 0xe6, 0x30, 0xe6, 0x30, 0xa5, 0x28, 0xa5, 0x28, 0xa4, 0x20,
    0xa4, 0x20, 0xa4, 0x20, 0xa3, 0x18, 0x83, 0x18, 0x83, 0x18, 0x83, 0x10, 0x82, 0x10, 0x82, 0x10,
    0x82, 0x10, 0x61, 0x08, 0x61, 0x08, 0x61, 0x08, 0x61, 0x08, 0x61, 0x08, 0x61, 0x08, 0x61, 0x08,
    0x61, 0x08, 0x61, 0x08, 0x61, 0x08, 0x61, 0x08, 0x61, 0x08, 0x61, 0x08, 0x61, 0x08, 0x61, 0x08,
    0x61, 0x08, 0x61, 0x08, 0x61, 0x08, 0x61, 0x08, 0x61, 0x08, 0x61, 0x08, 0x61, 0x08, 0x61, 0x08,
    0x61, 0x08, 0x61, 0x08, 0x61, 0x08, 0x61, 0x08, 0x61, 0x08, 0x61, 0x08, 0x61, 0x08, 0x61, 0x08,
    0x61, 0x08, 0x61, 0x08, 0x61, 0x08, 0x61, 0x08, 0x61, 0x08, 0x61, 0x08, 0x61, 0x08, 0x61, 0x08,
    0x61, 0x08, 0x61, 0x08, 0x61, 0x08, 0x61, 0x08, 0x61, 0x08, 0x61, 0x08, 0x61, 0x08, 0x61, 0x08,
    0x61, 0x08, 0x61, 0x08, 0x61, 0x08, 0x61, 0x08, 0x61, 0x08, 0x61, 0x08, 0x61, 0x08, 0x61, 0x08,
    0x61, 0x08, 0x61, 0x08, 0x61, 0x08, 0x61, 0x08, 0x61, 0x08, 0x61, 0x08, 0x61, 0x08, 0x61, 0x08,
    0x61, 0x08, 0x61, 0x08, 0x61, 0x08, 0x61, 0x08, 0x61, 0x08, 0x61, 0x08, 0x61, 0x08, 0x61, 0x08,
    0x61, 0x08, 0x61, 0x08, 0x61, 0x08, 0x61, 0x08, 0x61, 0x08, 0x61, 0x08, 0x61, 0x08, 0x61, 0x08,
    0x82, 0x10, 0x82, 0x10, 0x61, 0x08, 0x61, 0x08, 0x82, 0x10, 0x82, 0x10, 0x82, 0x10, 0x82, 0x18,
    0x83, 0x10, 0x83, 0x10, 0x83, 0x18, 0xa3, 0x18, 0xa3, 0x18, 0xa4, 0x20, 0xa4, 0x20, 0xa4, 0x28,
    0xc5, 0x28, 0xc5, 0x28, 0xe6, 0x30, 0xe6, 0x30, 0xe7, 0x38, 0xe7, 0x38, 0x08, 0x41, 0x08, 0x41,
    0x2a, 0x49, 0x6d, 0x69, 0xfd, 0xf2, 0x1f, 0xfb, 0x5f, 0xfb, 0x5f, 0xfb, 0x3e, 0xeb, 0xd2, 0x91,
    0x6c, 0x61, 0x4c, 0x69, 0x6c, 0x61, 0x4c, 0x69, 0x4c, 0x69, 0x35, 0xaa, 0x3f, 0xfb, 0x5f, 0xfb,
    0x1f, 0xfb, 0x1f, 0xfb, 0xf3, 0x91, 0x6c, 0x59, 0x4b, 0x59, 0x4b, 0x59, 0x4a, 0x51, 0x4a, 0x51,
    0x2a, 0x51, 0x2a, 0x51, 0x2a, 0x51, 0x09, 0x51, 0x2a, 0x51, 0x4a, 0x49, 0x2a, 0x51, 0x78, 0xc2,
    0x5f, 0xfb, 0x1f, 0xfb, 0x5f, 0xfb, 0xfd, 0xe2, 0x4b, 0x59, 0x08, 0x41, 0x07, 0x41, 0xe7, 0x38,
    0xe7, 0x38, 0xc6, 0x30, 0xe6, 0x30, 0xe5, 0x28, 0xc5, 0x28, 0xa4, 0x28, 0xa4, 0x20, 0xa4, 0x20,
    0xa4, 0x20, 0xa3, 0x18, 0xa3, 0x18, 0x83, 0x10, 0x82, 0x10, 0x82, 0x18, 0x82, 0x10, 0x82, 0x10,
    0x82, 0x10, 0x82, 0x10, 0x82, 0x10, 0x82, 0x10, 0x82, 0x10, 0x82, 0x10, 0x82, 0x10, 0x82, 0x10,
    0x82, 0x10, 0x82, 0x10, 0x82, 0x10, 0x82, 0x10, 0x82, 0x10, 0x82, 0x10, 0x82, 0x10, 0x82, 0x10,
    0x82, 0x10, 0x82, 0x10, 0x82, 0x10, 0x82, 0x10, 0x82, 0x10, 0x82, 0x18, 0x83, 0x10, 0x83, 0x10,
    0x83, 0x18, 0x83, 0x18, 0xa4, 0x18, 0xa4, 0x20, 0xa4, 0x20, 0xc4, 0x20, 0xc5, 0x28, 0xc5, 0x28,
    0xc5, 0x30, 0xc6, 0x30, 0xe7, 0x38, 0xe7, 0x38, 0x07, 0x41, 0x07, 0x41, 0x08, 0x41, 0x77, 0xba,
    0x3f, 0xfb, 0x1f, 0xfb, 0x1f, 0xfb, 0xfe, 0xfa, 0x6c, 0x61, 0x2a, 0x49, 0x2a, 0x51, 0x2a, 0x49,
    0x2a, 0x49, 0x2a, 0x49, 0x2a, 0x49, 0x2a, 0x49, 0x2a, 0x49, 0x2a, 0x49, 0x2a, 0x49, 0x2a, 0x49,
    0x4b, 0x59, 0xba, 0xd2, 0x1f, 0xfb, 0x1f, 0xfb, 0x5f, 0xfb, 0xba, 0xda, 0x4b, 0x59, 0x08, 0x41,
    0x08, 0x41, 0xe7, 0x38, 0xe7, 0x38, 0xe6, 0x30, 0xe6, 0x30, 0xa5, 0x28, 0xa5, 0x28, 0xa4, 0x20,
    0xa4, 0x20, 0xa4, 0x20, 0xa3, 0x18, 0x83, 0x18, 0x83, 0x18, 0x83, 0x10, 0x82, 0x10, 0x82, 0x10,
    0x82, 0x10, 0x61, 0x08, 0x61, 0x08, 0x61, 0x08, 0x61, 0x08, 0x61, 0x08, 0x61, 0x08, 0x61, 0x08,
    0x61, 0x08, 0x61, 0x08, 0x61, 0x08, 0x61, 0x08, 0x61, 0x08, 0x61, 0x08, 0x61, 0x08, 0x61, 0x08,
    0x61, 0x08, 0x61, 0x08, 0x61, 0x08, 0x61, 0x08, 0x61, 0x08, 0x61, 0x08, 0x61, 0x08, 0x61, 0x08,
    0x61, 0x08, 0x61, 0x08, 0x61, 0x08, 0x61, 0x08, 0x61, 0x08, 0x61, 0x08, 0x61, 0x08, 0x61, 0x08,
    0x61, 0x08, 0x61, 0x08, 0x61, 0x08, 0x61, 0x08, 0x61, 0x08, 0x61, 0x08, 0x61, 0x08, 0x61, 0x08,
    0x61, 0x08, 0x61, 0x08, 0x61, 0x08, 0x61, 0x08, 0x61, 0x08, 0x61, 0x08, 0x61, 0x08, 0x61, 0x08,
    0x61, 0x08, 0x61, 0x08, 0x61, 0x08, 0x61, 0x08, 0x61, 0x08, 0x61, 0x08, 0x61, 0x08, 0x61, 0x08,
    0x61, 0x08, 0x61, 0x08, 0x61, 0x08, 0x61, 0x08, 0x61, 0x08, 0x61, 0x08, 0x61, 0x08, 0x61, 0x08,
    0x61, 0x08, 0x61, 0x08, 0x61, 0x08, 0x61, 0x08, 0x61, 0x08, 0x61, 0x08, 0x61, 0x08, 0x61, 0x08,
    0x61, 0x08, 0x61, 0x08, 0x61, 0x08, 0x61, 0x08, 0x61, 0x08, 0x61, 0x08, 0x61, 0x08, 0x61, 0x08,
    0x61, 0x08, 0x61, 0x08, 0x61, 0x08, 0x82, 0x10, 0x82, 0x10, 0x82, 0x10, 0x82, 0x18, 0x83, 0x10,
    0x83, 0x10, 0x83, 0x18, 0x83, 0x18, 0xa3, 0x18, 0xa4, 0x18, 0xa4, 0x20, 0xa4, 0x20, 0xc5, 0x28,
    0xc5, 0x28, 0xc5, 0x30, 0xe6, 0x30, 0xe6, 0x38, 0xe7, 0x38, 0x07, 0x39, 0x08, 0x41, 0x29, 0x49,
    0x2a, 0x51, 0x35, 0xaa, 0x5f, 0xfb, 0x5f, 0xfb, 0x1f, 0xfb, 0x5f, 0xfb, 0x99, 0xca, 0x4c, 0x69,
    0x6c, 0x61, 0x6c, 0x61, 0x4c, 0x61, 0x4c, 0x69, 0x6c, 0x61, 0x35, 0xaa, 0x3f, 0xfb, 0x1f, 0xfb,
    0x1f, 0xfb, 0x1f, 0xfb, 0xf3, 0x91, 0x4b, 0x59, 0x4b, 0x59, 0x2a, 0x59, 0x4a, 0x51, 0x4a, 0x51,
    0x2a, 0x51, 0x2a, 0x51, 0x2a, 0x51, 0x29, 0x51, 0x2a, 0x51, 0x4a, 0x49, 0x2a, 0x51, 0x78, 0xc2,
    0x5f, 0xfb, 0x1f, 0xfb, 0x5f, 0xfb, 0xfd, 0xe2, 0x4b, 0x59, 0x08, 0x41, 0x07, 0x41, 0xe7, 0x38,
    0xe7, 0x38, 0xc6, 0x30, 0xe6, 0x30, 0xe5, 0x28, 0xc5, 0x28, 0xa4, 0x28, 0xa4, 0x20, 0xa4, 0x20,
    0xa4, 0x20, 0xa3, 0x18, 0xa3, 0x18, 0x83, 0x10, 0x82, 0x10, 0x82, 0x18, 0x82, 0x10, 0x82, 0x10,
    0x82, 0x10, 0x82, 0x10, 0x82, 0x10, 0x82, 0x10, 0x82, 0x10, 0x82, 0x10, 0x82, 0x10, 0x82, 0x10,
    0x82, 0x10, 0x82, 0x10, 0x82, 0x10, 0x82, 0x10, 0x82, 0x10, 0x82, 0x10, 0x82, 0x10, 0x82, 0x10,
    0x82, 0x10, 0x82, 0x10, 0x82, 0x10, 0x82, 0x10, 0x82, 0x10, 0x82, 0x18, 0x83, 0x10, 0x83, 0x10,
    0x83, 0x18, 0x83, 0x18, 0xa4, 0x18, 0xa4, 0x20, 0xa4, 0x20, 0xc4, 0x20, 0xc5, 0x28, 0xc5, 0x28,
    0xc5, 0x30, 0xc6, 0x30, 0xe7, 0x38, 0xe7, 0x38, 0x07, 0x41, 0x07, 0x41, 0x08, 0x41, 0x77, 0xba,
    0x3f, 0xfb, 0x1f, 0xfb, 0x1f, 0xfb, 0xfe, 0xfa, 0x6c, 0x61, 0x2a, 0x49, 0x2a, 0x51, 0x2a, 0x49,
    0x2a, 0x49, 0x2a, 0x49, 0x2a, 0x49, 0x2a, 0x49, 0x2a, 0x49, 0x2a, 0x49, 0x2a, 0x49, 0x2a, 0x49,
    0x4b, 0x59, 0xba, 0xd2, 0x1f, 0xfb, 0x1f, 0xfb, 0x5f, 0xfb, 0xba, 0xda, 0x4b, 0x59, 0x08, 0x41,
    0x08, 0x41, 0xe7, 0x38, 0xe7, 0x38, 0xe6, 0x30, 0xe6, 0x30, 0xa5, 0x28, 0xa5, 0x28, 0xa4, 0x20,
    0xa4, 0x20, 0xa4, 0x20, 0xa3, 0x18, 0x83, 0x18, 0x83, 0x18, 0x83, 0x10, 0x82, 0x10, 0x82, 0x10,
    0x82, 0x10, 0x82, 0x10, 0x82, 0x10, 0x82, 0x10, 0x82, 0x10, 0x82, 0x10, 0x82, 0x10, 0x61, 0x08,
    0x61, 0x08, 0x61, 0x08, 0x61, 0x08, 0x61, 0x08, 0x61, 0x08, 0x82, 0x10, 0x82, 0x10, 0x82, 0x10,
    0x82, 0x10, 0x82, 0x10, 0x82, 0x10, 0x82, 0x10, 0x82, 0x10, 0x82, 0x10, 0x82, 0x10, 0x82, 0x10,
    0x82, 0x10, 0x82, 0x10, 0x82, 0x10, 0x82, 0x10, 0x82, 0x10, 0x82, 0x10, 0x82, 0x10, 0x82, 0x10,
    0x82, 0x10, 0x82, 0x10, 0x82, 0x10, 0x82, 0x10, 0x82, 0x10, 0x82, 0x10, 0x82, 0x10, 0x82, 0x10,
    0x82, 0x10, 0x82, 0x10, 0x82, 0x10, 0x82, 0x10, 0x82, 0x10, 0x82, 0x10, 0x82, 0x10, 0x82, 0x10,
    0x82, 0x10, 0x82, 0x10, 0x82, 0x10, 0x82, 0x10, 0x82, 0x10, 0x82, 0x10, 0x82, 0x10, 0x82, 0x10,
    0x82, 0x10, 0x82, 0x10, 0x82, 0x10, 0x82, 0x10, 0x82, 0x10, 0x82, 0x10, 0x82, 0x10, 0x82, 0x10,
    0x82, 0x10, 0x82, 0x10, 0x82, 0x10, 0x82, 0x10, 0x82, 0x10, 0x82, 0x10, 0x82, 0x10, 0x82, 0x10,
    0x82, 0x10, 0x82, 0x10, 0x82, 0x10, 0x82, 0x10, 0x82, 0x10, 0x82, 0x10, 0x82, 0x10, 0x82, 0x10,
    0x82, 0x10, 0x82, 0x10, 0x82, 0x10, 0x82, 0x10, 0x82, 0x10, 0x82, 0x10, 0x83, 0x10, 0x83, 0x10,
    0x83, 0x18, 0x83, 0x18, 0xa3, 0x18, 0xa4, 0x20, 0xa4, 0x20, 0xa4, 0x20, 0xc5, 0x28, 0xc5, 0x28,
    0xc5, 0x28, 0xe6, 0x30, 0xc6, 0x30, 0xe7, 0x38, 0xe7, 0x38, 0x08, 0x41, 0x08, 0x41, 0x09, 0x49,
    0x6d, 0x69, 0xfc, 0xe2, 0x1f, 0xfb, 0x5f, 0xfb, 0xff, 0xfa, 0x1e, 0xf3, 0xb0, 0x89, 0x6b, 0x61,
    0x6b, 0x61, 0x4c, 0x61, 0x6c, 0x61, 0x6c, 0x61, 0x4c, 0x61, 0x35, 0xaa, 0x3f, 0xfb, 0x1f, 0xfb,
    0x1f, 0xfb, 0x1f, 0xfb, 0x13, 0x9a, 0x4b, 0x59, 0x4a, 0x51, 0x4a, 0x51, 0x4a, 0x51, 0x4a, 0x51,
    0x4a, 0x51, 0x2a, 0x51, 0x2a, 0x51, 0x4a, 0x51, 0x2a, 0x51, 0x4a, 0x49, 0x4a, 0x51, 0x78, 0xc2,
    0x5f, 0xfb, 0x1f, 0xfb, 0x5f, 0xfb, 0xfd, 0xe2, 0x4b, 0x59, 0x08, 0x41, 0x07, 0x41, 0xe7, 0x38,
    0xe7, 0x38, 0xc6, 0x30, 0xe6, 0x30, 0xe5, 0x28, 0xc5, 0x28, 0xa4, 0x28, 0xa4, 0x20, 0xa4, 0x20,
    0xa4, 0x20, 0xa3, 0x18, 0xa3, 0x18, 0x83, 0x10, 0x82, 0x10, 0x82, 0x18, 0x82, 0x10, 0x82, 0x10,
    0x82, 0x10, 0x82, 0x10, 0x82, 0x10, 0x61, 0x08, 0x82, 0x10, 0x82, 0x10, 0x82, 0x10, 0x82, 0x10,
    0x82, 0x10, 0x82, 0x10, 0x82, 0x10, 0x82, 0x10, 0x82, 0x10, 0x82, 0x10, 0x82, 0x10, 0x82, 0x10,
    0x82, 0x10, 0x82, 0x10, 0x82, 0x10, 0x82, 0x10, 0x82, 0x10, 0x82, 0x18, 0x83, 0x10, 0x83, 0x10,
    0x83, 0x18, 0x83, 0x18, 0xa4, 0x18, 0xa4, 0x20, 0xa4, 0x20, 0xc4, 0x20, 0xc5, 0x28, 0xc5, 0x28,
    0xc5, 0x30, 0xc6, 0x30, 0xe7, 0x38, 0xe7, 0x38, 0x07, 0x41, 0x07, 0x41, 0x08, 0x41, 0x77, 0xba,
    0x3f, 0xfb, 0x1f, 0xfb, 0x1f, 0xfb, 0xfe, 0xfa, 0x6c, 0x61, 0x2a, 0x49, 0x2a, 0x51, 0x2a, 0x49,
    0x2a, 0x49, 0x2a, 0x49, 0x2a, 0x49, 0x2a, 0x49, 0x2a, 0x49, 0x2a, 0x49, 0x2a, 0x49, 0x2a, 0x49,
    0x4b, 0x59, 0xba, 0xd2, 0x1f, 0xfb, 0x1f, 0xfb, 0x5f, 0xfb, 0xba, 0xda, 0x4b, 0x59, 0x08, 0x41,
    0x08, 0x41, 0xe7, 0x38, 0xe7, 0x38, 0xe6, 0x30, 0xe6, 0x30, 0xa5, 0x28, 0xc5, 0x28, 0xa4, 0x20,
    0xa4, 0x20, 0xa4, 0x20, 0xa4, 0x18, 0x83, 0x18, 0x83, 0x10, 0x83, 0x10, 0x83, 0x10, 0x82, 0x10,
    0x82, 0x10, 0x82, 0x10, 0x82, 0x10, 0x82, 0x10, 0x82, 0x10, 0x82, 0x10, 0x82, 0x10, 0x82, 0x10,
    0x82, 0x10, 0x82, 0x10, 0x82, 0x10, 0x82, 0x10, 0x82, 0x10, 0x83, 0x10, 0x83, 0x10, 0x83, 0x10,
    0x83, 0x10, 0x83, 0x10, 0x83, 0x10, 0x82, 0x10, 0x82, 0x10, 0x82, 0x10, 0x82, 0x10, 0x82, 0x10,
    0x82, 0x10, 0x82, 0x10, 0x82, 0x10, 0x82, 0x10, 0x82, 0x10, 0x82, 0x10, 0x82, 0x10, 0x82, 0x10,
    0x82, 0x10, 0x82, 0x10, 0x82, 0x10, 0x82, 0x10, 0x82, 0x10, 0x82, 0x10, 0x82, 0x10, 0x82, 0x10,
    0x82, 0x10, 0x82, 0x10, 0x82, 0x10, 0x82, 0x10, 0x82, 0x10, 0x82, 0x10, 0x82, 0x10, 0x82, 0x10,
    0x82, 0x10, 0x82, 0x10, 0x82, 0x10, 0x82, 0x10, 0x82, 0x10, 0x82, 0x10, 0x82, 0x10, 0x82, 0x10,
    0x82, 0x10, 0x82, 0x10, 0x82, 0x10, 0x82, 0x10, 0x82, 0x10, 0x82, 0x10, 0x82, 0x10, 0x82, 0x10,
    0x82, 0x10, 0x82, 0x10, 0x82, 0x10, 0x82, 0x10, 0x82, 0x10, 0x82, 0x10, 0x82, 0x10, 0x82, 0x10,
    0x82, 0x10, 0x82, 0x10, 0x82, 0x10, 0x82, 0x10, 0x82, 0x10, 0x82, 0x10, 0x82, 0x10, 0x82, 0x10,
    0x82, 0x10, 0x82, 0x10, 0x82, 0x10, 0x83, 0x10, 0x83, 0x10, 0x83, 0x10, 0x83, 0x10, 0xa3, 0x18,
    0xa3, 0x18, 0xa3, 0x18, 0xa4, 0x20, 0xa4, 0x20, 0xa4, 0x20, 0xa4, 0x20, 0xc5, 0x28, 0xa5, 0x28,
    0xc5, 0x30, 0xe6, 0x30, 0xe6, 0x38, 0xe7, 0x38, 0x07, 0x41, 0x08, 0x41, 0x09, 0x49, 0x28, 0x49,
    0x35, 0xa2, 0x1f, 0xfb, 0x1f, 0xfb, 0x3f, 0xfb, 0x3f, 0xfb, 0xb8, 0xca, 0x4c, 0x61, 0x6b, 0x61,
    0x6c, 0x61, 0x6b, 0x61, 0x6c, 0x61, 0x4c, 0x61, 0x4c, 0x61, 0x15, 0xaa, 0x3f, 0xfb, 0x1f, 0xfb,
    0x1f, 0xfb, 0x1f, 0xfb, 0xf3, 0x91, 0x4b, 0x59, 0x4a, 0x51, 0x4a, 0x51, 0x4a, 0x51, 0x4a, 0x51,
    0x2a, 0x51, 0x2a, 0x51, 0x2a, 0x51, 0x4a, 0x51, 0x4a, 0x49, 0x4a, 0x49, 0x4a, 0x51, 0x78, 0xc2,
    0x5f, 0xfb, 0x1f, 0xfb, 0x5f, 0xfb, 0xfd, 0xe2, 0x4b, 0x59, 0x08, 0x41, 0x07, 0x41, 0xe7, 0x38,
    0xe7, 0x38, 0xc6, 0x30, 0xe6, 0x30, 0xe5, 0x28, 0xc5, 0x28, 0xa4, 0x28, 0xa4, 0x20, 0xa4, 0x20,
    0xa4, 0x20, 0xa3, 0x18, 0xa3, 0x18, 0x83, 0x10, 0x82, 0x10, 0x82, 0x18, 0x82, 0x10, 0x82, 0x10,
    0x82, 0x10, 0x82, 0x10, 0x82, 0x10, 0x61, 0x08, 0x82, 0x10, 0x82, 0x10, 0x82, 0x10, 0x82, 0x10,
    0x82, 0x10, 0x82, 0x10, 0x82, 0x10, 0x82, 0x10, 0x82, 0x10, 0x82, 0x10, 0x82, 0x10, 0x82, 0x10,
    0x82, 0x10, 0x82, 0x10, 0x82, 0x10, 0x82, 0x10, 0x82, 0x10, 0x82, 0x18, 0x83, 0x10, 0x83, 0x10,
    0x83, 0x18, 0x83, 0x18, 0xa4, 0x18, 0xa4, 0x20, 0xa4, 0x20, 0xc4, 0x20, 0xc5, 0x28, 0xc5, 0x28,
    0xc5, 0x30, 0xc6, 0x30, 0xe7, 0x38, 0xe7, 0x38, 0x07, 0x41, 0x07, 0x41, 0x08, 0x41, 0x77, 0xba,
    0x3f, 0xfb, 0x1f, 0xfb, 0x1f, 0xfb, 0xfe, 0xfa, 0x6c, 0x61, 0x2a, 0x49, 0x2a, 0x51, 0x2a, 0x49,
    0x2a, 0x49, 0x2a, 0x49, 0x2a, 0x49, 0x2a, 0x49, 0x2a, 0x49, 0x2a, 0x49, 0x2a, 0x49, 0x2a, 0x49,
    0x4b, 0x59, 0xba, 0xd2, 0x1f, 0xfb, 0x1f, 0xfb, 0x5f, 0xfb, 0xba, 0xda, 0x4b, 0x59, 0x08, 0x41,
    0x08, 0x41, 0xe7, 0x38, 0xe7, 0x38, 0xe6, 0x30, 0xe6, 0x30, 0xa5, 0x28, 0xc5, 0x28, 0xc4, 0x20,
    0xa4, 0x20, 0xa4, 0x20, 0xa4, 0x18, 0x83, 0x18, 0x83, 0x10, 0x83, 0x10, 0x83, 0x10, 0x83, 0x10,
    0x83, 0x10, 0x83, 0x10, 0x82, 0x10, 0x82, 0x10, 0x82, 0x10, 0x82, 0x10, 0x82, 0x10, 0x82, 0x10,
    0x82, 0x10, 0x82, 0x10, 0x82, 0x10, 0x82, 0x10, 0x82, 0x10, 0x83, 0x10, 0x83, 0x10, 0x83, 0x10,
    0x83, 0x10, 0x83, 0x10, 0x83, 0x10, 0x83, 0x10, 0x83, 0x10, 0x83, 0x10, 0x83, 0x10, 0x83, 0x10,
    0x83, 0x10, 0x83, 0x10, 0x83, 0x10, 0x83, 0x10, 0x83, 0x10, 0x83, 0x10, 0x83, 0x10, 0x83, 0x10,
    0x83, 0x10, 0x83, 0x10, 0x83, 0x10, 0x83, 0x10, 0x83, 0x10, 0x83, 0x10, 0x83, 0x10, 0x83, 0x10,
    0x83, 0x10, 0x83, 0x10, 0x83, 0x10, 0x83, 0x10, 0x83, 0x10, 0x83, 0x10, 0x83, 0x10, 0x83, 0x10,
    0x83, 0x10, 0x83, 0x10, 0x83, 0x10, 0x83, 0x10, 0x83, 0x10, 0x83, 0x10, 0x83, 0x10, 0x83, 0x10,
    0x83, 0x10, 0x83, 0x10, 0x83, 0x10, 0x83, 0x10, 0x83, 0x10, 0x83, 0x10, 0x83, 0x10, 0x83, 0x10,
    0x83, 0x10, 0x83, 0x10, 0x83, 0x10, 0x83, 0x10, 0x83, 0x10, 0x83, 0x10, 0x83, 0x10, 0x83, 0x10,
    0x83, 0x10, 0x83, 0x10, 0x83, 0x10, 0x83, 0x10, 0x83, 0x10, 0x83, 0x10, 0x83, 0x10, 0x83, 0x10,
    0x83, 0x10, 0x83, 0x10, 0x83, 0x10, 0x83, 0x10, 0x83, 0x10, 0x83, 0x10, 0xa3, 0x18, 0xa3, 0x18,
    0xa3, 0x18, 0xa4, 0x20, 0xa4, 0x20, 0xa4, 0x20, 0xa4, 0x20, 0xa5, 0x20, 0xc5, 0x28, 0xc5, 0x30,
    0xc5, 0x30, 0xc6, 0x30, 0xe7, 0x38, 0xe7, 0x38, 0x08, 0x41, 0x28, 0x41, 0x08, 0x49, 0x2a, 0x59,
    0xdc, 0xe2, 0x5f, 0xfb, 0x5f, 0xfb, 0x5f, 0xfb, 0x1f, 0xfb, 0xf2, 0x91, 0x6b, 0x59, 0x6b, 0x61,
    0x4c, 0x61, 0x6b, 0x61, 0x6c, 0x61, 0x4c, 0x61, 0x6c, 0x61, 0x15, 0xaa, 0x3f, 0xfb, 0x1f, 0xfb,
    0x1f, 0xfb, 0x1f, 0xfb, 0xf3, 0x91, 0x4b, 0x59, 0x4a, 0x51, 0x4a, 0x51, 0x4a, 0x51, 0x4a, 0x51,
    0x2a, 0x51, 0x2a, 0x51, 0x2a, 0x51, 0x4a, 0x51, 0x4a, 0x49, 0x4a, 0x49, 0x4a, 0x51, 0x78, 0xc2,
    0x5f, 0xfb, 0x1f, 0xfb, 0x5f, 0xfb, 0xfd, 0xe2, 0x4b, 0x59, 0x08, 0x41, 0x07, 0x41, 0xe7, 0x38,
    0xe7, 0x38, 0xc6, 0x30, 0xe6, 0x30, 0xe5, 0x28, 0xc5, 0x28, 0xa4, 0x28, 0xa4, 0x20, 0xa4, 0x20,
    0xa4, 0x20, 0xa3, 0x18, 0xa3, 0x18, 0x83, 0x10, 0x82, 0x10, 0x82, 0x18, 0x82, 0x10, 0x82, 0x10,
    0x82, 0x10, 0x82, 0x10, 0x82, 0x10, 0x61, 0x08, 0x82, 0x10, 0x82, 0x10, 0x82, 0x10, 0x82, 0x10,
    0x82, 0x10, 0x82, 0x10, 0x82, 0x10, 0x82, 0x10, 0x82, 0x10, 0x82, 0x10, 0x82, 0x10, 0x82, 0x10,
    0x82, 0x10, 0x82, 0x10, 0x82, 0x10, 0x82, 0x10, 0x82, 0x10, 0x82, 0x18, 0x83, 0x10, 0x83, 0x10,
    0x83, 0x18, 0x83, 0x18, 0xa4, 0x18, 0xa4, 0x20, 0xa4, 0x20, 0xc4, 0x20, 0xc5, 0x28, 0xc5, 0x28,
    0xc5, 0x30, 0xc6, 0x30, 0xe7, 0x38, 0xe7, 0x38, 0x07, 0x41, 0x07, 0x41, 0x08, 0x41, 0x77, 0xba,
    0x3f, 0xfb, 0x1f, 0xfb, 0x1f, 0xfb, 0xfe, 0xfa, 0x6c, 0x61, 0x2a, 0x49, 0x2a, 0x51, 0x2a, 0x49,
    0x2a, 0x49, 0x2a, 0x49, 0x2a, 0x49, 0x2a, 0x49, 0x2a, 0x49, 0x2a, 0x49, 0x2a, 0x49, 0x2a, 0x49,
    0x4b, 0x59, 0xba, 0xd2, 0x1f, 0xfb, 0x1f, 0xfb, 0x5f, 0xfb, 0xba, 0xda, 0x4b, 0x59, 0x08, 0x41,
    0x08, 0x41, 0xe7, 0x38, 0xe7, 0x38, 0xe6, 0x30, 0xe6, 0x30, 0xa5, 0x28, 0xc5, 0x28, 0xc4, 0x20,
    0xa4, 0x20, 0xa4, 0x20, 0xa4, 0x18, 0xa3, 0x18, 0xa3, 0x18, 0x83, 0x10, 0x83, 0x10, 0x83, 0x10,
    0x83, 0x10, 0x83, 0x10, 0x83, 0x10, 0x83, 0x10, 0x83, 0x10, 0x83, 0x10, 0x83, 0x10, 0x83, 0x10,
    0x83, 0x10, 0x83, 0x10, 0x83, 0x10, 0x83, 0x10, 0x83, 0x10, 0x83, 0x10, 0x83, 0x10, 0x83, 0x10,
    0x83, 0x10, 0x83, 0x10, 0x83, 0x10, 0x83, 0x10, 0x83, 0x10, 0x83, 0x10, 0x83, 0x10, 0x83, 0x10,
    0x83, 0x10, 0x83, 0x10, 0x83, 0x10, 0x83, 0x10, 0x83, 0x10, 0x83, 0x10, 0x83, 0x10, 0x83, 0x10,
    0x83, 0x10, 0x83, 0x10, 0x83, 0x10, 0x83, 0x10, 0x83, 0x10, 0x83, 0x10, 0x83, 0x10, 0x83, 0x10,
    0x83, 0x10, 0x83, 0x10, 0x83, 0x10, 0x83, 0x10, 0x83, 0x10, 0x83, 0x10, 0x83, 0x10, 0x83, 0x10,
    0x83, 0x10, 0x83, 0x10, 0x83, 0x10, 0x83, 0x10, 0x83, 0x10, 0x83, 0x10, 0x83, 0x10, 0x83, 0x10,
    0x83, 0x10, 0x83, 0x10, 0x83, 0x10, 0x83, 0x10, 0x83, 0x10, 0x83, 0x10, 0x83, 0x10, 0x83, 0x10,
    0x83, 0x10, 0x83, 0x10, 0x83, 0x10, 0x83, 0x10, 0x83, 0x10, 0x83, 0x10, 0x83, 0x10, 0x83, 0x10,
    0x83, 0x10, 0x83, 0x10, 0x83, 0x10, 0x83, 0x10, 0x83, 0x10, 0x83, 0x10, 0x83, 0x10, 0x83, 0x10,
    0x83, 0x10, 0x83, 0x10, 0x83, 0x10, 0x83, 0x10, 0x83, 0x10, 0x83, 0x10, 0x83, 0x18, 0xa3, 0x18,
    0xa4, 0x20, 0xa4, 0x20, 0xa4, 0x20, 0xa4, 0x20, 0xa4, 0x28, 0xc5, 0x28, 0xc5, 0x28, 0xe6, 0x30,
    0xe6, 0x30, 0xe7, 0x38, 0xe7, 0x38, 0x07, 0x41, 0x08, 0x41, 0x08, 0x41, 0x29, 0x49, 0x34, 0xaa,
    0x1f, 0xfb, 0x3f, 0xfb, 0x5f, 0xfb, 0x5f, 0xfb, 0xda, 0xd2, 0x6c, 0x61, 0x6c, 0x59, 0x6b, 0x61,
    0x6c, 0x59, 0x6b, 0x61, 0x6b, 0x61, 0x4c, 0x61, 0x4c, 0x61, 0x14, 0xa2, 0x3f, 0xfb, 0x1f, 0xfb,
    0x1f, 0xfb, 0x1f, 0xfb, 0xf3, 0x91, 0x4b, 0x59, 0x4a, 0x51, 0x4a, 0x51, 0x4a, 0x51, 0x4a, 0x51,
    0x2a, 0x51, 0x2a, 0x51, 0x2a, 0x51, 0x4a, 0x51, 0x4a, 0x49, 0x4a, 0x49, 0x4a, 0x51, 0x78, 0xc2,
    0x5f, 0xfb, 0x1f, 0xfb, 0x5f, 0xfb, 0xfd, 0xe2, 0x4b, 0x59, 0x08, 0x41, 0x07, 0x41, 0xe7, 0x38,
    0xe7, 0x38, 0xc6, 0x30, 0xe6, 0x30, 0xe5, 0x28, 0xc5, 0x28, 0xa4, 0x28, 0xa4, 0x20, 0xa4, 0x20,
    0xa4, 0x20, 0xa3, 0x18, 0xa3, 0x18, 0x83, 0x10, 0x82, 0x10, 0x82, 0x18, 0x82, 0x10, 0x82, 0x10,
    0x82, 0x10, 0x82, 0x10, 0x82, 0x10, 0x61, 0x08, 0x82, 0x10, 0x82, 0x10, 0x82, 0x10, 0x82, 0x10,
    0x82, 0x10, 0x82, 0x10, 0x82, 0x10, 0x82, 0x10, 0x82, 0x10, 0x82, 0x10, 0x82, 0x10, 0x82, 0x10,
    0x82, 0x10, 0x82, 0x10, 0x82, 0x10, 0x82, 0x10, 0x82, 0x10, 0x82, 0x18, 0x83, 0x10, 0x83, 0x10,
    0x83, 0x18, 0x83, 0x18, 0xa4, 0x18, 0xa4, 0x20, 0xa4, 0x20, 0xc4, 0x20, 0xc5, 0x28, 0xc5, 0x28,
    0xc5, 0x30, 0xc6, 0x30, 0xe7, 0x38, 0xe7, 0x38, 0x07, 0x41, 0x07, 0x41, 0x08, 0x41, 0x77, 0xba,
    0x3f, 0xfb, 0x1f, 0xfb, 0x1f, 0xfb, 0xfe, 0xfa, 0x6c, 0x61, 0x2a, 0x49, 0x2a, 0x51, 0x2a, 0x49,
    0x2a, 0x49, 0x2a, 0x49, 0x2a, 0x49, 0x2a, 0x49, 0x2a, 0x49, 0x2a, 0x49, 0x2a, 0x49, 0x2a, 0x49,
    0x4b, 0x59, 0xba, 0xd2, 0x1f, 0xfb, 0x1f, 0xfb, 0x5f, 0xfb, 0xba, 0xda, 0x4b, 0x59, 0x08, 0x41,
    0x08, 0x41, 0xe7, 0x38, 0xe7, 0x38, 0xe6, 0x30, 0xe6, 0x30, 0xa5, 0x28, 0xc5, 0x28, 0xc4, 0x20,
    0xa4, 0x20, 0xa4, 0x20, 0xa4, 0x18, 0xa3, 0x18, 0xa3, 0x18, 0xa3, 0x18, 0x83, 0x10, 0x83, 0x10,
    0x83, 0x10, 0x83, 0x10, 0x83, 0x10, 0x83, 0x10, 0x83, 0x10, 0x83, 0x10, 0x83, 0x10, 0x83, 0x18,
    0x83, 0x10, 0x83, 0x10, 0x83, 0x10, 0x83, 0x10, 0x83, 0x18, 0x83, 0x18, 0x83, 0x18, 0x83, 0x18,
    0x83, 0x18, 0x83, 0x18, 0x83, 0x18, 0x83, 0x18, 0x83, 0x18, 0x83, 0x18, 0x83, 0x18, 0x83, 0x18,
    0x83, 0x18, 0x83, 0x18, 0x83, 0x18, 0x83, 0x18, 0x83, 0x18, 0x83, 0x18, 0x83, 0x18, 0x83, 0x18,
    0x83, 0x18, 0x83, 0x18, 0x83, 0x18, 0x83, 0x18, 0x83, 0x18, 0x83, 0x18, 0x83, 0x18, 0x83, 0x18,
    0x83, 0x18, 0x83, 0x18, 0x83, 0x18, 0x83, 0x18, 0x83, 0x18, 0x83, 0x18, 0x83, 0x18, 0x83, 0x18,
    0x83, 0x18, 0x83, 0x18, 0x83, 0x18, 0x83, 0x18, 0x83, 0x18, 0x83, 0x18, 0x83, 0x18, 0x83, 0x18,
    0x83, 0x18, 0x83, 0x18, 0x83, 0x18, 0x83, 0x18, 0x83, 0x18, 0x83, 0x18, 0x83, 0x18, 0x83, 0x18,
    0x83, 0x18, 0x83, 0x18, 0x83, 0x18, 0x83, 0x18, 0x83, 0x18, 0x83, 0x18, 0x83, 0x18, 0x83, 0x18,
    0x83, 0x18, 0x83, 0x18, 0x83, 0x18, 0x83, 0x18, 0x83, 0x18, 0x83, 0x18, 0x83, 0x18, 0x83, 0x18,
    0x83, 0x18, 0x83, 0x18, 0x83, 0x18, 0x83, 0x18, 0xa3, 0x18, 0xa3, 0x18, 0xa3, 0x18, 0xa4, 0x18,
    0xa4, 0x20, 0xa4, 0x20, 0xa4, 0x20, 0xa4, 0x28, 0xc4, 0x28, 0xa5, 0x28, 0xc5, 0x30, 0xe6, 0x30,
    0xc6, 0x30, 0xe7, 0x38, 0xe7, 0x38, 0x07, 0x41, 0x08, 0x41, 0x09, 0x49, 0x6c, 0x61, 0x1c, 0xe3,
    0x1f, 0xfb, 0x5f, 0xfb, 0x1f, 0xfb, 0x1f, 0xfb, 0xd0, 0x81, 0x4b, 0x59, 0x4b, 0x59, 0x4b, 0x59,
    0x6b, 0x59, 0x6b, 0x61, 0x6b, 0x61, 0x4c, 0x61, 0x4c, 0x61, 0x35, 0xa2, 0x3f, 0xfb, 0x1f, 0xfb,
    0x1f, 0xfb, 0x1f, 0xfb, 0xf3, 0x91, 0x4b, 0x59, 0x4a, 0x51, 0x4a, 0x51, 0x4a, 0x51, 0x2a, 0x51,
    0x2a, 0x51, 0x2a, 0x51, 0x2a, 0x51, 0x4a, 0x51, 0x4a, 0x49, 0x2a, 0x51, 0x4a, 0x51, 0x78, 0xc2,
    0x5f, 0xfb, 0x1f, 0xfb, 0x5f, 0xfb, 0xfd, 0xe2, 0x4b, 0x59, 0x08, 0x41, 0x07, 0x41, 0xe7, 0x38,
    0xe7, 0x38, 0xc6, 0x30, 0xe6, 0x30, 0xe5, 0x28, 0xc5, 0x28, 0xa4, 0x28, 0xa4, 0x20, 0xa4, 0x20,
    0xa4, 0x20, 0xa3, 0x18, 0xa3, 0x18, 0x83, 0x10, 0x82, 0x10, 0x82, 0x18, 0x82, 0x10, 0x82, 0x10,
    0x82, 0x10, 0x82, 0x10, 0x82, 0x10, 0x61, 0x08, 0x82, 0x10, 0x82, 0x10, 0x82, 0x10, 0x82, 0x10,
    0x82, 0x10, 0x82, 0x10, 0x82, 0x10, 0x82, 0x10, 0x82, 0x10, 0x82, 0x10, 0x82, 0x10, 0x82, 0x10,
    0x82, 0x10, 0x82, 0x10, 0x82, 0x10, 0x82, 0x10, 0x82, 0x10, 0x82, 0x18, 0x83, 0x10, 0x83, 0x10,
    0x83, 0x18, 0x83, 0x18, 0xa4, 0x18, 0xa4, 0x20, 0xa4, 0x20, 0xc4, 0x20, 0xc5, 0x28, 0xc5, 0x28,
    0xc5, 0x30, 0xc6, 0x30, 0xe7, 0x38, 0xe7, 0x38, 0x07, 0x41, 0x07, 0x41, 0x08, 0x41, 0x77, 0xba,
    0x3f, 0xfb, 0x1f, 0xfb, 0x1f, 0xfb, 0xfe, 0xfa, 0x6c, 0x61, 0x2a, 0x49, 0x2a, 0x51, 0x2a, 0x49,
    0x2a, 0x49, 0x2a, 0x49, 0x2a, 0x49, 0x2a, 0x49, 0x2a, 0x49, 0x2a, 0x49, 0x2a, 0x49, 0x2a, 0x49,
    0x6c, 0x59, 0xba, 0xd2, 0x1f, 0xfb, 0x1f, 0xfb, 0x1f, 0xfb, 0xba, 0xda, 0x4b, 0x59, 0x08, 0x41,
    0x08, 0x41, 0xe7, 0x38, 0xe7, 0x38, 0xe6, 0x30, 0xe6, 0x30, 0xa5, 0x28, 0xc5, 0x28, 0xa4, 0x28,
    0xa4, 0x20, 0xa4, 0x20, 0xa4, 0x20, 0x83, 0x18, 0x83, 0x18, 0x83, 0x10, 0xa2, 0x18, 0xa2, 0x18,
    0x83, 0x10, 0x83, 0x10, 0x83, 0x10, 0x83, 0x10, 0x83, 0x10, 0x83, 0x10, 0x83, 0x10, 0x83, 0x18,
    0x83, 0x18, 0x83, 0x18, 0x83, 0x18, 0x83, 0x18, 0x83, 0x18, 0xa3, 0x18, 0xa3, 0x18, 0xa3, 0x18,
    0xa3, 0x18, 0xa3, 0x18, 0xa3, 0x18, 0xa3, 0x18, 0xa3, 0x18, 0xa3, 0x18, 0xa3, 0x18, 0xa3, 0x18,
    0xa3, 0x18, 0xa3, 0x18, 0xa3, 0x18, 0xa3, 0x18, 0xa3, 0x18, 0xa3, 0x18, 0xa3, 0x18, 0xa3, 0x18,
    0xa3, 0x18, 0xa3, 0x18, 0xa3, 0x18, 0xa3, 0x18, 0xa3, 0x18, 0xa3, 0x18, 0xa3, 0x18, 0xa3, 0x18,
    0xa3, 0x18, 0xa3, 0x18, 0xa3, 0x18, 0xa3, 0x18, 0xa3, 0x18, 0xa3, 0x18, 0xa3, 0x18, 0xa3, 0x18,
    0xa3, 0x18, 0xa3, 0x18, 0xa3, 0x18, 0xa3, 0x18, 0xa3, 0x18, 0xa3, 0x18, 0xa3, 0x18, 0xa3, 0x18,
    0xa3, 0x18, 0xa3, 0x18, 0xa3, 0x18, 0xa3, 0x18, 0xa3, 0x18, 0xa3, 0x18, 0xa3, 0x18, 0xa3, 0x18,
    0xa3, 0x18, 0xa3, 0x18, 0xa3, 0x18, 0xa3, 0x18, 0xa3, 0x18, 0xa3, 0x18, 0xa3, 0x18, 0xa3, 0x18,
    0xa3, 0x18, 0xa3, 0x18, 0xa3, 0x18, 0xa3, 0x18, 0xa3, 0x18, 0xa3, 0x18, 0xa3, 0x18, 0xa3, 0x18,
    0xa3, 0x18, 0xa3, 0x18, 0xa4, 0x18, 0xa3, 0x18, 0xa3, 0x18, 0xa4, 0x20, 0xa4, 0x20, 0xa4, 0x20,
    0xa4, 0x20, 0xa4, 0x20, 0xa4, 0x28, 0xc5, 0x28, 0xc5, 0x28, 0xc5, 0x30, 0xe6, 0x30, 0xc6, 0x30,
    0xe6, 0x38, 0xe6, 0x38, 0xe7, 0x38, 0x28, 0x41, 0x08, 0x41, 0x29, 0x51, 0x13, 0x9a, 0x1f, 0xfb,
    0x1f, 0xfb, 0x1f, 0xfb, 0x1f, 0xfb, 0xba, 0xd2, 0x4b, 0x59, 0x4a, 0x51, 0x4b, 0x59, 0x4b, 0x59,
    0x4b, 0x59, 0x4b, 0x59, 0x4b, 0x59, 0x4b, 0x59, 0x4b, 0x59, 0x35, 0xaa, 0x3f, 0xfb, 0x1f, 0xfb,
    0x1f, 0xfb, 0x1f, 0xfb, 0xf2, 0x89, 0x4a, 0x51, 0x4a, 0x51, 0x4a, 0x51, 0x2a, 0x51, 0x2a, 0x51,
    0x2a, 0x51, 0x4a, 0x49, 0x2a, 0x51, 0x2a, 0x51, 0x2a, 0x49, 0x09, 0x51, 0x4a, 0x51, 0x78, 0xc2,
    0x5f, 0xfb, 0x1f, 0xfb, 0x5f, 0xfb, 0xfd, 0xe2, 0x4b, 0x59, 0x08, 0x41, 0x07, 0x41, 0xe7, 0x38,
    0xe7, 0x38, 0xc6, 0x30, 0xe6, 0x30, 0xe5, 0x28, 0xc5, 0x28, 0xa4, 0x28, 0xa4, 0x20, 0xa4, 0x20,
    0xa4, 0x20, 0xa3, 0x18, 0xa3, 0x18, 0x83, 0x10, 0x82, 0x10, 0x82, 0x18, 0x82, 0x10, 0x82, 0x10,
    0x82, 0x10, 0x82, 0x10, 0x82, 0x10, 0x61, 0x08, 0x82, 0x10, 0x82, 0x10, 0x82, 0x10, 0x82, 0x10,
    0x82, 0x10, 0x82, 0x10, 0x82, 0x10, 0x82, 0x10, 0x82, 0x10, 0x82, 0x10, 0x82, 0x10, 0x82, 0x10,
    0x82, 0x10, 0x82, 0x10, 0x82, 0x10, 0x82, 0x10, 0x82, 0x10, 0x82, 0x18, 0x83, 0x10, 0x83, 0x10,
    0x83, 0x18, 0x83, 0x18, 0xa4, 0x18, 0xa4, 0x20, 0xa4, 0x20, 0xc4, 0x20, 0xc5, 0x28, 0xc5, 0x28,
    0xc5, 0x30, 0xc6, 0x30, 0xe7, 0x38, 0xe7, 0x38, 0x07, 0x41, 0x07, 0x41, 0x08, 0x41, 0x77, 0xba,
    0x3f, 0xfb, 0x1f, 0xfb, 0x1f, 0xfb, 0xfe, 0xfa, 0x6c, 0x61, 0x2a, 0x49, 0x2a, 0x51, 0x2a, 0x49,
    0x2a, 0x49, 0x2a, 0x49, 0x2a, 0x49, 0x2a, 0x49, 0x2a, 0x49, 0x2a, 0x49, 0x2a, 0x49, 0x2a, 0x49,
    0x6c, 0x59, 0xba, 0xd2, 0x1f, 0xfb, 0x1f, 0xfb, 0x1f, 0xfb, 0xba, 0xda, 0x4b, 0x59, 0x08, 0x41,
    0x08, 0x41, 0xe7, 0x38, 0xe7, 0x38, 0xe6, 0x30, 0xe6, 0x30, 0xc5, 0x28, 0xc5, 0x28, 0xc5, 0x28,
    0xa4, 0x20, 0xa4, 0x20, 0xa4, 0x20, 0xa3, 0x18, 0x83, 0x18, 0x83, 0x18, 0xa3, 0x18, 0x83, 0x18,
    0xa3, 0x18, 0x83, 0x18, 0x83, 0x18, 0x83, 0x18, 0x83, 0x18, 0x83, 0x18, 0x83, 0x18, 0xa3, 0x18,
    0xa3, 0x18, 0xa3, 0x18, 0xa3, 0x18, 0xa3, 0x18, 0xa3, 0x18, 0x83, 0x18, 0x83, 0x18, 0x83, 0x18,
    0x83, 0x18, 0x83, 0x18, 0x83, 0x18, 0xa3, 0x18, 0xa3, 0x18, 0xa3, 0x18, 0xa3, 0x18, 0xa3, 0x18,
    0xa3, 0x18, 0xa3, 0x18, 0xa3, 0x18, 0xa3, 0x18, 0xa3, 0x18, 0xa3, 0x18, 0x83, 0x18, 0x83, 0x18,
    0x83, 0x18, 0x83, 0x18, 0x83, 0x18, 0x83, 0x18, 0x83, 0x18, 0x83, 0x18, 0x83, 0x18, 0x83, 0x18,
    0x83, 0x18, 0x83, 0x18, 0x83, 0x18, 0x83, 0x18, 0x83, 0x18, 0x83, 0x18, 0x83, 0x18, 0x83, 0x18,
    0x83, 0x18, 0x83, 0x18, 0x83, 0x18, 0x83, 0x18, 0x83, 0x18, 0x83, 0x18, 0x83, 0x18, 0x83, 0x18,
    0x83, 0x18, 0x83, 0x18, 0x83, 0x18, 0x83, 0x18, 0x83, 0x18, 0x83, 0x18, 0x83, 0x18, 0x83, 0x18,
    0x83, 0x18, 0x83, 0x18, 0x83, 0x18, 0x83, 0x18, 0x83, 0x18, 0xa3, 0x18, 0xa3, 0x18, 0xa3, 0x18,
    0xa3, 0x18, 0xa3, 0x18, 0xa3, 0x18, 0x83, 0x18, 0x83, 0x18, 0x83, 0x18, 0x83, 0x18, 0x83, 0x18,
    0xa4, 0x18, 0xa4, 0x18, 0xa4, 0x18, 0xa4, 0x18, 0xa4, 0x20, 0xa4, 0x20, 0xa4, 0x20, 0xa4, 0x20,
    0xa4, 0x28, 0xa4, 0x28, 0xc5, 0x28, 0xc5, 0x28, 0xc5, 0x28, 0xc5, 0x30, 0xe6, 0x30, 0xe7, 0x38,
    0xe6, 0x30, 0x07, 0x39, 0x08, 0x41, 0x08, 0x41, 0x28, 0x49, 0x2b, 0x51, 0xba, 0xd2, 0x1f, 0xfb,
    0x5f, 0xfb, 0x1f, 0xfb, 0x1f, 0xfb, 0xf2, 0x91, 0x4a, 0x51, 0x2a, 0x59, 0x4b, 0x59, 0x4b, 0x59,
    0x4b, 0x59, 0x4b, 0x59, 0x6b, 0x59, 0x4b, 0x59, 0x4b, 0x59, 0x15, 0xaa, 0x3f, 0xfb, 0x1f, 0xfb,
    0x1f, 0xfb, 0x1f, 0xfb, 0xf2, 0x89, 0x4a, 0x51, 0x4a, 0x51, 0x4a, 0x51, 0x2a, 0x51, 0x2a, 0x51,
    0x2a, 0x51, 0x4a, 0x49, 0x4a, 0x49, 0x2a, 0x51, 0x2a, 0x49, 0x09, 0x51, 0x4a, 0x51, 0x78, 0xc2,
    0x5f, 0xfb, 0x1f, 0xfb, 0x5f, 0xfb, 0xfd, 0xe2, 0x4b, 0x59, 0x08, 0x41, 0x07, 0x41, 0xe7, 0x38,
    0xe7, 0x38, 0xc6, 0x30, 0xe6, 0x30, 0xe5, 0x28, 0xc5, 0x28, 0xa4, 0x28, 0xa4, 0x20, 0xa4, 0x20,
    0xa4, 0x20, 0xa3, 0x18, 0xa3, 0x18, 0x83, 0x10, 0x82, 0x10, 0x82, 0x18, 0x82, 0x10, 0x82, 0x10,
    0x82, 0x10, 0x82, 0x10, 0x82, 0x10, 0x61, 0x08, 0x82, 0x10, 0x82, 0x10, 0x82, 0x10, 0x82, 0x10,
    0x82, 0x10, 0x82, 0x10, 0x82, 0x10, 0x82, 0x10, 0x82, 0x10, 0x82, 0x10, 0x82, 0x10, 0x82, 0x10,
    0x82, 0x10, 0x82, 0x10, 0x82, 0x10, 0x82, 0x10, 0x82, 0x10, 0x82, 0x18, 0x83, 0x10, 0x83, 0x10,
    0x83, 0x18, 0x83, 0x18, 0xa4, 0x18, 0xa4, 0x20, 0xa4, 0x20, 0xc4, 0x20, 0xc5, 0x28, 0xc5, 0x28,
    0xc5, 0x30, 0xc6, 0x30, 0xe7, 0x38, 0xe7, 0x38, 0x07, 0x41, 0x07, 0x41, 0x08, 0x41, 0x77, 0xba,
    0x3f, 0xfb, 0x1f, 0xfb, 0x1f, 0xfb, 0xfe, 0xfa, 0x6c, 0x61, 0x2a, 0x49, 0x2a, 0x51, 0x2a, 0x49,
    0x2a, 0x49, 0x2a, 0x49, 0x2a, 0x49, 0x2a, 0x49, 0x2a, 0x49, 0x2a, 0x49, 0x2a, 0x49, 0x2a, 0x49,
    0x4b, 0x59, 0xba, 0xd2, 0x1f, 0xfb, 0x1f, 0xfb, 0x1f, 0xfb, 0xba, 0xda, 0x4b, 0x59, 0x08, 0x41,
    0x08, 0x41, 0xe7, 0x38, 0xe7, 0x38, 0xe6, 0x30, 0xe6, 0x30, 0xc5, 0x28, 0xc5, 0x28, 0xc5, 0x28,
    0xa5, 0x20, 0xa4, 0x20, 0xa4, 0x20, 0xa4, 0x20, 0xa3, 0x18, 0xa3, 0x18, 0xa3, 0x18, 0xa3, 0x18,
    0xa3, 0x18, 0xa3, 0x18, 0xa3, 0x18, 0xa3, 0x18, 0xa3, 0x18, 0xa3, 0x18, 0xa3, 0x18, 0xa4, 0x18,
    0xa4, 0x20, 0xa4, 0x20, 0xa4, 0x20, 0xa4, 0x20, 0xa4, 0x20, 0xa4, 0x20, 0xa4, 0x20, 0xa4, 0x20,
    0xa4, 0x20, 0xa4, 0x20, 0xa4, 0x20, 0xa4, 0x20, 0xa4, 0x20, 0xa4, 0x20, 0xa4, 0x20, 0xa4, 0x20,
    0xa4, 0x20, 0xa4, 0x20, 0xa4, 0x20, 0xa4, 0x20, 0xa4, 0x20, 0xa4, 0x20, 0xa4, 0x20, 0xa4, 0x20,
    0xa4, 0x20, 0xa4, 0x20, 0xa4, 0x20, 0xa4, 0x20, 0xa4, 0x20, 0xa4, 0x20, 0xa4, 0x20, 0xa4, 0x20,
    0xa4, 0x20, 0xa4, 0x20, 0xa4, 0x20, 0xa4, 0x20, 0xa4, 0x20, 0xa4, 0x20, 0xa4, 0x20, 0xa4, 0x20,
    0xa4, 0x20, 0xa4, 0x20, 0xa4, 0x20, 0xa4, 0x20, 0xa4, 0x20, 0xa4, 0x20, 0xa4, 0x20, 0xa4, 0x20,
    0xa4, 0x20, 0xa4, 0x20, 0xa4, 0x20, 0xa4, 0x20, 0xa4, 0x20, 0xa4, 0x20, 0xa4, 0x20, 0xa4, 0x20,
    0xa4, 0x20, 0xa4, 0x20, 0xa4, 0x20, 0xa4, 0x20, 0xa4, 0x20, 0xa4, 0x20, 0xa4, 0x20, 0xa4, 0x20,
    0xa4, 0x20, 0xa4, 0x20, 0xa4, 0x20, 0xa4, 0x20, 0xa4, 0x20, 0xa4, 0x20, 0xa4, 0x20, 0xa4, 0x20,
    0xa4, 0x20, 0xa4, 0x20, 0xa4, 0x20, 0xa4, 0x20, 0xa4, 0x20, 0xa4, 0x20, 0xa4, 0x28, 0xa4, 0x28,
    0xc5, 0x28, 0xc5, 0x28, 0xc5, 0x28, 0xc5, 0x30, 0xc5, 0x30, 0xe6, 0x30, 0xe7, 0x38, 0xe7, 0x38,
    0xe7, 0x38, 0xe8, 0x38, 0xe7, 0x38, 0x08, 0x41, 0x28, 0x41, 0xd2, 0x91, 0x1f, 0xfb, 0x1f, 0xfb,
    0x5f, 0xfb, 0x1f, 0xfb, 0xba, 0xda, 0x6c, 0x61, 0x4a, 0x51, 0x2a, 0x59, 0x4a, 0x51, 0x4b, 0x59,
    0x4b, 0x59, 0x4b, 0x59, 0x4b, 0x59, 0x4b, 0x59, 0x4b, 0x59, 0x35, 0xa2, 0x3f, 0xfb, 0x1f, 0xfb,
    0x1f, 0xfb, 0x1f, 0xfb, 0xf2, 0x89, 0x4a, 0x51, 0x4a, 0x51, 0x2a, 0x51, 0x2a, 0x51, 0x2a, 0x51,
    0x2a, 0x51, 0x4a, 0x49, 0x4a, 0x49, 0x2a, 0x51, 0x2a, 0x49, 0x09, 0x51, 0x4a, 0x51, 0x78, 0xc2,
    0x5f, 0xfb, 0x1f, 0xfb, 0x5f, 0xfb, 0xfd, 0xe2, 0x4b, 0x59, 0x08, 0x41, 0x07, 0x41, 0xe7, 0x38,
    0xe7, 0x38, 0xc6, 0x30, 0xe6, 0x30, 0xe5, 0x28, 0xc5, 0x28, 0xa4, 0x28, 0xa4, 0x20, 0xa4, 0x20,
    0xa4, 0x20, 0xa3, 0x18, 0xa3, 0x18, 0x83, 0x10, 0x82, 0x10, 0x82, 0x18, 0x82, 0x10, 0x82, 0x10,
    0x82, 0x10, 0x82, 0x10, 0x82, 0x10, 0x61, 0x08, 0x82, 0x10, 0x82, 0x10, 0x82, 0x10, 0x82, 0x10,
    0x82, 0x10, 0x82, 0x10, 0x82, 0x10, 0x82, 0x10, 0x82, 0x10, 0x82, 0x10, 0x82, 0x10, 0x82, 0x10,
    0x82, 0x10, 0x82, 0x10, 0x82, 0x10, 0x82, 0x10, 0x82, 0x10, 0x82, 0x18, 0x83, 0x10, 0x83, 0x10,
    0x83, 0x18, 0x83, 0x18, 0xa4, 0x18, 0xa4, 0x20, 0xa4, 0x20, 0xc4, 0x20, 0xc5, 0x28, 0xc5, 0x28,
    0xc5, 0x30, 0xc6, 0x30, 0xe7, 0x38, 0xe7, 0x38, 0x07, 0x41, 0x07, 0x41, 0x08, 0x41, 0x77, 0xba,
    0x3f, 0xfb, 0x1f, 0xfb, 0x1f, 0xfb, 0xfe, 0xfa, 0x6c, 0x61, 0x2a, 0x49, 0x2a, 0x51, 0x2a, 0x49,
    0x2a, 0x49, 0x2a, 0x49, 0x2a, 0x49, 0x2a, 0x49, 0x2a, 0x49, 0x2a, 0x49, 0x2a, 0x49, 0x2a, 0x49,
    0x4b, 0x59, 0xba, 0xd2, 0x1f, 0xfb, 0x1f, 0xfb, 0x1f, 0xfb, 0xba, 0xda, 0x4b, 0x59, 0x08, 0x41,
    0x08, 0x41, 0x07, 0x39, 0xe7, 0x38, 0xe6, 0x30, 0xe6, 0x30, 0xc5, 0x30, 0xa5, 0x28, 0xc5, 0x28,
    0xc5, 0x28, 0xa4, 0x20, 0xa4, 0x20, 0xa4, 0x20, 0xa4, 0x18, 0xa3, 0x18, 0xa4, 0x18, 0xa3, 0x18,
    0xa3, 0x18, 0xa3, 0x18, 0xa3, 0x18, 0xa3, 0x18, 0xa3, 0x18, 0xa3, 0x18, 0xa3, 0x18, 0xa4, 0x18,
    0xa4, 0x20, 0xa4, 0x20, 0xa4, 0x20, 0xa4, 0x20, 0xa4, 0x20, 0xa4, 0x20, 0xa4, 0x20, 0xa4, 0x20,
    0xa4, 0x20, 0xa4, 0x20, 0xa4, 0x20, 0xa4, 0x20, 0xa4, 0x20, 0xa4, 0x20, 0xa4, 0x20, 0xa4, 0x20,
    0xa4, 0x20, 0xa4, 0x20, 0xa4, 0x20, 0xa4, 0x20, 0xa4, 0x20, 0xa4, 0x20, 0xa4, 0x20, 0xa4, 0x20,
    0xa4, 0x20, 0xa4, 0x20, 0xa4, 0x20, 0xa4, 0x20, 0xa4, 0x20, 0xa4, 0x20, 0xa4, 0x20, 0xa4, 0x20,
    0xa4, 0x20, 0xa4, 0x20, 0xa4, 0x20, 0xa4, 0x20, 0xa4, 0x20, 0xa4, 0x20, 0xa4, 0x20, 0xa4, 0x20,
    0xa4, 0x20, 0xa4, 0x20, 0xa4, 0x20, 0xa4, 0x20, 0xa4, 0x20, 0xa4, 0x20, 0xa4, 0x20, 0xa4, 0x20,
    0xa4, 0x20, 0xa4, 0x20, 0xa4, 0x20, 0xa4, 0x20, 0xa4, 0x20, 0xa4, 0x20, 0xa4, 0x20, 0xa4, 0x20,
    0xa4, 0x20, 0xa4, 0x20, 0xa4, 0x20, 0xa4, 0x20, 0xa4, 0x20, 0xa4, 0x20, 0xa4, 0x20, 0xa4, 0x20,
    0xa4, 0x20, 0xa4, 0x20, 0xa4, 0x20, 0xa4, 0x20, 0xa4, 0x20, 0xa4, 0x20, 0xa4, 0x20, 0xa4, 0x20,
    0xa4, 0x20, 0xc4, 0x20, 0xa4, 0x20, 0xa4, 0x20, 0xa4, 0x28, 0xa4, 0x28, 0xc5, 0x28, 0xc5, 0x28,
    0xc5, 0x28, 0xc5, 0x30, 0xe6, 0x30, 0xe6, 0x30, 0xe6, 0x30, 0xe7, 0x38, 0xe7, 0x38, 0xe7, 0x38,
    0xe7, 0x38, 0x28, 0x39, 0x08, 0x41, 0x28, 0x41, 0x0a, 0x51, 0xdc, 0xe2, 0x5f, 0xfb, 0x5f, 0xfb,
    0x1f, 0xfb, 0x3f, 0xfb, 0x13, 0xa2, 0x2a, 0x51, 0x4a, 0x51, 0x4a, 0x51, 0x4a, 0x51, 0x4a, 0x51,
    0x4a, 0x51, 0x2a, 0x59, 0x4a, 0x51, 0x4b, 0x59, 0x4b, 0x59, 0x35, 0xa2, 0x3f, 0xfb, 0x1f, 0xfb,
    0x1f, 0xfb, 0x1f, 0xfb, 0xf2, 0x89, 0x4a, 0x51, 0x4a, 0x51, 0x2a, 0x51, 0x2a, 0x51, 0x2a, 0x51,
    0x2a, 0x51, 0x4a, 0x49, 0x2a, 0x51, 0x2a, 0x51, 0x2a, 0x49, 0x09, 0x51, 0x4a, 0x51, 0x78, 0xc2,
    0x5f, 0xfb, 0x1f, 0xfb, 0x5f, 0xfb, 0xfd, 0xe2, 0x4b, 0x59, 0x08, 0x41, 0x07, 0x41, 0xe7, 0x38,
    0xe7, 0x38, 0xc6, 0x30, 0xe6, 0x30, 0xe5, 0x28, 0xc5, 0x28, 0xa4, 0x28, 0xa4, 0x20, 0xa4, 0x20,
    0xa4, 0x20, 0xa3, 0x18, 0xa3, 0x18, 0x83, 0x10, 0x82, 0x10, 0x82, 0x18, 0x82, 0x10, 0x82, 0x10,
    0x82, 0x10, 0x82, 0x10, 0x82, 0x10, 0x61, 0x08, 0x82, 0x10, 0x82, 0x10, 0x82, 0x10, 0x82, 0x10,
    0x82, 0x10, 0x82, 0x10, 0x82, 0x10, 0x82, 0x10, 0x82, 0x10, 0x82, 0x10, 0x82, 0x10, 0x82, 0x10,
    0x82, 0x10, 0x82, 0x10, 0x82, 0x10, 0x82, 0x10, 0x82, 0x10, 0x82, 0x18, 0x83, 0x10, 0x83, 0x10,
    0x83, 0x18, 0x83, 0x18, 0xa4, 0x18, 0xa4, 0x20, 0xa4, 0x20, 0xc4, 0x20, 0xc5, 0x28, 0xc5, 0x28,
    0xc5, 0x30, 0xc6, 0x30, 0xe7, 0x38, 0xe7, 0x38, 0x07, 0x41, 0x07, 0x41, 0x08, 0x41, 0x77, 0xba,
    0x3f, 0xfb, 0x1f, 0xfb, 0x1f, 0xfb, 0xfe, 0xfa, 0x6c, 0x61, 0x2a, 0x49, 0x2a, 0x51, 0x2a, 0x49,
    0x2a, 0x49, 0x2a, 0x49, 0x2a, 0x49, 0x2a, 0x49, 0x2a, 0x49, 0x2a, 0x49, 0x2a, 0x49, 0x2a, 0x49,
    0x4b, 0x59, 0xba, 0xd2, 0x1f, 0xfb, 0x1f, 0xfb, 0x1f, 0xfb, 0xba, 0xda, 0x4b, 0x59, 0x08, 0x41,
    0x08, 0x41, 0xe7, 0x38, 0xe7, 0x38, 0xe6, 0x30, 0xe6, 0x30, 0xc5, 0x30, 0xc5, 0x30, 0xc5, 0x28,
    0xc5, 0x28, 0xc5, 0x20, 0xa4, 0x20, 0xa4, 0x20, 0xa4, 0x20, 0xa4, 0x18, 0xa4, 0x20, 0xa4, 0x20,
    0xa4, 0x20, 0xa4, 0x20, 0xa4, 0x20, 0xa4, 0x20, 0xa4, 0x20, 0xa4, 0x20, 0xa4, 0x20, 0xa4, 0x20,
    0xa4, 0x20, 0xa4, 0x20, 0xa4, 0x20, 0xa4, 0x20, 0xa4, 0x20, 0xa4, 0x20, 0xa4, 0x20, 0xa4, 0x20,
    0xa4, 0x20, 0xa4, 0x20, 0xa4, 0x20, 0xa4, 0x20, 0xa4, 0x28, 0xa4, 0x28, 0xa4, 0x28, 0xa4, 0x28,
    0xa4, 0x28, 0xa4, 0x28, 0xa4, 0x28, 0xa4, 0x28, 0xa4, 0x28, 0xa4, 0x28, 0xa4, 0x20, 0xa4, 0x20,
    0xa4, 0x20, 0xa4, 0x20, 0xa4, 0x20, 0xa4, 0x20, 0xa4, 0x20, 0xa4, 0x20, 0xa4, 0x20, 0xa4, 0x20,
    0xa4, 0x20, 0xa4, 0x20, 0xa4, 0x20, 0xa4, 0x20, 0xa4, 0x20, 0xa4, 0x20, 0xa4, 0x20, 0xa4, 0x20,
    0xa4, 0x20, 0xa4, 0x20, 0xa4, 0x20, 0xa4, 0x20, 0xa4, 0x20, 0xa4, 0x20, 0xa4, 0x20, 0xa4, 0x20,
    0xa4, 0x20, 0xa4, 0x20, 0xa4, 0x20, 0xa4, 0x20, 0xa4, 0x20, 0xa4, 0x20, 0xa4, 0x20, 0xa4, 0x20,
    0xa4, 0x20, 0xa4, 0x20, 0xa4, 0x20, 0xa4, 0x20, 0xa4, 0x20, 0xa4, 0x28, 0xa4, 0x28, 0xa4, 0x28,
    0xa4, 0x28, 0xa4, 0x28, 0xa4, 0x28, 0xc4, 0x20, 0xa4, 0x20, 0xa4, 0x20, 0xa4, 0x20, 0xa4, 0x20,
    0xc5, 0x20, 0xc5, 0x28, 0xc5, 0x28, 0xc5, 0x28, 0xc5, 0x28, 0xc5, 0x28, 0xc5, 0x28, 0xc5, 0x28,
    0xc5, 0x30, 0xe6, 0x30, 0xe6, 0x30, 0xc6, 0x30, 0xe7, 0x38, 0xe7, 0x38, 0x07, 0x39, 0x07, 0x41,
    0x08, 0x41, 0x08, 0x41, 0x28, 0x41, 0x29, 0x49, 0xf2, 0x91, 0x1f, 0xfb, 0x5f, 0xfb, 0xff, 0xfa,
    0xff, 0xfa, 0xba, 0xda, 0x4c, 0x61, 0x2a, 0x51, 0x4a, 0x51, 0x4a, 0x51, 0x4a, 0x51, 0x4a, 0x51,
    0x4a, 0x51, 0x4a, 0x51, 0x4a, 0x51, 0x4b, 0x59, 0x4a, 0x51, 0x35, 0xa2, 0x1f, 0xfb, 0x1f, 0xfb,
    0x1f, 0xfb, 0x1f, 0xfb, 0xf2, 0x89, 0x4a, 0x51, 0x4a, 0x51, 0x2a, 0x51, 0x2a, 0x51, 0x2a, 0x51,
    0x2a, 0x51, 0x4a, 0x49, 0x4a, 0x49, 0x2a, 0x51, 0x2a, 0x49, 0x09, 0x51, 0x4a, 0x51, 0x78, 0xc2,
    0x5f, 0xfb, 0x1f, 0xfb, 0x5f, 0xfb, 0xfd, 0xe2, 0x4b, 0x59, 0x08, 0x41, 0x07, 0x41, 0xe7, 0x38,
    0xe7, 0x38, 0xc6, 0x30, 0xe6, 0x30, 0xe5, 0x28, 0xc5, 0x28, 0xa4, 0x28, 0xa4, 0x20, 0xa4, 0x20,
    0xa4, 0x20, 0xa3, 0x18, 0xa3, 0x18, 0x83, 0x10, 0x82, 0x10, 0x82, 0x18, 0x82, 0x10, 0x82, 0x10,
    0x82, 0x10, 0x82, 0x10, 0x82, 0x10, 0x61, 0x08, 0x82, 0x10, 0x82, 0x10, 0x82, 0x10, 0x82, 0x10,
    0x82, 0x10, 0x82, 0x10, 0x82, 0x10, 0x82, 0x10, 0x82, 0x10, 0x82, 0x10, 0x82, 0x10, 0x82, 0x10,
    0x82, 0x10, 0x82, 0x10, 0x82, 0x10, 0x82, 0x10, 0x82, 0x10, 0x82, 0x18, 0x83, 0x10, 0x83, 0x10,
    0x83, 0x18, 0x83, 0x18, 0xa4, 0x18, 0xa4, 0x20, 0xa4, 0x20, 0xc4, 0x20, 0xc5, 0x28, 0xc5, 0x28,
    0xc5, 0x30, 0xc6, 0x30, 0xe7, 0x38, 0xe7, 0x38, 0x07, 0x41, 0x07, 0x41, 0x08, 0x41, 0x77, 0xba,
    0x3f, 0xfb, 0x1f, 0xfb, 0x1f, 0xfb, 0xfe, 0xfa, 0x6c, 0x61, 0x2a, 0x49, 0x2a, 0x51, 0x2a, 0x49,
    0x2a, 0x49, 0x2a, 0x49, 0x2a, 0x49, 0x2a, 0x49, 0x2a, 0x49, 0x2a, 0x49, 0x2a, 0x49, 0x2a, 0x49,
    0x4b, 0x59, 0xba, 0xd2, 0x1f, 0xfb, 0x1f, 0xfb, 0x1f, 0xfb, 0xba, 0xda, 0x4b, 0x59, 0x08, 0x41,
    0x08, 0x41, 0x07, 0x39, 0xe7, 0x38, 0xe6, 0x30, 0xe6, 0x30, 0xc5, 0x30, 0xa5, 0x28, 0xc5, 0x28,
    0xc5, 0x28, 0xc4, 0x20, 0xa4, 0x20, 0xa4, 0x20, 0xa4, 0x20, 0xa4, 0x20, 0xa4, 0x20, 0xa4, 0x20,
    0xa4, 0x20, 0xa4, 0x20, 0xa4, 0x20, 0xa4, 0x20, 0xa4, 0x20, 0xc4, 0x20, 0xa4, 0x20, 0xc4, 0x20,
    0xc4, 0x28, 0xc4, 0x28, 0xc4, 0x28, 0xc4, 0x28, 0xc4, 0x28, 0xc4, 0x28, 0xa4, 0x28, 0xa4, 0x28,
    0xa4, 0x28, 0xa4, 0x28, 0xa4, 0x28, 0xa4, 0x28, 0xc4, 0x28, 0xc4, 0x28, 0xc4, 0x28, 0xc4, 0x28,
    0xc4, 0x28, 0xc4, 0x28, 0xc4, 0x28, 0xc4, 0x28, 0xc4, 0x28, 0xc4, 0x28, 0xa4, 0x28, 0xa4, 0x28,
    0xa4, 0x28, 0xa4, 0x28, 0xa4, 0x28, 0xa4, 0x28, 0xa4, 0x28, 0xa4, 0x28, 0xa4, 0x28, 0xa4, 0x28,
    0xa4, 0x28, 0xa4, 0x28, 0xa4, 0x28, 0xa4, 0x28, 0xa4, 0x28, 0xa4, 0x28, 0xa4, 0x28, 0xa4, 0x28,
    0xa4, 0x28, 0xa4, 0x28, 0xa4, 0x28, 0xa4, 0x28, 0xa4, 0x28, 0xa4, 0x28, 0xa4, 0x28, 0xa4, 0x28,
    0xa4, 0x28, 0xa4, 0x28, 0xa4, 0x28, 0xa4, 0x28, 0xa4, 0x28, 0xa4, 0x28, 0xa4, 0x28, 0xa4, 0x28,
    0xa4, 0x28, 0xa4, 0x28, 0xa4, 0x28, 0xa4, 0x28, 0xa4, 0x28, 0xc4, 0x28, 0xc4, 0x28, 0xc4, 0x28,
    0xc4, 0x28, 0xc4, 0x28, 0xc4, 0x28, 0xa4, 0x28, 0xa4, 0x28, 0xa4, 0x28, 0xa4, 0x28, 0xa4, 0x28,
    0xc5, 0x28, 0xc5, 0x28, 0xc5, 0x28, 0xc5, 0x28, 0xc5, 0x28, 0xe5, 0x28, 0xc5, 0x30, 0xc5, 0x30,
    0xe6, 0x30, 0xe6, 0x30, 0xe6, 0x30, 0xc6, 0x30, 0xe7, 0x38, 0xe7, 0x38, 0xe7, 0x38, 0x07, 0x41,
    0x08, 0x41, 0x08, 0x41, 0x08, 0x41, 0x4a, 0x49, 0xb8, 0xca, 0x1f, 0xfb, 0x5f, 0xfb, 0x5f, 0xfb,
    0x3f, 0xfb, 0xf3, 0x99, 0x29, 0x51, 0x2a, 0x49, 0x4a, 0x51, 0x4a, 0x51, 0x4a, 0x51, 0x4a, 0x51,
    0x4a, 0x51, 0x4a, 0x51, 0x4a, 0x51, 0x2a, 0x59, 0x4a, 0x51, 0x14, 0xa2, 0x1f, 0xfb, 0x1f, 0xfb,
    0x1f, 0xfb, 0x1f, 0xfb, 0xf2, 0x89, 0x4a, 0x51, 0x4a, 0x51, 0x2a, 0x51, 0x2a, 0x51, 0x4a, 0x51,
    0x2a, 0x51, 0x4a, 0x49, 0x4a, 0x49, 0x2a, 0x51, 0x2a, 0x49, 0x09, 0x51, 0x4a, 0x51, 0x78, 0xc2,
    0x5f, 0xfb, 0x1f, 0xfb, 0x5f, 0xfb, 0xfd, 0xe2, 0x4b, 0x59, 0x08, 0x41, 0x07, 0x41, 0xe7, 0x38,
    0xe7, 0x38, 0xc6, 0x30, 0xe6, 0x30, 0xe5, 0x28, 0xc5, 0x28, 0xa4, 0x28, 0xa4, 0x20, 0xa4, 0x20,
    0xa4, 0x20, 0xa3, 0x18, 0xa3, 0x18, 0x83, 0x10, 0x82, 0x10, 0x82, 0x18, 0x82, 0x10, 0x82, 0x10,
    0x82, 0x10, 0x82, 0x10, 0x82, 0x10, 0x61, 0x08, 0x82, 0x10, 0x82, 0x10, 0x82, 0x10, 0x82, 0x10,
    0x82, 0x10, 0x82, 0x10, 0x82, 0x10, 0x82, 0x10, 0x82, 0x10, 0x82, 0x10, 0x82, 0x10, 0x82, 0x10,
    0x82, 0x10, 0x82, 0x10, 0x82, 0x10, 0x82, 0x10, 0x82, 0x10, 0x82, 0x18, 0x83, 0x10, 0x83, 0x10,
    0x83, 0x18, 0x83, 0x18, 0xa4, 0x18, 0xa4, 0x20, 0xa4, 0x20, 0xc4, 0x20, 0xc5, 0x28, 0xc5, 0x28,
    0xc5, 0x30, 0xc6, 0x30, 0xe7, 0x38, 0xe7, 0x38, 0x07, 0x41, 0x07, 0x41, 0x08, 0x41, 0x77, 0xba,
    0x3f, 0xfb, 0x1f, 0xfb, 0x1f, 0xfb, 0xfe, 0xfa, 0x6c, 0x61, 0x2a, 0x49, 0x2a, 0x51, 0x2a, 0x49,
    0x2a, 0x49, 0x2a, 0x49, 0x2a, 0x49, 0x2a, 0x49, 0x2a, 0x49, 0x2a, 0x49, 0x2a, 0x49, 0x2a, 0x49,
    0x4b, 0x59, 0xba, 0xd2, 0x1f, 0xfb, 0xff, 0xfa, 0xff, 0xfa, 0xfc, 0xda, 0x4b, 0x59, 0x08, 0x41,
    0x08, 0x41, 0xe7, 0x38, 0xe7, 0x38, 0xe7, 0x38, 0xe6, 0x30, 0xe6, 0x30, 0xc5, 0x30, 0xc5, 0x28,
    0xc5, 0x28, 0xc5, 0x28, 0xa5, 0x20, 0xa5, 0x20, 0xa5, 0x20, 0xa5, 0x20, 0xa5, 0x20, 0xa5, 0x20,
    0xa5, 0x20, 0xc5, 0x28, 0xc5, 0x28, 0xc5, 0x28, 0xc5, 0x28, 0xc5, 0x28, 0xc5, 0x28, 0xc5, 0x28,
    0xc5, 0x28, 0xc5, 0x28, 0xc5, 0x28, 0xc5, 0x28, 0xc5, 0x28, 0xc5, 0x28, 0xc5, 0x28, 0xc5, 0x28,
    0xc5, 0x28, 0xc5, 0x28, 0xc5, 0x28, 0xc5, 0x28, 0xc5, 0x28, 0xc5, 0x28, 0xc5, 0x28, 0xc5, 0x28,
    0xe5, 0x28, 0xe5, 0x28, 0xe5, 0x28, 0xe5, 0x28, 0xe5, 0x28, 0xe5, 0x28, 0xc5, 0x28, 0xc5, 0x28,
    0xc5, 0x28, 0xc5, 0x28, 0xc5, 0x28, 0xc5, 0x28, 0xc5, 0x28, 0xc5, 0x28, 0xc5, 0x28, 0xc5, 0x28,
    0xc5, 0x28, 0xc5, 0x28, 0xc5, 0x28, 0xc5, 0x28, 0xc5, 0x28, 0xc5, 0x28, 0xc5, 0x28, 0xc5, 0x28,
    0xc5, 0x28, 0xc5, 0x28, 0xc5, 0x28, 0xc5, 0x28, 0xc5, 0x28, 0xc5, 0x28, 0xc5, 0x28, 0xc5, 0x28,
    0xc5, 0x28, 0xc5, 0x28, 0xc5, 0x28, 0xc5, 0x28, 0xc5, 0x28, 0xc5, 0x28, 0xc5, 0x28, 0xc5, 0x28,
    0xc5, 0x28, 0xc5, 0x28, 0xc5, 0x28, 0xc5, 0x28, 0xc5, 0x28, 0xe5, 0x28, 0xe5, 0x28, 0xe5, 0x28,
    0xe5, 0x28, 0xe5, 0x28, 0xe5, 0x28, 0xe5, 0x28, 0xe5, 0x28, 0xe5, 0x28, 0xe5, 0x28, 0xe5, 0x28,
    0xc5, 0x30, 0xc5, 0x30, 0xc5, 0x30, 0xc5, 0x30, 0xc5, 0x30, 0xe6, 0x30, 0xe6, 0x30, 0xe6, 0x30,
    0xe6, 0x30, 0xe6, 0x30, 0xe7, 0x38, 0xe7, 0x38, 0xe7, 0x38, 0x07, 0x41, 0x08, 0x41, 0x08, 0x41,
    0xe7, 0x40, 0x08, 0x41, 0x09, 0x49, 0xaf, 0x81, 0x3e, 0xf3, 0x3f, 0xfb, 0xff, 0xfa, 0x1f, 0xfb,
    0xfc, 0xda, 0x6c, 0x61, 0x4a, 0x51, 0x2a, 0x51, 0x2a, 0x51, 0x2a, 0x51, 0x2a, 0x51, 0x2a, 0x51,
    0x2a, 0x51, 0x2a, 0x51, 0x4a, 0x49, 0x4a, 0x51, 0x2a, 0x51, 0x14, 0xa2, 0x5f, 0xfb, 0x1f, 0xfb,
    0x1f, 0xfb, 0x1f, 0xfb, 0xd1, 0x89, 0x2a, 0x51, 0x2a, 0x51, 0x2a, 0x49, 0x2a, 0x51, 0x4a, 0x49,
    0x2a, 0x51, 0x4a, 0x49, 0x2a, 0x49, 0x2a, 0x51, 0x4a, 0x49, 0x09, 0x51, 0x2a, 0x51, 0x78, 0xc2,
    0x5f, 0xfb, 0x1f, 0xfb, 0x5f, 0xfb, 0xfd, 0xe2, 0x4b, 0x59, 0x08, 0x41, 0x07, 0x41, 0xe7, 0x38,
    0xe7, 0x38, 0xc6, 0x30, 0xe6, 0x30, 0xe5, 0x28, 0xc5, 0x28, 0xa4, 0x28, 0xa4, 0x20, 0xa4, 0x20,
    0xa4, 0x20, 0xa3, 0x18, 0xa3, 0x18, 0x83, 0x10, 0x82, 0x10, 0x82, 0x18, 0x82, 0x10, 0x82, 0x10,
    0x82, 0x10, 0x82, 0x10, 0x82, 0x10, 0x61, 0x08, 0x82, 0x10, 0x82, 0x10, 0x82, 0x10, 0x82, 0x10,
    0x82, 0x10, 0x82, 0x10, 0x82, 0x10, 0x82, 0x10, 0x82, 0x10, 0x82, 0x10, 0x82, 0x10, 0x82, 0x10,
    0x82, 0x10, 0x82, 0x10, 0x82, 0x10, 0x82, 0x10, 0x82, 0x10, 0x82, 0x18, 0x83, 0x10, 0x83, 0x10,
    0x83, 0x18, 0x83, 0x18, 0xa4, 0x18, 0xa4, 0x20, 0xa4, 0x20, 0xc4, 0x20, 0xc5, 0x28, 0xc5, 0x28,
    0xc5, 0x30, 0xc6, 0x30, 0xe7, 0x38, 0xe7, 0x38, 0x07, 0x41, 0x07, 0x41, 0x08, 0x41, 0x77, 0xba,
    0x3f, 0xfb, 0x1f, 0xfb, 0x1f, 0xfb, 0xfe, 0xfa, 0x6c, 0x61, 0x2a, 0x49, 0x2a, 0x51, 0x2a, 0x49,
    0x2a, 0x49, 0x2a, 0x49, 0x2a, 0x49, 0x2a, 0x49, 0x2a, 0x49, 0x2a, 0x49, 0x2a, 0x49, 0x2a, 0x49,
    0x4b, 0x59, 0xba, 0xd2, 0x1f, 0xfb, 0xff, 0xfa, 0xff, 0xfa, 0xfc, 0xda, 0x4b, 0x59, 0x08, 0x41,
    0x08, 0x41, 0x07, 0x39, 0xe7, 0x38, 0xe7, 0x38, 0xe6, 0x30, 0xe6, 0x30, 0xc5, 0x30, 0xc5, 0x28,
    0xa5, 0x28, 0xa5, 0x28, 0xa5, 0x28, 0xc5, 0x28, 0xc5, 0x28, 0xc5, 0x28, 0xc5, 0x28, 0xc5, 0x28,
    0xc5, 0x28, 0xc5, 0x28, 0xc5, 0x28, 0xc5, 0x28, 0xc5, 0x28, 0xc5, 0x28, 0xc5, 0x28, 0xc5, 0x30,
    0xe5, 0x28, 0xe5, 0x28, 0xe5, 0x28, 0xe6, 0x30, 0xe6, 0x30, 0xe6, 0x30, 0xe6, 0x30, 0xe6, 0x30,
    0xe6, 0x30, 0xe6, 0x30, 0xe6, 0x30, 0xe6, 0x30, 0xe6, 0x30, 0xe6, 0x30, 0xe6, 0x30, 0xe6, 0x30,
    0xe6, 0x30, 0xe6, 0x30, 0xe6, 0x30, 0xe6, 0x30, 0xe6, 0x30, 0xe6, 0x30, 0xe6, 0x30, 0xc5, 0x30,
    0xe6, 0x30, 0xe6, 0x30, 0xe6, 0x30, 0xe6, 0x30, 0xe6, 0x30, 0xe6, 0x30, 0xe6, 0x30, 0xe6, 0x30,
    0xe6, 0x30, 0xe6, 0x30, 0xe6, 0x30, 0xe6, 0x30, 0xe6, 0x30, 0xe6, 0x30, 0xe6, 0x30, 0xe6, 0x30,
    0xe6, 0x30, 0xe6, 0x30, 0xe6, 0x30, 0xe6, 0x30, 0xe6, 0x30, 0xe6, 0x30, 0xe6, 0x30, 0xe6, 0x30,
    0xe6, 0x30, 0xe6, 0x30, 0xe6, 0x30, 0xe6, 0x30, 0xe6, 0x30, 0xe6, 0x30, 0xe6, 0x30, 0xe6, 0x30,
    0xe6, 0x30, 0xe6, 0x30, 0xe6, 0x30, 0xe6, 0x30, 0xe6, 0x30, 0xe6, 0x30, 0xe6, 0x30, 0xe6, 0x30,
    0xe6, 0x30, 0xe6, 0x30, 0xe6, 0x30, 0xe6, 0x30, 0xe6, 0x30, 0xe6, 0x30, 0xe6, 0x30, 0xe6, 0x30,
    0xe6, 0x30, 0xe6, 0x30, 0xe6, 0x30, 0xe6, 0x30, 0xe6, 0x30, 0xe6, 0x30, 0xe6, 0x30, 0xe6, 0x30,
    0xe7, 0x38, 0xe7, 0x38, 0xe7, 0x38, 0xe7, 0x38, 0x07, 0x41, 0x07, 0x41, 0x08, 0x41, 0x08, 0x41,
    0x08, 0x41, 0x29, 0x49, 0x09, 0x51, 0x99, 0xca, 0x1f, 0xfb, 0x5f, 0xfb, 0xff, 0xfa, 0x1f, 0xfb,
    0x34, 0xaa, 0x4a, 0x51, 0x4a, 0x51, 0x2a, 0x49, 0x29, 0x49, 0x4a, 0x49, 0x4a, 0x49, 0x4a, 0x49,
    0x4a, 0x49, 0x4a, 0x49, 0x2a, 0x51, 0x4a, 0x51, 0x0a, 0x51, 0x14, 0xa2, 0x5f, 0xfb, 0x1f, 0xfb,
    0x1f, 0xfb, 0x1f, 0xfb, 0xd1, 0x89, 0x2a, 0x51, 0x2a, 0x51, 0x2a, 0x49, 0x4a, 0x49, 0x4a, 0x49,
    0x4a, 0x49, 0x4a, 0x49, 0x2a, 0x49, 0x2a, 0x51, 0x4a, 0x49, 0x09, 0x51, 0x2a, 0x51, 0x78, 0xc2,
    0x5f, 0xfb, 0x1f, 0xfb, 0x5f, 0xfb, 0xfd, 0xe2, 0x4b, 0x59, 0x08, 0x41, 0x07, 0x41, 0xe7, 0x38,
    0xe7, 0x38, 0xc6, 0x30, 0xe6, 0x30, 0xe5, 0x28, 0xc5, 0x28, 0xa4, 0x28, 0xa4, 0x20, 0xa4, 0x20,
    0xa4, 0x20, 0xa3, 0x18, 0xa3, 0x18, 0x83, 0x10, 0x82, 0x10, 0x82, 0x18, 0x82, 0x10, 0x82, 0x10,
    0x82, 0x10, 0x82, 0x10, 0x82, 0x10, 0x61, 0x08, 0x82, 0x10, 0x82, 0x10, 0x82, 0x10, 0x82, 0x10,
    0x82, 0x10, 0x82, 0x10, 0x82, 0x10, 0x82, 0x10, 0x82, 0x10, 0x82, 0x10, 0x82, 0x10, 0x82, 0x10,
    0x82, 0x10, 0x82, 0x10, 0x82, 0x10, 0x82, 0x10, 0x82, 0x10, 0x82, 0x18, 0x83, 0x10, 0x83, 0x10,
    0x83, 0x18, 0x83, 0x18, 0xa4, 0x18, 0xa4, 0x20, 0xa4, 0x20, 0xc4, 0x20, 0xc5, 0x28, 0xc5, 0x28,
    0xc5, 0x30, 0xc6, 0x30, 0xe7, 0x38, 0xe7, 0x38, 0x07, 0x41, 0x07, 0x41, 0x08, 0x41, 0x77, 0xba,
    0x3f, 0xfb, 0x1f, 0xfb, 0x1f, 0xfb, 0xfe, 0xfa, 0x6c, 0x61, 0x2a, 0x49, 0x2a, 0x51, 0x2a, 0x49,
    0x2a, 0x49, 0x2a, 0x49, 0x2a, 0x49, 0x2a, 0x49, 0x2a, 0x49, 0x2a, 0x49, 0x2a, 0x49, 0x2a, 0x49,
    0x4b, 0x59, 0xba, 0xd2, 0x1f, 0xfb, 0xff, 0xfa, 0xff, 0xfa, 0xfc, 0xda, 0x4b, 0x59, 0x08, 0x41,
    0x08, 0x41, 0x07, 0x39, 0xe7, 0x38, 0xe7, 0x38, 0xe7, 0x38, 0xe6, 0x30, 0xe6, 0x30, 0xc5, 0x30,
    0xc5, 0x28, 0xa5, 0x28, 0xc5, 0x28, 0xc5, 0x28, 0xc5, 0x28, 0xc5, 0x28, 0xc5, 0x28, 0xc5, 0x28,
    0xc5, 0x28, 0xc5, 0x30, 0xe5, 0x28, 0xe5, 0x28, 0xc5, 0x30, 0xc5, 0x30, 0xc5, 0x30, 0xe6, 0x30,
    0xe6, 0x30, 0xe6, 0x30, 0xe6, 0x30, 0xe6, 0x30, 0xe6, 0x30, 0xe6, 0x30, 0xe6, 0x30, 0xe6, 0x30,
    0xe6, 0x30, 0xe6, 0x30, 0xe6, 0x30, 0xe6, 0x30, 0xe6, 0x30, 0xe6, 0x30, 0xe6, 0x30, 0xe6, 0x30,
    0xe6, 0x30, 0xe6, 0x30, 0xe6, 0x30, 0xe6, 0x30, 0xe6, 0x30, 0xe6, 0x30, 0xe6, 0x30, 0xe6, 0x30,
    0xe6, 0x30, 0xe6, 0x30, 0xe6, 0x30, 0xe6, 0x30, 0xe6, 0x30, 0xe6, 0x30, 0xe6, 0x30, 0xe6, 0x30,
    0xe6, 0x30, 0xe6, 0x30, 0xe6, 0x30, 0xe6, 0x30, 0xe6, 0x30, 0xe6, 0x30, 0xe6, 0x30, 0xe6, 0x30,
    0xe6, 0x30, 0xe6, 0x30, 0xe6, 0x30, 0xe6, 0x30, 0xe6, 0x30, 0xe6, 0x30, 0xe6, 0x30, 0xe6, 0x30,
    0xe6, 0x30, 0xe6, 0x30, 0xe6, 0x30, 0xe6, 0x30, 0xe6, 0x30, 0xe6, 0x30, 0xe6, 0x30, 0xe6, 0x30,
    0xe6, 0x30, 0xe6, 0x30, 0xe6, 0x30, 0xe6, 0x30, 0xe6, 0x30, 0xe6, 0x30, 0xe6, 0x30, 0xe6, 0x30,
    0xe6, 0x30, 0xe6, 0x30, 0xe6, 0x30, 0xe6, 0x30, 0xe6, 0x30, 0xe6, 0x30, 0xe6, 0x30, 0xe6, 0x30,
    0xc6, 0x30, 0xc6, 0x30, 0xe7, 0x38, 0xe7, 0x38, 0xe7, 0x38, 0xe7, 0x38, 0xe7, 0x38, 0xe7, 0x38,
    0xe7, 0x38, 0x07, 0x39, 0x07, 0x39, 0x07, 0x41, 0x08, 0x41, 0x08, 0x41, 0x08, 0x41, 0x28, 0x41,
    0x09, 0x49, 0x28, 0x49, 0xd0, 0x81, 0x1f, 0xfb, 0xff, 0xfa, 0x5f, 0xfb, 0x5f, 0xfb, 0xfd, 0xf2,
    0x8d, 0x69, 0x2a, 0x49, 0x09, 0x51, 0x2a, 0x49, 0x2a, 0x49, 0x2a, 0x49, 0x2a, 0x49, 0x4a, 0x49,
    0x4a, 0x49, 0x2a, 0x49, 0x2a, 0x51, 0x4a, 0x51, 0x2a, 0x51, 0x14, 0xa2, 0x3f, 0xfb, 0x1f, 0xfb,
    0xff, 0xfa, 0x1f, 0xfb, 0xd1, 0x89, 0x2a, 0x49, 0x2a, 0x51, 0x4a, 0x49, 0x4a, 0x49, 0x4a, 0x49,
    0x4a, 0x49, 0x2a, 0x49, 0x2a, 0x49, 0x2a, 0x51, 0x4a, 0x49, 0x09, 0x51, 0x2a, 0x51, 0x78, 0xc2,
    0x5f, 0xfb, 0x1f, 0xfb, 0x5f, 0xfb, 0xfd, 0xe2, 0x4b, 0x59, 0x08, 0x41, 0x07, 0x41, 0xe7, 0x38,
    0xe7, 0x38, 0xc6, 0x30, 0xe6, 0x30, 0xe5, 0x28, 0xc5, 0x28, 0xa4, 0x28, 0xa4, 0x20, 0xa4, 0x20,
    0xa4, 0x20, 0xa3, 0x18, 0xa3, 0x18, 0x83, 0x10, 0x82, 0x10, 0x82, 0x18, 0x82, 0x10, 0x82, 0x10,
    0x82, 0x10, 0x82, 0x10, 0x82, 0x10, 0x61, 0x08, 0x82, 0x10, 0x82, 0x10, 0x82, 0x10, 0x82, 0x10,
    0x82, 0x10, 0x82, 0x10, 0x82, 0x10, 0x82, 0x10, 0x82, 0x10, 0x82, 0x10, 0x82, 0x10, 0x82, 0x10,
    0x82, 0x10, 0x82, 0x10, 0x82, 0x10, 0x82, 0x10, 0x82, 0x10, 0x82, 0x18, 0x83, 0x10, 0x83, 0x10,
    0x83, 0x18, 0x83, 0x18, 0xa4, 0x18, 0xa4, 0x20, 0xa4, 0x20, 0xc4, 0x20, 0xc5, 0x28, 0xc5, 0x28,
    0xc5, 0x30, 0xc6, 0x30, 0xe7, 0x38, 0xe7, 0x38, 0x07, 0x41, 0x07, 0x41, 0x08, 0x41, 0x77, 0xba,
    0x3f, 0xfb, 0x1f, 0xfb, 0x1f, 0xfb, 0xfe, 0xfa, 0x6c, 0x61, 0x2a, 0x49, 0x2a, 0x51, 0x2a, 0x49,
    0x2a, 0x49, 0x2a, 0x49, 0x2a, 0x49, 0x2a, 0x49, 0x2a, 0x49, 0x2a, 0x49, 0x2a, 0x49, 0x2a, 0x49,
    0x4b, 0x59, 0xba, 0xd2, 0x1f, 0xfb, 0xff, 0xfa, 0xff, 0xfa, 0xfc, 0xda, 0x4b, 0x59, 0x08, 0x41,
    0x08, 0x41, 0x07, 0x41, 0x07, 0x39, 0xe7, 0x38, 0xe7, 0x38, 0xe6, 0x30, 0xe6, 0x30, 0xe6, 0x30,
    0xc5, 0x30, 0xc5, 0x30, 0xc5, 0x30, 0xc5, 0x30, 0xe5, 0x28, 0xe5, 0x28, 0xe5, 0x28, 0xe5, 0x28,
    0xe5, 0x28, 0xe5, 0x28, 0xe6, 0x30, 0xe6, 0x30, 0xe6, 0x30, 0xe6, 0x30, 0xe6, 0x30, 0xc6, 0x30,
    0xc6, 0x30, 0xc6, 0x30, 0xc6, 0x30, 0xe7, 0x38, 0xe7, 0x38, 0xe6, 0x30, 0xe7, 0x38, 0xe7, 0x38,
    0xe7, 0x38, 0xe7, 0x38, 0xe7, 0x38, 0xe7, 0x38, 0xe7, 0x38, 0xe7, 0x38, 0xe7, 0x38, 0xe7, 0x38,
    0xe7, 0x38, 0xe7, 0x38, 0xe7, 0x38, 0xe7, 0x38, 0xe7, 0x38, 0xe7, 0x38, 0xe7, 0x38, 0xe7, 0x38,
    0xe7, 0x38, 0xe7, 0x38, 0xe7, 0x38, 0xe7, 0x38, 0xe7, 0x38, 0xe7, 0x38, 0xe7, 0x38, 0xe7, 0x38,
    0xe7, 0x38, 0xe7, 0x38, 0xe7, 0x38, 0xe7, 0x38, 0xe7, 0x38, 0xe7, 0x38, 0xe7, 0x38, 0xe7, 0x38,
    0xe7, 0x38, 0xe7, 0x38, 0xe7, 0x38, 0xe7, 0x38, 0xe7, 0x38, 0xe7, 0x38, 0xe7, 0x38, 0xe7, 0x38,
    0xe7, 0x38, 0xe7, 0x38, 0xe7, 0x38, 0xe7, 0x38, 0xe7, 0x38, 0xe7, 0x38, 0xe7, 0x38, 0xe7, 0x38,
    0xe7, 0x38, 0xe7, 0x38, 0xe7, 0x38, 0xe7, 0x38, 0xe7, 0x38, 0xe7, 0x38, 0xe7, 0x38, 0xe7, 0x38,
    0xe7, 0x38, 0xe7, 0x38, 0xe7, 0x38, 0xe7, 0x38, 0xe7, 0x38, 0xe7, 0x38, 0xe7, 0x38, 0xe7, 0x38,
    0xe7, 0x38, 0xe7, 0x38, 0xe7, 0x38, 0xe7, 0x38, 0xe7, 0x38, 0xe7, 0x38, 0x07, 0x39, 0x07, 0x41,
    0x08, 0x41, 0x08, 0x41, 0x08, 0x41, 0xe7, 0x40, 0x08, 0x41, 0x08, 0x41, 0x28, 0x41, 0x09, 0x49,
    0x29, 0x49, 0x4a, 0x51, 0x99, 0xca, 0x3f, 0xfb, 0x3f, 0xfb, 0x1f, 0xfb, 0x1f, 0xfb, 0x35, 0xa2,
    0x09, 0x51, 0x29, 0x49, 0x29, 0x49, 0x0a, 0x49, 0x2a, 0x49, 0x0a, 0x49, 0x2a, 0x49, 0x2a, 0x49,
    0x2a, 0x49, 0x2a, 0x49, 0x09, 0x51, 0x2a, 0x51, 0x2a, 0x51, 0x13, 0xa2, 0x3f, 0xfb, 0x1f, 0xfb,
    0x1f, 0xfb, 0x1f, 0xfb, 0xd1, 0x89, 0x2a, 0x51, 0x2a, 0x51, 0x4a, 0x49, 0x4a, 0x49, 0x4a, 0x49,
    0x4a, 0x49, 0x2a, 0x49, 0x2a, 0x49, 0x2a, 0x51, 0x4a, 0x49, 0x09, 0x51, 0x2a, 0x51, 0x78, 0xc2,
    0x5f, 0xfb, 0x1f, 0xfb, 0x5f, 0xfb, 0xfd, 0xe2, 0x4b, 0x59, 0x08, 0x41, 0x07, 0x41, 0xe7, 0x38,
    0xe7, 0x38, 0xc6, 0x30, 0xe6, 0x30, 0xe5, 0x28, 0xc5, 0x28, 0xa4, 0x28, 0xa4, 0x20, 0xa4, 0x20,
    0xa4, 0x20, 0xa3, 0x18, 0xa3, 0x18, 0x83, 0x10, 0x82, 0x10, 0x82, 0x18, 0x82, 0x10, 0x82, 0x10,
    0x82, 0x10, 0x82, 0x10, 0x82, 0x10, 0x61, 0x08, 0x82, 0x10, 0x82, 0x10, 0x82, 0x10, 0x82, 0x10,
    0x82, 0x10, 0x82, 0x10, 0x82, 0x10, 0x82, 0x10, 0x82, 0x10, 0x82, 0x10, 0x82, 0x10, 0x82, 0x10,
    0x82, 0x10, 0x82, 0x10, 0x82, 0x10, 0x82, 0x10, 0x82, 0x10, 0x82, 0x18, 0x83, 0x10, 0x83, 0x10,
    0x83, 0x18, 0x83, 0x18, 0xa4, 0x18, 0xa4, 0x20, 0xa4, 0x20, 0xc4, 0x20, 0xc5, 0x28, 0xc5, 0x28,
    0xc5, 0x30, 0xc6, 0x30, 0xe7, 0x38, 0xe7, 0x38, 0x07, 0x41, 0x07, 0x41, 0x08, 0x41, 0x77, 0xba,
    0x3f, 0xfb, 0x1f, 0xfb, 0x1f, 0xfb, 0xfe, 0xfa, 0x6c, 0x61, 0x2a, 0x49, 0x2a, 0x51, 0x2a, 0x49,
    0x2a, 0x49, 0x2a, 0x49, 0x2a, 0x49, 0x2a, 0x49, 0x2a, 0x49, 0x2a, 0x49, 0x2a, 0x49, 0x2a, 0x49,
    0x4b, 0x59, 0xba, 0xd2, 0x1f, 0xfb, 0xff, 0xfa, 0xff, 0xfa, 0xfc, 0xda, 0x4b, 0x59, 0x08, 0x41,
    0x08, 0x41, 0x07, 0x39, 0x07, 0x39, 0xe7, 0x38, 0xe7, 0x38, 0xc6, 0x30, 0xe6, 0x30, 0xc5, 0x30,
    0xc5, 0x30, 0xc5, 0x30, 0xc5, 0x30, 0xc5, 0x30, 0xe6, 0x30, 0xe6, 0x30, 0xe6, 0x30, 0xe6, 0x30,
    0xe6, 0x30, 0xe6, 0x30, 0xe6, 0x30, 0xe6, 0x30, 0xe6, 0x30, 0xe7, 0x38, 0xe7, 0x38, 0xe7, 0x38,
    0xe7, 0x38, 0xe7, 0x38, 0xe7, 0x38, 0xe7, 0x38, 0xe7, 0x38, 0xe7, 0x38, 0xe7, 0x38, 0xe7, 0x38,
    0xe7, 0x38, 0xe7, 0x38, 0xe7, 0x38, 0xe7, 0x38, 0xe7, 0x38, 0xe7, 0x38, 0xe7, 0x38, 0xe7, 0x38,
    0xe7, 0x38, 0xe7, 0x38, 0xe7, 0x38, 0xe7, 0x38, 0xe7, 0x38, 0xe7, 0x38, 0xe7, 0x38, 0xe7, 0x38,
    0xe7, 0x38, 0xe7, 0x38, 0xe7, 0x38, 0xe7, 0x38, 0xe7, 0x38, 0xe7, 0x38, 0xe7, 0x38, 0xe7, 0x38,
    0xe7, 0x38, 0xe7, 0x38, 0xe7, 0x38, 0xe7, 0x38, 0xe7, 0x38, 0xe7, 0x38, 0xe7, 0x38, 0xe7, 0x38,
    0xe7, 0x38, 0xe7, 0x38, 0xe7, 0x38, 0xe7, 0x38, 0xe7, 0x38, 0xe7, 0x38, 0xe7, 0x38, 0xe7, 0x38,
    0xe7, 0x38, 0xe7, 0x38, 0xe7, 0x38, 0xe7, 0x38, 0xe7, 0x38, 0xe7, 0x38, 0xe7, 0x38, 0xe7, 0x38,
    0xe7, 0x38, 0xe7, 0x38, 0xe7, 0x38, 0xe7, 0x38, 0xe7, 0x38, 0xe7, 0x38, 0xe7, 0x38, 0xe7, 0x38,
    0xe7, 0x38, 0xe7, 0x38, 0xe7, 0x38, 0xe7, 0x38, 0xe7, 0x38, 0xe7, 0x38, 0xe7, 0x38, 0xe7, 0x38,
    0xe7, 0x38, 0xe8, 0x38, 0xe8, 0x38, 0xe7, 0x38, 0xe7, 0x38, 0xe7, 0x38, 0x08, 0x41, 0x08, 0x41,
    0x08, 0x41, 0x08, 0x41, 0x08, 0x41, 0x08, 0x41, 0x08, 0x49, 0x08, 0x49, 0x09, 0x49, 0x29, 0x49,
    0x29, 0x49, 0xb0, 0x79, 0x1e, 0xf3, 0x5f, 0xfb, 0x1f, 0xfb, 0x3f, 0xfb, 0xfc, 0xda, 0x4c, 0x61,
    0x28, 0x49, 0x29, 0x49, 0x29, 0x49, 0x09, 0x51, 0x29, 0x49, 0x29, 0x49, 0x29, 0x49, 0x29, 0x49,
    0x29, 0x49, 0x29, 0x49, 0x29, 0x49, 0x2a, 0x51, 0x0a, 0x49, 0x13, 0xa2, 0x3f, 0xfb, 0x1f, 0xfb,
    0x1f, 0xfb, 0x1f, 0xfb, 0xd1, 0x89, 0x2a, 0x51, 0x2a, 0x51, 0x4a, 0x49, 0x4a, 0x49, 0x4a, 0x49,
    0x4a, 0x49, 0x2a, 0x49, 0x2a, 0x49, 0x2a, 0x51, 0x4a, 0x49, 0x09, 0x51, 0x2a, 0x51, 0x78, 0xc2,
    0x5f, 0xfb, 0x1f, 0xfb, 0x5f, 0xfb, 0xfd, 0xe2, 0x4b, 0x59, 0x08, 0x41, 0x07, 0x41, 0xe7, 0x38,
    0xe7, 0x38, 0xc6, 0x30, 0xe6, 0x30, 0xe5, 0x28, 0xc5, 0x28, 0xa4, 0x28, 0xa4, 0x20, 0xa4, 0x20,
    0xa4, 0x20, 0xa3, 0x18, 0xa3, 0x18, 0x83, 0x10, 0x82, 0x10, 0x82, 0x18, 0x82, 0x10, 0x82, 0x10,
    0x82, 0x10, 0x82, 0x10, 0x82, 0x10, 0x61, 0x08, 0x82, 0x10, 0x82, 0x10, 0x82, 0x10, 0x82, 0x10,
    0x82, 0x10, 0x82, 0x10, 0x82, 0x10, 0x82, 0x10, 0x82, 0x10, 0x82, 0x10, 0x82, 0x10, 0x82, 0x10,
    0x82, 0x10, 0x82, 0x10, 0x82, 0x10, 0x82, 0x10, 0x82, 0x10, 0x82, 0x18, 0x83, 0x10, 0x83, 0x10,
    0x83, 0x18, 0x83, 0x18, 0xa4, 0x18, 0xa4, 0x20, 0xa4, 0x20, 0xc4, 0x20, 0xc5, 0x28, 0xc5, 0x28,
    0xc5, 0x30, 0xc6, 0x30, 0xe7, 0x38, 0xe7, 0x38, 0x07, 0x41, 0x07, 0x41, 0x08, 0x41, 0x77, 0xba,
    0x3f, 0xfb, 0x1f, 0xfb, 0x1f, 0xfb, 0xfe, 0xfa, 0x6c, 0x61, 0x2a, 0x49, 0x2a, 0x51, 0x2a, 0x49,
    0x2a, 0x49, 0x2a, 0x49, 0x2a, 0x49, 0x2a, 0x49, 0x2a, 0x49, 0x2a, 0x49, 0x2a, 0x49, 0x2a, 0x51,
    0x4b, 0x59, 0xba, 0xd2, 0x1f, 0xfb, 0xff, 0xfa, 0xff, 0xfa, 0xdb, 0xda, 0x4b, 0x59, 0x08, 0x41,
    0x08, 0x41, 0x08, 0x41, 0x07, 0x39, 0x07, 0x39, 0xe7, 0x38, 0xe7, 0x38, 0xc6, 0x30, 0xc6, 0x30,
    0xc6, 0x30, 0xc6, 0x30, 0xe6, 0x30, 0xe6, 0x30, 0xe6, 0x30, 0xe6, 0x30, 0xe6, 0x30, 0xe6, 0x30,
    0xe6, 0x30, 0xe6, 0x38, 0xe7, 0x38, 0xe7, 0x38, 0xe7, 0x38, 0xe7, 0x38, 0xe7, 0x38, 0x07, 0x39,
    0x07, 0x39, 0x07, 0x39, 0x07, 0x39, 0x07, 0x39, 0x07, 0x39, 0x07, 0x39, 0x07, 0x39, 0x07, 0x39,
    0x07, 0x39, 0x07, 0x39, 0x07, 0x39, 0x07, 0x39, 0x07, 0x39, 0x07, 0x39, 0x07, 0x39, 0x07, 0x39,
    0xe7, 0x38, 0xe7, 0x38, 0xe7, 0x38, 0xe7, 0x38, 0xe7, 0x38, 0xe7, 0x38, 0x07, 0x39, 0x07, 0x39,
    0x07, 0x39, 0x07, 0x39, 0x07, 0x39, 0x07, 0x39, 0x07, 0x39, 0x07, 0x39, 0x07, 0x39, 0x07, 0x39,
    0x07, 0x39, 0x07, 0x39, 0x07, 0x39, 0x07, 0x39, 0x07, 0x39, 0x07, 0x39, 0x07, 0x39, 0x07, 0x39,
    0x07, 0x39, 0x07, 0x39, 0x07, 0x39, 0x07, 0x39, 0x07, 0x39, 0x07, 0x39, 0x07, 0x39, 0x07, 0x39,
    0x07, 0x39, 0x07, 0x39, 0x07, 0x39, 0x07, 0x39, 0x07, 0x39, 0x07, 0x39, 0x07, 0x39, 0x07, 0x39,
    0x07, 0x39, 0x07, 0x39, 0x07, 0x39, 0x07, 0x39, 0x07, 0x39, 0xe7, 0x38, 0xe7, 0x38, 0xe7, 0x38,
    0xe7, 0x38, 0xe7, 0x38, 0xe7, 0x38, 0xe7, 0x38, 0xe7, 0x38, 0xe7, 0x38, 0xe7, 0x38, 0xe7, 0x38,
    0xe8, 0x38, 0x07, 0x41, 0x07, 0x41, 0x07, 0x41, 0x08, 0x41, 0x08, 0x41, 0x08, 0x41, 0x08, 0x41,
    0x08, 0x41, 0x08, 0x41, 0x28, 0x41, 0x09, 0x49, 0x09, 0x49, 0x29, 0x49, 0x09, 0x49, 0x28, 0x49,
    0x29, 0x41, 0x78, 0xc2, 0x3f, 0xfb, 0x1f, 0xfb, 0x5f, 0xfb, 0x3f, 0xfb, 0x14, 0xa2, 0x09, 0x51,
    0x28, 0x49, 0x09, 0x49, 0x09, 0x49, 0x08, 0x49, 0x09, 0x49, 0x29, 0x49, 0x29, 0x49, 0x29, 0x49,
    0x29, 0x49, 0x29, 0x49, 0x29, 0x49, 0x2a, 0x49, 0x0a, 0x49, 0x13, 0xa2, 0x3f, 0xfb, 0x5f, 0xfb,
    0x1f, 0xfb, 0x1f, 0xfb, 0xd1, 0x89, 0x2a, 0x51, 0x2a, 0x51, 0x4a, 0x49, 0x4a, 0x49, 0x2a, 0x49,
    0x2a, 0x49, 0x2a, 0x49, 0x2a, 0x49, 0x2a, 0x51, 0x4a, 0x49, 0x09, 0x51, 0x2a, 0x51, 0x78, 0xc2,
    0x5f, 0xfb, 0x1f, 0xfb, 0x5f, 0xfb, 0xfd, 0xe2, 0x4b, 0x59, 0x08, 0x41, 0x07, 0x41, 0xe7, 0x38,
    0xe7, 0x38, 0xc6, 0x30, 0xe6, 0x30, 0xe5, 0x28, 0xc5, 0x28, 0xa4, 0x28, 0xa4, 0x20, 0xa4, 0x20,
    0xa4, 0x20, 0xa3, 0x18, 0xa3, 0x18, 0x83, 0x10, 0x82, 0x10, 0x82, 0x18, 0x82, 0x10, 0x82, 0x10,
    0x82, 0x10, 0x82, 0x10, 0x82, 0x10, 0x61, 0x08, 0x82, 0x10, 0x82, 0x10, 0x82, 0x10, 0x82, 0x10,
    0x82, 0x10, 0x82, 0x10, 0x82, 0x10, 0x82, 0x10, 0x82, 0x10, 0x82, 0x10, 0x82, 0x10, 0x82, 0x10,
    0x82, 0x10, 0x82, 0x10, 0x82, 0x10, 0x82, 0x10, 0x82, 0x10, 0x82, 0x18, 0x83, 0x10, 0x83, 0x10,
    0x83, 0x18, 0x83, 0x18, 0xa4, 0x18, 0xa4, 0x20, 0xa4, 0x20, 0xc4, 0x20, 0xc5, 0x28, 0xc5, 0x28,
    0xc5, 0x30, 0xc6, 0x30, 0xe7, 0x38, 0xe7, 0x38, 0x07, 0x41, 0x07, 0x41, 0x08, 0x41, 0x77, 0xba,
    0x3f, 0xfb, 0x1f, 0xfb, 0x1f, 0xfb, 0xfe, 0xfa, 0x6c, 0x61, 0x2a, 0x49, 0x2a, 0x51, 0x2a, 0x49,
    0x2a, 0x49, 0x2a, 0x49, 0x2a, 0x49, 0x2a, 0x49, 0x2a, 0x49, 0x2a, 0x49, 0x2a, 0x49, 0x2a, 0x51,
    0x6b, 0x61, 0xba, 0xd2, 0x1f, 0xfb, 0xff, 0xfa, 0xff, 0xfa, 0xdb, 0xda, 0x4b, 0x59, 0x28, 0x41,
    0x08, 0x41, 0x08, 0x41, 0x07, 0x41, 0xe7, 0x38, 0x07, 0x39, 0xe7, 0x38, 0xe7, 0x38, 0xc6, 0x30,
    0xc6, 0x30, 0xc6, 0x30, 0xc6, 0x30, 0xc6, 0x30, 0xe6, 0x30, 0xe6, 0x38, 0x07, 0x39, 0xe6, 0x38,
    0xe7, 0x38, 0xe6, 0x30, 0x08, 0x41, 0xe7, 0x38, 0x08, 0x41, 0x08, 0x41, 0x08, 0x41, 0x08, 0x41,
    0xe8, 0x40, 0xe8, 0x40, 0xe8, 0x40, 0xe8, 0x40, 0xe8, 0x40, 0xe8, 0x40, 0xe8, 0x40, 0xe8, 0x40,
    0xe8, 0x40, 0xe8, 0x40, 0xe8, 0x40, 0xe8, 0x40, 0xe8, 0x40, 0xe8, 0x40, 0xe8, 0x40, 0xe8, 0x40,
    0x08, 0x41, 0x08, 0x41, 0x08, 0x41, 0x08, 0x41, 0x08, 0x41, 0x08, 0x41, 0x08, 0x41, 0xe8, 0x40,
    0xe8, 0x40, 0xe8, 0x40, 0xe8, 0x40, 0xe8, 0x40, 0xe8, 0x40, 0xe8, 0x40, 0xe8, 0x40, 0xe8, 0x40,
    0xe8, 0x40, 0xe8, 0x40, 0xe8, 0x40, 0xe8, 0x40, 0xe8, 0x40, 0xe8, 0x40, 0xe8, 0x40, 0xe8, 0x40,
    0xe8, 0x40, 0xe8, 0x40, 0xe8, 0x40, 0xe8, 0x40, 0xe8, 0x40, 0xe8, 0x40, 0xe8, 0x40, 0xe8, 0x40,
    0xe8, 0x40, 0xe8, 0x40, 0xe8, 0x40, 0xe8, 0x40, 0xe8, 0x40, 0xe8, 0x40, 0xe8, 0x40, 0xe8, 0x40,
    0xe8, 0x40, 0xe8, 0x40, 0xe8, 0x40, 0xe8, 0x40, 0xe8, 0x40, 0x08, 0x41, 0x08, 0x41, 0x08, 0x41,
    0x08, 0x41, 0x08, 0x41, 0x08, 0x41, 0x08, 0x41, 0x08, 0x41, 0xe8, 0x40, 0xe8, 0x40, 0xe8, 0x40,
    0xe8, 0x40, 0xe8, 0x40, 0xe8, 0x40, 0xe8, 0x40, 0xe8, 0x40, 0xe8, 0x40, 0xe8, 0x40, 0x08, 0x41,
    0x08, 0x41, 0x09, 0x49, 0x28, 0x41, 0x08, 0x41, 0x28, 0x49, 0x08, 0x49, 0x29, 0x49, 0x29, 0x49,
    0x8e, 0x71, 0x1e, 0xf3, 0x3f, 0xfb, 0x5f, 0xfb, 0x5f, 0xfb, 0xfd, 0xe2, 0x8e, 0x71, 0x09, 0x49,
    0x09, 0x49, 0x09, 0x49, 0x08, 0x41, 0x09, 0x49, 0x09, 0x49, 0x09, 0x49, 0x09, 0x49, 0x29, 0x49,
    0x29, 0x49, 0x29, 0x49, 0x29, 0x49, 0x2a, 0x49, 0x29, 0x49, 0x14, 0xa2, 0x1f, 0xfb, 0x5f, 0xfb,
    0x1f, 0xfb, 0x1f, 0xfb, 0xd1, 0x89, 0x2a, 0x51, 0x4a, 0x49, 0x4a, 0x49, 0x2a, 0x49, 0x2a, 0x49,
    0x2a, 0x49, 0x2a, 0x49, 0x2a, 0x49, 0x2a, 0x51, 0x4a, 0x49, 0x09, 0x51, 0x2a, 0x51, 0x78, 0xc2,
    0x5f, 0xfb, 0x1f, 0xfb, 0x5f, 0xfb, 0xfd, 0xe2, 0x4b, 0x59, 0x08, 0x41, 0x07, 0x41, 0xe7, 0x38,
    0xe7, 0x38, 0xc6, 0x30, 0xe6, 0x30, 0xe5, 0x28, 0xc5, 0x28, 0xa4, 0x28, 0xa4, 0x20, 0xa4, 0x20,
    0xa4, 0x20, 0xa3, 0x18, 0xa3, 0x18, 0x83, 0x10, 0x82, 0x10, 0x82, 0x18, 0x82, 0x10, 0x82, 0x10,
    0x82, 0x10, 0x82, 0x10, 0x82, 0x10, 0x61, 0x08, 0x82, 0x10, 0x82, 0x10, 0x82, 0x10, 0x82, 0x10,
    0x82, 0x10, 0x82, 0x10, 0x82, 0x10, 0x82, 0x10, 0x82, 0x10, 0x82, 0x10, 0x82, 0x10, 0x82, 0x10,
    0x82, 0x10, 0x82, 0x10, 0x82, 0x10, 0x82, 0x10, 0x82, 0x10, 0x82, 0x18, 0x83, 0x10, 0x83, 0x10,
    0x83, 0x18, 0x83, 0x18, 0xa4, 0x18, 0xa4, 0x20, 0xa4, 0x20, 0xc4, 0x20, 0xc5, 0x28, 0xc5, 0x28,
    0xc5, 0x30, 0xc6, 0x30, 0xe7, 0x38, 0xe7, 0x38, 0x07, 0x41, 0x07, 0x41, 0x08, 0x41, 0x77, 0xba,
    0x3f, 0xfb, 0x1f, 0xfb, 0x1f, 0xfb, 0xfe, 0xfa, 0x6c, 0x61, 0x2a, 0x49, 0x2a, 0x51, 0x2a, 0x49,
    0x2a, 0x49, 0x2a, 0x49, 0x2a, 0x49, 0x2a, 0x49, 0x2a, 0x49, 0x2a, 0x49, 0x2a, 0x49, 0x2a, 0x51,
    0x6b, 0x61, 0xba, 0xd2, 0x1f, 0xfb, 0xff, 0xfa, 0xff, 0xfa, 0xdb, 0xda, 0x4b, 0x59, 0x28, 0x41,
    0x08, 0x41, 0x08, 0x41, 0x08, 0x41, 0x07, 0x39, 0xe7, 0x38, 0xe7, 0x38, 0xe7, 0x38, 0xe6, 0x30,
    0xe7, 0x38, 0xe6, 0x30, 0xe6, 0x30, 0xe6, 0x30, 0xe6, 0x30, 0xe8, 0x38, 0xe6, 0x38, 0xe6, 0x38,
    0x07, 0x39, 0x6c, 0x59, 0xb0, 0x79, 0xd0, 0x81, 0xaf, 0x81, 0xaf, 0x81, 0xb0, 0x79, 0xaf, 0x81,
    0xaf, 0x81, 0xaf, 0x81, 0xaf, 0x81, 0xaf, 0x81, 0xaf, 0x81, 0xaf, 0x81, 0xaf, 0x81, 0xaf, 0x81,
    0xaf, 0x81, 0xaf, 0x81, 0xaf, 0x81, 0xaf, 0x81, 0xaf, 0x81, 0xaf, 0x81, 0xaf, 0x81, 0xaf, 0x81,
    0xaf, 0x81, 0xaf, 0x81, 0xaf, 0x81, 0xaf, 0x81, 0xaf, 0x81, 0xaf, 0x81, 0xaf, 0x81, 0xaf, 0x81,
    0xaf, 0x81, 0xaf, 0x81, 0xaf, 0x81, 0xaf, 0x81, 0xaf, 0x81, 0xaf, 0x81, 0xaf, 0x81, 0xaf, 0x81,
    0xaf, 0x81, 0xaf, 0x81, 0xaf, 0x81, 0xaf, 0x81, 0xaf, 0x81, 0xaf, 0x81, 0xaf, 0x81, 0xaf, 0x81,
    0xaf, 0x81, 0xaf, 0x81, 0xaf, 0x81, 0xaf, 0x81, 0xaf, 0x81, 0xaf, 0x81, 0xaf, 0x81, 0xaf, 0x81,
    0xaf, 0x81, 0xaf, 0x81, 0xaf, 0x81, 0xaf, 0x81, 0xaf, 0x81, 0xaf, 0x81, 0xaf, 0x81, 0xaf, 0x81,
    0xaf, 0x81, 0xaf, 0x81, 0xaf, 0x81, 0xaf, 0x81, 0xaf, 0x81, 0xaf, 0x81, 0xaf, 0x81, 0xaf, 0x81,
    0xaf, 0x81, 0xaf, 0x81, 0xaf, 0x81, 0xaf, 0x81, 0xaf, 0x81, 0xaf, 0x81, 0xaf, 0x81, 0xaf, 0x81,
    0xb0, 0x79, 0xb0, 0x79, 0xb0, 0x79, 0xb0, 0x79, 0xb0, 0x79, 0xaf, 0x81, 0xb0, 0x79, 0xb0, 0x79,
    0xaf, 0x81, 0xaf, 0x81, 0xaf, 0x81, 0xd0, 0x81, 0xd0, 0x81, 0xd0, 0x81, 0xb0, 0x89, 0xd0, 0x81,
    0x99, 0xc2, 0x5f, 0xfb, 0x5f, 0xfb, 0x1f, 0xfb, 0x5f, 0xfb, 0x56, 0xb2, 0x09, 0x49, 0x28, 0x41,
    0x28, 0x41, 0x28, 0x41, 0x28, 0x41, 0x28, 0x41, 0x08, 0x41, 0x08, 0x41, 0x09, 0x49, 0x09, 0x49,
    0x09, 0x49, 0x29, 0x49, 0x29, 0x49, 0x2a, 0x49, 0x29, 0x49, 0x14, 0xa2, 0x5f, 0xfb, 0x5f, 0xfb,
    0x1f, 0xfb, 0x1f, 0xfb, 0xd1, 0x89, 0x2a, 0x51, 0x4a, 0x49, 0x4a, 0x49, 0x2a, 0x49, 0x2a, 0x49,
    0x2a, 0x49, 0x2a, 0x49, 0x2a, 0x49, 0x2a, 0x51, 0x4a, 0x49, 0x09, 0x51, 0x2a, 0x51, 0x78, 0xc2,
    0x5f, 0xfb, 0x1f, 0xfb, 0x5f, 0xfb, 0xfd, 0xe2, 0x4b, 0x59, 0x08, 0x41, 0x07, 0x41, 0xe7, 0x38,
    0xe7, 0x38, 0xc6, 0x30, 0xe6, 0x30, 0xe5, 0x28, 0xc5, 0x28, 0xa4, 0x28, 0xa4, 0x20, 0xa4, 0x20,
    0xa4, 0x20, 0xa3, 0x18, 0xa3, 0x18, 0x83, 0x10, 0x82, 0x10, 0x82, 0x18, 0x82, 0x10, 0x82, 0x10,
    0x82, 0x10, 0x82, 0x10, 0x82, 0x10, 0x61, 0x08, 0x82, 0x10, 0x82, 0x10, 0x82, 0x10, 0x82, 0x10,
    0x82, 0x10, 0x82, 0x10, 0x82, 0x10, 0x82, 0x10, 0x82, 0x10, 0x82, 0x10, 0x82, 0x10, 0x82, 0x10,
    0x82, 0x10, 0x82, 0x10, 0x82, 0x10, 0x82, 0x10, 0x82, 0x10, 0x82, 0x18, 0x83, 0x10, 0x83, 0x10,
    0x83, 0x18, 0x83, 0x18, 0xa4, 0x18, 0xa4, 0x20, 0xa4, 0x20, 0xc4, 0x20, 0xc5, 0x28, 0xc5, 0x28,
    0xc5, 0x30, 0xc6, 0x30, 0xe7, 0x38, 0xe7, 0x38, 0x07, 0x41, 0x07, 0x41, 0x08, 0x41, 0x77, 0xba,
    0x3f, 0xfb, 0x1f, 0xfb, 0x1f, 0xfb, 0xfe, 0xfa, 0x6c, 0x61, 0x2a, 0x49, 0x2a, 0x51, 0x2a, 0x49,
    0x2a, 0x49, 0x2a, 0x49, 0x2a, 0x49, 0x2a, 0x49, 0x2a, 0x49, 0x2a, 0x49, 0x2a, 0x49, 0x2a, 0x51,
    0x6b, 0x61, 0xba, 0xd2, 0x1f, 0xfb, 0xff, 0xfa, 0xff, 0xfa, 0xdb, 0xda, 0x4b, 0x59, 0x28, 0x41,
    0x28, 0x41, 0x08, 0x41, 0x08, 0x41, 0x08, 0x41, 0xe7, 0x38, 0x07, 0x39, 0xe7, 0x38, 0xe7, 0x38,
    0x07, 0x39, 0xe7, 0x38, 0xe7, 0x38, 0xe7, 0x38, 0xe7, 0x38, 0x07, 0x39, 0xe6, 0x38, 0x08, 0x41,
    0x8e, 0x71, 0xfc, 0xda, 0x1f, 0xfb, 0x3f, 0xfb, 0x1f, 0xfb, 0x1f, 0xfb, 0x1f, 0xfb, 0xfe, 0xfa,
    0xfe, 0xfa, 0xfe, 0xfa, 0xfe, 0xfa, 0xfe, 0xfa, 0xfe, 0xfa, 0xfe, 0xfa, 0xfe, 0xfa, 0xfe, 0xfa,
    0xfe, 0xfa, 0xfe, 0xfa, 0x1f, 0xfb, 0x1f, 0xfb, 0x1f, 0xfb, 0x1f, 0xfb, 0x1f, 0xfb, 0x1f, 0xfb,
    0x1f, 0xfb, 0x1f, 0xfb, 0x1f, 0xfb, 0x1f, 0xfb, 0x1f, 0xfb, 0x1f, 0xfb, 0x1f, 0xfb, 0x1f, 0xfb,
    0x1f, 0xfb, 0x1f, 0xfb, 0x1f, 0xfb, 0x1f, 0xfb, 0x1f, 0xfb, 0x1f, 0xfb, 0x1f, 0xfb, 0x1f, 0xfb,
    0x1f, 0xfb, 0x1f, 0xfb, 0x1f, 0xfb, 0x1f, 0xfb, 0x1f, 0xfb, 0x1f, 0xfb, 0x1f, 0xfb, 0x1f, 0xfb,
    0x1f, 0xfb, 0x1f, 0xfb, 0x1f, 0xfb, 0x1f, 0xfb, 0x1f, 0xfb, 0x1f, 0xfb, 0x1f, 0xfb, 0x1f, 0xfb,
    0x1f, 0xfb, 0x1f, 0xfb, 0x1f, 0xfb, 0x1f, 0xfb, 0x1f, 0xfb, 0x1f, 0xfb, 0x1f, 0xfb, 0x1f, 0xfb,
    0x1f, 0xfb, 0x1f, 0xfb, 0x1f, 0xfb, 0x1f, 0xfb, 0x1f, 0xfb, 0x1f, 0xfb, 0x1f, 0xfb, 0x1f, 0xfb,
    0x1f, 0xfb, 0x1f, 0xfb, 0x1f, 0xfb, 0x1f, 0xfb, 0x1f, 0xfb, 0x1f, 0xfb, 0x1f, 0xfb, 0x1f, 0xfb,
    0x1f, 0xfb, 0x1f, 0xfb, 0x1f, 0xfb, 0x1f, 0xfb, 0x1f, 0xfb, 0xfe, 0xfa, 0xfe, 0xfa, 0xfe, 0xfa,
    0xfe, 0xfa, 0x1f, 0xfb, 0x1f, 0xfb, 0x1f, 0xfb, 0x1f, 0xfb, 0x3e, 0xf3, 0x3e, 0xf3, 0x1f, 0xfb,
    0x5f, 0xfb, 0xff, 0xfa, 0x3f, 0xfb, 0x1f, 0xfb, 0xfd, 0xea, 0x4c, 0x61, 0x08, 0x41, 0x08, 0x41,
    0x08, 0x41, 0x08, 0x41, 0x08, 0x41, 0x08, 0x41, 0x08, 0x41, 0x08, 0x41, 0x08, 0x41, 0x08, 0x41,
    0x09, 0x49, 0x09, 0x49, 0x09, 0x49, 0x29, 0x49, 0x09, 0x51, 0x13, 0xa2, 0x5f, 0xfb, 0x5f, 0xfb,
    0x1f, 0xfb, 0x1f, 0xfb, 0xd1, 0x89, 0x2a, 0x51, 0x4a, 0x49, 0x4a, 0x49, 0x2a, 0x49, 0x2a, 0x49,
    0x2a, 0x49, 0x2a, 0x49, 0x2a, 0x49, 0x2a, 0x51, 0x4a, 0x49, 0x09, 0x51, 0x2a, 0x51, 0x78, 0xc2,
    0x5f, 0xfb, 0x1f, 0xfb, 0x5f, 0xfb, 0xfd, 0xe2, 0x4b, 0x59, 0x08, 0x41, 0x07, 0x41, 0xe7, 0x38,
    0xe7, 0x38, 0xc6, 0x30, 0xe6, 0x30, 0xe5, 0x28, 0xc5, 0x28, 0xa4, 0x28, 0xa4, 0x20, 0xa4, 0x20,
    0xa4, 0x20, 0xa3, 0x18, 0xa3, 0x18, 0x83, 0x10, 0x82, 0x10, 0x82, 0x18, 0x82, 0x10, 0x82, 0x10,
    0x82, 0x10, 0x82, 0x10, 0x82, 0x10, 0x61, 0x08, 0x82, 0x10, 0x82, 0x10, 0x82, 0x10, 0x82, 0x10,
    0x82, 0x10, 0x82, 0x10, 0x82, 0x10, 0x82, 0x10, 0x82, 0x10, 0x82, 0x10, 0x82, 0x10, 0x82, 0x10,
    0x82, 0x10, 0x82, 0x10, 0x82, 0x10, 0x82, 0x10, 0x82, 0x10, 0x82, 0x18, 0x83, 0x10, 0x83, 0x10,
    0x83, 0x18, 0x83, 0x18, 0xa4, 0x18, 0xa4, 0x20, 0xa4, 0x20, 0xc4, 0x20, 0xc5, 0x28, 0xc5, 0x28,
    0xc5, 0x30, 0xc6, 0x30, 0xe7, 0x38, 0xe7, 0x38, 0x07, 0x41, 0x07, 0x41, 0x08, 0x41, 0x77, 0xba,
    0x3f, 0xfb, 0x1f, 0xfb, 0x1f, 0xfb, 0xfe, 0xfa, 0x6c, 0x61, 0x2a, 0x49, 0x2a, 0x51, 0x2a, 0x49,
    0x2a, 0x49, 0x2a, 0x49, 0x2a, 0x49, 0x2a, 0x49, 0x2a, 0x49, 0x2a, 0x49, 0x2a, 0x49, 0x2a, 0x51,
    0x6b, 0x61, 0xba, 0xd2, 0x1f, 0xfb, 0x1f, 0xfb, 0xff, 0xfa, 0xdb, 0xda, 0x6b, 0x61, 0x28, 0x49,
    0x28, 0x41, 0x08, 0x41, 0x08, 0x41, 0x08, 0x41, 0x07, 0x39, 0x07, 0x39, 0x07, 0x39, 0x07, 0x39,
    0x07, 0x39, 0x07, 0x39, 0x07, 0x39, 0xe7, 0x38, 0x08, 0x39, 0xe7, 0x38, 0x08, 0x41, 0x4a, 0x51,
    0xba, 0xd2, 0x1f, 0xfb, 0x5f, 0xfb, 0x5f, 0xfb, 0x5f, 0xfb, 0x1f, 0xfb, 0xff, 0xfa, 0x5f, 0xfb,
    0x1f, 0xfb, 0x1f, 0xfb, 0x1f, 0xfb, 0x1f, 0xfb, 0x1f, 0xfb, 0x1f, 0xfb, 0x1f, 0xfb, 0x1f, 0xfb,
    0x1f, 0xfb, 0x1f, 0xfb, 0x1f, 0xfb, 0x1f, 0xfb, 0x1f, 0xfb, 0x1f, 0xfb, 0x1f, 0xfb, 0x1f, 0xfb,
    0x1f, 0xfb, 0x1f, 0xfb, 0x1f, 0xfb, 0x1f, 0xfb, 0x1f, 0xfb, 0x1f, 0xfb, 0x1f, 0xfb, 0x1f, 0xfb,
    0x1f, 0xfb, 0x1f, 0xfb, 0x1f, 0xfb, 0x1f, 0xfb, 0x1f, 0xfb, 0x1f, 0xfb, 0x1f, 0xfb, 0x1f, 0xfb,
    0x1f, 0xfb, 0x1f, 0xfb, 0x1f, 0xfb, 0x1f, 0xfb, 0x1f, 0xfb, 0x1f, 0xfb, 0x1f, 0xfb, 0x1f, 0xfb,
    0x1f, 0xfb, 0x1f, 0xfb, 0x1f, 0xfb, 0x1f, 0xfb, 0x1f, 0xfb, 0x1f, 0xfb, 0x1f, 0xfb, 0x1f, 0xfb,
    0x1f, 0xfb, 0x1f, 0xfb, 0x1f, 0xfb, 0x1f, 0xfb, 0x1f, 0xfb, 0x1f, 0xfb, 0x1f, 0xfb, 0x1f, 0xfb,
    0x1f, 0xfb, 0x1f, 0xfb, 0x1f, 0xfb, 0x1f, 0xfb, 0x1f, 0xfb, 0x1f, 0xfb, 0x1f, 0xfb, 0x1f, 0xfb,
    0x1f, 0xfb, 0x1f, 0xfb, 0x1f, 0xfb, 0x1f, 0xfb, 0x1f, 0xfb, 0x1f, 0xfb, 0x1f, 0xfb, 0x1f, 0xfb,
    0x1f, 0xfb, 0x1f, 0xfb, 0x1f, 0xfb, 0x1f, 0xfb, 0x1f, 0xfb, 0x1f, 0xfb, 0xff, 0xfa, 0xff, 0xfa,
    0x1f, 0xfb, 0x1f, 0xfb, 0x1f, 0xfb, 0x1f, 0xfb, 0x1f, 0xfb, 0x3f, 0xfb, 0x5f, 0xfb, 0x1f, 0xfb,
    0x5f, 0xfb, 0x1f, 0xfb, 0x5f, 0xfb, 0x3f, 0xfb, 0x35, 0xaa, 0x08, 0x41, 0xe8, 0x40, 0x08, 0x41,
    0x08, 0x41, 0x08, 0x41, 0x08, 0x41, 0x08, 0x41, 0x08, 0x41, 0x08, 0x41, 0x08, 0x41, 0x28, 0x41,
    0x08, 0x41, 0x08, 0x41, 0x09, 0x49, 0x2a, 0x49, 0x09, 0x51, 0x13, 0xa2, 0x1f, 0xfb, 0x5f, 0xfb,
    0x1f, 0xfb, 0x1f, 0xfb, 0xd1, 0x89, 0x2a, 0x51, 0x4a, 0x49, 0x4a, 0x49, 0x2a, 0x49, 0x2a, 0x49,
    0x2a, 0x49, 0x2a, 0x49, 0x2a, 0x49, 0x2a, 0x51, 0x4a, 0x49, 0x09, 0x51, 0x2a, 0x51, 0x78, 0xc2,
    0x5f, 0xfb, 0x1f, 0xfb, 0x5f, 0xfb, 0xfd, 0xe2, 0x4b, 0x59, 0x08, 0x41, 0x07, 0x41, 0xe7, 0x38,
    0xe7, 0x38, 0xc6, 0x30, 0xe6, 0x30, 0xe5, 0x28, 0xc5, 0x28, 0xa4, 0x28, 0xa4, 0x20, 0xa4, 0x20,
    0xa4, 0x20, 0xa3, 0x18, 0xa3, 0x18, 0x83, 0x10, 0x82, 0x10, 0x82, 0x18, 0x82, 0x10, 0x82, 0x10,
    0x82, 0x10, 0x82, 0x10, 0x82, 0x10, 0x61, 0x08, 0x82, 0x10, 0x82, 0x10, 0x82, 0x10, 0x82, 0x10,
    0x82, 0x10, 0x82, 0x10, 0x82, 0x10, 0x82, 0x10, 0x82, 0x10, 0x82, 0x10, 0x82, 0x10, 0x82, 0x10,
    0x82, 0x10, 0x82, 0x10, 0x82, 0x10, 0x82, 0x10, 0x82, 0x10, 0x82, 0x18, 0x83, 0x10, 0x83, 0x10,
    0x83, 0x18, 0x83, 0x18, 0xa4, 0x18, 0xa4, 0x20, 0xa4, 0x20, 0xc4, 0x20, 0xc5, 0x28, 0xc5, 0x28,
    0xc5, 0x30, 0xc6, 0x30, 0xe7, 0x38, 0xe7, 0x38, 0x07, 0x41, 0x07, 0x41, 0x08, 0x41, 0x77, 0xba,
    0x3f, 0xfb, 0x1f, 0xfb, 0x1f, 0xfb, 0xfe, 0xfa, 0x6c, 0x61, 0x2a, 0x49, 0x2a, 0x51, 0x2a, 0x49,
    0x2a, 0x49, 0x2a, 0x49, 0x2a, 0x49, 0x2a, 0x49, 0x2a, 0x49, 0x2a, 0x49, 0x2a, 0x49, 0x2a, 0x51,
    0x6b, 0x61, 0xba, 0xd2, 0x1f, 0xfb, 0x1f, 0xfb, 0xff, 0xfa, 0xfc, 0xda, 0x6b, 0x61, 0x28, 0x49,
    0x28, 0x41, 0x08, 0x41, 0x08, 0x41, 0x08, 0x41, 0x08, 0x41, 0x08, 0x41, 0x07, 0x39, 0x07, 0x41,
    0x07, 0x41, 0x07, 0x39, 0x07, 0x41, 0x07, 0x41, 0x28, 0x39, 0xe8, 0x40, 0x08, 0x41, 0xf3, 0x99,
    0x1f, 0xfb, 0x5f, 0xfb, 0x1f, 0xfb, 0x5f, 0xfb, 0x1f, 0xfb, 0x5f, 0xfb, 0x5f, 0xfb, 0x1f, 0xfb,
    0xff, 0xfa, 0xff, 0xfa, 0x3f, 0xfb, 0xff, 0xfa, 0xff, 0xfa, 0xff, 0xfa, 0xff, 0xfa, 0xff, 0xfa,
    0xff, 0xfa, 0xff, 0xfa, 0xff, 0xfa, 0x1f, 0xfb, 0x1f, 0xfb, 0x1f, 0xfb, 0x1f, 0xfb, 0x1f, 0xfb,
    0x1f, 0xfb, 0x1f, 0xfb, 0x1f, 0xfb, 0x1f, 0xfb, 0x1f, 0xfb, 0x1f, 0xfb, 0x1f, 0xfb, 0x1f, 0xfb,
    0x1f, 0xfb, 0x1f, 0xfb, 0x1f, 0xfb, 0x1f, 0xfb, 0x1f, 0xfb, 0x1f, 0xfb, 0x1f, 0xfb, 0x1f, 0xfb,
    0x1f, 0xfb, 0x1f, 0xfb, 0x1f, 0xfb, 0x1f, 0xfb, 0x1f, 0xfb, 0x1f, 0xfb, 0x1f, 0xfb, 0x1f, 0xfb,
    0x1f, 0xfb, 0x1f, 0xfb, 0x1f, 0xfb, 0x1f, 0xfb, 0x1f, 0xfb, 0x1f, 0xfb, 0x1f, 0xfb, 0x1f, 0xfb,
    0x1f, 0xfb, 0x1f, 0xfb, 0x1f, 0xfb, 0x1f, 0xfb, 0x1f, 0xfb, 0x1f, 0xfb, 0x1f, 0xfb, 0x1f, 0xfb,
    0x1f, 0xfb, 0x1f, 0xfb, 0x1f, 0xfb, 0x1f, 0xfb, 0x1f, 0xfb, 0x1f, 0xfb, 0x1f, 0xfb, 0x1f, 0xfb,
    0x1f, 0xfb, 0x1f, 0xfb, 0x1f, 0xfb, 0x1f, 0xfb, 0x1f, 0xfb, 0x1f, 0xfb, 0x1f, 0xfb, 0x1f, 0xfb,
    0x1f, 0xfb, 0x1f, 0xfb, 0x1f, 0xfb, 0x1f, 0xfb, 0x1f, 0xfb, 0x1f, 0xfb, 0x1f, 0xfb, 0x1f, 0xfb,
    0x5f, 0xfb, 0x1f, 0xfb, 0x5f, 0xfb, 0xff, 0xfa, 0x1f, 0xfb, 0x5f, 0xfb, 0x1f, 0xfb, 0x5f, 0xfb,
    0x5f, 0xfb, 0xff, 0xfa, 0x5f, 0xfb, 0x1e, 0xf3, 0x8e, 0x71, 0x08, 0x41, 0x08, 0x41, 0x08, 0x41,
    0x08, 0x41, 0x07, 0x41, 0x07, 0x41, 0x07, 0x41, 0x08, 0x41, 0x08, 0x41, 0x08, 0x41, 0x08, 0x41,
    0x08, 0x41, 0x28, 0x41, 0x09, 0x49, 0x29, 0x49, 0x09, 0x51, 0x13, 0xa2, 0x3f, 0xfb, 0x5f, 0xfb,
    0x5f, 0xfb, 0x1f, 0xfb, 0xd1, 0x89, 0x4a, 0x49, 0x4a, 0x49, 0x4a, 0x49, 0x2a, 0x49, 0x2a, 0x49,
    0x2a, 0x49, 0x2a, 0x49, 0x2a, 0x49, 0x2a, 0x51, 0x4a, 0x49, 0x09, 0x51, 0x2a, 0x51, 0x78, 0xc2,
    0x5f, 0xfb, 0x1f, 0xfb, 0x5f, 0xfb, 0xfd, 0xe2, 0x4b, 0x59, 0x08, 0x41, 0x07, 0x41, 0xe7, 0x38,
    0xe7, 0x38, 0xc6, 0x30, 0xe6, 0x30, 0xe5, 0x28, 0xc5, 0x28, 0xa4, 0x28, 0xa4, 0x20, 0xa4, 0x20,
    0xa4, 0x20, 0xa3, 0x18, 0xa3, 0x18, 0x83, 0x10, 0x82, 0x10, 0x82, 0x18, 0x82, 0x10, 0x82, 0x10,
    0x82, 0x10, 0x82, 0x10, 0x82, 0x10, 0x61, 0x08, 0x82, 0x10, 0x82, 0x10, 0x82, 0x10, 0x82, 0x10,
    0x82, 0x10, 0x82, 0x10, 0x82, 0x10, 0x82, 0x10, 0x82, 0x10, 0x82, 0x10, 0x82, 0x10, 0x82, 0x10,
    0x82, 0x10, 0x82, 0x10, 0x82, 0x10, 0x82, 0x10, 0x82, 0x10, 0x82, 0x18, 0x83, 0x10, 0x83, 0x10,
    0x83, 0x18, 0x83, 0x18, 0xa4, 0x18, 0xa4, 0x20, 0xa4, 0x20, 0xc4, 0x20, 0xc5, 0x28, 0xc5, 0x28,
    0xc5, 0x30, 0xc6, 0x30, 0xe7, 0x38, 0xe7, 0x38, 0x07, 0x41, 0x07, 0x41, 0x08, 0x41, 0x77, 0xba,
    0x3f, 0xfb, 0x1f, 0xfb, 0x1f, 0xfb, 0xfe, 0xfa, 0x6c, 0x61, 0x2a, 0x49, 0x2a, 0x51, 0x2a, 0x49,
    0x2a, 0x49, 0x2a, 0x49, 0x2a, 0x49, 0x2a, 0x49, 0x2a, 0x49, 0x4a, 0x49, 0x4a, 0x49, 0x4a, 0x51,
    0x6b, 0x61, 0xba, 0xd2, 0x5f, 0xfb, 0xff, 0xfa, 0x1f, 0xfb, 0xba, 0xda, 0x6c, 0x61, 0x29, 0x49,
    0x09, 0x49, 0x09, 0x49, 0x09, 0x49, 0x08, 0x41, 0x08, 0x41, 0x08, 0x41, 0x08, 0x41, 0x08, 0x41,
    0x08, 0x41, 0x08, 0x41, 0x08, 0x41, 0x08, 0x41, 0x07, 0x39, 0x08, 0x41, 0x2a, 0x59, 0xfc, 0xe2,
    0x5f, 0xfb, 0x1f, 0xfb, 0x5f, 0xfb, 0x5f, 0xfb, 0x3f, 0xfb, 0x1f, 0xfb, 0x1f, 0xfb, 0x3f, 0xfb,
    0x3f, 0xfb, 0x3f, 0xfb, 0x1f, 0xfb, 0x5f, 0xfb, 0x5f, 0xfb, 0x5f, 0xfb, 0x5f, 0xfb, 0x1f, 0xfb,
    0x1f, 0xfb, 0x1f, 0xfb, 0x3f, 0xfb, 0x1f, 0xfb, 0x1f, 0xfb, 0xff, 0xfa, 0xff, 0xfa, 0xff, 0xfa,
    0x5f, 0xfb, 0x5f, 0xfb, 0x5f, 0xfb, 0x5f, 0xfb, 0x5f, 0xfb, 0x5f, 0xfb, 0x5f, 0xfb, 0x5f, 0xfb,
    0x5f, 0xfb, 0x5f, 0xfb, 0x5f, 0xfb, 0x5f, 0xfb, 0x5f, 0xfb, 0x5f, 0xfb, 0x5f, 0xfb, 0x5f, 0xfb,
    0x5f, 0xfb, 0x5f, 0xfb, 0x5f, 0xfb, 0x5f, 0xfb, 0x5f, 0xfb, 0x5f, 0xfb, 0x5f, 0xfb, 0x5f, 0xfb,
    0x5f, 0xfb, 0x5f, 0xfb, 0x5f, 0xfb, 0x5f, 0xfb, 0x5f, 0xfb, 0x5f, 0xfb, 0x5f, 0xfb, 0x5f, 0xfb,
    0x5f, 0xfb, 0x5f, 0xfb, 0x5f, 0xfb, 0x5f, 0xfb, 0x5f, 0xfb, 0x5f, 0xfb, 0x5f, 0xfb, 0x5f, 0xfb,
    0x5f, 0xfb, 0x5f, 0xfb, 0x5f, 0xfb, 0x5f, 0xfb, 0x5f, 0xfb, 0x5f, 0xfb, 0x5f, 0xfb, 0x5f, 0xfb,
    0x5f, 0xfb, 0x5f, 0xfb, 0x5f, 0xfb, 0x5f, 0xfb, 0x5f, 0xfb, 0x5f, 0xfb, 0x5f, 0xfb, 0x5f, 0xfb,
    0x3f, 0xfb, 0x3f, 0xfb, 0x3f, 0xfb, 0x3f, 0xfb, 0x3f, 0xfb, 0x3f, 0xfb, 0x3f, 0xfb, 0x3f, 0xfb,
    0xff, 0xfa, 0x3f, 0xfb, 0x3f, 0xfb, 0x1f, 0xfb, 0x1f, 0xfb, 0x1f, 0xfb, 0x5f, 0xfb, 0x1f, 0xfb,
    0x1f, 0xfb, 0x1f, 0xfb, 0x1e, 0xf3, 0x13, 0xa2, 0x08, 0x41, 0x07, 0x41, 0x08, 0x39, 0x07, 0x39,
    0x07, 0x39, 0x07, 0x39, 0x07, 0x39, 0x07, 0x39, 0x07, 0x39, 0x07, 0x39, 0x07, 0x39, 0x08, 0x41,
    0x08, 0x41, 0x08, 0x41, 0x28, 0x41, 0x08, 0x41, 0x29, 0x41, 0xf3, 0x99, 0x3f, 0xfb, 0x1f, 0xfb,
    0x5f, 0xfb, 0x1f, 0xfb, 0xd1, 0x89, 0x2a, 0x49, 0x4a, 0x49, 0x2a, 0x49, 0x2a, 0x49, 0x2a, 0x49,
    0x2a, 0x49, 0x2a, 0x49, 0x2a, 0x49, 0x2a, 0x51, 0x4a, 0x49, 0x09, 0x51, 0x2a, 0x51, 0x78, 0xc2,
    0x5f, 0xfb, 0x1f, 0xfb, 0x5f, 0xfb, 0xfd, 0xe2, 0x4b, 0x59, 0x08, 0x41, 0x07, 0x41, 0xe7, 0x38,
    0xe7, 0x38, 0xc6, 0x30, 0xe6, 0x30, 0xe5, 0x28, 0xc5, 0x28, 0xa4, 0x28, 0xa4, 0x20, 0xa4, 0x20,
    0xa4, 0x20, 0xa3, 0x18, 0xa3, 0x18, 0x83, 0x10, 0x82, 0x10, 0x82, 0x18, 0x82, 0x10, 0x82, 0x10,
    0x82, 0x10, 0x82, 0x10, 0x82, 0x10, 0x61, 0x08, 0x82, 0x10, 0x82, 0x10, 0x82, 0x10, 0x82, 0x10,
    0x82, 0x10, 0x82, 0x10, 0x82, 0x10, 0x82, 0x10, 0x82, 0x10, 0x82, 0x10, 0x82, 0x10, 0x82, 0x10,
    0x82, 0x10, 0x82, 0x10, 0x82, 0x10, 0x82, 0x10, 0x82, 0x10, 0x82, 0x18, 0x83, 0x10, 0x83, 0x10,
    0x83, 0x18, 0x83, 0x18, 0xa4, 0x18, 0xa4, 0x20, 0xa4, 0x20, 0xc4, 0x20, 0xc5, 0x28, 0xc5, 0x28,
    0xc5, 0x30, 0xc6, 0x30, 0xe7, 0x38, 0xe7, 0x38, 0x07, 0x41, 0x07, 0x41, 0x08, 0x41, 0x77, 0xba,
    0x3f, 0xfb, 0x1f, 0xfb, 0x1f, 0xfb, 0xfe, 0xfa, 0x6c, 0x61, 0x2a, 0x49, 0x2a, 0x51, 0x2a, 0x49,
    0x2a, 0x49, 0x2a, 0x49, 0x2a, 0x49, 0x2a, 0x49, 0x2a, 0x49, 0x4a, 0x49, 0x4a, 0x49, 0x4a, 0x51,
    0x6b, 0x61, 0xba, 0xd2, 0x5f, 0xfb, 0xff, 0xfa, 0x1f, 0xfb, 0xba, 0xda, 0x4c, 0x61, 0x29, 0x49,
    0x09, 0x49, 0x09, 0x49, 0x09, 0x49, 0x28, 0x41, 0x08, 0x41, 0x08, 0x41, 0x08, 0x41, 0x08, 0x41,
    0x08, 0x41, 0x08, 0x41, 0x08, 0x41, 0x08, 0x41, 0x08, 0x41, 0x09, 0x49, 0x13, 0x9a, 0x1f, 0xfb,
    0x1f, 0xfb, 0x5f, 0xfb, 0xff, 0xfa, 0xdc, 0xe2, 0xf3, 0x99, 0xf3, 0x99, 0xf2, 0x99, 0x13, 0x9a,
    0xf2, 0x91, 0xf2, 0x91, 0xf2, 0x91, 0xf2, 0x91, 0xf2, 0x91, 0xf2, 0x91, 0xf2, 0x91, 0xf2, 0x91,
    0xf2, 0x91, 0xf2, 0x91, 0xf2, 0x91, 0xf2, 0x91, 0xf2, 0x91, 0xf2, 0x91, 0xf2, 0x91, 0xf2, 0x91,
    0xf2, 0x91, 0xf2, 0x91, 0xf2, 0x91, 0xf2, 0x91, 0xf2, 0x91, 0xf2, 0x91, 0xf2, 0x91, 0xf2, 0x91,
    0xf2, 0x91, 0xf2, 0x91, 0xf2, 0x91, 0xf2, 0x91, 0xf2, 0x91, 0xf2, 0x91, 0xf2, 0x91, 0xf2, 0x91,
    0xf2, 0x91, 0xf2, 0x91, 0xf2, 0x91, 0xf2, 0x91, 0xf2, 0x91, 0xf2, 0x91, 0xf2, 0x91, 0xf2, 0x91,
    0xf2, 0x91, 0xf2, 0x91, 0xf2, 0x91, 0xf2, 0x91, 0xf2, 0x91, 0xf2, 0x91, 0xf2, 0x91, 0xf2, 0x91,
    0xf2, 0x91, 0xf2, 0x91, 0xf2, 0x91, 0xf2, 0x91, 0xf2, 0x91, 0xf2, 0x91, 0xf2, 0x91, 0xf2, 0x91,
    0xf2, 0x91, 0xf2, 0x91, 0xf2, 0x91, 0xf2, 0x91, 0xf2, 0x91, 0xf2, 0x91, 0xf2, 0x91, 0xf2, 0x91,
    0xf2, 0x91, 0xf2, 0x91, 0xf2, 0x91, 0xf2, 0x91, 0xf2, 0x91, 0xf2, 0x91, 0xf2, 0x91, 0xf2, 0x91,
    0xf2, 0x91, 0xf2, 0x91, 0xf2, 0x91, 0xf2, 0x91, 0xf2, 0x91, 0xf2, 0x91, 0xf2, 0x91, 0xf2, 0x91,
    0xf2, 0x91, 0xf2, 0x91, 0xf2, 0x91, 0xf2, 0x91, 0xf2, 0x89, 0xd1, 0x89, 0xd1, 0x89, 0xf2, 0x91,
    0x13, 0x9a, 0xf2, 0x91, 0x8d, 0x71, 0x08, 0x39, 0x08, 0x41, 0xe6, 0x30, 0xe6, 0x38, 0xe7, 0x38,
    0xe7, 0x38, 0xe7, 0x38, 0xe7, 0x38, 0xe7, 0x38, 0xe7, 0x38, 0xe7, 0x38, 0x07, 0x39, 0xe8, 0x38,
    0x08, 0x41, 0x08, 0x41, 0x28, 0x41, 0x08, 0x41, 0x09, 0x49, 0xf3, 0x99, 0x3f, 0xfb, 0x1f, 0xfb,
    0x5f, 0xfb, 0x1f, 0xfb, 0xd1, 0x89, 0x2a, 0x49, 0x4a, 0x49, 0x2a, 0x49, 0x2a, 0x49, 0x2a, 0x49,
    0x2a, 0x49, 0x2a, 0x49, 0x2a, 0x49, 0x2a, 0x51, 0x4a, 0x49, 0x09, 0x51, 0x2a, 0x51, 0x78, 0xc2,
    0x5f, 0xfb, 0x1f, 0xfb, 0x5f, 0xfb, 0xfd, 0xe2, 0x4b, 0x59, 0x08, 0x41, 0x07, 0x41, 0xe7, 0x38,
    0xe7, 0x38, 0xc6, 0x30, 0xe6, 0x30, 0xe5, 0x28, 0xc5, 0x28, 0xa4, 0x28, 0xa4, 0x20, 0xa4, 0x20,
    0xa4, 0x20, 0xa3, 0x18, 0xa3, 0x18, 0x83, 0x10, 0x82, 0x10, 0x82, 0x18, 0x82, 0x10, 0x82, 0x10,
    0x82, 0x10, 0x82, 0x10, 0x82, 0x10, 0x61, 0x08, 0x82, 0x10, 0x82, 0x10, 0x82, 0x10, 0x82, 0x10,
    0x82, 0x10, 0x82, 0x10, 0x82, 0x10, 0x82, 0x10, 0x82, 0x10, 0x82, 0x10, 0x82, 0x10, 0x82, 0x10,
    0x82, 0x10, 0x82, 0x10, 0x82, 0x10, 0x82, 0x10, 0x82, 0x10, 0x82, 0x18, 0x83, 0x10, 0x83, 0x10,
    0x83, 0x18, 0x83, 0x18, 0xa4, 0x18, 0xa4, 0x20, 0xa4, 0x20, 0xc4, 0x20, 0xc5, 0x28, 0xc5, 0x28,
    0xc5, 0x30, 0xc6, 0x30, 0xe7, 0x38, 0xe7, 0x38, 0x07, 0x41, 0x07, 0x41, 0x08, 0x41, 0x77, 0xba,
    0x3f, 0xfb, 0x1f, 0xfb, 0x1f, 0xfb, 0xfe, 0xfa, 0x6c, 0x61, 0x2a, 0x49, 0x2a, 0x51, 0x2a, 0x49,
    0x2a, 0x49, 0x2a, 0x49, 0x2a, 0x49, 0x2a, 0x49, 0x2a, 0x49, 0x4a, 0x49, 0x4a, 0x49, 0x4a, 0x51,
    0x6b, 0x61, 0xba, 0xd2, 0x5f, 0xfb, 0xff, 0xfa, 0x1f, 0xfb, 0xfc, 0xda, 0x4c, 0x61, 0x29, 0x49,
    0x29, 0x49, 0x09, 0x49, 0x09, 0x49, 0x09, 0x49, 0x08, 0x41, 0x08, 0x41, 0x08, 0x41, 0x08, 0x41,
    0x08, 0x41, 0x08, 0x41, 0x08, 0x41, 0x09, 0x49, 0x08, 0x41, 0x2a, 0x59, 0xdb, 0xda, 0x5f, 0xfb,
    0x1f, 0xfb, 0x1f, 0xfb, 0x1f, 0xfb, 0xd1, 0x89, 0x29, 0x49, 0x28, 0x41, 0x09, 0x49, 0x09, 0x49,
    0x09, 0x49, 0x09, 0x49, 0x08, 0x41, 0x08, 0x41, 0x08, 0x41, 0x08, 0x41, 0x08, 0x41, 0x08, 0x41,
    0x08, 0x41, 0x08, 0x41, 0x08, 0x41, 0x08, 0x41, 0x08, 0x41, 0x08, 0x41, 0x08, 0x41, 0x08, 0x41,
    0x08, 0x41, 0x08, 0x41, 0x08, 0x41, 0x08, 0x41, 0x08, 0x41, 0x08, 0x41, 0x08, 0x41, 0x08, 0x41,
    0x08, 0x41, 0x08, 0x41, 0x08, 0x41, 0x08, 0x41, 0x08, 0x41, 0x08, 0x41, 0x08, 0x41, 0x08, 0x41,
    0x08, 0x41, 0x08, 0x41, 0x08, 0x41, 0x08, 0x41, 0x08, 0x41, 0x08, 0x41, 0x08, 0x41, 0x08, 0x41,
    0x08, 0x41, 0x08, 0x41, 0x08, 0x41, 0x08, 0x41, 0x08, 0x41, 0x08, 0x41, 0x08, 0x41, 0x08, 0x41,
    0x08, 0x41, 0x08, 0x41, 0x08, 0x41, 0x08, 0x41, 0x08, 0x41, 0x08, 0x41, 0x08, 0x41, 0x08, 0x41,
    0x08, 0x41, 0x08, 0x41, 0x08, 0x41, 0x08, 0x41, 0x08, 0x41, 0x08, 0x41, 0x08, 0x41, 0x08, 0x41,
    0x08, 0x41, 0x08, 0x41, 0x08, 0x41, 0x08, 0x41, 0x08, 0x41, 0x08, 0x41, 0x08, 0x41, 0x08, 0x41,
    0x08, 0x41, 0x08, 0x41, 0x08, 0x41, 0x08, 0x41, 0x08, 0x41, 0x08, 0x41, 0x08, 0x41, 0x08, 0x41,
    0x08, 0x41, 0xe8, 0x40, 0x08, 0x41, 0x08, 0x41, 0x07, 0x39, 0x07, 0x39, 0x07, 0x39, 0x07, 0x39,
    0xe7, 0x38, 0xe7, 0x38, 0xe7, 0x38, 0xe7, 0x38, 0xe6, 0x30, 0xe7, 0x38, 0xe7, 0x38, 0xe7, 0x38,
    0xe7, 0x38, 0xe7, 0x38, 0xe7, 0x38, 0xe7, 0x38, 0xe7, 0x38, 0xe7, 0x38, 0xe7, 0x38, 0xe7, 0x38,
    0x08, 0x41, 0x08, 0x41, 0x08, 0x41, 0x09, 0x51, 0x09, 0x49, 0xf3, 0x99, 0x3f, 0xfb, 0x1f, 0xfb,
    0x5f, 0xfb, 0x1f, 0xfb, 0xd1, 0x89, 0x2a, 0x49, 0x4a, 0x49, 0x2a, 0x49, 0x2a, 0x49, 0x2a, 0x49,
    0x2a, 0x49, 0x2a, 0x49, 0x2a, 0x49, 0x2a, 0x51, 0x4a, 0x49, 0x09, 0x51, 0x2a, 0x51, 0x78, 0xc2,
    0x5f, 0xfb, 0x1f, 0xfb, 0x5f, 0xfb, 0xfd, 0xe2, 0x4b, 0x59, 0x08, 0x41, 0x07, 0x41, 0xe7, 0x38,
    0xe7, 0x38, 0xc6, 0x30, 0xe6, 0x30, 0xe5, 0x28, 0xc5, 0x28, 0xa4, 0x28, 0xa4, 0x20, 0xa4, 0x20,
    0xa4, 0x20, 0xa3, 0x18, 0xa3, 0x18, 0x83, 0x10, 0x82, 0x10, 0x82, 0x18, 0x82, 0x10, 0x82, 0x10,
    0x82, 0x10, 0x82, 0x10, 0x82, 0x10, 0x61, 0x08, 0x82, 0x10, 0x82, 0x10, 0x82, 0x10, 0x82, 0x10,
    0x82, 0x10, 0x82, 0x10, 0x82, 0x10, 0x82, 0x10, 0x82, 0x10, 0x82, 0x10, 0x82, 0x10, 0x82, 0x10,
    0x82, 0x10, 0x82, 0x10, 0x82, 0x10, 0x82, 0x10, 0x82, 0x10, 0x82, 0x18, 0x83, 0x10, 0x83, 0x10,
    0x83, 0x18, 0x83, 0x18, 0xa4, 0x18, 0xa4, 0x20, 0xa4, 0x20, 0xc4, 0x20, 0xc5, 0x28, 0xc5, 0x28,
    0xc5, 0x30, 0xc6, 0x30, 0xe7, 0x38, 0xe7, 0x38, 0x07, 0x41, 0x07, 0x41, 0x08, 0x41, 0x77, 0xba,
    0x3f, 0xfb, 0x1f, 0xfb, 0x1f, 0xfb, 0xfe, 0xfa, 0x6c, 0x61, 0x2a, 0x49, 0x2a, 0x51, 0x2a, 0x49,
    0x2a, 0x49, 0x2a, 0x49, 0x2a, 0x49, 0x2a, 0x49, 0x2a, 0x49, 0x4a, 0x49, 0x4a, 0x49, 0x4a, 0x51,
    0x6b, 0x61, 0xba, 0xd2, 0x5f, 0xfb, 0x1f, 0xfb, 0x1f, 0xfb, 0xfc, 0xda, 0x4c, 0x61, 0x2a, 0x49,
    0x2a, 0x49, 0x29, 0x49, 0x09, 0x49, 0x09, 0x49, 0x09, 0x49, 0x09, 0x49, 0x28, 0x41, 0x08, 0x41,
    0x08, 0x41, 0x09, 0x49, 0x08, 0x41, 0x09, 0x49, 0x29, 0x49, 0xd0, 0x81, 0x1f, 0xfb, 0x5f, 0xfb,
    0x5f, 0xfb, 0x1f, 0xfb, 0x9a, 0xd2, 0x2a, 0x59, 0x29, 0x49, 0x28, 0x49, 0x29, 0x49, 0x08, 0x49,
    0x08, 0x41, 0x08, 0x41, 0x08, 0x41, 0x08, 0x41, 0x08, 0x41, 0x08, 0x41, 0x08, 0x41, 0x08, 0x41,
    0x08, 0x41, 0x08, 0x41, 0x08, 0x41, 0x07, 0x39, 0x07, 0x39, 0x07, 0x39, 0x07, 0x39, 0x07, 0x39,
    0xe7, 0x38, 0xe7, 0x38, 0xe7, 0x38, 0xe7, 0x38, 0xe7, 0x38, 0xe7, 0x38, 0xe7, 0x38, 0xe7, 0x38,
    0xe7, 0x38, 0xe7, 0x38, 0xe7, 0x38, 0xe7, 0x38, 0xe7, 0x38, 0xe7, 0x38, 0xe7, 0x38, 0xe7, 0x38,
    0xe7, 0x38, 0xe7, 0x38, 0xe7, 0x38, 0xe7, 0x38, 0xe7, 0x38, 0xe7, 0x38, 0xe7, 0x38, 0xe7, 0x38,
    0xe7, 0x38, 0xe7, 0x38, 0xe7, 0x38, 0xe7, 0x38, 0xe7, 0x38, 0xe7, 0x38, 0xe7, 0x38, 0xe7, 0x38,
    0xe7, 0x38, 0xe7, 0x38, 0xe7, 0x38, 0xe7, 0x38, 0xe7, 0x38, 0xe7, 0x38, 0xe7, 0x38, 0xe7, 0x38,
    0xe7, 0x38, 0xe7, 0x38, 0xe7, 0x38, 0xe7, 0x38, 0xe7, 0x38, 0xe7, 0x38, 0xe7, 0x38, 0xe7, 0x38,
    0xe7, 0x38, 0xe7, 0x38, 0xe7, 0x38, 0xe7, 0x38, 0xe7, 0x38, 0xe7, 0x38, 0xe7, 0x38, 0xe7, 0x38,
    0x07, 0x41, 0x07, 0x41, 0x07, 0x41, 0x07, 0x41, 0x07, 0x41, 0x07, 0x41, 0x07, 0x41, 0x07, 0x41,
    0x08, 0x41, 0x07, 0x41, 0x07, 0x41, 0xe7, 0x38, 0xe7, 0x38, 0xe7, 0x38, 0xe7, 0x38, 0xe7, 0x38,
    0xe7, 0x38, 0xe7, 0x38, 0xe6, 0x30, 0xe6, 0x30, 0xe6, 0x30, 0xc6, 0x30, 0xe6, 0x30, 0xc6, 0x30,
    0xc6, 0x30, 0xe6, 0x30, 0xe6, 0x30, 0xe7, 0x38, 0xe6, 0x30, 0xe7, 0x38, 0xe7, 0x38, 0xe7, 0x38,
    0x07, 0x41, 0x08, 0x41, 0x08, 0x41, 0x09, 0x51, 0x09, 0x49, 0xf3, 0x99, 0x3f, 0xfb, 0x1f, 0xfb,
    0x5f, 0xfb, 0x1f, 0xfb, 0xd1, 0x89, 0x2a, 0x49, 0x4a, 0x49, 0x2a, 0x49, 0x2a, 0x49, 0x2a, 0x49,
    0x2a, 0x49, 0x2a, 0x49, 0x2a, 0x49, 0x2a, 0x51, 0x4a, 0x49, 0x09, 0x51, 0x2a, 0x51, 0x78, 0xc2,
    0x5f, 0xfb, 0x1f, 0xfb, 0x5f, 0xfb, 0xfd, 0xe2, 0x4b, 0x59, 0x08, 0x41, 0x07, 0x41, 0xe7, 0x38,
    0xe7, 0x38, 0xc6, 0x30, 0xe6, 0x30, 0xe5, 0x28, 0xc5, 0x28, 0xa4, 0x28, 0xa4, 0x20, 0xa4, 0x20,
    0xa4, 0x20, 0xa3, 0x18, 0xa3, 0x18, 0x83, 0x10, 0x82, 0x10, 0x82, 0x18, 0x82, 0x10, 0x82, 0x10,
    0x82, 0x10, 0x82, 0x10, 0x82, 0x10, 0x61, 0x08, 0x82, 0x10, 0x82, 0x10, 0x82, 0x10, 0x82, 0x10,
    0x82, 0x10, 0x82, 0x10, 0x82, 0x10, 0x82, 0x10, 0x82, 0x10, 0x82, 0x10, 0x82, 0x10, 0x82, 0x10,
    0x82, 0x10, 0x82, 0x10, 0x82, 0x10, 0x82, 0x10, 0x82, 0x10, 0x82, 0x18, 0x83, 0x10, 0x83, 0x10,
    0x83, 0x18, 0x83, 0x18, 0xa4, 0x18, 0xa4, 0x20, 0xa4, 0x20, 0xc4, 0x20, 0xc5, 0x28, 0xc5, 0x28,
    0xc5, 0x30, 0xc6, 0x30, 0xe7, 0x38, 0xe7, 0x38, 0x07, 0x41, 0x07, 0x41, 0x08, 0x41, 0x77, 0xba,
    0x3f, 0xfb, 0x1f, 0xfb, 0x1f, 0xfb, 0xfe, 0xfa, 0x6c, 0x61, 0x2a, 0x49, 0x2a, 0x51, 0x2a, 0x49,
    0x2a, 0x49, 0x2a, 0x49, 0x2a, 0x49, 0x2a, 0x49, 0x2a, 0x49, 0x4a, 0x49, 0x4a, 0x49, 0x4a, 0x51,
    0x6b, 0x61, 0xba, 0xd2, 0x5f, 0xfb, 0x1f, 0xfb, 0x1f, 0xfb, 0xfc, 0xda, 0x4c, 0x61, 0x2a, 0x49,
    0x0a, 0x49, 0x29, 0x49, 0x29, 0x49, 0x29, 0x49, 0x29, 0x49, 0x09, 0x49, 0x09, 0x49, 0x09, 0x49,
    0x09, 0x49, 0x09, 0x49, 0x29, 0x49, 0x29, 0x49, 0x0a, 0x51, 0xda, 0xd2, 0x1f, 0xfb, 0x1f, 0xfb,
    0x1f, 0xfb, 0x5f, 0xfb, 0x13, 0x9a, 0xe8, 0x48, 0x29, 0x49, 0x29, 0x41, 0x28, 0x41, 0x08, 0x41,
    0x28, 0x41, 0x08, 0x41, 0x08, 0x41, 0x08, 0x41, 0x08, 0x41, 0x28, 0x39, 0x08, 0x41, 0x08, 0x41,
    0x08, 0x41, 0x07, 0x41, 0x07, 0x41, 0xe7, 0x38, 0xe7, 0x38, 0xe7, 0x38, 0xe7, 0x38, 0xe7, 0x38,
    0xe7, 0x38, 0xe7, 0x38, 0xe7, 0x38, 0xe7, 0x38, 0xe7, 0x38, 0xe7, 0x38, 0xe7, 0x38, 0xe7, 0x38,
    0xe7, 0x38, 0xe7, 0x38, 0xe7, 0x38, 0xe7, 0x38, 0xe7, 0x38, 0xe7, 0x38, 0xe7, 0x38, 0xe7, 0x38,
    0xe7, 0x38, 0xe7, 0x38, 0xe7, 0x38, 0xe7, 0x38, 0xe7, 0x38, 0xe7, 0x38, 0xe7, 0x38, 0xe7, 0x38,
    0xe7, 0x38, 0xe7, 0x38, 0xe7, 0x38, 0xe7, 0x38, 0xe7, 0x38, 0xe7, 0x38, 0xe7, 0x38, 0xe7, 0x38,
    0xe7, 0x38, 0xe7, 0x38, 0xe7, 0x38, 0xe7, 0x38, 0xe7, 0x38, 0xe7, 0x38, 0xe7, 0x38, 0xe7, 0x38,
    0xe7, 0x38, 0xe7, 0x38, 0xe7, 0x38, 0xe7, 0x38, 0xe7, 0x38, 0xe7, 0x38, 0xe7, 0x38, 0xe7, 0x38,
    0xe7, 0x38, 0xe7, 0x38, 0xe7, 0x38, 0xe7, 0x38, 0xe7, 0x38, 0xe7, 0x38, 0xe7, 0x38, 0xe7, 0x38,
    0xe7, 0x38, 0xe7, 0x38, 0xe7, 0x38, 0xe7, 0x38, 0xe7, 0x38, 0xe7, 0x38, 0xe7, 0x38, 0xe7, 0x38,
    0x07, 0x39, 0xe7, 0x38, 0xe7, 0x38, 0xe7, 0x30, 0xe7, 0x30, 0xe7, 0x38, 0xe7, 0x38, 0xe7, 0x38,
    0xc6, 0x30, 0xe6, 0x30, 0xe6, 0x30, 0xe6, 0x38, 0xe7, 0x30, 0xc5, 0x28, 0xe6, 0x28, 0xe6, 0x30,
    0xe6, 0x30, 0xe6, 0x30, 0xe6, 0x30, 0xe6, 0x30, 0xe6, 0x30, 0xc6, 0x30, 0xe7, 0x38, 0xe7, 0x38,
    0xe7, 0x38, 0x07, 0x41, 0xe7, 0x40, 0x08, 0x41, 0x09, 0x49, 0xf3, 0x99, 0x3f, 0xfb, 0x1f, 0xfb,
    0x5f, 0xfb, 0x1f, 0xfb, 0xd1, 0x89, 0x2a, 0x49, 0x4a, 0x49, 0x2a, 0x49, 0x2a, 0x49, 0x2a, 0x49,
    0x2a, 0x49, 0x2a, 0x49, 0x2a, 0x49, 0x2a, 0x51, 0x4a, 0x49, 0x09, 0x51, 0x2a, 0x51, 0x78, 0xc2,
    0x5f, 0xfb, 0x1f, 0xfb, 0x5f, 0xfb, 0xfd, 0xe2, 0x4b, 0x59, 0x08, 0x41, 0x07, 0x41, 0xe7, 0x38,
    0xe7, 0x38, 0xc6, 0x30, 0xe6, 0x30, 0xe5, 0x28, 0xc5, 0x28, 0xa4, 0x28, 0xa4, 0x20, 0xa4, 0x20,
    0xa4, 0x20, 0xa3, 0x18, 0xa3, 0x18, 0x83, 0x10, 0x82, 0x10, 0x82, 0x18, 0x82, 0x10, 0x82, 0x10,
    0x82, 0x10, 0x82, 0x10, 0x82, 0x10, 0x61, 0x08, 0x82, 0x10, 0x82, 0x10, 0x82, 0x10, 0x82, 0x10,
    0x82, 0x10, 0x82, 0x10, 0x82, 0x10, 0x82, 0x10, 0x82, 0x10, 0x82, 0x10, 0x82, 0x10, 0x82, 0x10,
    0x82, 0x10, 0x82, 0x10, 0x82, 0x10, 0x82, 0x10, 0x82, 0x10, 0x82, 0x18, 0x83, 0x10, 0x83, 0x10,
    0x83, 0x18, 0x83, 0x18, 0xa4, 0x18, 0xa4, 0x20, 0xa4, 0x20, 0xc4, 0x20, 0xc5, 0x28, 0xc5, 0x28,
    0xc5, 0x30, 0xc6, 0x30, 0xe7, 0x38, 0xe7, 0x38, 0x07, 0x41, 0x07, 0x41, 0x08, 0x41, 0x77, 0xba,
    0x3f, 0xfb, 0x1f, 0xfb, 0x1f, 0xfb, 0xfe, 0xfa, 0x6c, 0x61, 0x2a, 0x49, 0x2a, 0x51, 0x2a, 0x49,
    0x2a, 0x49, 0x2a, 0x49, 0x2a, 0x49, 0x2a, 0x49, 0x4a, 0x49, 0x4a, 0x49, 0x4a, 0x49, 0x4a, 0x51,
    0x4c, 0x61, 0xba, 0xd2, 0x5f, 0xfb, 0x1f, 0xfb, 0x1f, 0xfb, 0xfc, 0xda, 0x6d, 0x61, 0x0a, 0x49,
    0x0a, 0x49, 0x29, 0x49, 0x29, 0x49, 0x29, 0x49, 0x29, 0x49, 0x29, 0x49, 0x29, 0x49, 0x09, 0x49,
    0x09, 0x49, 0x29, 0x49, 0x29, 0x49, 0x2a, 0x49, 0xf1, 0x91, 0x1f, 0xfb, 0x1f, 0xfb, 0x5f, 0xfb,
    0x5f, 0xfb, 0xdd, 0xe2, 0x6b, 0x61, 0x28, 0x49, 0x09, 0x49, 0x08, 0x41, 0x09, 0x49, 0x08, 0x49,
    0x08, 0x41, 0x08, 0x41, 0x08, 0x41, 0x07, 0x41, 0xe7, 0x38, 0x08, 0x39, 0x08, 0x39, 0x08, 0x39,
    0xe7, 0x38, 0xe7, 0x38, 0xe7, 0x38, 0xe7, 0x38, 0xe6, 0x30, 0xe6, 0x30, 0xe6, 0x30, 0xe6, 0x30,
    0xe6, 0x30, 0xe6, 0x30, 0xe6, 0x30, 0xe6, 0x30, 0xe6, 0x30, 0xe6, 0x30, 0xe6, 0x30, 0xe6, 0x30,
    0xe6, 0x30, 0xe6, 0x30, 0xe6, 0x30, 0xe6, 0x30, 0xe6, 0x30, 0xe6, 0x30, 0xe6, 0x30, 0xe6, 0x30,
    0xe6, 0x30, 0xe6, 0x30, 0xe6, 0x30, 0xe6, 0x30, 0xe6, 0x30, 0xe6, 0x30, 0xe6, 0x30, 0xe6, 0x30,
    0xe6, 0x30, 0xe6, 0x30, 0xe6, 0x30, 0xe6, 0x30, 0xe6, 0x30, 0xe6, 0x30, 0xe6, 0x30, 0xe6, 0x30,
    0xe6, 0x30, 0xe6, 0x30, 0xe6, 0x30, 0xe6, 0x30, 0xe6, 0x30, 0xe6, 0x30, 0xe6, 0x30, 0xe6, 0x30,
    0xe6, 0x30, 0xe6, 0x30, 0xe6, 0x30, 0xe6, 0x30, 0xe6, 0x30, 0xe6, 0x30, 0xe6, 0x30, 0xe6, 0x30,
    0xe6, 0x30, 0xe6, 0x30, 0xe6, 0x30, 0xe6, 0x30, 0xe6, 0x30, 0xe6, 0x30, 0xe6, 0x30, 0xe6, 0x30,
    0xe6, 0x30, 0xe6, 0x30, 0xe6, 0x30, 0xe6, 0x30, 0xe6, 0x30, 0xc6, 0x30, 0xe7, 0x38, 0xe7, 0x38,
    0xe7, 0x38, 0xc6, 0x30, 0xe6, 0x30, 0xe6, 0x30, 0xe6, 0x30, 0xe6, 0x30, 0xe6, 0x30, 0xe6, 0x30,
    0xe6, 0x30, 0xe6, 0x30, 0xe6, 0x28, 0xe6, 0x30, 0xe5, 0x28, 0x06, 0x31, 0xc5, 0x30, 0xc5, 0x30,
    0xe6, 0x30, 0xe6, 0x30, 0xe6, 0x30, 0xe6, 0x30, 0xe6, 0x30, 0xc6, 0x30, 0xe7, 0x38, 0xe7, 0x38,
    0xe7, 0x38, 0x07, 0x41, 0x08, 0x41, 0xe8, 0x40, 0x09, 0x49, 0xf3, 0x99, 0x3f, 0xfb, 0x1f, 0xfb,
    0x5f, 0xfb, 0x1f, 0xfb, 0xd1, 0x89, 0x2a, 0x49, 0x4a, 0x49, 0x2a, 0x49, 0x2a, 0x49, 0x2a, 0x49,
    0x2a, 0x49, 0x2a, 0x49, 0x2a, 0x49, 0x2a, 0x51, 0x4a, 0x49, 0x09, 0x51, 0x2a, 0x51, 0x78, 0xc2,
    0x5f, 0xfb, 0x1f, 0xfb, 0x5f, 0xfb, 0xfd, 0xe2, 0x4b, 0x59, 0x08, 0x41, 0x07, 0x41, 0xe7, 0x38,
    0xe7, 0x38, 0xc6, 0x30, 0xe6, 0x30, 0xe5, 0x28, 0xc5, 0x28, 0xa4, 0x28, 0xa4, 0x20, 0xa4, 0x20,
    0xa4, 0x20, 0xa3, 0x18, 0xa3, 0x18, 0x83, 0x10, 0x82, 0x10, 0x82, 0x18, 0x82, 0x10, 0x82, 0x10,
    0x82, 0x10, 0x82, 0x10, 0x82, 0x10, 0x61, 0x08, 0x82, 0x10, 0x82, 0x10, 0x82, 0x10, 0x82, 0x10,
    0x82, 0x10, 0x82, 0x10, 0x82, 0x10, 0x82, 0x10, 0x82, 0x10, 0x82, 0x10, 0x82, 0x10, 0x82, 0x10,
    0x82, 0x10, 0x82, 0x10, 0x82, 0x10, 0x82, 0x10, 0x82, 0x10, 0x82, 0x18, 0x83, 0x10, 0x83, 0x10,
    0x83, 0x18, 0x83, 0x18, 0xa4, 0x18, 0xa4, 0x20, 0xa4, 0x20, 0xc4, 0x20, 0xc5, 0x28, 0xc5, 0x28,
    0xc5, 0x30, 0xc6, 0x30, 0xe7, 0x38, 0xe7, 0x38, 0x07, 0x41, 0x07, 0x41, 0x08, 0x41, 0x77, 0xba,
    0x3f, 0xfb, 0x1f, 0xfb, 0x1f, 0xfb, 0xfe, 0xfa, 0x6c, 0x61, 0x2a, 0x49, 0x2a, 0x51, 0x2a, 0x49,
    0x4a, 0x49, 0x4a, 0x49, 0x2a, 0x49, 0x2a, 0x49, 0x4a, 0x49, 0x4a, 0x49, 0x2a, 0x51, 0x2a, 0x51,
    0x6c, 0x59, 0xba, 0xd2, 0x1f, 0xfb, 0x1f, 0xfb, 0x1f, 0xfb, 0xdc, 0xe2, 0x6c, 0x61, 0x2a, 0x51,
    0x2a, 0x51, 0x2a, 0x49, 0x2a, 0x49, 0x2a, 0x49, 0x0a, 0x49, 0x2a, 0x49, 0x2a, 0x49, 0x2a, 0x49,
    0x29, 0x49, 0x09, 0x49, 0x29, 0x49, 0x6c, 0x59, 0x9a, 0xd2, 0x5f, 0xfb, 0x1f, 0xfb, 0xff, 0xfa,
    0x1f, 0xfb, 0xf3, 0x99, 0x09, 0x49, 0x09, 0x49, 0x28, 0x41, 0x28, 0x41, 0x08, 0x41, 0x08, 0x41,
    0x08, 0x41, 0x08, 0x41, 0xe8, 0x38, 0xe7, 0x38, 0xe7, 0x38, 0xe7, 0x38, 0xe7, 0x38, 0xe7, 0x38,
    0xe6, 0x30, 0xe6, 0x30, 0xe6, 0x30, 0xe6, 0x30, 0xe6, 0x30, 0xe6, 0x30, 0xe6, 0x30, 0xe6, 0x30,
    0xe6, 0x30, 0xe6, 0x30, 0xe6, 0x30, 0xe6, 0x30, 0xe6, 0x30, 0xe6, 0x30, 0xe6, 0x30, 0xe6, 0x30,
    0xe6, 0x30, 0xe6, 0x30, 0xe6, 0x30, 0xe6, 0x30, 0xe6, 0x30, 0xe6, 0x30, 0xe6, 0x30, 0xe6, 0x30,
    0xe6, 0x30, 0xe6, 0x30, 0xe6, 0x30, 0xe6, 0x30, 0xe6, 0x30, 0xe6, 0x30, 0xe6, 0x30, 0xe6, 0x30,
    0xe6, 0x30, 0xe6, 0x30, 0xe6, 0x30, 0xe6, 0x30, 0xe6, 0x30, 0xe6, 0x30, 0xe6, 0x30, 0xe6, 0x30,
    0xe6, 0x30, 0xe6, 0x30, 0xe6, 0x30, 0xe6, 0x30, 0xe6, 0x30, 0xe6, 0x30, 0xe6, 0x30, 0xe6, 0x30,
    0xe6, 0x30, 0xe6, 0x30, 0xe6, 0x30, 0xe6, 0x30, 0xe6, 0x30, 0xe6, 0x30, 0xe6, 0x30, 0xe6, 0x30,
    0xe6, 0x30, 0xe6, 0x30, 0xe6, 0x30, 0xe6, 0x30, 0xe6, 0x30, 0xe6, 0x30, 0xe6, 0x30, 0xe6, 0x30,
    0xe6, 0x30, 0xe6, 0x30, 0xe6, 0x30, 0xe6, 0x30, 0xe6, 0x30, 0xe6, 0x30, 0xe6, 0x30, 0xe6, 0x30,
    0xe6, 0x30, 0xe6, 0x30, 0xe6, 0x30, 0xe6, 0x30, 0xe6, 0x30, 0xe6, 0x30, 0xc5, 0x30, 0xc5, 0x30,
    0xc5, 0x30, 0xc6, 0x30, 0xe5, 0x28, 0xe5, 0x28, 0xc6, 0x30, 0xc5, 0x28, 0xc5, 0x28, 0xc5, 0x28,
    0xc5, 0x28, 0xc5, 0x28, 0xc5, 0x30, 0xc5, 0x30, 0xe6, 0x30, 0xe6, 0x30, 0xe6, 0x30, 0xe7, 0x38,
    0xe7, 0x38, 0x07, 0x39, 0x08, 0x41, 0x08, 0x41, 0x28, 0x41, 0xf3, 0x99, 0x1f, 0xfb, 0x1f, 0xfb,
    0x5f, 0xfb, 0x1f, 0xfb, 0xd1, 0x89, 0x2a, 0x49, 0x2a, 0x49, 0x2a, 0x49, 0x2a, 0x49, 0x2a, 0x49,
    0x2a, 0x49, 0x2a, 0x49, 0x2a, 0x49, 0x2a, 0x51, 0x4a, 0x49, 0x09, 0x51, 0x2a, 0x51, 0x78, 0xc2,
    0x5f, 0xfb, 0x1f, 0xfb, 0x5f, 0xfb, 0xfd, 0xe2, 0x4b, 0x59, 0x08, 0x41, 0x07, 0x41, 0xe7, 0x38,
    0xe7, 0x38, 0xc6, 0x30, 0xe6, 0x30, 0xe5, 0x28, 0xc5, 0x28, 0xa4, 0x28, 0xa4, 0x20, 0xa4, 0x20,
    0xa4, 0x20, 0xa3, 0x18, 0xa3, 0x18, 0x83, 0x10, 0x82, 0x10, 0x82, 0x18, 0x82, 0x10, 0x82, 0x10,
    0x82, 0x10, 0x82, 0x10, 0x82, 0x10, 0x61, 0x08, 0x82, 0x10, 0x82, 0x10, 0x82, 0x10, 0x82, 0x10,
    0x82, 0x10, 0x82, 0x10, 0x82, 0x10, 0x82, 0x10, 0x82, 0x10, 0x82, 0x10, 0x82, 0x10, 0x82, 0x10,
    0x82, 0x10, 0x82, 0x10, 0x82, 0x10, 0x82, 0x10, 0x82, 0x10, 0x82, 0x18, 0x83, 0x10, 0x83, 0x10,
    0x83, 0x18, 0x83, 0x18, 0xa4, 0x18, 0xa4, 0x20, 0xa4, 0x20, 0xc4, 0x20, 0xc5, 0x28, 0xc5, 0x28,
    0xc5, 0x30, 0xc6, 0x30, 0xe7, 0x38, 0xe7, 0x38, 0x07, 0x41, 0x07, 0x41, 0x08, 0x41, 0x77, 0xba,
    0x3f, 0xfb, 0x1f, 0xfb, 0x1f, 0xfb, 0xfe, 0xfa, 0x6c, 0x61, 0x2a, 0x49, 0x2a, 0x51, 0x2a, 0x49,
    0x4a, 0x49, 0x4a, 0x49, 0x4a, 0x49, 0x2a, 0x49, 0x4a, 0x49, 0x4a, 0x49, 0x2a, 0x51, 0x2a, 0x51,
    0x4c, 0x61, 0xba, 0xd2, 0x1f, 0xfb, 0x1f, 0xfb, 0x1f, 0xfb, 0xdc, 0xe2, 0x6c, 0x61, 0x4a, 0x51,
    0x2a, 0x51, 0x2a, 0x51, 0x2a, 0x49, 0x2a, 0x49, 0x2a, 0x49, 0x2a, 0x49, 0x0a, 0x49, 0x2a, 0x49,
    0x2a, 0x49, 0x0a, 0x49, 0x09, 0x49, 0xd1, 0x89, 0x3e, 0xf3, 0x5f, 0xfb, 0xff, 0xfa, 0x1f, 0xfb,
    0xdb, 0xe2, 0x2a, 0x51, 0x09, 0x49, 0x09, 0x49, 0x28, 0x41, 0x08, 0x41, 0x08, 0x41, 0x08, 0x41,
    0x07, 0x41, 0x07, 0x39, 0xe7, 0x38, 0xe7, 0x38, 0xe7, 0x38, 0xe6, 0x30, 0xe6, 0x30, 0xe6, 0x30,
    0xe6, 0x30, 0xe6, 0x30, 0xe6, 0x30, 0xe6, 0x30, 0xe6, 0x30, 0xe6, 0x30, 0xe6, 0x30, 0xe6, 0x30,
    0xe6, 0x30, 0xe6, 0x30, 0xe6, 0x30, 0xe6, 0x30, 0xe6, 0x30, 0xe6, 0x30, 0xe6, 0x30, 0xe6, 0x30,
    0xe6, 0x30, 0xe6, 0x30, 0xe6, 0x30, 0xe6, 0x30, 0xe6, 0x30, 0xe6, 0x30, 0xe6, 0x30, 0xe6, 0x30,
    0xe6, 0x30, 0xe6, 0x30, 0xe6, 0x30, 0xe6, 0x30, 0xe6, 0x30, 0xe6, 0x30, 0xe6, 0x30, 0xe6, 0x30,
    0xe6, 0x30, 0xe6, 0x30, 0xe6, 0x30, 0xe6, 0x30, 0xe6, 0x30, 0xe6, 0x30, 0xe6, 0x30, 0xe6, 0x30,
    0xe6, 0x30, 0xe6, 0x30, 0xe6, 0x30, 0xe6, 0x30, 0xe6, 0x30, 0xe6, 0x30, 0xe6, 0x30, 0xe6, 0x30,
    0xe6, 0x30, 0xe6, 0x30, 0xe6, 0x30, 0xe6, 0x30, 0xe6, 0x30, 0xe6, 0x30, 0xe6, 0x30, 0xe6, 0x30,
    0xe6, 0x30, 0xe6, 0x30, 0xe6, 0x30, 0xe6, 0x30, 0xe6, 0x30, 0xe6, 0x30, 0xe6, 0x30, 0xe6, 0x30,
    0xe6, 0x30, 0xe6, 0x30, 0xe6, 0x30, 0xe6, 0x30, 0xe6, 0x30, 0xe6, 0x30, 0xe6, 0x30, 0xe6, 0x30,
    0xe6, 0x30, 0xc5, 0x30, 0xc5, 0x30, 0xc5, 0x30, 0xc5, 0x30, 0xc5, 0x30, 0xc5, 0x28, 0xc5, 0x28,
    0xc5, 0x28, 0xc5, 0x28, 0xc5, 0x28, 0xc5, 0x28, 0xc5, 0x28, 0xc5, 0x28, 0xc5, 0x28, 0xc5, 0x28,
    0xc5, 0x28, 0xa5, 0x28, 0xc5, 0x28, 0xc5, 0x28, 0xc5, 0x30, 0xe6, 0x30, 0xe6, 0x30, 0xe7, 0x38,
    0xe7, 0x38, 0xe7, 0x38, 0x08, 0x41, 0x08, 0x41, 0x28, 0x41, 0xf3, 0x99, 0x1f, 0xfb, 0x1f, 0xfb,
    0x1f, 0xfb, 0x1f, 0xfb, 0xd1, 0x89, 0x2a, 0x49, 0x2a, 0x49, 0x2a, 0x49, 0x2a, 0x49, 0x2a, 0x49,
    0x2a, 0x49, 0x2a, 0x49, 0x2a, 0x49, 0x2a, 0x51, 0x4a, 0x49, 0x09, 0x51, 0x2a, 0x51, 0x78, 0xc2,
    0x5f, 0xfb, 0x1f, 0xfb, 0x5f, 0xfb, 0xfd, 0xe2, 0x4b, 0x59, 0x08, 0x41, 0x07, 0x41, 0xe7, 0x38,
    0xe7, 0x38, 0xc6, 0x30, 0xe6, 0x30, 0xe5, 0x28, 0xc5, 0x28, 0xa4, 0x28, 0xa4, 0x20, 0xa4, 0x20,
    0xa4, 0x20, 0xa3, 0x18, 0xa3, 0x18, 0x83, 0x10, 0x82, 0x10, 0x82, 0x18, 0x82, 0x10, 0x82, 0x10,
    0x82, 0x10, 0x82, 0x10, 0x82, 0x10, 0x61, 0x08, 0x82, 0x10, 0x82, 0x10, 0x82, 0x10, 0x82, 0x10,
    0x82, 0x10, 0x82, 0x10, 0x82, 0x10, 0x82, 0x10, 0x82, 0x10, 0x82, 0x10, 0x82, 0x10, 0x82, 0x10,
    0x82, 0x10, 0x82, 0x10, 0x82, 0x10, 0x82, 0x10, 0x82, 0x10, 0x82, 0x18, 0x83, 0x10, 0x83, 0x10,
    0x83, 0x18, 0x83, 0x18, 0xa4, 0x18, 0xa4, 0x20, 0xa4, 0x20, 0xc4, 0x20, 0xc5, 0x28, 0xc5, 0x28,
    0xc5, 0x30, 0xc6, 0x30, 0xe7, 0x38, 0xe7, 0x38, 0x07, 0x41, 0x07, 0x41, 0x08, 0x41, 0x77, 0xba,
    0x3f, 0xfb, 0x1f, 0xfb, 0x1f, 0xfb, 0xfe, 0xfa, 0x6c, 0x61, 0x2a, 0x49, 0x2a, 0x51, 0x2a, 0x49,
    0x2a, 0x49, 0x4a, 0x49, 0x4a, 0x49, 0x4a, 0x49, 0x4a, 0x49, 0x4a, 0x49, 0x2a, 0x49, 0x2a, 0x51,
    0x4c, 0x61, 0xba, 0xd2, 0x1f, 0xfb, 0x1f, 0xfb, 0x1f, 0xfb, 0xdc, 0xe2, 0x6c, 0x61, 0x4a, 0x51,
    0x4a, 0x51, 0x2a, 0x51, 0x4a, 0x51, 0x2a, 0x51, 0x2a, 0x51, 0x2a, 0x51, 0x2a, 0x51, 0x29, 0x51,
    0x09, 0x51, 0x2a, 0x49, 0x2a, 0x51, 0x99, 0xca, 0x5f, 0xfb, 0x5f, 0xfb, 0x1f, 0xfb, 0x1f, 0xfb,
    0x13, 0xa2, 0x28, 0x49, 0x08, 0x41, 0x28, 0x41, 0x08, 0x41, 0x08, 0x41, 0x07, 0x39, 0x07, 0x39,
    0xe7, 0x38, 0xe7, 0x38, 0xe7, 0x38, 0xc6, 0x30, 0xc6, 0x30, 0xe6, 0x30, 0xe6, 0x30, 0xe6, 0x30,
    0xe6, 0x28, 0xe5, 0x28, 0xc5, 0x30, 0xc5, 0x30, 0xc5, 0x30, 0xc5, 0x30, 0xc5, 0x30, 0xc5, 0x30,
    0xe5, 0x28, 0xe5, 0x28, 0xe5, 0x28, 0xe5, 0x28, 0xe5, 0x28, 0xe5, 0x28, 0xe5, 0x28, 0xe5, 0x28,
    0xe5, 0x28, 0xe5, 0x28, 0xe5, 0x28, 0xe5, 0x28, 0xe5, 0x28, 0xe5, 0x28, 0xe5, 0x28, 0xe5, 0x28,
    0xe5, 0x28, 0xe5, 0x28, 0xe5, 0x28, 0xe5, 0x28, 0xe5, 0x28, 0xe5, 0x28, 0xe5, 0x28, 0xe5, 0x28,
    0xe5, 0x28, 0xe5, 0x28, 0xe5, 0x28, 0xe5, 0x28, 0xe5, 0x28, 0xe5, 0x28, 0xe5, 0x28, 0xe5, 0x28,
    0xe5, 0x28, 0xe5, 0x28, 0xe5, 0x28, 0xe5, 0x28, 0xe5, 0x28, 0xe5, 0x28, 0xe5, 0x28, 0xe5, 0x28,
    0xe5, 0x28, 0xe5, 0x28, 0xe5, 0x28, 0xe5, 0x28, 0xe5, 0x28, 0xe5, 0x28, 0xe5, 0x28, 0xe5, 0x28,
    0xe5, 0x28, 0xe5, 0x28, 0xe5, 0x28, 0xe5, 0x28, 0xe5, 0x28, 0xe5, 0x28, 0xe5, 0x28, 0xe5, 0x28,
    0xe5, 0x28, 0xe5, 0x28, 0xe5, 0x28, 0xe5, 0x28, 0xe5, 0x28, 0xe5, 0x28, 0xe5, 0x28, 0xc5, 0x28,
    0xc5, 0x28, 0xc5, 0x28, 0xc5, 0x28, 0xc5, 0x28, 0xc5, 0x28, 0xc5, 0x28, 0xc5, 0x28, 0xc5, 0x28,
    0xc5, 0x28, 0xc5, 0x28, 0xc5, 0x28, 0xc5, 0x28, 0xc5, 0x28, 0xc5, 0x28, 0xa5, 0x20, 0xa5, 0x20,
    0xc5, 0x28, 0xc5, 0x28, 0xc5, 0x28, 0xa5, 0x28, 0xe5, 0x28, 0xc5, 0x30, 0xe6, 0x30, 0xe6, 0x30,
    0xe7, 0x38, 0xe7, 0x38, 0x08, 0x41, 0x08, 0x41, 0x28, 0x41, 0xf3, 0x99, 0x1f, 0xfb, 0x1f, 0xfb,
    0x1f, 0xfb, 0x1f, 0xfb, 0xd1, 0x89, 0x2a, 0x49, 0x2a, 0x49, 0x2a, 0x49, 0x2a, 0x49, 0x2a, 0x49,
    0x2a, 0x49, 0x2a, 0x49, 0x2a, 0x49, 0x2a, 0x51, 0x4a, 0x49, 0x09, 0x51, 0x2a, 0x51, 0x78, 0xc2,
    0x5f, 0xfb, 0x1f, 0xfb, 0x5f, 0xfb, 0xfd, 0xe2, 0x4b, 0x59, 0x08, 0x41, 0x07, 0x41, 0xe7, 0x38,
    0xe7, 0x38, 0xc6, 0x30, 0xe6, 0x30, 0xe5, 0x28, 0xc5, 0x28, 0xa4, 0x28, 0xa4, 0x20, 0xa4, 0x20,
    0xa4, 0x20, 0xa3, 0x18, 0xa3, 0x18, 0x83, 0x10, 0x82, 0x10, 0x82, 0x18, 0x82, 0x10, 0x82, 0x10,
    0x82, 0x10, 0x82, 0x10, 0x82, 0x10, 0x61, 0x08, 0x82, 0x10, 0x82, 0x10, 0x82, 0x10, 0x82, 0x10,
    0x82, 0x10, 0x82, 0x10, 0x82, 0x10, 0x82, 0x10, 0x82, 0x10, 0x82, 0x10, 0x82, 0x10, 0x82, 0x10,
    0x82, 0x10, 0x82, 0x10, 0x82, 0x10, 0x82, 0x10, 0x82, 0x10, 0x82, 0x18, 0x83, 0x10, 0x83, 0x10,
    0x83, 0x18, 0x83, 0x18, 0xa4, 0x18, 0xa4, 0x20, 0xa4, 0x20, 0xc4, 0x20, 0xc5, 0x28, 0xc5, 0x28,
    0xc5, 0x30, 0xc6, 0x30, 0xe7, 0x38, 0xe7, 0x38, 0x07, 0x41, 0x07, 0x41, 0x08, 0x41, 0x77, 0xba,
    0x3f, 0xfb, 0x1f, 0xfb, 0x1f, 0xfb, 0xfe, 0xfa, 0x6c, 0x61, 0x2a, 0x49, 0x2a, 0x51, 0x2a, 0x49,
    0x2a, 0x49, 0x2a, 0x49, 0x4a, 0x49, 0x4a, 0x49, 0x4a, 0x49, 0x4a, 0x49, 0x2a, 0x49, 0x2a, 0x51,
    0x6c, 0x59, 0xba, 0xd2, 0x1f, 0xfb, 0x1f, 0xfb, 0x1f, 0xfb, 0xdc, 0xe2, 0x6c, 0x61, 0x4a, 0x51,
    0x4a, 0x51, 0x4a, 0x51, 0x4a, 0x51, 0x2a, 0x51, 0x2a, 0x51, 0x2a, 0x51, 0x4a, 0x49, 0x2a, 0x51,
    0x4a, 0x51, 0x4a, 0x49, 0xb0, 0x79, 0xfe, 0xfa, 0x3f, 0xfb, 0x5f, 0xfb, 0x1f, 0xfb, 0xfd, 0xea,
    0x6c, 0x61, 0x09, 0x49, 0x08, 0x41, 0x08, 0x41, 0x08, 0x41, 0x07, 0x39, 0x07, 0x39, 0xe7, 0x38,
    0xe6, 0x30, 0xe6, 0x30, 0xe6, 0x30, 0xe6, 0x30, 0xe6, 0x30, 0xc5, 0x30, 0xc5, 0x30, 0xe5, 0x28,
    0xe5, 0x28, 0xc5, 0x28, 0xc5, 0x28, 0xc5, 0x28, 0xc5, 0x28, 0xc5, 0x28, 0xc5, 0x28, 0xc5, 0x28,
    0xc5, 0x28, 0xc5, 0x28, 0xc5, 0x28, 0xc5, 0x28, 0xc5, 0x28, 0xc5, 0x28, 0xc5, 0x28, 0xc5, 0x28,
    0xc5, 0x28, 0xc5, 0x28, 0xc5, 0x28, 0xc5, 0x28, 0xc5, 0x28, 0xc5, 0x28, 0xc5, 0x28, 0xc5, 0x28,
    0xc5, 0x28, 0xc5, 0x28, 0xc5, 0x28, 0xc5, 0x28, 0xc5, 0x28, 0xc5, 0x28, 0xc5, 0x28, 0xc5, 0x28,
    0xc5, 0x28, 0xc5, 0x28, 0xc5, 0x28, 0xc5, 0x28, 0xc5, 0x28, 0xc5, 0x28, 0xc5, 0x28, 0xc5, 0x28,
    0xc5, 0x28, 0xc5, 0x28, 0xc5, 0x28, 0xc5, 0x28, 0xc5, 0x28, 0xc5, 0x28, 0xc5, 0x28, 0xc5, 0x28,
    0xc5, 0x28, 0xc5, 0x28, 0xc5, 0x28, 0xc5, 0x28, 0xc5, 0x28, 0xc5, 0x28, 0xc5, 0x28, 0xc5, 0x28,
    0xc5, 0x28, 0xc5, 0x28, 0xc5, 0x28, 0xc5, 0x28, 0xc5, 0x28, 0xc5, 0x28, 0xc5, 0x28, 0xc5, 0x28,
    0xc5, 0x28, 0xc5, 0x28, 0xc5, 0x28, 0xc5, 0x28, 0xc5, 0x28, 0xc5, 0x28, 0xc5, 0x28, 0xc5, 0x28,
    0xc5, 0x28, 0xc5, 0x28, 0xc5, 0x28, 0xa5, 0x20, 0xa4, 0x28, 0xa4, 0x20, 0xa4, 0x20, 0xa4, 0x20,
    0xa4, 0x20, 0xc4, 0x20, 0xc4, 0x20, 0xa4, 0x20, 0xa4, 0x20, 0xa4, 0x20, 0xa4, 0x20, 0xa4, 0x20,
    0xa4, 0x20, 0xa5, 0x20, 0xc5, 0x28, 0xc5, 0x28, 0xe5, 0x28, 0xe5, 0x28, 0xe6, 0x30, 0xe6, 0x30,
    0xe7, 0x38, 0xe7, 0x38, 0x08, 0x41, 0x08, 0x41, 0x28, 0x41, 0xf3, 0x99, 0x1f, 0xfb, 0x1f, 0xfb,
    0x1f, 0xfb, 0x1f, 0xfb, 0xd1, 0x89, 0x2a, 0x49, 0x2a, 0x49, 0x2a, 0x49, 0x2a, 0x49, 0x2a, 0x49,
    0x2a, 0x49, 0x2a, 0x49, 0x2a, 0x49, 0x2a, 0x51, 0x4a, 0x49, 0x09, 0x51, 0x2a, 0x51, 0x78, 0xc2,
    0x5f, 0xfb, 0x1f, 0xfb, 0x5f, 0xfb, 0xfd, 0xe2, 0x4b, 0x59, 0x08, 0x41, 0x07, 0x41, 0xe7, 0x38,
    0xe7, 0x38, 0xc6, 0x30, 0xe6, 0x30, 0xe5, 0x28, 0xc5, 0x28, 0xa4, 0x28, 0xa4, 0x20, 0xa4, 0x20,
    0xa4, 0x20, 0xa3, 0x18, 0xa3, 0x18, 0x83, 0x10, 0x82, 0x10, 0x82, 0x18, 0x82, 0x10, 0x82, 0x10,
    0x82, 0x10, 0x82, 0x10, 0x82, 0x10, 0x61, 0x08, 0x82, 0x10, 0x82, 0x10, 0x82, 0x10, 0x82, 0x10,
    0x82, 0x10, 0x82, 0x10, 0x82, 0x10, 0x82, 0x10, 0x82, 0x10, 0x82, 0x10, 0x82, 0x10, 0x82, 0x10,
    0x82, 0x10, 0x82, 0x10, 0x82, 0x10, 0x82, 0x10, 0x82, 0x10, 0x82, 0x18, 0x83, 0x10, 0x83, 0x10,
    0x83, 0x18, 0x83, 0x18, 0xa4, 0x18, 0xa4, 0x20, 0xa4, 0x20, 0xc4, 0x20, 0xc5, 0x28, 0xc5, 0x28,
    0xc5, 0x30, 0xc6, 0x30, 0xe7, 0x38, 0xe7, 0x38, 0x07, 0x41, 0x07, 0x41, 0x08, 0x41, 0x77, 0xba,
    0x3f, 0xfb, 0x1f, 0xfb, 0x1f, 0xfb, 0xfe, 0xfa, 0x6c, 0x61, 0x2a, 0x49, 0x2a, 0x51, 0x2a, 0x49,
    0x2a, 0x49, 0x2a, 0x49, 0x4a, 0x49, 0x4a, 0x49, 0x4a, 0x49, 0x4a, 0x49, 0x2a, 0x49, 0x2a, 0x51,
    0x6c, 0x59, 0xba, 0xd2, 0x1f, 0xfb, 0x1f, 0xfb, 0x1f, 0xfb, 0xdc, 0xe2, 0x6c, 0x61, 0x4a, 0x51,
    0x4a, 0x51, 0x4a, 0x51, 0x4a, 0x51, 0x4a, 0x51, 0x4a, 0x51, 0x2a, 0x51, 0x2a, 0x51, 0x2a, 0x51,
    0x2a, 0x49, 0x6c, 0x59, 0x99, 0xc2, 0x3f, 0xfb, 0x5f, 0xfb, 0x1f, 0xfb, 0x1f, 0xfb, 0x35, 0xaa,
    0x09, 0x49, 0x09, 0x49, 0x08, 0x41, 0x08, 0x41, 0x08, 0x41, 0xe7, 0x38, 0xe7, 0x38, 0xe7, 0x38,
    0xe6, 0x30, 0xe6, 0x30, 0xe6, 0x30, 0xc5, 0x30, 0xc5, 0x30, 0xc5, 0x28, 0xc5, 0x28, 0xc5, 0x28,
    0xc5, 0x28, 0xc5, 0x28, 0xc5, 0x28, 0xc5, 0x28, 0xc5, 0x28, 0xc5, 0x28, 0xc5, 0x28, 0xc5, 0x28,
    0xa4, 0x28, 0xa4, 0x28, 0xa4, 0x28, 0xa4, 0x28, 0xa4, 0x28, 0xa4, 0x28, 0xa4, 0x28, 0xa4, 0x28,
    0xa4, 0x28, 0xa4, 0x28, 0xa4, 0x28, 0xa4, 0x28, 0xa4, 0x28, 0xa4, 0x28, 0xa4, 0x28, 0xa4, 0x28,
    0xa4, 0x28, 0xa4, 0x28, 0xa4, 0x28, 0xa4, 0x28, 0xa4, 0x28, 0xa4, 0x28, 0xa4, 0x28, 0xa4, 0x28,
    0xa4, 0x28, 0xa4, 0x28, 0xa4, 0x28, 0xa4, 0x28, 0xa4, 0x28, 0xa4, 0x28, 0xa4, 0x28, 0xa4, 0x28,
    0xa4, 0x28, 0xa4, 0x28, 0xa4, 0x28, 0xa4, 0x28, 0xa4, 0x28, 0xa4, 0x28, 0xa4, 0x28, 0xa4, 0x28,
    0xa4, 0x28, 0xa4, 0x28, 0xa4, 0x28, 0xa4, 0x28, 0xa4, 0x28, 0xa4, 0x28, 0xa4, 0x28, 0xa4, 0x28,
    0xa4, 0x28, 0xa4, 0x28, 0xa4, 0x28, 0xa4, 0x28, 0xa4, 0x28, 0xa4, 0x28, 0xa4, 0x28, 0xa4, 0x28,
    0xa4, 0x28, 0xa4, 0x28, 0xa4, 0x28, 0xa4, 0x28, 0xa4, 0x28, 0xa4, 0x28, 0xa4, 0x28, 0xa4, 0x28,
    0xa4, 0x28, 0xa4, 0x20, 0xa4, 0x20, 0xa4, 0x20, 0xa4, 0x20, 0xa4, 0x20, 0xa4, 0x20, 0xa4, 0x20,
    0xa4, 0x20, 0xa4, 0x20, 0xa4, 0x20, 0xa4, 0x20, 0xa4, 0x20, 0xa4, 0x20, 0xa4, 0x20, 0xa4, 0x20,
    0xa4, 0x20, 0xa5, 0x20, 0xc5, 0x28, 0xc5, 0x28, 0xc5, 0x28, 0xe5, 0x28, 0xe6, 0x30, 0xe6, 0x30,
    0xe7, 0x38, 0xe7, 0x38, 0x08, 0x41, 0x08, 0x41, 0x28, 0x41, 0xf3, 0x99, 0x1f, 0xfb, 0x1f, 0xfb,
    0x1f, 0xfb, 0x1f, 0xfb, 0xd1, 0x89, 0x2a, 0x49, 0x2a, 0x49, 0x2a, 0x49, 0x2a, 0x49, 0x2a, 0x49,
    0x2a, 0x49, 0x2a, 0x49, 0x2a, 0x49, 0x2a, 0x51, 0x4a, 0x49, 0x09, 0x51, 0x2a, 0x51, 0x78, 0xc2,
    0x5f, 0xfb, 0x1f, 0xfb, 0x5f, 0xfb, 0xfd, 0xe2, 0x4b, 0x59, 0x08, 0x41, 0x07, 0x41, 0xe7, 0x38,
    0xe7, 0x38, 0xc6, 0x30, 0xe6, 0x30, 0xe5, 0x28, 0xc5, 0x28, 0xa4, 0x28, 0xa4, 0x20, 0xa4, 0x20,
    0xa4, 0x20, 0xa3, 0x18, 0xa3, 0x18, 0x83, 0x10, 0x82, 0x10, 0x82, 0x18, 0x82, 0x10, 0x82, 0x10,
    0x82, 0x10, 0x82, 0x10, 0x82, 0x10, 0x61, 0x08, 0x82, 0x10, 0x82, 0x10, 0x82, 0x10, 0x82, 0x10,
    0x82, 0x10, 0x82, 0x10, 0x82, 0x10, 0x82, 0x10, 0x82, 0x10, 0x82, 0x10, 0x82, 0x10, 0x82, 0x10,
    0x82, 0x10, 0x82, 0x10, 0x82, 0x10, 0x82, 0x10, 0x82, 0x10, 0x82, 0x18, 0x83, 0x10, 0x83, 0x10,
    0x83, 0x18, 0x83, 0x18, 0xa4, 0x18, 0xa4, 0x20, 0xa4, 0x20, 0xc4, 0x20, 0xc5, 0x28, 0xc5, 0x28,
    0xc5, 0x30, 0xc6, 0x30, 0xe7, 0x38, 0xe7, 0x38, 0x07, 0x41, 0x07, 0x41, 0x08, 0x41, 0x77, 0xba,
    0x3f, 0xfb, 0x1f, 0xfb, 0x1f, 0xfb, 0xfe, 0xfa, 0x6c, 0x61, 0x2a, 0x49, 0x2a, 0x51, 0x2a, 0x51,
    0x4a, 0x49, 0x4a, 0x49, 0x4a, 0x51, 0x4a, 0x51, 0x2a, 0x51, 0x2a, 0x51, 0x2a, 0x51, 0x2a, 0x51,
    0x4c, 0x61, 0x9a, 0xd2, 0x1f, 0xfb, 0x1f, 0xfb, 0x1f, 0xfb, 0xdc, 0xe2, 0x6d, 0x69, 0x2a, 0x59,
    0x2a, 0x59, 0x4a, 0x51, 0x4a, 0x51, 0x4a, 0x51, 0x4a, 0x51, 0x4a, 0x51, 0x4a, 0x51, 0x4a, 0x51,
    0x4a, 0x51, 0xb0, 0x89, 0x3f, 0xfb, 0x1f, 0xfb, 0x1f, 0xfb, 0xff, 0xfa, 0xdd, 0xe2, 0x4a, 0x49,
    0x08, 0x41, 0x08, 0x41, 0x08, 0x41, 0xe7, 0x38, 0xe7, 0x38, 0xe6, 0x38, 0xc6, 0x30, 0xc6, 0x30,
    0xe6, 0x30, 0xc5, 0x30, 0xe5, 0x28, 0xc5, 0x28, 0xc5, 0x28, 0xc5, 0x28, 0xa5, 0x20, 0xa5, 0x20,
    0xa5, 0x20, 0xa4, 0x20, 0xa4, 0x20, 0xa4, 0x20, 0xa4, 0x20, 0xa4, 0x20, 0xa4, 0x20, 0xa4, 0x20,
    0xa4, 0x20, 0xa4, 0x20, 0xa4, 0x20, 0xa4, 0x20, 0xa4, 0x20, 0xa4, 0x20, 0xa4, 0x20, 0xa4, 0x20,
    0xa4, 0x20, 0xa4, 0x20, 0xa4, 0x20, 0xa4, 0x20, 0xa4, 0x20, 0xa4, 0x20, 0xa4, 0x20, 0xa4, 0x20,
    0xa4, 0x20, 0xa4, 0x20, 0xa4, 0x20, 0xa4, 0x20, 0xa4, 0x20, 0xa4, 0x20, 0xa4, 0x20, 0xa4, 0x20,
    0xa4, 0x20, 0xa4, 0x20, 0xa4, 0x20, 0xa4, 0x20, 0xa4, 0x20, 0xa4, 0x20, 0xa4, 0x20, 0xa4, 0x20,
    0xa4, 0x20, 0xa4, 0x20, 0xa4, 0x20, 0xa4, 0x20, 0xa4, 0x20, 0xa4, 0x20, 0xa4, 0x20, 0xa4, 0x20,
    0xa4, 0x20, 0xa4, 0x20, 0xa4, 0x20, 0xa4, 0x20, 0xa4, 0x20, 0xa4, 0x20, 0xa4, 0x20, 0xa4, 0x20,
    0xa4, 0x20, 0xa4, 0x20, 0xa4, 0x20, 0xa4, 0x20, 0xa4, 0x20, 0xa4, 0x20, 0xa4, 0x20, 0xa4, 0x20,
    0xa4, 0x20, 0xa4, 0x20, 0xa4, 0x20, 0xa4, 0x20, 0xa4, 0x20, 0xa4, 0x20, 0xa4, 0x20, 0xa4, 0x20,
    0xa4, 0x20, 0xa4, 0x20, 0xa4, 0x18, 0xa4, 0x18, 0xa4, 0x18, 0xa4, 0x18, 0xa4, 0x18, 0xa4, 0x18,
    0xa4, 0x20, 0xa4, 0x18, 0xa4, 0x18, 0xa4, 0x18, 0xa4, 0x18, 0xa4, 0x18, 0xa4, 0x18, 0xa4, 0x20,
    0xa4, 0x20, 0xa4, 0x20, 0xa4, 0x20, 0xa4, 0x28, 0xc5, 0x28, 0xc5, 0x28, 0xc5, 0x30, 0xe6, 0x30,
    0xe6, 0x30, 0xe7, 0x38, 0x07, 0x41, 0xe8, 0x40, 0x28, 0x41, 0x13, 0x9a, 0x3f, 0xfb, 0x1f, 0xfb,
    0x1f, 0xfb, 0x1f, 0xfb, 0xd1, 0x89, 0x2a, 0x49, 0x2a, 0x49, 0x2a, 0x49, 0x2a, 0x49, 0x2a, 0x49,
    0x2a, 0x49, 0x2a, 0x49, 0x2a, 0x49, 0x2a, 0x51, 0x4a, 0x49, 0x09, 0x51, 0x2a, 0x51, 0x78, 0xc2,
    0x5f, 0xfb, 0x1f, 0xfb, 0x5f, 0xfb, 0xfd, 0xe2, 0x4b, 0x59, 0x08, 0x41, 0x07, 0x41, 0xe7, 0x38,
    0xe7, 0x38, 0xc6, 0x30, 0xe6, 0x30, 0xe5, 0x28, 0xc5, 0x28, 0xa4, 0x28, 0xa4, 0x20, 0xa4, 0x20,
    0xa4, 0x20, 0xa3, 0x18, 0xa3, 0x18, 0x83, 0x10, 0x82, 0x10, 0x82, 0x18, 0x82, 0x10, 0x82, 0x10,
    0x82, 0x10, 0x82, 0x10, 0x82, 0x10, 0x61, 0x08, 0x82, 0x10, 0x82, 0x10, 0x82, 0x10, 0x82, 0x10,
    0x82, 0x10, 0x82, 0x10, 0x82, 0x10, 0x82, 0x10, 0x82, 0x10, 0x82, 0x10, 0x82, 0x10, 0x82, 0x10,
    0x82, 0x10, 0x82, 0x10, 0x82, 0x10, 0x82, 0x10, 0x82, 0x10, 0x82, 0x18, 0x83, 0x10, 0x83, 0x10,
    0x83, 0x18, 0x83, 0x18, 0xa4, 0x18, 0xa4, 0x20, 0xa4, 0x20, 0xc4, 0x20, 0xc5, 0x28, 0xc5, 0x28,
    0xc5, 0x30, 0xc6, 0x30, 0xe7, 0x38, 0xe7, 0x38, 0x07, 0x41, 0x07, 0x41, 0x08, 0x41, 0x77, 0xba,
    0x3f, 0xfb, 0x1f, 0xfb, 0x1f, 0xfb, 0xfe, 0xfa, 0x6c, 0x61, 0x0a, 0x49, 0x2a, 0x51, 0x2a, 0x51,
    0x4a, 0x49, 0x4a, 0x49, 0x4a, 0x51, 0x4a, 0x51, 0x2a, 0x51, 0x2a, 0x51, 0x2a, 0x51, 0x2a, 0x51,
    0x4c, 0x61, 0x9a, 0xd2, 0x5f, 0xfb, 0x1f, 0xfb, 0x1f, 0xfb, 0xdc, 0xe2, 0x6d, 0x69, 0x2a, 0x59,
    0x4b, 0x59, 0x4a, 0x51, 0x4a, 0x51, 0x4a, 0x51, 0x4a, 0x51, 0x4a, 0x51, 0x4a, 0x51, 0x4a, 0x51,
    0x4a, 0x51, 0x77, 0xba, 0x1f, 0xfb, 0x1f, 0xfb, 0x5f, 0xfb, 0x1f, 0xfb, 0x14, 0xa2, 0x09, 0x49,
    0x28, 0x41, 0x08, 0x41, 0x08, 0x41, 0xe7, 0x38, 0xe7, 0x38, 0xc6, 0x30, 0xc6, 0x30, 0xe6, 0x30,
    0xc5, 0x30, 0xc5, 0x30, 0xc5, 0x28, 0xc5, 0x28, 0xc5, 0x28, 0xa5, 0x20, 0xa4, 0x20, 0xa4, 0x20,
    0xa4, 0x20, 0xa4, 0x20, 0xa4, 0x20, 0xa4, 0x20, 0xa4, 0x20, 0xa4, 0x20, 0xa4, 0x20, 0xa4, 0x20,
    0xa4, 0x20, 0xa4, 0x20, 0xa4, 0x20, 0xa4, 0x20, 0xa4, 0x20, 0xa4, 0x20, 0xa4, 0x20, 0xa4, 0x20,
    0xa4, 0x20, 0xa4, 0x20, 0xa4, 0x20, 0xa4, 0x20, 0xa4, 0x20, 0xa4, 0x20, 0xa4, 0x20, 0xa4, 0x20,
    0xa4, 0x20, 0xa4, 0x20, 0xa4, 0x20, 0xa4, 0x20, 0xa4, 0x20, 0xa4, 0x20, 0xa4, 0x20, 0xa4, 0x20,
    0xa4, 0x20, 0xa4, 0x20, 0xa4, 0x20, 0xa4, 0x20, 0xa4, 0x20, 0xa4, 0x20, 0xa4, 0x20, 0xa4, 0x20,
    0xa4, 0x20, 0xa4, 0x20, 0xa4, 0x20, 0xa4, 0x20, 0xa4, 0x20, 0xa4, 0x20, 0xa4, 0x20, 0xa4, 0x20,
    0xa4, 0x20, 0xa4, 0x20, 0xa4, 0x20, 0xa4, 0x20, 0xa4, 0x20, 0xa4, 0x20, 0xa4, 0x20, 0xa4, 0x20,
    0xa4, 0x20, 0xa4, 0x20, 0xa4, 0x20, 0xa4, 0x20, 0xa4, 0x20, 0xa4, 0x20, 0xa4, 0x20, 0xa4, 0x20,
    0xa4, 0x20, 0xa4, 0x20, 0xa4, 0x20, 0xa4, 0x20, 0xa4, 0x20, 0xa4, 0x20, 0xa4, 0x20, 0xa4, 0x20,
    0xa4, 0x20, 0xa4, 0x20, 0xa4, 0x20, 0xa4, 0x18, 0xa4, 0x18, 0xa4, 0x18, 0xa4, 0x18, 0xa4, 0x18,
    0xa4, 0x18, 0xa3, 0x18, 0xa3, 0x18, 0xa3, 0x18, 0xa3, 0x18, 0xa3, 0x18, 0xa3, 0x18, 0xa4, 0x18,
    0xa4, 0x20, 0xa4, 0x20, 0xa5, 0x20, 0xa4, 0x28, 0xc5, 0x28, 0xc5, 0x28, 0xc5, 0x30, 0xe6, 0x30,
    0xe6, 0x30, 0xe7, 0x38, 0x07, 0x39, 0xe8, 0x40, 0x28, 0x41, 0x13, 0x9a, 0x3f, 0xfb, 0x1f, 0xfb,
    0x1f, 0xfb, 0x1f, 0xfb, 0xd1, 0x89, 0x2a, 0x49, 0x2a, 0x49, 0x2a, 0x49, 0x2a, 0x49, 0x2a, 0x49,
    0x2a, 0x49, 0x2a, 0x49, 0x2a, 0x49, 0x2a, 0x51, 0x4a, 0x49, 0x09, 0x51, 0x2a, 0x51, 0x78, 0xc2,
    0x5f, 0xfb, 0x1f, 0xfb, 0x5f, 0xfb, 0xfd, 0xe2, 0x4b, 0x59, 0x08, 0x41, 0x07, 0x41, 0xe7, 0x38,
    0xe7, 0x38, 0xc6, 0x30, 0xe6, 0x30, 0xe5, 0x28, 0xc5, 0x28, 0xa4, 0x28, 0xa4, 0x20, 0xa4, 0x20,
    0xa4, 0x20, 0xa3, 0x18, 0xa3, 0x18, 0x83, 0x10, 0x82, 0x10, 0x82, 0x18, 0x82, 0x10, 0x82, 0x10,
    0x82, 0x10, 0x82, 0x10, 0x82, 0x10, 0x61, 0x08, 0x82, 0x10, 0x82, 0x10, 0x82, 0x10, 0x82, 0x10,
    0x82, 0x10, 0x82, 0x10, 0x82, 0x10, 0x82, 0x10, 0x82, 0x10, 0x82, 0x10, 0x82, 0x10, 0x82, 0x10,
    0x82, 0x10, 0x82, 0x10, 0x82, 0x10, 0x82, 0x10, 0x82, 0x10, 0x82, 0x18, 0x83, 0x10, 0x83, 0x10,
    0x83, 0x18, 0x83, 0x18, 0xa4, 0x18, 0xa4, 0x20, 0xa4, 0x20, 0xc4, 0x20, 0xc5, 0x28, 0xc5, 0x28,
    0xc5, 0x30, 0xc6, 0x30, 0xe7, 0x38, 0xe7, 0x38, 0x07, 0x41, 0x07, 0x41, 0x08, 0x41, 0x77, 0xba,
    0x3f, 0xfb, 0x1f, 0xfb, 0x1f, 0xfb, 0xfe, 0xfa, 0x6c, 0x61, 0x0a, 0x49, 0x2a, 0x51, 0x2a, 0x51,
    0x4a, 0x49, 0x4a, 0x49, 0x2a, 0x51, 0x2a, 0x51, 0x2a, 0x51, 0x2a, 0x51, 0x4a, 0x51, 0x4a, 0x51,
    0x4c, 0x61, 0x9a, 0xd2, 0x1f, 0xfb, 0x1f, 0xfb, 0x1f, 0xfb, 0xdc, 0xe2, 0x6d, 0x69, 0x2a, 0x59,
    0x4b, 0x59, 0x4b, 0x59, 0x4b, 0x59, 0x4b, 0x59, 0x2a, 0x59, 0x2a, 0x59, 0x2a, 0x59, 0x4a, 0x51,
    0xaf, 0x79, 0xfd, 0xf2, 0x1f, 0xfb, 0xff, 0xfa, 0x1f, 0xfb, 0xfd, 0xea, 0x8d, 0x69, 0x28, 0x41,
    0x08, 0x41, 0x07, 0x41, 0xe8, 0x38, 0xe7, 0x38, 0xe6, 0x30, 0xc6, 0x30, 0xc5, 0x30, 0xc5, 0x30,
    0xc5, 0x30, 0xc5, 0x28, 0xc5, 0x28, 0xc4, 0x20, 0xa4, 0x20, 0xa4, 0x20, 0xa4, 0x20, 0xa4, 0x20,
    0xa4, 0x20, 0xa4, 0x20, 0xa4, 0x20, 0xa3, 0x18, 0xa3, 0x18, 0xa3, 0x18, 0xa3, 0x18, 0xa3, 0x18,
    0xa3, 0x18, 0xa3, 0x18, 0xa3, 0x18, 0xa3, 0x18, 0xa3, 0x18, 0xa3, 0x18, 0xa3, 0x18, 0xa3, 0x18,
    0xa3, 0x18, 0xa3, 0x18, 0xa3, 0x18, 0xa3, 0x18, 0xa3, 0x18, 0xa3, 0x18, 0xa3, 0x18, 0xa3, 0x18,
    0xa3, 0x18, 0xa3, 0x18, 0xa3, 0x18, 0xa3, 0x18, 0xa3, 0x18, 0xa3, 0x18, 0xa3, 0x18, 0xa3, 0x18,
    0xa3, 0x18, 0xa3, 0x18, 0xa3, 0x18, 0xa3, 0x18, 0xa3, 0x18, 0xa3, 0x18, 0xa3, 0x18, 0xa3, 0x18,
    0xa3, 0x18, 0xa3, 0x18, 0xa3, 0x18, 0xa3, 0x18, 0xa3, 0x18, 0xa3, 0x18, 0xa3, 0x18, 0xa3, 0x18,
    0xa3, 0x18, 0xa3, 0x18, 0xa3, 0x18, 0xa3, 0x18, 0xa3, 0x18, 0xa3, 0x18, 0xa3, 0x18, 0xa3, 0x18,
    0xa3, 0x18, 0xa3, 0x18, 0xa3, 0x18, 0xa3, 0x18, 0xa3, 0x18, 0xa3, 0x18, 0xa3, 0x18, 0xa3, 0x18,
    0xa3, 0x18, 0xa3, 0x18, 0xa3, 0x18, 0xa3, 0x18, 0xa3, 0x18, 0xa3, 0x18, 0xa3, 0x18, 0xa3, 0x18,
    0xa3, 0x18, 0xa3, 0x18, 0xa3, 0x18, 0xa3, 0x18, 0x83, 0x18, 0x83, 0x18, 0x83, 0x18, 0x83, 0x18,
    0x83, 0x18, 0x83, 0x18, 0x83, 0x18, 0x83, 0x18, 0xa3, 0x18, 0xa3, 0x18, 0xa3, 0x18, 0xa4, 0x18,
    0xa4, 0x18, 0xa4, 0x20, 0xa4, 0x20, 0xa4, 0x28, 0xc5, 0x28, 0xc5, 0x28, 0xc5, 0x30, 0xe6, 0x30,
    0xe6, 0x30, 0xe7, 0x38, 0x07, 0x41, 0xe8, 0x40, 0x28, 0x41, 0x13, 0x9a, 0x3f, 0xfb, 0x1f, 0xfb,
    0x1f, 0xfb, 0x1f, 0xfb, 0xd1, 0x89, 0x2a, 0x49, 0x2a, 0x49, 0x2a, 0x49, 0x2a, 0x49, 0x2a, 0x49,
    0x2a, 0x49, 0x2a, 0x49, 0x2a, 0x49, 0x2a, 0x51, 0x4a, 0x49, 0x09, 0x51, 0x2a, 0x51, 0x78, 0xc2,
    0x5f, 0xfb, 0x1f, 0xfb, 0x5f, 0xfb, 0xfd, 0xe2, 0x4b, 0x59, 0x08, 0x41, 0x07, 0x41, 0xe7, 0x38,
    0xe7, 0x38, 0xc6, 0x30, 0xe6, 0x30, 0xe5, 0x28, 0xc5, 0x28, 0xa4, 0x28, 0xa4, 0x20, 0xa4, 0x20,
    0xa4, 0x20, 0xa3, 0x18, 0xa3, 0x18, 0x83, 0x10, 0x82, 0x10, 0x82, 0x18, 0x82, 0x10, 0x82, 0x10,
    0x82, 0x10, 0x82, 0x10, 0x82, 0x10, 0x61, 0x08, 0x82, 0x10, 0x82, 0x10, 0x82, 0x10, 0x82, 0x10,
    0x82, 0x10, 0x82, 0x10, 0x82, 0x10, 0x82, 0x10, 0x82, 0x10, 0x82, 0x10, 0x82, 0x10, 0x82, 0x10,
    0x82, 0x10, 0x82, 0x10, 0x82, 0x10, 0x82, 0x10, 0x82, 0x10, 0x82, 0x18, 0x83, 0x10, 0x83, 0x10,
    0x83, 0x18, 0x83, 0x18, 0xa4, 0x18, 0xa4, 0x20, 0xa4, 0x20, 0xc4, 0x20, 0xc5, 0x28, 0xc5, 0x28,
    0xc5, 0x30, 0xc6, 0x30, 0xe7, 0x38, 0xe7, 0x38, 0x07, 0x41, 0x07, 0x41, 0x08, 0x41, 0x77, 0xba,
    0x3f, 0xfb, 0x1f, 0xfb, 0x1f, 0xfb, 0xfe, 0xfa, 0x6c, 0x61, 0x0a, 0x49, 0x2a, 0x51, 0x2a, 0x51,
    0x4a, 0x49, 0x4a, 0x49, 0x2a, 0x51, 0x4a, 0x51, 0x2a, 0x51, 0x2a, 0x51, 0x4a, 0x51, 0x4a, 0x51,
    0x6c, 0x61, 0x9a, 0xd2, 0x1f, 0xfb, 0x1f, 0xfb, 0x1f, 0xfb, 0xdc, 0xe2, 0x6d, 0x69, 0x4b, 0x59,
    0x4b, 0x59, 0x4b, 0x59, 0x4b, 0x59, 0x4b, 0x59, 0x4b, 0x59, 0x2a, 0x59, 0x2a, 0x59, 0x4a, 0x51,
    0x78, 0xc2, 0xff, 0xfa, 0x5f, 0xfb, 0xff, 0xfa, 0x3f, 0xfb, 0x77, 0xba, 0x09, 0x51, 0x28, 0x39,
    0x08, 0x41, 0x08, 0x39, 0xe7, 0x38, 0xe7, 0x38, 0xc6, 0x30, 0xe6, 0x30, 0xc5, 0x30, 0xa5, 0x28,
    0xc5, 0x28, 0xc5, 0x28, 0xc4, 0x20, 0xa4, 0x20, 0xa4, 0x20, 0xa4, 0x20, 0xa4, 0x20, 0xa4, 0x20,
    0xa4, 0x18, 0xa3, 0x18, 0x83, 0x18, 0xa3, 0x18, 0xa3, 0x18, 0x83, 0x18, 0x83, 0x18, 0x83, 0x18,
    0x83, 0x18, 0x83, 0x18, 0x83, 0x18, 0x83, 0x18, 0x83, 0x18, 0x83, 0x18, 0x83, 0x18, 0x83, 0x18,
    0x83, 0x18, 0x83, 0x18, 0x83, 0x18, 0x83, 0x18, 0x83, 0x18, 0x83, 0x18, 0x83, 0x18, 0x83, 0x18,
    0x83, 0x18, 0x83, 0x18, 0x83, 0x18, 0x83, 0x18, 0x83, 0x18, 0x83, 0x18, 0x83, 0x18, 0x83, 0x18,
    0x83, 0x18, 0x83, 0x18, 0x83, 0x18, 0x83, 0x18, 0x83, 0x18, 0x83, 0x18, 0x83, 0x18, 0x83, 0x18,
    0x83, 0x18, 0x83, 0x18, 0x83, 0x18, 0x83, 0x18, 0x83, 0x18, 0x83, 0x18, 0x83, 0x18, 0x83, 0x18,
    0x83, 0x18, 0x83, 0x18, 0x83, 0x18, 0x83, 0x18, 0x83, 0x18, 0x83, 0x18, 0x83, 0x18, 0x83, 0x18,
    0x83, 0x18, 0x83, 0x18, 0x83, 0x18, 0x83, 0x18, 0x83, 0x18, 0x83, 0x18, 0x83, 0x18, 0x83, 0x18,
    0x83, 0x18, 0x83, 0x18, 0x83, 0x18, 0x83, 0x18, 0x83, 0x18, 0x83, 0x18, 0x83, 0x18, 0x83, 0x18,
    0x83, 0x18, 0x83, 0x18, 0x83, 0x18, 0x83, 0x18, 0x83, 0x18, 0x83, 0x18, 0x83, 0x18, 0x83, 0x18,
    0x83, 0x18, 0x83, 0x18, 0x83, 0x18, 0x83, 0x18, 0x83, 0x18, 0x83, 0x18, 0xa3, 0x18, 0xa3, 0x18,
    0xa4, 0x18, 0xa4, 0x20, 0xa4, 0x20, 0xa4, 0x20, 0xa5, 0x28, 0xc5, 0x28, 0xc5, 0x30, 0xc5, 0x30,
    0xe6, 0x30, 0xe7, 0x38, 0x07, 0x41, 0xe8, 0x40, 0x28, 0x41, 0x13, 0x9a, 0x3f, 0xfb, 0x1f, 0xfb,
    0x1f, 0xfb, 0x1f, 0xfb, 0xd1, 0x89, 0x2a, 0x49, 0x2a, 0x49, 0x2a, 0x49, 0x2a, 0x49, 0x2a, 0x49,
    0x2a, 0x49, 0x2a, 0x49, 0x2a, 0x49, 0x2a, 0x51, 0x4a, 0x49, 0x09, 0x51, 0x2a, 0x51, 0x78, 0xc2,
    0x5f, 0xfb, 0x1f, 0xfb, 0x5f, 0xfb, 0xfd, 0xe2, 0x4b, 0x59, 0x08, 0x41, 0x07, 0x41, 0xe7, 0x38,
    0xe7, 0x38, 0xc6, 0x30, 0xe6, 0x30, 0xe5, 0x28, 0xc5, 0x28, 0xa4, 0x28, 0xa4, 0x20, 0xa4, 0x20,
    0xa4, 0x20, 0xa3, 0x18, 0xa3, 0x18, 0x83, 0x10, 0x82, 0x10, 0x82, 0x18, 0x82, 0x10, 0x82, 0x10,
    0x82, 0x10, 0x82, 0x10, 0x82, 0x10, 0x61, 0x08, 0x82, 0x10, 0x82, 0x10, 0x82, 0x10, 0x82, 0x10,
    0x82, 0x10, 0x82, 0x10, 0x82, 0x10, 0x82, 0x10, 0x82, 0x10, 0x82, 0x10, 0x82, 0x10, 0x82, 0x10,
    0x82, 0x10, 0x82, 0x10, 0x82, 0x10, 0x82, 0x10, 0x82, 0x10, 0x82, 0x18, 0x83, 0x10, 0x83, 0x10,
    0x83, 0x18, 0x83, 0x18, 0xa4, 0x18, 0xa4, 0x20, 0xa4, 0x20, 0xc4, 0x20, 0xc5, 0x28, 0xc5, 0x28,
    0xc5, 0x30, 0xc6, 0x30, 0xe7, 0x38, 0xe7, 0x38, 0x07, 0x41, 0x07, 0x41, 0x08, 0x41, 0x77, 0xba,
    0x3f, 0xfb, 0x1f, 0xfb, 0x1f, 0xfb, 0x1e, 0xf3, 0x6c, 0x61, 0x0a, 0x49, 0x2a, 0x51, 0x2a, 0x51,
    0x6a, 0x51, 0x4a, 0x49, 0x2a, 0x49, 0x2a, 0x51, 0x2a, 0x51, 0x4a, 0x51, 0x4a, 0x51, 0x4a, 0x51,
    0x4c, 0x61, 0x9a, 0xd2, 0x5f, 0xfb, 0x1f, 0xfb, 0x1f, 0xfb, 0xdc, 0xe2, 0x6d, 0x69, 0x4b, 0x59,
    0x4b, 0x59, 0x4b, 0x59, 0x4b, 0x59, 0x4b, 0x59, 0x4b, 0x59, 0x4b, 0x59, 0x4b, 0x59, 0xb0, 0x79,
    0xfe, 0xfa, 0x3f, 0xfb, 0x5f, 0xfb, 0x3f, 0xfb, 0xfd, 0xea, 0x8e, 0x71, 0xe8, 0x40, 0x08, 0x41,
    0x07, 0x41, 0xe8, 0x38, 0xe7, 0x38, 0xe7, 0x38, 0xe6, 0x30, 0xc5, 0x30, 0xa5, 0x28, 0xc5, 0x28,
    0xa5, 0x20, 0xa5, 0x20, 0xa4, 0x20, 0xa4, 0x20, 0xa4, 0x20, 0xa4, 0x18, 0xa4, 0x18, 0x83, 0x18,
    0xa3, 0x18, 0xa3, 0x18, 0x83, 0x18, 0x83, 0x18, 0x83, 0x18, 0x83, 0x18, 0x83, 0x18, 0x83, 0x18,
    0x83, 0x18, 0x83, 0x18, 0x83, 0x18, 0x83, 0x18, 0x83, 0x18, 0x83, 0x18, 0x83, 0x18, 0x83, 0x18,
    0x83, 0x18, 0x83, 0x18, 0x83, 0x18, 0x83, 0x18, 0x83, 0x18, 0x83, 0x18, 0x83, 0x18, 0x83, 0x18,
    0x83, 0x18, 0x83, 0x18, 0x83, 0x18, 0x83, 0x18, 0x83, 0x18, 0x83, 0x18, 0x83, 0x18, 0x83, 0x18,
    0x83, 0x18, 0x83, 0x18, 0x83, 0x18, 0x83, 0x18, 0x83, 0x18, 0x83, 0x18, 0x83, 0x18, 0x83, 0x18,
    0x83, 0x18, 0x83, 0x18, 0x83, 0x18, 0x83, 0x18, 0x83, 0x18, 0x83, 0x18, 0x83, 0x18, 0x83, 0x18,
    0x83, 0x18, 0x83, 0x18, 0x83, 0x18, 0x83, 0x18, 0x83, 0x18, 0x83, 0x18, 0x83, 0x18, 0x83, 0x18,
    0x83, 0x18, 0x83, 0x18, 0x83, 0x18, 0x83, 0x18, 0x83, 0x18, 0x83, 0x18, 0x83, 0x18, 0x83, 0x18,
    0x83, 0x18, 0x83, 0x18, 0x83, 0x18, 0x83, 0x18, 0x83, 0x18, 0x83, 0x18, 0x83, 0x18, 0x83, 0x18,
    0x83, 0x18, 0x83, 0x18, 0x83, 0x18, 0x83, 0x10, 0x83, 0x10, 0x83, 0x10, 0x83, 0x10, 0x83, 0x10,
    0x83, 0x10, 0x83, 0x10, 0x83, 0x10, 0x83, 0x10, 0x83, 0x10, 0xa3, 0x18, 0xa3, 0x18, 0xa3, 0x18,
    0xa4, 0x20, 0xa4, 0x20, 0xa4, 0x20, 0xa4, 0x20, 0xc5, 0x28, 0xc5, 0x28, 0xc5, 0x30, 0xc5, 0x30,
    0xe6, 0x30, 0xe7, 0x38, 0x07, 0x41, 0xe8, 0x40, 0x28, 0x41, 0x13, 0x9a, 0x3f, 0xfb, 0x1f, 0xfb,
    0x1f, 0xfb, 0x1f, 0xfb, 0xd1, 0x89, 0x2a, 0x49, 0x2a, 0x49, 0x2a, 0x49, 0x2a, 0x49, 0x2a, 0x49,
    0x2a, 0x49, 0x2a, 0x49, 0x2a, 0x49, 0x2a, 0x51, 0x4a, 0x49, 0x09, 0x51, 0x2a, 0x51, 0x78, 0xc2,
    0x5f, 0xfb, 0x1f, 0xfb, 0x5f, 0xfb, 0xfd, 0xe2, 0x4b, 0x59, 0x08, 0x41, 0x07, 0x41, 0xe7, 0x38,
    0xe7, 0x38, 0xc6, 0x30, 0xe6, 0x30, 0xe5, 0x28, 0xc5, 0x28, 0xa4, 0x28, 0xa4, 0x20, 0xa4, 0x20,
    0xa4, 0x20, 0xa3, 0x18, 0xa3, 0x18, 0x83, 0x10, 0x82, 0x10, 0x82, 0x18, 0x82, 0x10, 0x82, 0x10,
    0x82, 0x10, 0x82, 0x10, 0x82, 0x10, 0x61, 0x08, 0x82, 0x10, 0x82, 0x10, 0x82, 0x10, 0x82, 0x10,
    0x82, 0x10, 0x82, 0x10, 0x82, 0x10, 0x82, 0x10, 0x82, 0x10, 0x82, 0x10, 0x82, 0x10, 0x82, 0x10,
    0x82, 0x10, 0x82, 0x10, 0x82, 0x10, 0x82, 0x10, 0x82, 0x10, 0x82, 0x18, 0x83, 0x10, 0x83, 0x10,
    0x83, 0x18, 0x83, 0x18, 0xa4, 0x18, 0xa4, 0x20, 0xa4, 0x20, 0xc4, 0x20, 0xc5, 0x28, 0xc5, 0x28,
    0xc5, 0x30, 0xc6, 0x30, 0xe7, 0x38, 0xe7, 0x38, 0x07, 0x41, 0x07, 0x41, 0x08, 0x41, 0x77, 0xba,
    0x3f, 0xfb, 0x1f, 0xfb, 0x1f, 0xfb, 0xfe, 0xfa, 0x6c, 0x61, 0x0a, 0x49, 0x2a, 0x51, 0x2a, 0x51,
    0x4a, 0x49, 0x4a, 0x49, 0x2a, 0x51, 0x2a, 0x51, 0x2a, 0x51, 0x4a, 0x51, 0x4a, 0x51, 0x4a, 0x51,
    0x6c, 0x61, 0x9a, 0xd2, 0x5f, 0xfb, 0x1f, 0xfb, 0x1f, 0xfb, 0xdc, 0xe2, 0x6d, 0x69, 0x4b, 0x59,
    0x6b, 0x61, 0x6b, 0x61, 0x6b, 0x61, 0x4b, 0x59, 0x4b, 0x59, 0x4b, 0x59, 0x4b, 0x59, 0x77, 0xba,
    0x1f, 0xfb, 0x5f, 0xfb, 0x1f, 0xfb, 0x5f, 0xfb, 0x78, 0xc2, 0x28, 0x41, 0x08, 0x41, 0xe7, 0x40,
    0x07, 0x39, 0xe7, 0x38, 0xe7, 0x38, 0xc6, 0x30, 0xe6, 0x30, 0xc5, 0x28, 0xc5, 0x28, 0xc5, 0x28,
    0xa5, 0x20, 0xa4, 0x20, 0xa4, 0x20, 0xa4, 0x20, 0xa3, 0x18, 0x83, 0x18, 0x83, 0x18, 0x83, 0x18,
    0x83, 0x10, 0x83, 0x10, 0x83, 0x10, 0x83, 0x10, 0x82, 0x10, 0x83, 0x10, 0x83, 0x10, 0x83, 0x10,
    0x83, 0x10, 0x83, 0x10, 0x83, 0x10, 0x83, 0x10, 0x83, 0x10, 0x83, 0x10, 0x83, 0x10, 0x83, 0x10,
    0x83, 0x10, 0x83, 0x10, 0x83, 0x10, 0x83, 0x10, 0x83, 0x10, 0x83, 0x10, 0x83, 0x10, 0x83, 0x10,
    0x83, 0x10, 0x83, 0x10, 0x83, 0x10, 0x83, 0x10, 0x83, 0x10, 0x83, 0x10, 0x83, 0x10, 0x83, 0x10,
    0x83, 0x10, 0x83, 0x10, 0x83, 0x10, 0x83, 0x10, 0x83, 0x10, 0x83, 0x10, 0x83, 0x10, 0x83, 0x10,
    0x83, 0x10, 0x83, 0x10, 0x83, 0x10, 0x83, 0x10, 0x83, 0x10, 0x83, 0x10, 0x83, 0x10, 0x83, 0x10,
    0x83, 0x10, 0x83, 0x10, 0x83, 0x10, 0x83, 0x10, 0x83, 0x10, 0x83, 0x10, 0x83, 0x10, 0x83, 0x10,
    0x83, 0x10, 0x83, 0x10, 0x83, 0x10, 0x83, 0x10, 0x83, 0x10, 0x83, 0x10, 0x83, 0x10, 0x83, 0x10,
    0x83, 0x10, 0x83, 0x10, 0x83, 0x10, 0x83, 0x10, 0x83, 0x10, 0x83, 0x10, 0x83, 0x10, 0x83, 0x10,
    0x83, 0x10, 0x83, 0x10, 0x83, 0x10, 0x83, 0x10, 0x83, 0x10, 0x83, 0x10, 0x83, 0x10, 0x83, 0x10,
    0x83, 0x10, 0x82, 0x10, 0x83, 0x10, 0x83, 0x10, 0x83, 0x10, 0x83, 0x10, 0xa3, 0x18, 0xa3, 0x18,
    0x83, 0x18, 0xa4, 0x20, 0xa4, 0x20, 0xa4, 0x20, 0xc5, 0x28, 0xc5, 0x28, 0xc5, 0x30, 0xc5, 0x30,
    0xe6, 0x30, 0xe7, 0x38, 0x07, 0x41, 0xe8, 0x40, 0x28, 0x41, 0x13, 0x9a, 0x3f, 0xfb, 0x1f, 0xfb,
    0x1f, 0xfb, 0x1f, 0xfb, 0xd1, 0x89, 0x2a, 0x49, 0x2a, 0x49, 0x2a, 0x49, 0x2a, 0x49, 0x2a, 0x49,
    0x2a, 0x49, 0x2a, 0x49, 0x2a, 0x49, 0x2a, 0x51, 0x4a, 0x49, 0x09, 0x51, 0x2a, 0x51, 0x78, 0xc2,
    0x5f, 0xfb, 0x1f, 0xfb, 0x5f, 0xfb, 0xfd, 0xe2, 0x4b, 0x59, 0x08, 0x41, 0x07, 0x41, 0xe7, 0x38,
    0xe7, 0x38, 0xc6, 0x30, 0xe6, 0x30, 0xe5, 0x28, 0xc5, 0x28, 0xa4, 0x28, 0xa4, 0x20, 0xa4, 0x20,
    0xa4, 0x20, 0xa3, 0x18, 0xa3, 0x18, 0x83, 0x10, 0x82, 0x10, 0x82, 0x18, 0x82, 0x10, 0x82, 0x10,
    0x82, 0x10, 0x82, 0x10, 0x82, 0x10, 0x61, 0x08, 0x82, 0x10, 0x82, 0x10, 0x82, 0x10, 0x82, 0x10,
    0x82, 0x10, 0x82, 0x10, 0x82, 0x10, 0x82, 0x10, 0x82, 0x10, 0x82, 0x10, 0x82, 0x10, 0x82, 0x10,
    0x82, 0x10, 0x82, 0x10, 0x82, 0x10, 0x82, 0x10, 0x82, 0x10, 0x82, 0x18, 0x83, 0x10, 0x83, 0x10,
    0x83, 0x18, 0x83, 0x18, 0xa4, 0x18, 0xa4, 0x20, 0xa4, 0x20, 0xa5, 0x20, 0xc5, 0x28, 0xc5, 0x28,
    0xc5, 0x30, 0xc6, 0x30, 0xc6, 0x30, 0xe7, 0x38, 0xe7, 0x38, 0x07, 0x41, 0x08, 0x41, 0x77, 0xba,
    0x3f, 0xfb, 0x1f, 0xfb, 0x1f, 0xfb, 0xfe, 0xfa, 0x6c, 0x61, 0x2a, 0x49, 0x2a, 0x51, 0x2a, 0x51,
    0x2a, 0x51, 0x2a, 0x49, 0x2a, 0x49, 0x2a, 0x51, 0x2a, 0x51, 0x4a, 0x51, 0x4a, 0x51, 0x4b, 0x59,
    0x6d, 0x61, 0x9a, 0xd2, 0x1f, 0xfb, 0x1f, 0xfb, 0x1f, 0xfb, 0xfc, 0xda, 0x8e, 0x71, 0x6c, 0x59,
    0x4c, 0x61, 0x6b, 0x61, 0x6c, 0x59, 0x4c, 0x61, 0x4b, 0x59, 0x4b, 0x59, 0x8e, 0x71, 0xfd, 0xea,
    0x1f, 0xfb, 0xff, 0xfa, 0xff, 0xfa, 0xfd, 0xe2, 0x6c, 0x61, 0x29, 0x49, 0x08, 0x41, 0x08, 0x41,
    0x07, 0x39, 0xe7, 0x38, 0xe6, 0x30, 0xe6, 0x30, 0xc5, 0x30, 0xc5, 0x28, 0xa5, 0x20, 0xa4, 0x20,
    0xa4, 0x20, 0xa4, 0x20, 0xa4, 0x18, 0xa3, 0x18, 0xa3, 0x18, 0x83, 0x18, 0x83, 0x18, 0x83, 0x18,
    0x83, 0x10, 0x83, 0x10, 0x83, 0x10, 0x82, 0x10, 0x82, 0x10, 0x82, 0x10, 0x82, 0x10, 0x82, 0x10,
    0x82, 0x10, 0x82, 0x10, 0x82, 0x10, 0x82, 0x10, 0x82, 0x10, 0x82, 0x10, 0x82, 0x10, 0x82, 0x10,
    0x82, 0x10, 0x82, 0x10, 0x82, 0x10, 0x82, 0x10, 0x82, 0x10, 0x82, 0x10, 0x82, 0x10, 0x82, 0x10,
    0x82, 0x10, 0x82, 0x10, 0x82, 0x10, 0x82, 0x10, 0x82, 0x10, 0x82, 0x10, 0x82, 0x10, 0x82, 0x10,
    0x82, 0x10, 0x82, 0x10, 0x82, 0x10, 0x82, 0x10, 0x82, 0x10, 0x82, 0x10, 0x82, 0x10, 0x82, 0x10,
    0x82, 0x10, 0x82, 0x10, 0x82, 0x10, 0x82, 0x10, 0x82, 0x10, 0x82, 0x10, 0x82, 0x10, 0x82, 0x10,
    0x82, 0x10, 0x82, 0x10, 0x82, 0x10, 0x82, 0x10, 0x82, 0x10, 0x82, 0x10, 0x82, 0x10, 0x82, 0x10,
    0x82, 0x10, 0x82, 0x10, 0x82, 0x10, 0x82, 0x10, 0x82, 0x10, 0x82, 0x10, 0x82, 0x10, 0x82, 0x10,
    0x82, 0x10, 0x82, 0x10, 0x82, 0x10, 0x82, 0x10, 0x82, 0x10, 0x82, 0x10, 0x82, 0x10, 0x82, 0x10,
    0x82, 0x10, 0x82, 0x10, 0x82, 0x10, 0x82, 0x10, 0x82, 0x10, 0x82, 0x10, 0x82, 0x10, 0x82, 0x10,
    0x82, 0x10, 0x82, 0x10, 0x82, 0x10, 0x83, 0x10, 0x83, 0x10, 0x83, 0x10, 0x83, 0x10, 0xa3, 0x18,
    0x83, 0x18, 0xa4, 0x18, 0xa4, 0x20, 0xa4, 0x20, 0xc5, 0x28, 0xc5, 0x28, 0xc5, 0x30, 0xe6, 0x30,
    0xe6, 0x30, 0xe7, 0x38, 0x07, 0x41, 0xe8, 0x40, 0x28, 0x41, 0x13, 0x9a, 0x3f, 0xfb, 0x1f, 0xfb,
    0x1f, 0xfb, 0x1f, 0xfb, 0xd1, 0x89, 0x2a, 0x49, 0x2a, 0x49, 0x2a, 0x49, 0x2a, 0x49, 0x2a, 0x49,
    0x2a, 0x49, 0x2a, 0x49, 0x2a, 0x49, 0x2a, 0x51, 0x4a, 0x49, 0x09, 0x51, 0x2a, 0x51, 0x78, 0xc2,
    0x5f, 0xfb, 0x1f, 0xfb, 0x5f, 0xfb, 0xfd, 0xe2, 0x4b, 0x59, 0x08, 0x41, 0x07, 0x41, 0xe7, 0x38,
    0xe7, 0x38, 0xc6, 0x30, 0xe6, 0x30, 0xe5, 0x28, 0xc5, 0x28, 0xa4, 0x28, 0xa4, 0x20, 0xa4, 0x20,
    0xa4, 0x20, 0xa3, 0x18, 0xa3, 0x18, 0x83, 0x10, 0x82, 0x10, 0x82, 0x18, 0x82, 0x10, 0x82, 0x10,
    0x82, 0x10, 0x82, 0x10, 0x82, 0x10, 0x61, 0x08, 0x82, 0x10, 0x82, 0x10, 0x82, 0x10, 0x82, 0x10,
    0x82, 0x10, 0x82, 0x10, 0x82, 0x10, 0x82, 0x10, 0x82, 0x10, 0x82, 0x10, 0x82, 0x10, 0x82, 0x10,
    0x82, 0x10, 0x82, 0x10, 0x82, 0x10, 0x82, 0x10, 0x82, 0x10, 0x82, 0x18, 0x83, 0x10, 0x83, 0x10,
    0x83, 0x18, 0x83, 0x18, 0xa4, 0x18, 0xa4, 0x20, 0xa4, 0x20, 0xa5, 0x20, 0xc5, 0x28, 0xc5, 0x28,
    0xc5, 0x30, 0xc6, 0x30, 0xc6, 0x30, 0xe7, 0x38, 0xe7, 0x38, 0x07, 0x41, 0x08, 0x41, 0x77, 0xba,
    0x3f, 0xfb, 0x1f, 0xfb, 0x1f, 0xfb, 0xfe, 0xfa, 0x6c, 0x59, 0x2a, 0x49, 0x2a, 0x51, 0x2a, 0x51,
    0x2a, 0x51, 0x2a, 0x51, 0x2a, 0x51, 0x2a, 0x51, 0x4a, 0x51, 0x4a, 0x51, 0x4a, 0x51, 0x4b, 0x59,
    0x6c, 0x61, 0x9a, 0xd2, 0x1f, 0xfb, 0x1f, 0xfb, 0x1f, 0xfb, 0xfc, 0xda, 0x8e, 0x71, 0x6c, 0x59,
    0x6c, 0x59, 0x6c, 0x61, 0x6c, 0x61, 0x6c, 0x61, 0x6b, 0x61, 0x6b, 0x59, 0x56, 0xb2, 0x3f, 0xfb,
    0x5f, 0xfb, 0x5f, 0xfb, 0x1f, 0xfb, 0x57, 0xc2, 0x4a, 0x51, 0x09, 0x49, 0x08, 0x41, 0x08, 0x41,
    0xe7, 0x38, 0xe7, 0x38, 0xe6, 0x30, 0xc5, 0x30, 0xc5, 0x28, 0xc5, 0x28, 0xa4, 0x28, 0xa4, 0x20,
    0xa4, 0x20, 0xa4, 0x20, 0x83, 0x18, 0x83, 0x18, 0x83, 0x18, 0x83, 0x10, 0x83, 0x10, 0x83, 0x10,
    0x83, 0x10, 0x83, 0x10, 0x82, 0x10, 0x82, 0x10, 0x82, 0x10, 0x82, 0x10, 0x82, 0x10, 0x82, 0x10,
    0x82, 0x10, 0x82, 0x10, 0x82, 0x10, 0x82, 0x10, 0x82, 0x10, 0x82, 0x10, 0x82, 0x10, 0x82, 0x10,
    0x82, 0x10, 0x82, 0x10, 0x82, 0x10, 0x82, 0x10, 0x82, 0x10, 0x82, 0x10, 0x82, 0x10, 0x82, 0x10,
    0x82, 0x10, 0x82, 0x10, 0x82, 0x10, 0x82, 0x10, 0x82, 0x10, 0x82, 0x10, 0x82, 0x10, 0x82, 0x10,
    0x82, 0x10, 0x82, 0x10, 0x82, 0x10, 0x82, 0x10, 0x82, 0x10, 0x82, 0x10, 0x82, 0x10, 0x82, 0x10,
    0x82, 0x10, 0x82, 0x10, 0x82, 0x10, 0x82, 0x10, 0x82, 0x10, 0x82, 0x10, 0x82, 0x10, 0x82, 0x10,
    0x82, 0x10, 0x82, 0x10, 0x82, 0x10, 0x82, 0x10, 0x82, 0x10, 0x82, 0x10, 0x82, 0x10, 0x82, 0x10,
    0x82, 0x10, 0x82, 0x10, 0x82, 0x10, 0x82, 0x10, 0x82, 0x10, 0x82, 0x10, 0x82, 0x10, 0x82, 0x10,
    0x82, 0x10, 0x82, 0x10, 0x82, 0x10, 0x82, 0x10, 0x82, 0x10, 0x82, 0x10, 0x82, 0x10, 0x82, 0x10,
    0x82, 0x10, 0x82, 0x10, 0x82, 0x10, 0x82, 0x10, 0x82, 0x10, 0x82, 0x10, 0x82, 0x10, 0x82, 0x10,
    0x82, 0x10, 0x82, 0x10, 0x82, 0x10, 0x82, 0x10, 0x83, 0x10, 0x82, 0x10, 0x83, 0x10, 0x83, 0x18,
    0x83, 0x18, 0xa4, 0x18, 0xa4, 0x20, 0xa4, 0x20, 0xc5, 0x28, 0xc5, 0x28, 0xc5, 0x30, 0xe6, 0x30,
    0xe6, 0x30, 0xe7, 0x38, 0x07, 0x41, 0xe8, 0x40, 0x28, 0x41, 0x13, 0x9a, 0x3f, 0xfb, 0x1f, 0xfb,
    0x1f, 0xfb, 0x1f, 0xfb, 0xd1, 0x89, 0x2a, 0x49, 0x2a, 0x49, 0x2a, 0x49, 0x2a, 0x49, 0x2a, 0x49,
    0x2a, 0x49, 0x2a, 0x49, 0x2a, 0x49, 0x2a, 0x51, 0x4a, 0x49, 0x09, 0x51, 0x2a, 0x51, 0x78, 0xc2,
    0x5f, 0xfb, 0x1f, 0xfb, 0x5f, 0xfb, 0xfd, 0xe2, 0x4b, 0x59, 0x08, 0x41, 0x07, 0x41, 0xe7, 0x38,
    0xe7, 0x38, 0xc6, 0x30, 0xe6, 0x30, 0xe5, 0x28, 0xc5, 0x28, 0xa4, 0x28, 0xa4, 0x20, 0xa4, 0x20,
    0xa4, 0x20, 0xa3, 0x18, 0xa3, 0x18, 0x83, 0x10, 0x82, 0x10, 0x82, 0x18, 0x82, 0x10, 0x82, 0x10,
    0x82, 0x10, 0x82, 0x10, 0x82, 0x10, 0x61, 0x08, 0x82, 0x10, 0x82, 0x10, 0x82, 0x10, 0x82, 0x10,
    0x82, 0x10, 0x82, 0x10, 0x82, 0x10, 0x82, 0x10, 0x82, 0x10, 0x82, 0x10, 0x82, 0x10, 0x82, 0x10,
    0x82, 0x10, 0x82, 0x10, 0x82, 0x10, 0x82, 0x10, 0x82, 0x10, 0x82, 0x18, 0x83, 0x10, 0x83, 0x10,
    0x83, 0x18, 0x83, 0x18, 0xa4, 0x18, 0xa4, 0x20, 0xa4, 0x20, 0xa5, 0x20, 0xc5, 0x28, 0xc5, 0x28,
    0xc5, 0x30, 0xc6, 0x30, 0xc6, 0x30, 0xe7, 0x38, 0xe7, 0x38, 0x07, 0x41, 0x08, 0x41, 0x77, 0xba,
    0x3f, 0xfb, 0x1f, 0xfb, 0x1f, 0xfb, 0xfe, 0xfa, 0x6c, 0x59, 0x2a, 0x49, 0x2a, 0x51, 0x2a, 0x51,
    0x2a, 0x51, 0x2a, 0x51, 0x2a, 0x51, 0x2a, 0x51, 0x4a, 0x51, 0x4a, 0x51, 0x4a, 0x51, 0x4b, 0x59,
    0x6c, 0x61, 0x9a, 0xd2, 0x1f, 0xfb, 0x1f, 0xfb, 0x1f, 0xfb, 0xfc, 0xda, 0x8e, 0x71, 0x6c, 0x61,
    0x4c, 0x61, 0x4c, 0x61, 0x4c, 0x61, 0x6c, 0x59, 0x6c, 0x59, 0x8e, 0x71, 0xfd, 0xe2, 0x1f, 0xfb,
    0x1f, 0xfb, 0x5f, 0xfb, 0x1e, 0xf3, 0xaf, 0x81, 0x09, 0x49, 0x28, 0x41, 0x08, 0x41, 0x07, 0x41,
    0xe7, 0x38, 0xc6, 0x30, 0xc5, 0x30, 0xc5, 0x30, 0xc5, 0x28, 0xa4, 0x28, 0xa4, 0x20, 0xa4, 0x20,
    0xa4, 0x20, 0xa4, 0x18, 0x83, 0x18, 0x83, 0x18, 0x83, 0x18, 0xa3, 0x18, 0x83, 0x10, 0x82, 0x18,
    0x82, 0x10, 0x82, 0x10, 0x82, 0x10, 0x82, 0x10, 0x82, 0x10, 0x82, 0x10, 0x82, 0x10, 0x82, 0x10,
    0x82, 0x10, 0x82, 0x10, 0x82, 0x10, 0x82, 0x10, 0x82, 0x10, 0x82, 0x10, 0x82, 0x10, 0x82, 0x10,
    0x82, 0x10, 0x82, 0x10, 0x82, 0x10, 0x82, 0x10, 0x82, 0x10, 0x82, 0x10, 0x82, 0x10, 0x82, 0x10,
    0x82, 0x10, 0x82, 0x10, 0x82, 0x10, 0x82, 0x10, 0x82, 0x10, 0x82, 0x10, 0x82, 0x10, 0x82, 0x10,
    0x82, 0x10, 0x82, 0x10, 0x82, 0x10, 0x82, 0x10, 0x82, 0x10, 0x82, 0x10, 0x82, 0x10, 0x82, 0x10,
    0x82, 0x10, 0x82, 0x10, 0x82, 0x10, 0x82, 0x10, 0x82, 0x10, 0x82, 0x10, 0x82, 0x10, 0x82, 0x10,
    0x82, 0x10, 0x82, 0x10, 0x82, 0x10, 0x82, 0x10, 0x82, 0x10, 0x82, 0x10, 0x82, 0x10, 0x82, 0x10,
    0x82, 0x10, 0x82, 0x10, 0x82, 0x10, 0x82, 0x10, 0x82, 0x10, 0x82, 0x10, 0x82, 0x10, 0x82, 0x10,
    0x82, 0x10, 0x82, 0x10, 0x82, 0x10, 0x82, 0x10, 0x82, 0x10, 0x82, 0x10, 0x82, 0x10, 0x82, 0x10,
    0x82, 0x10, 0x82, 0x10, 0x82, 0x10, 0x82, 0x10, 0x82, 0x10, 0x82, 0x10, 0x82, 0x10, 0x82, 0x10,
    0x82, 0x10, 0x82, 0x10, 0x82, 0x10, 0x82, 0x10, 0x82, 0x10, 0x83, 0x10, 0x83, 0x10, 0x83, 0x10,
    0x83, 0x18, 0xa3, 0x18, 0xa4, 0x20, 0xa4, 0x20, 0xc5, 0x28, 0xc5, 0x28, 0xc5, 0x30, 0xe6, 0x30,
    0xe6, 0x30, 0xe7, 0x38, 0x07, 0x41, 0xe8, 0x40, 0x28, 0x41, 0x13, 0x9a, 0x3f, 0xfb, 0x1f, 0xfb,
    0x1f, 0xfb, 0x1f, 0xfb, 0xd1, 0x89, 0x2a, 0x49, 0x2a, 0x49, 0x2a, 0x49, 0x2a, 0x49, 0x2a, 0x49,
    0x2a, 0x49, 0x2a, 0x49, 0x2a, 0x49, 0x2a, 0x51, 0x4a, 0x49, 0x09, 0x51, 0x2a, 0x51, 0x78, 0xc2,
    0x5f, 0xfb, 0x1f, 0xfb, 0x5f, 0xfb, 0xfd, 0xe2, 0x4b, 0x59, 0x08, 0x41, 0x07, 0x41, 0xe7, 0x38,
    0xe7, 0x38, 0xc6, 0x30, 0xe6, 0x30, 0xe5, 0x28, 0xc5, 0x28, 0xa4, 0x28, 0xa4, 0x20, 0xa4, 0x20,
    0xa4, 0x20, 0xa3, 0x18, 0xa3, 0x18, 0x83, 0x10, 0x82, 0x10, 0x82, 0x18, 0x82, 0x10, 0x82, 0x10,
    0x82, 0x10, 0x82, 0x10, 0x82, 0x10, 0x61, 0x08, 0x82, 0x10, 0x82, 0x10, 0x82, 0x10, 0x82, 0x10,
    0x82, 0x10, 0x82, 0x10, 0x82, 0x10, 0x82, 0x10, 0x82, 0x10, 0x82, 0x10, 0x82, 0x10, 0x82, 0x10,
    0x82, 0x10, 0x82, 0x10, 0x82, 0x10, 0x82, 0x10, 0x82, 0x10, 0x82, 0x18, 0x83, 0x10, 0x83, 0x10,
    0x83, 0x18, 0x83, 0x18, 0xa4, 0x18, 0xa4, 0x20, 0xa4, 0x20, 0xa5, 0x20, 0xc5, 0x28, 0xc5, 0x28,
    0xc5, 0x30, 0xc6, 0x30, 0xc6, 0x30, 0xe7, 0x38, 0xe7, 0x38, 0x07, 0x41, 0x08, 0x41, 0x77, 0xba,
    0x3f, 0xfb, 0x1f, 0xfb, 0x1f, 0xfb, 0xfe, 0xfa, 0x4c, 0x61, 0x2a, 0x49, 0x2a, 0x51, 0x2a, 0x51,
    0x2a, 0x51, 0x2a, 0x51, 0x2a, 0x51, 0x2a, 0x51, 0x4a, 0x51, 0x4a, 0x51, 0x4a, 0x51, 0x4b, 0x59,
    0x6c, 0x61, 0x9a, 0xd2, 0x1f, 0xfb, 0x1f, 0xfb, 0x1f, 0xfb, 0xdc, 0xe2, 0x8e, 0x71, 0x4c, 0x61,
    0x4c, 0x61, 0x4c, 0x61, 0x4c, 0x61, 0x4c, 0x61, 0x8d, 0x61, 0x77, 0xba, 0x5f, 0xfb, 0x5f, 0xfb,
    0x1f, 0xfb, 0x5f, 0xfb, 0x99, 0xc2, 0x29, 0x51, 0x28, 0x41, 0x08, 0x41, 0x08, 0x41, 0x07, 0x39,
    0xc6, 0x30, 0xc5, 0x30, 0xc5, 0x30, 0xc4, 0x28, 0xc5, 0x28, 0xa4, 0x20, 0xa4, 0x20, 0xa4, 0x20,
    0xa4, 0x20, 0x83, 0x18, 0x83, 0x18, 0x83, 0x10, 0x83, 0x10, 0x83, 0x10, 0x83, 0x10, 0x82, 0x10,
    0x82, 0x10, 0x82, 0x10, 0x82, 0x10, 0x61, 0x08, 0x61, 0x08, 0x61, 0x08, 0x61, 0x08, 0x61, 0x08,
    0x61, 0x08, 0x61, 0x08, 0x61, 0x08, 0x61, 0x08, 0x61, 0x08, 0x61, 0x08, 0x61, 0x08, 0x61, 0x08,
    0x61, 0x08, 0x61, 0x08, 0x61, 0x08, 0x61, 0x08, 0x61, 0x08, 0x61, 0x08, 0x61, 0x08, 0x61, 0x08,
    0x61, 0x08, 0x61, 0x08, 0x61, 0x08, 0x61, 0x08, 0x61, 0x08, 0x61, 0x08, 0x61, 0x08, 0x61, 0x08,
    0x61, 0x08, 0x61, 0x08, 0x61, 0x08, 0x61, 0x08, 0x61, 0x08, 0x61, 0x08, 0x61, 0x08, 0x61, 0x08,
    0x61, 0x08, 0x61, 0x08, 0x61, 0x08, 0x61, 0x08, 0x61, 0x08, 0x61, 0x08, 0x61, 0x08, 0x61, 0x08,
    0x61, 0x08, 0x61, 0x08, 0x61, 0x08, 0x61, 0x08, 0x61, 0x08, 0x61, 0x08, 0x61, 0x08, 0x61, 0x08,
    0x61, 0x08, 0x61, 0x08, 0x61, 0x08, 0x61, 0x08, 0x61, 0x08, 0x61, 0x08, 0x61, 0x08, 0x61, 0x08,
    0x61, 0x08, 0x61, 0x08, 0x61, 0x08, 0x61, 0x08, 0x61, 0x08, 0x61, 0x08, 0x61, 0x08, 0x61, 0x08,
    0x61, 0x08, 0x61, 0x08, 0x61, 0x08, 0x82, 0x10, 0x82, 0x10, 0x82, 0x10, 0x82, 0x10, 0x82, 0x10,
    0x82, 0x10, 0x82, 0x10, 0x82, 0x10, 0x82, 0x10, 0x82, 0x10, 0x82, 0x10, 0x83, 0x10, 0x83, 0x10,
    0x83, 0x18, 0xa3, 0x18, 0xa4, 0x20, 0xa4, 0x20, 0xc5, 0x28, 0xc5, 0x28, 0xc5, 0x30, 0xe6, 0x30,
    0xe6, 0x30, 0xe7, 0x38, 0x07, 0x41, 0xe8, 0x40, 0x28, 0x41, 0x13, 0x9a, 0x3f, 0xfb, 0x1f, 0xfb,
    0x1f, 0xfb, 0x1f, 0xfb, 0xd1, 0x89, 0x2a, 0x49, 0x2a, 0x49, 0x2a, 0x49, 0x2a, 0x49, 0x2a, 0x49,
    0x2a, 0x49, 0x2a, 0x49, 0x2a, 0x49, 0x2a, 0x51, 0x4a, 0x49, 0x09, 0x51, 0x2a, 0x51, 0x78, 0xc2,
    0x5f, 0xfb, 0x1f, 0xfb, 0x5f, 0xfb, 0xfd, 0xe2, 0x4b, 0x59, 0x08, 0x41, 0x07, 0x41, 0xe7, 0x38,
    0xe7, 0x38, 0xc6, 0x30, 0xe6, 0x30, 0xe5, 0x28, 0xc5, 0x28, 0xa4, 0x28, 0xa4, 0x20, 0xa4, 0x20,
    0xa4, 0x20, 0xa3, 0x18, 0xa3, 0x18, 0x83, 0x10, 0x82, 0x10, 0x82, 0x18, 0x82, 0x10, 0x82, 0x10,
    0x82, 0x10, 0x82, 0x10, 0x82, 0x10, 0x61, 0x08, 0x82, 0x10, 0x82, 0x10, 0x82, 0x10, 0x82, 0x10,
    0x82, 0x10, 0x82, 0x10, 0x82, 0x10, 0x82, 0x10, 0x82, 0x10, 0x82, 0x10, 0x82, 0x10, 0x82, 0x10,
    0x82, 0x10, 0x82, 0x10, 0x82, 0x10, 0x82, 0x10, 0x82, 0x10, 0x82, 0x18, 0x83, 0x10, 0x83, 0x10,
    0x83, 0x18, 0x83, 0x18, 0xa4, 0x18, 0xa4, 0x20, 0xa4, 0x20, 0xa4, 0x20, 0xc5, 0x28, 0xc5, 0x28,
    0xc5, 0x30, 0xc6, 0x30, 0xc6, 0x30, 0xe7, 0x38, 0xe7, 0x38, 0x07, 0x41, 0x08, 0x41, 0x77, 0xba,
    0x3f, 0xfb, 0x1f, 0xfb, 0x1f, 0xfb, 0xfe, 0xfa, 0x4c, 0x61, 0x2a, 0x49, 0x2a, 0x51, 0x2a, 0x51,
    0x2a, 0x51, 0x2a, 0x51, 0x2a, 0x51, 0x2a, 0x51, 0x4a, 0x51, 0x4a, 0x51, 0x4a, 0x51, 0x4b, 0x59,
    0x6c, 0x61, 0x9a, 0xd2, 0x1f, 0xfb, 0x1f, 0xfb, 0x1f, 0xfb, 0xdc, 0xe2, 0x8e, 0x71, 0x6c, 0x61,
    0x4c, 0x69, 0x6d, 0x69, 0x6c, 0x61, 0x6c, 0x61, 0xb0, 0x79, 0x1d, 0xeb, 0x5f, 0xfb, 0x1f, 0xfb,
    0x1f, 0xfb, 0xfd, 0xf2, 0xb0, 0x79, 0x09, 0x49, 0x08, 0x41, 0x08, 0x41, 0xe7, 0x38, 0xe7, 0x38,
    0xe6, 0x30, 0xe6, 0x30, 0xc5, 0x28, 0xc5, 0x28, 0xa5, 0x20, 0xa4, 0x20, 0xa4, 0x20, 0xa4, 0x20,
    0xa3, 0x20, 0x83, 0x18, 0x83, 0x10, 0x83, 0x10, 0x83, 0x10, 0x82, 0x10, 0x82, 0x10, 0x82, 0x10,
    0x82, 0x10, 0x82, 0x10, 0x61, 0x08, 0x82, 0x10, 0x61, 0x08, 0x61, 0x08, 0x61, 0x08, 0x61, 0x08,
    0x61, 0x08, 0x61, 0x08, 0x61, 0x08, 0x61, 0x08, 0x61, 0x08, 0x61, 0x08, 0x61, 0x08, 0x61, 0x08,
    0x61, 0x08, 0x61, 0x08, 0x61, 0x08, 0x61, 0x08, 0x61, 0x08, 0x61, 0x08, 0x61, 0x08, 0x61, 0x08,
    0x61, 0x08, 0x61, 0x08, 0x61, 0x08, 0x61, 0x08, 0x61, 0x08, 0x61, 0x08, 0x61, 0x08, 0x61, 0x08,
    0x61, 0x08, 0x61, 0x08, 0x61, 0x08, 0x61, 0x08, 0x61, 0x08, 0x61, 0x08, 0x61, 0x08, 0x61, 0x08,
    0x61, 0x08, 0x61, 0x08, 0x61, 0x08, 0x61, 0x08, 0x61, 0x08, 0x61, 0x08, 0x61, 0x08, 0x61, 0x08,
    0x61, 0x08, 0x61, 0x08, 0x61, 0x08, 0x61, 0x08, 0x61, 0x08, 0x61, 0x08, 0x61, 0x08, 0x61, 0x08,
    0x61, 0x08, 0x61, 0x08, 0x61, 0x08, 0x61, 0x08, 0x61, 0x08, 0x61, 0x08, 0x61, 0x08, 0x61, 0x08,
    0x61, 0x08, 0x61, 0x08, 0x61, 0x08, 0x61, 0x08, 0x61, 0x08, 0x61, 0x08, 0x61, 0x08, 0x61, 0x08,
    0x61, 0x08, 0x61, 0x08, 0x61, 0x08, 0x61, 0x08, 0x61, 0x08, 0x61, 0x08, 0x61, 0x08, 0x61, 0x08,
    0x61, 0x08, 0x82, 0x10, 0x82, 0x10, 0x82, 0x10, 0x82, 0x10, 0x82, 0x10, 0x83, 0x10, 0x83, 0x10,
    0x83, 0x18, 0xa3, 0x18, 0xa4, 0x20, 0xa4, 0x20, 0xc5, 0x28, 0xc5, 0x28, 0xc5, 0x30, 0xe6, 0x30,
    0xe6, 0x30, 0xe7, 0x38, 0x07, 0x41, 0xe8, 0x40, 0x28, 0x41, 0x13, 0x9a, 0x3f, 0xfb, 0x1f, 0xfb,
    0x1f, 0xfb, 0x1f, 0xfb, 0xd1, 0x89, 0x2a, 0x49, 0x2a, 0x49, 0x2a, 0x49, 0x2a, 0x49, 0x2a, 0x49,
    0x2a, 0x49, 0x2a, 0x49, 0x2a, 0x49, 0x2a, 0x51, 0x4a, 0x49, 0x09, 0x51, 0x2a, 0x51, 0x78, 0xc2,
    0x5f, 0xfb, 0x1f, 0xfb, 0x5f, 0xfb, 0xfd, 0xe2, 0x4b, 0x59, 0x08, 0x41, 0x07, 0x41, 0xe7, 0x38,
    0xe7, 0x38, 0xc6, 0x30, 0xe6, 0x30, 0xe5, 0x28, 0xc5, 0x28, 0xa4, 0x28, 0xa4, 0x20, 0xa4, 0x20,
    0xa4, 0x20, 0xa3, 0x18, 0xa3, 0x18, 0x83, 0x10, 0x82, 0x10, 0x82, 0x18, 0x82, 0x10, 0x82, 0x10,
    0x82, 0x10, 0x82, 0x10, 0x82, 0x10, 0x61, 0x08, 0x82, 0x10, 0x82, 0x10, 0x82, 0x10, 0x82, 0x10,
    0x82, 0x10, 0x82, 0x10, 0x82, 0x10, 0x82, 0x10, 0x82, 0x10, 0x82, 0x10, 0x82, 0x10, 0x82, 0x10,
    0x82, 0x10, 0x82, 0x10, 0x82, 0x10, 0x82, 0x10, 0x82, 0x10, 0x82, 0x18, 0x83, 0x10, 0x83, 0x10,
    0x83, 0x18, 0x83, 0x18, 0xa4, 0x18, 0xa4, 0x20, 0xa4, 0x20, 0xa4, 0x20, 0xc5, 0x28, 0xc5, 0x28,
    0xc5, 0x30, 0xc6, 0x30, 0xe7, 0x38, 0xe7, 0x38, 0x07, 0x41, 0x08, 0x41, 0x08, 0x41, 0x77, 0xba,
    0x3f, 0xfb, 0x1f, 0xfb, 0x1f, 0xfb, 0xfe, 0xfa, 0x4c, 0x61, 0x2a, 0x49, 0x4a, 0x49, 0x2a, 0x51,
    0x2a, 0x51, 0x2a, 0x51, 0x4a, 0x51, 0x4a, 0x51, 0x4a, 0x51, 0x4a, 0x51, 0x4b, 0x59, 0x4b, 0x59,
    0x8d, 0x61, 0xba, 0xda, 0x1f, 0xfb, 0x1f, 0xfb, 0x1f, 0xfb, 0xdb, 0xe2, 0x8e, 0x71, 0x6c, 0x61,
    0x4c, 0x69, 0x6c, 0x61, 0x6c, 0x61, 0x6c, 0x61, 0x35, 0xaa, 0x3f, 0xfb, 0x1f, 0xfb, 0xff, 0xfa,
    0x3f, 0xfb, 0x78, 0xc2, 0x29, 0x51, 0x2a, 0x49, 0x08, 0x41, 0x08, 0x41, 0xe7, 0x38, 0xe7, 0x38,
    0xe6, 0x30, 0xc5, 0x30, 0xa5, 0x28, 0xa4, 0x28, 0xa4, 0x20, 0xa4, 0x20, 0xa4, 0x20, 0xa3, 0x18,
    0x83, 0x18, 0x83, 0x18, 0x82, 0x10, 0x83, 0x10, 0x82, 0x18, 0x82, 0x10, 0x82, 0x10, 0x82, 0x10,
    0x61, 0x08, 0x61, 0x08, 0x61, 0x08, 0x61, 0x08, 0x61, 0x08, 0x61, 0x08, 0x61, 0x08, 0x61, 0x08,
    0x61, 0x08, 0x61, 0x08, 0x61, 0x08, 0x61, 0x08, 0x61, 0x08, 0x61, 0x08, 0x61, 0x08, 0x61, 0x08,
    0x61, 0x08, 0x61, 0x08, 0x61, 0x08, 0x61, 0x08, 0x61, 0x08, 0x61, 0x08, 0x61, 0x08, 0x61, 0x08,
    0x61, 0x08, 0x61, 0x08, 0x61, 0x08, 0x61, 0x08, 0x61, 0x08, 0x61, 0x08, 0x61, 0x08, 0x61, 0x08,
    0x61, 0x08, 0x61, 0x08, 0x61, 0x08, 0x61, 0x08, 0x61, 0x08, 0x61, 0x08, 0x61, 0x08, 0x61, 0x08,
    0x61, 0x08, 0x61, 0x08, 0x61, 0x08, 0x61, 0x08, 0x61, 0x08, 0x61, 0x08, 0x61, 0x08, 0x61, 0x08,
    0x61, 0x08, 0x61, 0x08, 0x61, 0x08, 0x61, 0x08, 0x61, 0x08, 0x61, 0x08, 0x61, 0x08, 0x61, 0x08,
    0x61, 0x08, 0x61, 0x08, 0x61, 0x08, 0x61, 0x08, 0x61, 0x08, 0x61, 0x08, 0x61, 0x08, 0x61, 0x08,
    0x61, 0x08, 0x61, 0x08, 0x61, 0x08, 0x61, 0x08, 0x61, 0x08, 0x61, 0x08, 0x61, 0x08, 0x61, 0x08,
    0x82, 0x10, 0x82, 0x10, 0x82, 0x10, 0x82, 0x10, 0x82, 0x10, 0x82, 0x10, 0x82, 0x10, 0x82, 0x10,
    0x82, 0x10, 0x82, 0x10, 0x82, 0x10, 0x82, 0x10, 0x82, 0x10, 0x82, 0x10, 0x83, 0x10, 0x83, 0x10,
    0x83, 0x18, 0xa3, 0x18, 0xa4, 0x20, 0xa4, 0x20, 0xc5, 0x28, 0xc5, 0x28, 0xc5, 0x28, 0xe6, 0x30,
    0xe6, 0x30, 0xe7, 0x38, 0x07, 0x41, 0xe8, 0x40, 0x28, 0x41, 0x13, 0x9a, 0x3f, 0xfb, 0x1f, 0xfb,
    0x1f, 0xfb, 0x1f, 0xfb, 0xd1, 0x89, 0x2a, 0x49, 0x2a, 0x49, 0x2a, 0x49, 0x2a, 0x49, 0x2a, 0x49,
    0x2a, 0x49, 0x2a, 0x49, 0x2a, 0x49, 0x2a, 0x51, 0x4a, 0x49, 0x09, 0x51, 0x2a, 0x51, 0x78, 0xc2,
    0x5f, 0xfb, 0x1f, 0xfb, 0x5f, 0xfb, 0xfd, 0xe2, 0x4b, 0x59, 0x08, 0x41, 0x07, 0x41, 0xe7, 0x38,
    0xe7, 0x38, 0xc6, 0x30, 0xe6, 0x30, 0xe5, 0x28, 0xc5, 0x28, 0xa4, 0x28, 0xa4, 0x20, 0xa4, 0x20,
    0xa4, 0x20, 0xa3, 0x18, 0xa3, 0x18, 0x83, 0x10, 0x82, 0x10, 0x82, 0x18, 0x82, 0x10, 0x82, 0x10,
    0x82, 0x10, 0x82, 0x10, 0x82, 0x10, 0x61, 0x08, 0x82, 0x10, 0x82, 0x10, 0x82, 0x10, 0x82, 0x10,
    0x82, 0x10, 0x82, 0x10, 0x82, 0x10, 0x82, 0x10, 0x82, 0x10, 0x82, 0x10, 0x82, 0x10, 0x82, 0x10,
    0x82, 0x10, 0x82, 0x10, 0x82, 0x10, 0x82, 0x10, 0x82, 0x10, 0x82, 0x18, 0x83, 0x10, 0x83, 0x10,
    0x83, 0x18, 0x83, 0x18, 0xa4, 0x18, 0xa4, 0x20, 0xa4, 0x20, 0xa4, 0x20, 0xc5, 0x28, 0xc5, 0x28,
    0xc5, 0x30, 0xc6, 0x30, 0xe7, 0x38, 0xe7, 0x38, 0x07, 0x41, 0x07, 0x41, 0x08, 0x41, 0x77, 0xba,
    0x3f, 0xfb, 0x1f, 0xfb, 0x1f, 0xfb, 0x3e, 0xf3, 0x4c, 0x61, 0x2a, 0x51, 0x2a, 0x51, 0x2a, 0x51,
    0x2a, 0x51, 0x2a, 0x51, 0x4a, 0x51, 0x4a, 0x51, 0x4a, 0x51, 0x2a, 0x59, 0x4b, 0x59, 0x4b, 0x59,
    0x6d, 0x69, 0xba, 0xda, 0x1f, 0xfb, 0x1f, 0xfb, 0x1f, 0xfb, 0xfc, 0xda, 0xaf, 0x79, 0x6c, 0x61,
    0x6c, 0x61, 0x6d, 0x61, 0x6c, 0x61, 0x8e, 0x71, 0xdb, 0xe2, 0x1f, 0xfb, 0x5f, 0xfb, 0x1f, 0xfb,
    0x1f, 0xfb, 0xd1, 0x89, 0x29, 0x49, 0x29, 0x49, 0x08, 0x41, 0xe8, 0x38, 0xe7, 0x38, 0xe7, 0x38,
    0xe6, 0x30, 0xc5, 0x28, 0xc4, 0x28, 0xa4, 0x28, 0xa4, 0x20, 0xa4, 0x18, 0xa4, 0x18, 0xa3, 0x18,
    0x83, 0x18, 0x83, 0x10, 0x83, 0x10, 0x83, 0x10, 0x82, 0x10, 0x82, 0x10, 0x61, 0x08, 0x61, 0x08,
    0x61, 0x08, 0x61, 0x08, 0x61, 0x08, 0x61, 0x08, 0x61, 0x08, 0x61, 0x08, 0x61, 0x08, 0x61, 0x08,
    0x61, 0x08, 0x61, 0x08, 0x61, 0x08, 0x61, 0x08, 0x61, 0x08, 0x61, 0x08, 0x61, 0x08, 0x61, 0x08,
    0x61, 0x08, 0x61, 0x08, 0x61, 0x08, 0x61, 0x08, 0x61, 0x08, 0x61, 0x08, 0x61, 0x08, 0x61, 0x08,
    0x61, 0x08, 0x61, 0x08, 0x61, 0x08, 0x61, 0x08, 0x61, 0x08, 0x61, 0x08, 0x61, 0x08, 0x61, 0x08,
    0x61, 0x08, 0x61, 0x08, 0x61, 0x08, 0x61, 0x08, 0x61, 0x08, 0x61, 0x08, 0x61, 0x08, 0x61, 0x08,
    0x61, 0x08, 0x61, 0x08, 0x61, 0x08, 0x61, 0x08, 0x61, 0x08, 0x61, 0x08, 0x61, 0x08, 0x61, 0x08,
    0x61, 0x08, 0x61, 0x08, 0x61, 0x08, 0x61, 0x08, 0x61, 0x08, 0x61, 0x08, 0x61, 0x08, 0x61, 0x08,
    0x61, 0x08, 0x61, 0x08, 0x61, 0x08, 0x61, 0x08, 0x61, 0x08, 0x61, 0x08, 0x61, 0x08, 0x61, 0x08,
    0x61, 0x08, 0x61, 0x08, 0x61, 0x08, 0x61, 0x08, 0x61, 0x08, 0x82, 0x10, 0x82, 0x10, 0x82, 0x10,
    0x82, 0x10, 0x82, 0x10, 0x82, 0x10, 0x82, 0x10, 0x82, 0x10, 0x82, 0x10, 0x82, 0x10, 0x82, 0x10,
    0x82, 0x10, 0x61, 0x08, 0x82, 0x10, 0x82, 0x10, 0x82, 0x10, 0x82, 0x10, 0x83, 0x10, 0x83, 0x10,
    0x83, 0x18, 0xa4, 0x18, 0xa4, 0x20, 0xa4, 0x20, 0xc5, 0x28, 0xc5, 0x28, 0xc5, 0x30, 0xe6, 0x30,
    0xe6, 0x30, 0xe7, 0x38, 0x07, 0x41, 0xe8, 0x40, 0x28, 0x41, 0x13, 0x9a, 0x3f, 0xfb, 0x1f, 0xfb,
    0x1f, 0xfb, 0x1f, 0xfb, 0xd1, 0x89, 0x2a, 0x49, 0x2a, 0x49, 0x2a, 0x49, 0x2a, 0x49, 0x2a, 0x49,
    0x2a, 0x49, 0x2a, 0x49, 0x2a, 0x49, 0x2a, 0x51, 0x4a, 0x49, 0x09, 0x51, 0x2a, 0x51, 0x78, 0xc2,
    0x5f, 0xfb, 0x1f, 0xfb, 0x5f, 0xfb, 0xfd, 0xe2, 0x4b, 0x59, 0x08, 0x41, 0x07, 0x41, 0xe7, 0x38,
    0xe7, 0x38, 0xc6, 0x30, 0xe6, 0x30, 0xe5, 0x28, 0xc5, 0x28, 0xa4, 0x28, 0xa4, 0x20, 0xa4, 0x20,
    0xa4, 0x20, 0xa3, 0x18, 0xa3, 0x18, 0x83, 0x10, 0x82, 0x10, 0x82, 0x18, 0x82, 0x10, 0x82, 0x10,
    0x82, 0x10, 0x82, 0x10, 0x82, 0x10, 0x61, 0x08, 0x82, 0x10, 0x82, 0x10, 0x82, 0x10, 0x82, 0x10,
    0x82, 0x10, 0x82, 0x10, 0x82, 0x10, 0x82, 0x10, 0x82, 0x10, 0x82, 0x10, 0x82, 0x10, 0x82, 0x10,
    0x82, 0x10, 0x82, 0x10, 0x82, 0x10, 0x82, 0x10, 0x82, 0x10, 0x82, 0x18, 0x83, 0x10, 0x83, 0x10,
    0x83, 0x18, 0x83, 0x18, 0xa4, 0x18, 0xa4, 0x20, 0xa4, 0x20, 0xa4, 0x20, 0xc5, 0x28, 0xc5, 0x28,
    0xc5, 0x30, 0xc6, 0x30, 0xe7, 0x38, 0xe7, 0x38, 0x07, 0x41, 0x07, 0x41, 0x08, 0x41, 0x77, 0xba,
    0x3f, 0xfb, 0x1f, 0xfb, 0x1f, 0xfb, 0x3e, 0xf3, 0x4c, 0x61, 0x2a, 0x51, 0x2a, 0x51, 0x2a, 0x51,
    0x4a, 0x51, 0x2a, 0x51, 0x4a, 0x51, 0x4a, 0x51, 0x4a, 0x51, 0x4b, 0x59, 0x4b, 0x59, 0x4b, 0x59,
    0x8d, 0x69, 0xba, 0xda, 0x1f, 0xfb, 0xff, 0xfa, 0x1f, 0xfb, 0xfc, 0xda, 0xaf, 0x79, 0x6c, 0x61,
    0x6c, 0x61, 0x6c, 0x61, 0x4c, 0x69, 0x36, 0xb2, 0x1f, 0xfb, 0x5f, 0xfb, 0xff, 0xfa, 0x1f, 0xfb,
    0x9b, 0xd2, 0x4b, 0x59, 0x09, 0x49, 0x09, 0x49, 0x08, 0x41, 0xe8, 0x38, 0xe7, 0x38, 0xc6, 0x30,
    0xe6, 0x30, 0xc5, 0x28, 0xc5, 0x28, 0xa4, 0x20, 0xa4, 0x20, 0xa3, 0x18, 0xa3, 0x18, 0x83, 0x18,
    0x83, 0x18, 0x83, 0x10, 0x83, 0x10, 0x82, 0x10, 0x82, 0x10, 0x61, 0x08, 0x61, 0x08, 0x61, 0x08,
    0x61, 0x08, 0x61, 0x08, 0x61, 0x08, 0x82, 0x10, 0x82, 0x10, 0x82, 0x10, 0x82, 0x10, 0x82, 0x10,
    0x82, 0x10, 0x82, 0x10, 0x82, 0x10, 0x82, 0x10, 0x82, 0x10, 0x82, 0x10, 0x82, 0x10, 0x82, 0x10,
    0x82, 0x10, 0x82, 0x10, 0x82, 0x10, 0x82, 0x10, 0x82, 0x10, 0x82, 0x10, 0x82, 0x10, 0x82, 0x10,
    0x82, 0x10, 0x82, 0x10, 0x82, 0x10, 0x82, 0x10, 0x82, 0x10, 0x82, 0x10, 0x82, 0x10, 0x82, 0x10,
    0x82, 0x10, 0x82, 0x10, 0x82, 0x10, 0x82, 0x10, 0x82, 0x10, 0x82, 0x10, 0x82, 0x10, 0x82, 0x10,
    0x82, 0x10, 0x82, 0x10, 0x82, 0x10, 0x82, 0x10, 0x82, 0x10, 0x82, 0x10, 0x82, 0x10, 0x82, 0x10,
    0x82, 0x10, 0x82, 0x10, 0x82, 0x10, 0x82, 0x10, 0x82, 0x10, 0x82, 0x10, 0x82, 0x10, 0x82, 0x10,
    0x82, 0x10, 0x82, 0x10, 0x82, 0x10, 0x82, 0x10, 0x82, 0x10, 0x82, 0x10, 0x82, 0x10, 0x82, 0x10,
    0x82, 0x10, 0x82, 0x10, 0x82, 0x10, 0x82, 0x10, 0x82, 0x10, 0x82, 0x10, 0x82, 0x10, 0x82, 0x10,
    0x82, 0x10, 0x82, 0x10, 0x82, 0x10, 0x82, 0x10, 0x82, 0x10, 0x82, 0x10, 0x82, 0x10, 0x82, 0x10,
    0x82, 0x10, 0x61, 0x08, 0x82, 0x10, 0x82, 0x10, 0x82, 0x10, 0x82, 0x10, 0x83, 0x10, 0x83, 0x10,
    0x83, 0x18, 0xa4, 0x18, 0xa4, 0x20, 0xa4, 0x20, 0xc5, 0x28, 0xc5, 0x28, 0xc5, 0x30, 0xe6, 0x30,
    0xe6, 0x30, 0xe7, 0x38, 0x07, 0x41, 0xe8, 0x40, 0x28, 0x41, 0x13, 0x9a, 0x3f, 0xfb, 0x1f, 0xfb,
    0x1f, 0xfb, 0x1f, 0xfb, 0xd1, 0x89, 0x2a, 0x49, 0x2a, 0x49, 0x2a, 0x49, 0x2a, 0x49, 0x2a, 0x49,
    0x2a, 0x49, 0x2a, 0x49, 0x2a, 0x49, 0x2a, 0x51, 0x4a, 0x49, 0x09, 0x51, 0x2a, 0x51, 0x78, 0xc2,
    0x5f, 0xfb, 0x1f, 0xfb, 0x5f, 0xfb, 0xfd, 0xe2, 0x4b, 0x59, 0x08, 0x41, 0x07, 0x41, 0xe7, 0x38,
    0xe7, 0x38, 0xc6, 0x30, 0xe6, 0x30, 0xe5, 0x28, 0xc5, 0x28, 0xa4, 0x28, 0xa4, 0x20, 0xa4, 0x20,
    0xa4, 0x20, 0xa3, 0x18, 0xa3, 0x18, 0x83, 0x10, 0x82, 0x10, 0x82, 0x18, 0x82, 0x10, 0x82, 0x10,
    0x82, 0x10, 0x82, 0x10, 0x82, 0x10, 0x61, 0x08, 0x82, 0x10, 0x82, 0x10, 0x82, 0x10, 0x82, 0x10,
    0x82, 0x10, 0x82, 0x10, 0x82, 0x10, 0x82, 0x10, 0x82, 0x10, 0x82, 0x10, 0x82, 0x10, 0x82, 0x10,
    0x82, 0x10, 0x82, 0x10, 0x82, 0x10, 0x82, 0x10, 0x82, 0x10, 0x82, 0x18, 0x83, 0x10, 0x83, 0x10,
    0x83, 0x18, 0x83, 0x18, 0xa4, 0x18, 0xa4, 0x20, 0xa4, 0x20, 0xa4, 0x20, 0xc5, 0x28, 0xc5, 0x28,
    0xc5, 0x30, 0xc6, 0x30, 0xe7, 0x38, 0xe7, 0x38, 0x07, 0x41, 0x07, 0x41, 0x08, 0x41, 0x77, 0xba,
    0x3f, 0xfb, 0x1f, 0xfb, 0x1f, 0xfb, 0x3e, 0xf3, 0x4c, 0x61, 0x2a, 0x51, 0x2a, 0x51, 0x2a, 0x51,
    0x4a, 0x51, 0x2a, 0x51, 0x4a, 0x51, 0x4a, 0x51, 0x4a, 0x51, 0x4b, 0x59, 0x4b, 0x59, 0x4b, 0x59,
    0x8d, 0x71, 0xdb, 0xda, 0x1f, 0xfb, 0x5f, 0xfb, 0x1f, 0xfb, 0xfc, 0xda, 0xaf, 0x79, 0x8d, 0x69,
    0x6c, 0x61, 0x6c, 0x61, 0xaf, 0x79, 0x1d, 0xeb, 0x1f, 0xfb, 0x5f, 0xfb, 0x5f, 0xfb, 0x1f, 0xfb,
    0xd1, 0x89, 0x29, 0x51, 0xe8, 0x48, 0x09, 0x49, 0x08, 0x41, 0xe7, 0x38, 0xc6, 0x30, 0xe6, 0x30,
    0xc5, 0x30, 0xa5, 0x28, 0xa4, 0x28, 0xa4, 0x20, 0xa3, 0x18, 0xa4, 0x18, 0xa3, 0x18, 0x83, 0x18,
    0x83, 0x10, 0x83, 0x10, 0x82, 0x10, 0x82, 0x10, 0x82, 0x10, 0x61, 0x08, 0x61, 0x08, 0x61, 0x08,
    0x61, 0x08, 0x61, 0x08, 0x61, 0x08, 0x82, 0x10, 0x82, 0x10, 0x82, 0x10, 0x82, 0x10, 0x82, 0x10,
    0x82, 0x10, 0x82, 0x10, 0x82, 0x10, 0x82, 0x10, 0x82, 0x10, 0x82, 0x10, 0x82, 0x10, 0x82, 0x10,
    0x82, 0x10, 0x82, 0x10, 0x82, 0x10, 0x82, 0x10, 0x82, 0x10, 0x82, 0x10, 0x82, 0x10, 0x82, 0x10,
    0x82, 0x10, 0x82, 0x10, 0x82, 0x10, 0x82, 0x10, 0x82, 0x10, 0x82, 0x10, 0x82, 0x10, 0x82, 0x10,
    0x82, 0x10, 0x82, 0x10, 0x82, 0x10, 0x82, 0x10, 0x82, 0x10, 0x82, 0x10, 0x82, 0x10, 0x82, 0x10,
    0x82, 0x10, 0x82, 0x10, 0x82, 0x10, 0x82, 0x10, 0x82, 0x10, 0x82, 0x10, 0x82, 0x10, 0x82, 0x10,
    0x82, 0x10, 0x82, 0x10, 0x82, 0x10, 0x82, 0x10, 0x82, 0x10, 0x82, 0x10, 0x82, 0x10, 0x82, 0x10,
    0x82, 0x10, 0x82, 0x10, 0x82, 0x10, 0x82, 0x10, 0x82, 0x10, 0x82, 0x10, 0x82, 0x10, 0x82, 0x10,
    0x82, 0x10, 0x82, 0x10, 0x82, 0x10, 0x82, 0x10, 0x82, 0x10, 0x82, 0x10, 0x82, 0x10, 0x82, 0x10,
    0x82, 0x10, 0x82, 0x10, 0x82, 0x10, 0x82, 0x10, 0x82, 0x10, 0x82, 0x10, 0x82, 0x10, 0x82, 0x10,
    0x82, 0x10, 0x61, 0x08, 0x82, 0x10, 0x82, 0x10, 0x82, 0x10, 0x82, 0x10, 0x83, 0x10, 0x83, 0x10,
    0x83, 0x18, 0xa4, 0x18, 0xa4, 0x20, 0xa4, 0x20, 0xc5, 0x28, 0xc5, 0x28, 0xc5, 0x30, 0xe6, 0x30,
    0xe6, 0x30, 0xe7, 0x38, 0x07, 0x41, 0xe8, 0x40, 0x28, 0x41, 0x13, 0x9a, 0x3f, 0xfb, 0x1f, 0xfb,
    0x1f, 0xfb, 0x1f, 0xfb, 0xd1, 0x89, 0x2a, 0x49, 0x2a, 0x49, 0x2a, 0x49, 0x2a, 0x49, 0x2a, 0x49,
    0x2a, 0x49, 0x2a, 0x49, 0x2a, 0x49, 0x2a, 0x51, 0x4a, 0x49, 0x09, 0x51, 0x2a, 0x51, 0x78, 0xc2,
    0x5f, 0xfb, 0x1f, 0xfb, 0x5f, 0xfb, 0xfd, 0xe2, 0x4b, 0x59, 0x08, 0x41, 0x07, 0x41, 0xe7, 0x38,
    0xe7, 0x38, 0xc6, 0x30, 0xe6, 0x30, 0xe5, 0x28, 0xc5, 0x28, 0xa4, 0x28, 0xa4, 0x20, 0xa4, 0x20,
    0xa4, 0x20, 0xa3, 0x18, 0xa3, 0x18, 0x83, 0x10, 0x82, 0x10, 0x82, 0x18, 0x82, 0x10, 0x82, 0x10,
    0x82, 0x10, 0x82, 0x10, 0x82, 0x10, 0x61, 0x08, 0x82, 0x10, 0x82, 0x10, 0x82, 0x10, 0x82, 0x10,
    0x82, 0x10, 0x82, 0x10, 0x82, 0x10, 0x82, 0x10, 0x82, 0x10, 0x82, 0x10, 0x82, 0x10, 0x82, 0x10,
    0x82, 0x10, 0x82, 0x10, 0x82, 0x10, 0x82, 0x10, 0x82, 0x10, 0x82, 0x18, 0x83, 0x10, 0x83, 0x10,
    0x83, 0x18, 0x83, 0x18, 0xa4, 0x18, 0xa4, 0x20, 0xa4, 0x20, 0xa4, 0x20, 0xc5, 0x28, 0xc5, 0x28,
    0xc5, 0x30, 0xc6, 0x30, 0xe7, 0x38, 0xe7, 0x38, 0x07, 0x41, 0x07, 0x41, 0x08, 0x41, 0x77, 0xba,
    0x3f, 0xfb, 0x1f, 0xfb, 0x1f, 0xfb, 0x3e, 0xf3, 0x4c, 0x61, 0x2a, 0x51, 0x2a, 0x51, 0x2a, 0x51,
    0x2a, 0x51, 0x4a, 0x51, 0x4a, 0x51, 0x4a, 0x51, 0x4a, 0x51, 0x4b, 0x59, 0x4b, 0x59, 0x6b, 0x61,
    0x8d, 0x69, 0xdb, 0xda, 0x1f, 0xfb, 0x1f, 0xfb, 0x1f, 0xfb, 0xfc, 0xda, 0xaf, 0x79, 0x8d, 0x69,
    0x8d, 0x69, 0x6c, 0x61, 0x35, 0xaa, 0x5f, 0xfb, 0x3f, 0xfb, 0x5f, 0xfb, 0x3f, 0xfb, 0x99, 0xca,
    0x4a, 0x51, 0x2a, 0x49, 0xe8, 0x48, 0x08, 0x41, 0x07, 0x41, 0xe7, 0x38, 0xc6, 0x30, 0xc5, 0x30,
    0xc5, 0x28, 0xc5, 0x28, 0xa4, 0x20, 0xa4, 0x20, 0xa4, 0x20, 0x83, 0x18, 0xa3, 0x18, 0x83, 0x10,
    0x83, 0x10, 0x82, 0x10, 0x82, 0x10, 0x82, 0x10, 0x61, 0x08, 0x61, 0x08, 0x61, 0x08, 0x61, 0x08,
    0x61, 0x08, 0x61, 0x08, 0x82, 0x10, 0x82, 0x10, 0x82, 0x10, 0x82, 0x10, 0x82, 0x10, 0x82, 0x10,
    0x82, 0x10, 0x82, 0x10, 0x82, 0x10, 0x82, 0x10, 0x82, 0x10, 0x82, 0x10, 0x82, 0x10, 0x82, 0x10,
    0x82, 0x10, 0x82, 0x10, 0x82, 0x10, 0x82, 0x10, 0x82, 0x10, 0x82, 0x10, 0x82, 0x10, 0x82, 0x10,
    0x82, 0x10, 0x82, 0x10, 0x82, 0x10, 0x82, 0x10, 0x82, 0x10, 0x82, 0x10, 0x82, 0x10, 0x82, 0x10,
    0x82, 0x10, 0x82, 0x10, 0x82, 0x10, 0x82, 0x10, 0x82, 0x10, 0x82, 0x10, 0x82, 0x10, 0x82, 0x10,
    0x82, 0x10, 0x82, 0x10, 0x82, 0x10, 0x82, 0x10, 0x82, 0x10, 0x82, 0x10, 0x82, 0x10, 0x82, 0x10,
    0x82, 0x10, 0x82, 0x10, 0x82, 0x10, 0x82, 0x10, 0x82, 0x10, 0x82, 0x10, 0x82, 0x10, 0x82, 0x10,
    0x82, 0x10, 0x82, 0x10, 0x82, 0x10, 0x82, 0x10, 0x82, 0x10, 0x82, 0x10, 0x82, 0x10, 0x82, 0x10,
    0x82, 0x10, 0x82, 0x10, 0x82, 0x10, 0x82, 0x10, 0x82, 0x10, 0x82, 0x10, 0x82, 0x10, 0x82, 0x10,
    0x82, 0x10, 0x82, 0x10, 0x82, 0x10, 0x82, 0x10, 0x82, 0x10, 0x82, 0x10, 0x82, 0x10, 0x82, 0x10,
    0x82, 0x10, 0x61, 0x08, 0x82, 0x10, 0x82, 0x10, 0x82, 0x10, 0x82, 0x10, 0x83, 0x10, 0x83, 0x10,
    0x83, 0x18, 0xa4, 0x18, 0xa4, 0x20, 0xa4, 0x20, 0xc5, 0x28, 0xc5, 0x28, 0xc5, 0x30, 0xe6, 0x30,
    0xe6, 0x30, 0xe7, 0x38, 0x07, 0x41, 0xe8, 0x40, 0x28, 0x41, 0x13, 0x9a, 0x3f, 0xfb, 0x1f, 0xfb,
    0x1f, 0xfb, 0x1f, 0xfb, 0xd1, 0x89, 0x2a, 0x49, 0x2a, 0x49, 0x2a, 0x49, 0x2a, 0x49, 0x2a, 0x49,
    0x2a, 0x49, 0x2a, 0x49, 0x2a, 0x49, 0x2a, 0x51, 0x4a, 0x49, 0x09, 0x51, 0x2a, 0x51, 0x78, 0xc2,
    0x5f, 0xfb, 0x1f, 0xfb, 0x5f, 0xfb, 0xfd, 0xe2, 0x4b, 0x59, 0x08, 0x41, 0x07, 0x41, 0xe7, 0x38,
    0xe7, 0x38, 0xc6, 0x30, 0xe6, 0x30, 0xe5, 0x28, 0xc5, 0x28, 0xa4, 0x28, 0xa4, 0x20, 0xa4, 0x20,
    0xa4, 0x20, 0xa3, 0x18, 0xa3, 0x18, 0x83, 0x10, 0x82, 0x10, 0x82, 0x18, 0x82, 0x10, 0x82, 0x10,
    0x82, 0x10, 0x82, 0x10, 0x82, 0x10, 0x61, 0x08, 0x82, 0x10, 0x82, 0x10, 0x82, 0x10, 0x82, 0x10,
    0x82, 0x10, 0x82, 0x10, 0x82, 0x10, 0x82, 0x10, 0x82, 0x10, 0x82, 0x10, 0x82, 0x10, 0x82, 0x10,
    0x82, 0x10, 0x82, 0x10, 0x82, 0x10, 0x82, 0x10, 0x82, 0x10, 0x82, 0x10, 0x83, 0x10, 0x83, 0x10,
    0x83, 0x18, 0x83, 0x18, 0xa4, 0x18, 0xa4, 0x20, 0xa4, 0x20, 0xa4, 0x20, 0xc5, 0x28, 0xc5, 0x28,
    0xc5, 0x30, 0xc6, 0x30, 0xe7, 0x38, 0xe7, 0x38, 0x07, 0x41, 0x07, 0x41, 0x08, 0x41, 0x77, 0xba,
    0x3f, 0xfb, 0x1f, 0xfb, 0x1f, 0xfb, 0x3e, 0xf3, 0x4c, 0x61, 0x2a, 0x51, 0x2a, 0x51, 0x2a, 0x51,
    0x2a, 0x51, 0x4a, 0x51, 0x4a, 0x51, 0x4a, 0x51, 0x4a, 0x51, 0x4b, 0x59, 0x6b, 0x61, 0x6b, 0x61,
    0x8d, 0x71, 0xdb, 0xda, 0x1f, 0xfb, 0x1f, 0xfb, 0x5f, 0xfb, 0xfc, 0xda, 0xaf, 0x81, 0x8d, 0x69,
    0x8d, 0x69, 0x8d, 0x71, 0xba, 0xda, 0x1f, 0xfb, 0x1f, 0xfb, 0x1f, 0xfb, 0xfe, 0xfa, 0xd2, 0x91,
    0x4a, 0x51, 0x2a, 0x49, 0x08, 0x41, 0x08, 0x41, 0xe7, 0x38, 0xe7, 0x38, 0xc6, 0x30, 0xc5, 0x30,
    0xc5, 0x28, 0xc5, 0x28, 0xc4, 0x20, 0xa4, 0x20, 0xa4, 0x20, 0x84, 0x20, 0x83, 0x10, 0x83, 0x10,
    0x82, 0x10, 0x83, 0x10, 0x82, 0x10, 0x82, 0x10, 0x61, 0x08, 0x61, 0x08, 0x61, 0x08, 0x61, 0x08,
    0x61, 0x08, 0x82, 0x10, 0x82, 0x10, 0x82, 0x10, 0x82, 0x10, 0x82, 0x10, 0x82, 0x10, 0x82, 0x10,
    0x82, 0x10, 0x82, 0x10, 0x82, 0x10, 0x82, 0x10, 0x82, 0x10, 0x82, 0x10, 0x82, 0x10, 0x82, 0x10,
    0x82, 0x10, 0x82, 0x10, 0x82, 0x10, 0x82, 0x10, 0x82, 0x10, 0x82, 0x10, 0x82, 0x10, 0x82, 0x10,
    0x82, 0x10, 0x82, 0x10, 0x82, 0x10, 0x82, 0x10, 0x82, 0x10, 0x82, 0x10, 0x82, 0x10, 0x82, 0x10,
    0x82, 0x10, 0x82, 0x10, 0x82, 0x10, 0x82, 0x10, 0x82, 0x10, 0x82, 0x10, 0x82, 0x10, 0x82, 0x10,
    0x82, 0x10, 0x82, 0x10, 0x82, 0x10, 0x82, 0x10, 0x82, 0x10, 0x82, 0x10, 0x82, 0x10, 0x82, 0x10,
    0x82, 0x10, 0x82, 0x10, 0x82, 0x10, 0x82, 0x10, 0x82, 0x10, 0x82, 0x10, 0x82, 0x10, 0x82, 0x10,
    0x82, 0x10, 0x82, 0x10, 0x82, 0x10, 0x82, 0x10, 0x82, 0x10, 0x82, 0x10, 0x82, 0x10, 0x82, 0x10,
    0x82, 0x10, 0x82, 0x10, 0x82, 0x10, 0x82, 0x10, 0x82, 0x10, 0x82, 0x10, 0x82, 0x10, 0x82, 0x10,
    0x82, 0x10, 0x82, 0x10, 0x82, 0x10, 0x82, 0x10, 0x82, 0x10, 0x82, 0x10, 0x82, 0x10, 0x82, 0x10,
    0x82, 0x10, 0x61, 0x08, 0x82, 0x10, 0x82, 0x10, 0x82, 0x10, 0x82, 0x10, 0x83, 0x10, 0x83, 0x10,
    0x83, 0x18, 0xa4, 0x18, 0xa4, 0x20, 0xa4, 0x20, 0xc5, 0x28, 0xc5, 0x28, 0xc5, 0x30, 0xe6, 0x30,
    0xe6, 0x30, 0xe7, 0x38, 0x07, 0x41, 0xe8, 0x40, 0x28, 0x41, 0x13, 0x9a, 0x3f, 0xfb, 0x1f, 0xfb,
    0x1f, 0xfb, 0x1f, 0xfb, 0xd1, 0x89, 0x2a, 0x49, 0x2a, 0x49, 0x2a, 0x49, 0x2a, 0x49, 0x2a, 0x49,
    0x2a, 0x49, 0x2a, 0x49, 0x2a, 0x49, 0x2a, 0x51, 0x4a, 0x49, 0x09, 0x51, 0x2a, 0x51, 0x78, 0xc2,
    0x5f, 0xfb, 0x1f, 0xfb, 0x5f, 0xfb, 0xfd, 0xe2, 0x4b, 0x59, 0x08, 0x41, 0x07, 0x41, 0xe7, 0x38,
    0xe7, 0x38, 0xc6, 0x30, 0xe6, 0x30, 0xe5, 0x28, 0xc5, 0x28, 0xa4, 0x28, 0xa4, 0x20, 0xa4, 0x20,
    0xa4, 0x20, 0xa3, 0x18, 0xa3, 0x18, 0x83, 0x10, 0x82, 0x10, 0x82, 0x18, 0x82, 0x10, 0x82, 0x10,
    0x82, 0x10, 0x82, 0x10, 0x82, 0x10, 0x61, 0x08, 0x82, 0x10, 0x82, 0x10, 0x82, 0x10, 0x82, 0x10,
    0x82, 0x10, 0x82, 0x10, 0x82, 0x10, 0x82, 0x10, 0x82, 0x10, 0x82, 0x10, 0x82, 0x10, 0x82, 0x10,
    0x82, 0x10, 0x82, 0x10, 0x82, 0x10, 0x82, 0x10, 0x82, 0x10, 0x82, 0x10, 0x83, 0x10, 0x83, 0x10,
    0x83, 0x18, 0x83, 0x18, 0xa4, 0x18, 0xa4, 0x20, 0xa4, 0x20, 0xa5, 0x20, 0xc5, 0x28, 0xa5, 0x28,
    0xc5, 0x30, 0xc6, 0x30, 0xe7, 0x38, 0xe7, 0x38, 0x07, 0x41, 0x07, 0x41, 0x08, 0x41, 0x77, 0xba,
    0x3f, 0xfb, 0x1f, 0xfb, 0x1f, 0xfb, 0x3e, 0xf3, 0x6c, 0x61, 0x4a, 0x51, 0x2a, 0x51, 0x2a, 0x51,
    0x4a, 0x51, 0x4a, 0x51, 0x4a, 0x51, 0x4a, 0x51, 0x4a, 0x51, 0x4b, 0x59, 0x6c, 0x59, 0x6c, 0x61,
    0x8e, 0x71, 0xda, 0xd2, 0x1f, 0xfb, 0x5f, 0xfb, 0x1f, 0xfb, 0xdd, 0xe2, 0xaf, 0x79, 0x8d, 0x61,
    0x8d, 0x69, 0x14, 0xa2, 0x1f, 0xfb, 0x3f, 0xfb, 0x1f, 0xfb, 0x3f, 0xfb, 0xdb, 0xda, 0x6c, 0x61,
    0x2a, 0x49, 0x09, 0x49, 0xe7, 0x40, 0x07, 0x39, 0xe7, 0x38, 0xe6, 0x30, 0xe6, 0x30, 0xe5, 0x28,
    0xc5, 0x28, 0xc5, 0x28, 0xa4, 0x20, 0xa4, 0x18, 0xa3, 0x18, 0x83, 0x18, 0x83, 0x10, 0x82, 0x10,
    0x82, 0x10, 0x82, 0x10, 0x82, 0x10, 0x82, 0x10, 0x61, 0x08, 0x61, 0x08, 0x61, 0x08, 0x82, 0x10,
    0x61, 0x08, 0x82, 0x10, 0x82, 0x10, 0x82, 0x10, 0x82, 0x10, 0x82, 0x10, 0x82, 0x10, 0x82, 0x10,
    0x82, 0x10, 0x82, 0x10, 0x82, 0x10, 0x82, 0x10, 0x82, 0x10, 0x82, 0x10, 0x82, 0x10, 0x82, 0x10,
    0x82, 0x10, 0x82, 0x10, 0x82, 0x10, 0x82, 0x10, 0x82, 0x10, 0x82, 0x10, 0x82, 0x10, 0x82, 0x10,
    0x82, 0x10, 0x82, 0x10, 0x82, 0x10, 0x82, 0x10, 0x82, 0x10, 0x82, 0x10, 0x82, 0x10, 0x82, 0x10,
    0x82, 0x10, 0x82, 0x10, 0x82, 0x10, 0x82, 0x10, 0x82, 0x10, 0x82, 0x10, 0x82, 0x10, 0x82, 0x10,
    0x82, 0x10, 0x82, 0x10, 0x82, 0x10, 0x82, 0x10, 0x82, 0x10, 0x82, 0x10, 0x82, 0x10, 0x82, 0x10,
    0x82, 0x10, 0x82, 0x10, 0x82, 0x10, 0x82, 0x10, 0x82, 0x10, 0x82, 0x10, 0x82, 0x10, 0x82, 0x10,
    0x82, 0x10, 0x82, 0x10, 0x82, 0x10, 0x82, 0x10, 0x82, 0x10, 0x82, 0x10, 0x82, 0x10, 0x82, 0x10,
    0x82, 0x10, 0x82, 0x10, 0x82, 0x10, 0x82, 0x10, 0x82, 0x10, 0x82, 0x10, 0x82, 0x10, 0x82, 0x10,
    0x82, 0x10, 0x82, 0x10, 0x82, 0x10, 0x82, 0x10, 0x82, 0x10, 0x82, 0x10, 0x82, 0x10, 0x82, 0x10,
    0x61, 0x08, 0x61, 0x08, 0x82, 0x10, 0x82, 0x10, 0x82, 0x10, 0x82, 0x10, 0x83, 0x10, 0x83, 0x10,
    0x83, 0x18, 0xa4, 0x18, 0xa4, 0x20, 0xa4, 0x20, 0xc5, 0x28, 0xc5, 0x28, 0xc5, 0x30, 0xe6, 0x30,
    0xe6, 0x30, 0xe7, 0x38, 0x07, 0x41, 0xe8, 0x40, 0x28, 0x41, 0x13, 0x9a, 0x3f, 0xfb, 0x1f, 0xfb,
    0x1f, 0xfb, 0x1f, 0xfb, 0xd1, 0x89, 0x2a, 0x49, 0x2a, 0x49, 0x2a, 0x49, 0x2a, 0x49, 0x2a, 0x49,
    0x2a, 0x49, 0x2a, 0x49, 0x2a, 0x49, 0x2a, 0x51, 0x4a, 0x49, 0x09, 0x51, 0x2a, 0x51, 0x78, 0xc2,
    0x1f, 0xfb, 0x5f, 0xfb, 0x5f, 0xfb, 0xfd, 0xe2, 0x4b, 0x59, 0x08, 0x41, 0x07, 0x41, 0xe7, 0x38,
    0xe7, 0x38, 0xc6, 0x30, 0xe6, 0x30, 0xe5, 0x28, 0xc5, 0x28, 0xa4, 0x28, 0xa4, 0x20, 0xa4, 0x20,
    0xa4, 0x20, 0xa3, 0x18, 0xa3, 0x18, 0x83, 0x10, 0x82, 0x10, 0x82, 0x18, 0x82, 0x10, 0x82, 0x10,
    0x82, 0x10, 0x82, 0x10, 0x82, 0x10, 0x61, 0x08, 0x82, 0x10, 0x82, 0x10, 0x82, 0x10, 0x82, 0x10,
    0x82, 0x10, 0x82, 0x10, 0x82, 0x10, 0x82, 0x10, 0x82, 0x10, 0x82, 0x10, 0x82, 0x10, 0x82, 0x10,
    0x82, 0x10, 0x82, 0x10, 0x82, 0x10, 0x82, 0x10, 0x82, 0x10, 0x82, 0x10, 0x83, 0x10, 0x83, 0x10,
    0x83, 0x18, 0xa3, 0x18, 0xa4, 0x18, 0xa4, 0x20, 0xa4, 0x20, 0xa5, 0x20, 0xc5, 0x28, 0xa5, 0x28,
    0xc5, 0x30, 0xc6, 0x30, 0xe7, 0x38, 0xe7, 0x38, 0x07, 0x41, 0x07, 0x41, 0x08, 0x41, 0x77, 0xba,
    0x3f, 0xfb, 0x1f, 0xfb, 0x1f, 0xfb, 0x3e, 0xf3, 0x6c, 0x61, 0x4a, 0x51, 0x2a, 0x51, 0x2a, 0x51,
    0x4a, 0x51, 0x4a, 0x51, 0x4a, 0x51, 0x4a, 0x51, 0x4a, 0x51, 0x4b, 0x59, 0x6c, 0x59, 0x6c, 0x61,
    0x8e, 0x71, 0xda, 0xd2, 0x1f, 0xfb, 0x5f, 0xfb, 0x1f, 0xfb, 0xfc, 0xda, 0xb0, 0x79, 0x8d, 0x69,
    0x8f, 0x71, 0xfc, 0xda, 0x1f, 0xfb, 0x1f, 0xfb, 0x3f, 0xfb, 0x3f, 0xfb, 0x13, 0xa2, 0x2a, 0x51,
    0x29, 0x49, 0x09, 0x49, 0x08, 0x41, 0xe8, 0x38, 0xe7, 0x30, 0xe6, 0x30, 0xe6, 0x30, 0xc5, 0x28,
    0xc5, 0x28, 0xc4, 0x20, 0xa4, 0x20, 0xa4, 0x18, 0x83, 0x18, 0x83, 0x18, 0x83, 0x10, 0x83, 0x10,
    0x82, 0x10, 0x61, 0x08, 0x82, 0x10, 0x82, 0x10, 0x61, 0x08, 0x82, 0x10, 0x82, 0x10, 0x82, 0x10,
    0x82, 0x10, 0x82, 0x10, 0x82, 0x10, 0x82, 0x10, 0x82, 0x10, 0x82, 0x10, 0x82, 0x10, 0x82, 0x10,
    0x82, 0x10, 0x82, 0x10, 0x82, 0x10, 0x82, 0x10, 0x82, 0x10, 0x82, 0x10, 0x82, 0x10, 0x82, 0x10,
    0x82, 0x10, 0x82, 0x10, 0x82, 0x10, 0x82, 0x10, 0x82, 0x10, 0x82, 0x10, 0x82, 0x10, 0x82, 0x10,
    0x82, 0x10, 0x82, 0x10, 0x82, 0x10, 0x82, 0x10, 0x82, 0x10, 0x82, 0x10, 0x82, 0x10, 0x82, 0x10,
    0x82, 0x10, 0x82, 0x10, 0x82, 0x10, 0x82, 0x10, 0x82, 0x10, 0x82, 0x10, 0x82, 0x10, 0x82, 0x10,
    0x82, 0x10, 0x82, 0x10, 0x82, 0x10, 0x82, 0x10, 0x82, 0x10, 0x82, 0x10, 0x82, 0x10, 0x82, 0x10,
    0x82, 0x10, 0x82, 0x10, 0x82, 0x10, 0x82, 0x10, 0x82, 0x10, 0x82, 0x10, 0x82, 0x10, 0x82, 0x10,
    0x82, 0x10, 0x82, 0x10, 0x82, 0x10, 0x82, 0x10, 0x82, 0x10, 0x82, 0x10, 0x82, 0x10, 0x82, 0x10,
    0x82, 0x10, 0x82, 0x10, 0x82, 0x10, 0x82, 0x10, 0x82, 0x10, 0x82, 0x10, 0x82, 0x10, 0x82, 0x10,
    0x82, 0x10, 0x82, 0x10, 0x82, 0x10, 0x82, 0x10, 0x82, 0x10, 0x82, 0x10, 0x82, 0x10, 0x82, 0x10,
    0x61, 0x08, 0x61, 0x08, 0x82, 0x10, 0x82, 0x10, 0x82, 0x10, 0x82, 0x10, 0x83, 0x10, 0x83, 0x10,
    0x83, 0x18, 0xa4, 0x18, 0xa4, 0x20, 0xa4, 0x20, 0xc5, 0x28, 0xc5, 0x28, 0xc5, 0x30, 0xe6, 0x30,
    0xe6, 0x30, 0xe7, 0x38, 0x07, 0x41, 0xe8, 0x40, 0x28, 0x41, 0x13, 0x9a, 0x3f, 0xfb, 0x1f, 0xfb,
    0x1f, 0xfb, 0x1f, 0xfb, 0xd1, 0x89, 0x2a, 0x49, 0x2a, 0x49, 0x2a, 0x49, 0x2a, 0x49, 0x2a, 0x49,
    0x2a, 0x49, 0x2a, 0x49, 0x2a, 0x49, 0x2a, 0x51, 0x4a, 0x49, 0x09, 0x51, 0x2a, 0x51, 0x78, 0xc2,
    0x1f, 0xfb, 0x5f, 0xfb, 0x5f, 0xfb, 0xfd, 0xe2, 0x4b, 0x59, 0x08, 0x41, 0x07, 0x41, 0xe7, 0x38,
    0xe7, 0x38, 0xc6, 0x30, 0xe6, 0x30, 0xe5, 0x28, 0xc5, 0x28, 0xa4, 0x28, 0xa4, 0x20, 0xa4, 0x20,
    0xa4, 0x20, 0xa3, 0x18, 0xa3, 0x18, 0x83, 0x10, 0x82, 0x10, 0x82, 0x18, 0x82, 0x10, 0x82, 0x10,
    0x82, 0x10, 0x82, 0x10, 0x82, 0x10, 0x61, 0x08, 0x82, 0x10, 0x82, 0x10, 0x82, 0x10, 0x82, 0x10,
    0x82, 0x10, 0x82, 0x10, 0x82, 0x10, 0x82, 0x10, 0x82, 0x10, 0x82, 0x10, 0x82, 0x10, 0x82, 0x10,
    0x82, 0x10, 0x82, 0x10, 0x82, 0x10, 0x82, 0x10, 0x82, 0x10, 0x82, 0x10, 0x83, 0x10, 0x83, 0x10,
    0x83, 0x18, 0xa3, 0x18, 0xa4, 0x18, 0xa4, 0x20, 0xa4, 0x20, 0xa5, 0x20, 0xa5, 0x28, 0xa5, 0x28,
    0xc5, 0x30, 0xc6, 0x30, 0xe7, 0x38, 0xe7, 0x38, 0x07, 0x41, 0x07, 0x41, 0x08, 0x41, 0x77, 0xba,
    0x3f, 0xfb, 0x1f, 0xfb, 0x1f, 0xfb, 0x3e, 0xf3, 0x6c, 0x61, 0x4a, 0x51, 0x2a, 0x51, 0x2a, 0x51,
    0x4a, 0x51, 0x4a, 0x51, 0x4a, 0x51, 0x4a, 0x51, 0x4a, 0x51, 0x4b, 0x59, 0x6c, 0x59, 0x6c, 0x61,
    0x8e, 0x71, 0xda, 0xd2, 0x1f, 0xfb, 0x5f, 0xfb, 0x1f, 0xfb, 0xdc, 0xe2, 0xb0, 0x79, 0x8d, 0x69,
    0x35, 0xa2, 0x1f, 0xfb, 0x5f, 0xfb, 0x1f, 0xfb, 0x1f, 0xfb, 0xfc, 0xda, 0x6c, 0x61, 0x49, 0x49,
    0x08, 0x41, 0x09, 0x49, 0x08, 0x41, 0x08, 0x39, 0xe6, 0x30, 0xe6, 0x30, 0xe6, 0x30, 0xa5, 0x28,
    0xc4, 0x20, 0xa4, 0x20, 0xa4, 0x20, 0xa3, 0x18, 0xa3, 0x18, 0x83, 0x10, 0x83, 0x10, 0x83, 0x10,
    0x82, 0x10, 0x82, 0x10, 0x82, 0x10, 0x82, 0x10, 0x61, 0x08, 0x82, 0x10, 0x82, 0x10, 0x82, 0x10,
    0x82, 0x10, 0x82, 0x10, 0x82, 0x10, 0x82, 0x10, 0x82, 0x10, 0x82, 0x10, 0x82, 0x10, 0x82, 0x10,
    0x82, 0x10, 0x82, 0x10, 0x82, 0x10, 0x82, 0x10, 0x82, 0x10, 0x82, 0x10, 0x82, 0x10, 0x82, 0x10,
    0x82, 0x10, 0x82, 0x10, 0x82, 0x10, 0x82, 0x10, 0x82, 0x10, 0x82, 0x10, 0x82, 0x10, 0x82, 0x10,
    0x82, 0x10, 0x82, 0x10, 0x82, 0x10, 0x82, 0x10, 0x82, 0x10, 0x82, 0x10, 0x82, 0x10, 0x82, 0x10,
    0x82, 0x10, 0x82, 0x10, 0x82, 0x10, 0x82, 0x10, 0x82, 0x10, 0x82, 0x10, 0x82, 0x10, 0x82, 0x10,
    0x82, 0x10, 0x82, 0x10, 0x82, 0x10, 0x82, 0x10, 0x82, 0x10, 0x82, 0x10, 0x82, 0x10, 0x82, 0x10,
    0x82, 0x10, 0x82, 0x10, 0x82, 0x10, 0x82, 0x10, 0x82, 0x10, 0x82, 0x10, 0x82, 0x10, 0x82, 0x10,
    0x82, 0x10, 0x82, 0x10, 0x82, 0x10, 0x82, 0x10, 0x82, 0x10, 0x82, 0x10, 0x82, 0x10, 0x82, 0x10,
    0x82, 0x10, 0x82, 0x10, 0x82, 0x10, 0x82, 0x10, 0x82, 0x10, 0x82, 0x10, 0x82, 0x10, 0x82, 0x10,
    0x82, 0x10, 0x82, 0x10, 0x82, 0x10, 0x82, 0x10, 0x82, 0x10, 0x82, 0x10, 0x82, 0x10, 0x82, 0x10,
    0x61, 0x08, 0x61, 0x08, 0x82, 0x10, 0x82, 0x10, 0x82, 0x10, 0x82, 0x10, 0x83, 0x10, 0x83, 0x10,
    0x83, 0x18, 0xa4, 0x18, 0xa4, 0x20, 0xa4, 0x20, 0xc5, 0x28, 0xc5, 0x28, 0xc5, 0x30, 0xe6, 0x30,
    0xe6, 0x30, 0xe7, 0x38, 0x07, 0x41, 0xe8, 0x40, 0x28, 0x41, 0x13, 0x9a, 0x3f, 0xfb, 0x1f, 0xfb,
    0x1f, 0xfb, 0x1f, 0xfb, 0xd1, 0x89, 0x2a, 0x49, 0x2a, 0x49, 0x2a, 0x49, 0x2a, 0x49, 0x2a, 0x49,
    0x2a, 0x49, 0x2a, 0x49, 0x2a, 0x49, 0x2a, 0x51, 0x4a, 0x49, 0x09, 0x51, 0x2a, 0x51, 0x78, 0xc2,
    0x1f, 0xfb, 0x5f, 0xfb, 0x5f, 0xfb, 0xfd, 0xea, 0x4b, 0x59, 0x08, 0x41, 0x07, 0x41, 0xe7, 0x38,
    0xe7, 0x38, 0xc6, 0x30, 0xe6, 0x30, 0xe5, 0x28, 0xc5, 0x28, 0xa4, 0x28, 0xa4, 0x20, 0xa4, 0x20,
    0xa4, 0x20, 0xa3, 0x18, 0xa3, 0x18, 0x83, 0x10, 0x82, 0x10, 0x82, 0x18, 0x82, 0x10, 0x82, 0x10,
    0x82, 0x10, 0x82, 0x10, 0x82, 0x10, 0x61, 0x08, 0x82, 0x10, 0x82, 0x10, 0x82, 0x10, 0x82, 0x10,
    0x82, 0x10, 0x82, 0x10, 0x82, 0x10, 0x82, 0x10, 0x82, 0x10, 0x82, 0x10, 0x82, 0x10, 0x82, 0x10,
    0x82, 0x10, 0x82, 0x10, 0x82, 0x10, 0x82, 0x10, 0x82, 0x10, 0x82, 0x10, 0x83, 0x10, 0x83, 0x10,
    0x83, 0x18, 0xa3, 0x18, 0xa4, 0x18, 0xa4, 0x20, 0xa4, 0x20, 0xa5, 0x20, 0xc5, 0x28, 0xa5, 0x28,
    0xc5, 0x30, 0xc6, 0x30, 0xe7, 0x38, 0xe7, 0x38, 0x07, 0x41, 0x07, 0x41, 0x08, 0x41, 0x77, 0xba,
    0xff, 0xfa, 0x1f, 0xfb, 0x1f, 0xfb, 0x3e, 0xf3, 0x6c, 0x61, 0x4a, 0x51, 0x2a, 0x51, 0x2a, 0x51,
    0x4a, 0x51, 0x4a, 0x51, 0x4a, 0x51, 0x4a, 0x51, 0x4a, 0x51, 0x4b, 0x59, 0x6c, 0x59, 0x6c, 0x61,
    0x8e, 0x71, 0xda, 0xd2, 0x1f, 0xfb, 0x5f, 0xfb, 0x1f, 0xfb, 0xdc, 0xe2, 0xb0, 0x79, 0x8f, 0x71,
    0x9a, 0xd2, 0x5f, 0xfb, 0x5f, 0xfb, 0x1f, 0xfb, 0x1f, 0xfb, 0x13, 0xa2, 0x4a, 0x51, 0x2a, 0x51,
    0x29, 0x41, 0x28, 0x41, 0xe7, 0x38, 0xe7, 0x38, 0xe6, 0x30, 0xe6, 0x30, 0xe5, 0x28, 0xc5, 0x28,
    0xa4, 0x20, 0xa4, 0x20, 0xa4, 0x18, 0x83, 0x18, 0x83, 0x18, 0x83, 0x10, 0x83, 0x10, 0x82, 0x10,
    0x82, 0x10, 0x82, 0x10, 0x82, 0x10, 0x82, 0x10, 0x61, 0x08, 0x82, 0x10, 0x82, 0x10, 0x82, 0x10,
    0x82, 0x10, 0x82, 0x10, 0x82, 0x10, 0x82, 0x10, 0x82, 0x10, 0x82, 0x10, 0x82, 0x10, 0x82, 0x10,
    0x82, 0x10, 0x82, 0x10, 0x82, 0x10, 0x82, 0x10, 0x82, 0x10, 0x82, 0x10, 0x82, 0x10, 0x82, 0x10,
    0x82, 0x10, 0x82, 0x10, 0x82, 0x10, 0x82, 0x10, 0x82, 0x10, 0x82, 0x10, 0x82, 0x10, 0x82, 0x10,
    0x82, 0x10, 0x82, 0x10, 0x82, 0x10, 0x82, 0x10, 0x82, 0x10, 0x82, 0x10, 0x82, 0x10, 0x82, 0x10,
    0x82, 0x10, 0x82, 0x10, 0x82, 0x10, 0x82, 0x10, 0x82, 0x10, 0x82, 0x10, 0x82, 0x10, 0x82, 0x10,
    0x82, 0x10, 0x82, 0x10, 0x82, 0x10, 0x82, 0x10, 0x82, 0x10, 0x82, 0x10, 0x82, 0x10, 0x82, 0x10,
    0x82, 0x10, 0x82, 0x10, 0x82, 0x10, 0x82, 0x10, 0x82, 0x10, 0x82, 0x10, 0x82, 0x10, 0x82, 0x10,
    0x82, 0x10, 0x82, 0x10, 0x82, 0x10, 0x82, 0x10, 0x82, 0x10, 0x82, 0x10, 0x82, 0x10, 0x82, 0x10,
    0x82, 0x10, 0x82, 0x10, 0x82, 0x10, 0x82, 0x10, 0x82, 0x10, 0x82, 0x10, 0x82, 0x10, 0x82, 0x10,
    0x82, 0x10, 0x82, 0x10, 0x82, 0x10, 0x82, 0x10, 0x82, 0x10, 0x82, 0x10, 0x82, 0x10, 0x82, 0x10,
    0x61, 0x08, 0x61, 0x08, 0x82, 0x10, 0x82, 0x10, 0x82, 0x10, 0x82, 0x10, 0x83, 0x10, 0x83, 0x10,
    0x83, 0x18, 0xa4, 0x18, 0xa4, 0x20, 0xa4, 0x20, 0xc5, 0x28, 0xc5, 0x28, 0xc5, 0x30, 0xe6, 0x30,
    0xe6, 0x30, 0xe7, 0x38, 0x07, 0x41, 0xe8, 0x40, 0x28, 0x41, 0x13, 0x9a, 0x3f, 0xfb, 0x1f, 0xfb,
    0x1f, 0xfb, 0x1f, 0xfb, 0xd1, 0x89, 0x2a, 0x49, 0x2a, 0x49, 0x2a, 0x49, 0x2a, 0x49, 0x2a, 0x49,
    0x2a, 0x49, 0x2a, 0x49, 0x2a, 0x49, 0x2a, 0x51, 0x2a, 0x51, 0x09, 0x51, 0x2a, 0x51, 0x78, 0xc2,
    0x1f, 0xfb, 0x5f, 0xfb, 0x5f, 0xfb, 0xfd, 0xea, 0x4b, 0x59, 0x08, 0x41, 0x07, 0x41, 0xe7, 0x38,
    0xe7, 0x38, 0xc6, 0x30, 0xe6, 0x30, 0xe5, 0x28, 0xc5, 0x28, 0xa4, 0x28, 0xa4, 0x20, 0xa4, 0x20,
    0xa4, 0x20, 0xa3, 0x18, 0xa3, 0x18, 0x83, 0x10, 0x82, 0x10, 0x82, 0x18, 0x82, 0x10, 0x82, 0x10,
    0x82, 0x10, 0x82, 0x10, 0x82, 0x10, 0x61, 0x08, 0x82, 0x10, 0x82, 0x10, 0x82, 0x10, 0x82, 0x10,
    0x82, 0x10, 0x82, 0x10, 0x82, 0x10, 0x82, 0x10, 0x82, 0x10, 0x82, 0x10, 0x82, 0x10, 0x82, 0x10,
    0x82, 0x10, 0x82, 0x10, 0x82, 0x10, 0x82, 0x10, 0x82, 0x10, 0x82, 0x10, 0x83, 0x10, 0x83, 0x10,
    0x83, 0x18, 0xa3, 0x18, 0xa4, 0x18, 0xa4, 0x20, 0xa4, 0x20, 0xa5, 0x20, 0xc5, 0x28, 0xa5, 0x28,
    0xc5, 0x30, 0xc6, 0x30, 0xe7, 0x38, 0xe7, 0x38, 0x07, 0x41, 0x07, 0x41, 0x08, 0x41, 0x77, 0xba,
    0x3f, 0xfb, 0x1f, 0xfb, 0x1f, 0xfb, 0x3e, 0xf3, 0x6c, 0x61, 0x4a, 0x51, 0x2a, 0x51, 0x2a, 0x51,
    0x4a, 0x51, 0x4a, 0x51, 0x4a, 0x51, 0x4a, 0x51, 0x4a, 0x51, 0x4b, 0x59, 0x6c, 0x59, 0x6c, 0x61,
    0x8e, 0x71, 0xda, 0xd2, 0x1f, 0xfb, 0xff, 0xfa, 0x5f, 0xfb, 0xdc, 0xe2, 0xaf, 0x79, 0xf3, 0x99,
    0x1f, 0xfb, 0x5f, 0xfb, 0x1f, 0xfb, 0x5f, 0xfb, 0xdb, 0xe2, 0x6d, 0x69, 0x4a, 0x49, 0x0a, 0x49,
    0x28, 0x41, 0x28, 0x41, 0xe7, 0x38, 0xe7, 0x38, 0xe6, 0x30, 0xe6, 0x30, 0xc5, 0x28, 0xc5, 0x28,
    0xa4, 0x20, 0xa4, 0x20, 0xa4, 0x18, 0x83, 0x18, 0x83, 0x18, 0x83, 0x10, 0x82, 0x10, 0x82, 0x10,
    0x82, 0x10, 0x82, 0x10, 0x82, 0x10, 0x82, 0x10, 0x61, 0x08, 0x82, 0x10, 0x82, 0x10, 0x82, 0x10,
    0x82, 0x10, 0x82, 0x10, 0x82, 0x10, 0x82, 0x10, 0x82, 0x10, 0x82, 0x10, 0x82, 0x10, 0x82, 0x10,
    0x82, 0x10, 0x82, 0x10, 0x82, 0x10, 0x82, 0x10, 0x82, 0x10, 0x82, 0x10, 0x82, 0x10, 0x82, 0x10,
    0x82, 0x10, 0x82, 0x10, 0x82, 0x10, 0x82, 0x10, 0x82, 0x10, 0x82, 0x10, 0x82, 0x10, 0x82, 0x10,
    0x82, 0x10, 0x82, 0x10, 0x82, 0x10, 0x82, 0x10, 0x82, 0x10, 0x82, 0x10, 0x82, 0x10, 0x82, 0x10,
    0x82, 0x10, 0x82, 0x10, 0x82, 0x10, 0x82, 0x10, 0x82, 0x10, 0x82, 0x10, 0x82, 0x10, 0x82, 0x10,
    0x82, 0x10, 0x82, 0x10, 0x82, 0x10, 0x82, 0x10, 0x82, 0x10, 0x82, 0x10, 0x82, 0x10, 0x82, 0x10,
    0x82, 0x10, 0x82, 0x10, 0x82, 0x10, 0x82, 0x10, 0x82, 0x10, 0x82, 0x10, 0x82, 0x10, 0x82, 0x10,
    0x82, 0x10, 0x82, 0x10, 0x82, 0x10, 0x82, 0x10, 0x82, 0x10, 0x82, 0x10, 0x82, 0x10, 0x82, 0x10,
    0x82, 0x10, 0x82, 0x10, 0x82, 0x10, 0x82, 0x10, 0x82, 0x10, 0x82, 0x10, 0x82, 0x10, 0x82, 0x10,
    0x82, 0x10, 0x82, 0x10, 0x82, 0x10, 0x82, 0x10, 0x82, 0x10, 0x82, 0x10, 0x82, 0x10, 0x82, 0x10,
    0x61, 0x08, 0x61, 0x08, 0x82, 0x10, 0x82, 0x10, 0x82, 0x10, 0x82, 0x10, 0x83, 0x10, 0x83, 0x10,
    0x83, 0x18, 0xa4, 0x18, 0xa4, 0x20, 0xa4, 0x20, 0xc5, 0x28, 0xc5, 0x28, 0xc5, 0x30, 0xe6, 0x30,
    0xe6, 0x30, 0xe7, 0x38, 0x07, 0x41, 0xe8, 0x40, 0x28, 0x41, 0x13, 0x9a, 0x3f, 0xfb, 0x1f, 0xfb,
    0x1f, 0xfb, 0x1f, 0xfb, 0xd1, 0x89, 0x2a, 0x49, 0x2a, 0x49, 0x2a, 0x49, 0x2a, 0x49, 0x2a, 0x49,
    0x2a, 0x49, 0x2a, 0x49, 0x2a, 0x49, 0x2a, 0x51, 0x2a, 0x51, 0x09, 0x51, 0x2a, 0x51, 0x78, 0xc2,
    0x1f, 0xfb, 0x5f, 0xfb, 0x5f, 0xfb, 0xfd, 0xea, 0x4b, 0x59, 0x08, 0x41, 0x07, 0x41, 0xe7, 0x38,
    0xe7, 0x38, 0xc6, 0x30, 0xe6, 0x30, 0xe5, 0x28, 0xc5, 0x28, 0xa4, 0x28, 0xa4, 0x20, 0xa4, 0x20,
    0xa4, 0x20, 0xa3, 0x18, 0xa3, 0x18, 0x83, 0x10, 0x82, 0x10, 0x82, 0x18, 0x82, 0x10, 0x82, 0x10,
    0x82, 0x10, 0x82, 0x10, 0x82, 0x10, 0x61, 0x08, 0x82, 0x10, 0x82, 0x10, 0x82, 0x10, 0x82, 0x10,
    0x82, 0x10, 0x82, 0x10, 0x82, 0x10, 0x82, 0x10, 0x82, 0x10, 0x82, 0x10, 0x82, 0x10, 0x82, 0x10,
    0x82, 0x10, 0x82, 0x10, 0x82, 0x10, 0x82, 0x10, 0x82, 0x10, 0x82, 0x10, 0x83, 0x10, 0x83, 0x10,
    0x83, 0x10, 0xa3, 0x18, 0xa4, 0x18, 0xa4, 0x20, 0xa4, 0x20, 0xa5, 0x20, 0xc5, 0x28, 0xa5, 0x28,
    0xc5, 0x30, 0xc6, 0x30, 0xe7, 0x38, 0xe7, 0x38, 0x07, 0x41, 0x07, 0x41, 0x08, 0x41, 0x77, 0xba,
    0x3f, 0xfb, 0x1f, 0xfb, 0x1f, 0xfb, 0x3e, 0xf3, 0x6c, 0x61, 0x4a, 0x51, 0x2a, 0x51, 0x2a, 0x51,
    0x4a, 0x51, 0x4a, 0x51, 0x4a, 0x51, 0x4a, 0x51, 0x4a, 0x51, 0x4b, 0x59, 0x6c, 0x59, 0x6c, 0x59,
    0x8e, 0x71, 0x9a, 0xd2, 0x1f, 0xfb, 0x3f, 0xfb, 0x5f, 0xfb, 0xdc, 0xe2, 0xb0, 0x79, 0x9a, 0xd2,
    0x5f, 0xfb, 0x1f, 0xfb, 0xff, 0xfa, 0x5f, 0xfb, 0x36, 0xaa, 0x4b, 0x59, 0x4a, 0x49, 0x29, 0x49,
    0x29, 0x49, 0x08, 0x41, 0x07, 0x39, 0xe6, 0x30, 0xe6, 0x30, 0xe5, 0x28, 0xc5, 0x28, 0xa5, 0x20,
    0xa4, 0x20, 0xa4, 0x20, 0xa3, 0x18, 0x83, 0x18, 0x83, 0x10, 0x83, 0x10, 0x82, 0x10, 0x82, 0x10,
    0x82, 0x10, 0x82, 0x10, 0x82, 0x10, 0x82, 0x10, 0x61, 0x08, 0x82, 0x10, 0x82, 0x10, 0x82, 0x10,
    0x82, 0x10, 0x82, 0x10, 0x82, 0x10, 0x82, 0x10, 0x82, 0x10, 0x82, 0x10, 0x82, 0x10, 0x82, 0x10,
    0x82, 0x10, 0x82, 0x10, 0x82, 0x10, 0x82, 0x10, 0x82, 0x10, 0x82, 0x10, 0x82, 0x10, 0x82, 0x10,
    0x82, 0x10, 0x82, 0x10, 0x82, 0x10, 0x82, 0x10, 0x82, 0x10, 0x82, 0x10, 0x82, 0x10, 0x82, 0x10,
    0x82, 0x10, 0x82, 0x10, 0x82, 0x10, 0x82, 0x10, 0x82, 0x10, 0x82, 0x10, 0x82, 0x10, 0x82, 0x10,
    0x82, 0x10, 0x82, 0x10, 0x82, 0x10, 0x82, 0x10, 0x82, 0x10, 0x82, 0x10, 0x82, 0x10, 0x82, 0x10,
    0x82, 0x10, 0x82, 0x10, 0x82, 0x10, 0x82, 0x10, 0x82, 0x10, 0x82, 0x10, 0x82, 0x10, 0x82, 0x10,
    0x82, 0x10, 0x82, 0x10, 0x82, 0x10, 0x82, 0x10, 0x82, 0x10, 0x82, 0x10, 0x82, 0x10, 0x82, 0x10,
    0x82, 0x10, 0x82, 0x10, 0x82, 0x10, 0x82, 0x10, 0x82, 0x10, 0x82, 0x10, 0x82, 0x10, 0x82, 0x10,
    0x82, 0x10, 0x82, 0x10, 0x82, 0x10, 0x82, 0x10, 0x82, 0x10, 0x82, 0x10, 0x82, 0x10, 0x82, 0x10,
    0x82, 0x10, 0x82, 0x10, 0x82, 0x10, 0x82, 0x10, 0x82, 0x10, 0x82, 0x10, 0x82, 0x10, 0x82, 0x10,
    0x61, 0x08, 0x61, 0x08, 0x82, 0x10, 0x82, 0x10, 0x82, 0x10, 0x82, 0x10, 0x83, 0x10, 0x83, 0x10,
    0x83, 0x18, 0xa4, 0x18, 0xa4, 0x20, 0xa4, 0x20, 0xc5, 0x28, 0xc5, 0x28, 0xc5, 0x30, 0xe6, 0x30,
    0xe6, 0x30, 0xe7, 0x38, 0x07, 0x41, 0xe8, 0x40, 0x28, 0x41, 0x13, 0x9a, 0x3f, 0xfb, 0x1f, 0xfb,
    0x1f, 0xfb, 0x1f, 0xfb, 0xd1, 0x89, 0x2a, 0x49, 0x2a, 0x49, 0x2a, 0x49, 0x2a, 0x49, 0x2a, 0x49,
    0x2a, 0x49, 0x2a, 0x49, 0x2a, 0x49, 0x2a, 0x51, 0x2a, 0x49, 0x09, 0x51, 0x2a, 0x51, 0x78, 0xc2,
    0x1f, 0xfb, 0x5f, 0xfb, 0x5f, 0xfb, 0xfd, 0xea, 0x4b, 0x59, 0x08, 0x41, 0x07, 0x41, 0xe7, 0x38,
    0xe7, 0x38, 0xc6, 0x30, 0xe6, 0x30, 0xe5, 0x28, 0xc5, 0x28, 0xa4, 0x28, 0xa4, 0x20, 0xa4, 0x20,
    0xa4, 0x20, 0xa3, 0x18, 0xa3, 0x18, 0x83, 0x10, 0x82, 0x10, 0x82, 0x18, 0x82, 0x10, 0x82, 0x10,
    0x82, 0x10, 0x82, 0x10, 0x82, 0x10, 0x82, 0x10, 0x82, 0x10, 0x82, 0x10, 0x82, 0x10, 0x82, 0x10,
    0x82, 0x10, 0x82, 0x10, 0x82, 0x10, 0x82, 0x10, 0x82, 0x10, 0x82, 0x10, 0x82, 0x10, 0x82, 0x10,
    0x82, 0x10, 0x82, 0x10, 0x82, 0x10, 0x82, 0x10, 0x82, 0x10, 0x82, 0x10, 0x83, 0x10, 0x83, 0x10,
    0x83, 0x10, 0xa3, 0x18, 0xa3, 0x18, 0xa4, 0x20, 0xa4, 0x20, 0xa4, 0x20, 0xc5, 0x28, 0xc5, 0x28,
    0xc5, 0x30, 0xc6, 0x30, 0xe7, 0x38, 0xe7, 0x38, 0x07, 0x41, 0x07, 0x41, 0x08, 0x41, 0x77, 0xba,
    0x3f, 0xfb, 0x1f, 0xfb, 0x1f, 0xfb, 0xfe, 0xfa, 0x4c, 0x61, 0x4a, 0x51, 0x2a, 0x49, 0x2a, 0x51,
    0x4a, 0x51, 0x4a, 0x51, 0x4a, 0x51, 0x4a, 0x51, 0x4a, 0x51, 0x4b, 0x59, 0x6c, 0x59, 0x6b, 0x61,
    0x8d, 0x71, 0x9a, 0xd2, 0x1f, 0xfb, 0x1f, 0xfb, 0x5f, 0xfb, 0xdc, 0xe2, 0x35, 0xa2, 0x1f, 0xfb,
    0x1f, 0xfb, 0x1f, 0xfb, 0x1f, 0xfb, 0x3e, 0xeb, 0x8e, 0x71, 0x2b, 0x51, 0x0a, 0x49, 0x09, 0x49,
    0x08, 0x41, 0x08, 0x41, 0xe7, 0x38, 0xc6, 0x30, 0xe5, 0x28, 0xc5, 0x28, 0xa5, 0x20, 0xa4, 0x20,
    0xa4, 0x20, 0xa4, 0x20, 0x83, 0x18, 0x83, 0x10, 0x83, 0x10, 0x82, 0x10, 0x82, 0x10, 0x61, 0x08,
    0x61, 0x08, 0x61, 0x08, 0x61, 0x08, 0x61, 0x08, 0x82, 0x10, 0x82, 0x10, 0x82, 0x10, 0x82, 0x10,
    0x82, 0x10, 0x82, 0x10, 0x82, 0x10, 0x82, 0x10, 0x82, 0x10, 0x82, 0x10, 0x82, 0x10, 0x82, 0x10,
    0x82, 0x10, 0x82, 0x10, 0x82, 0x10, 0x82, 0x10, 0x82, 0x10, 0x82, 0x10, 0x82, 0x10, 0x82, 0x10,
    0x82, 0x10, 0x82, 0x10, 0x82, 0x10, 0x82, 0x10, 0x82, 0x10, 0x82, 0x10, 0x82, 0x10, 0x82, 0x10,
    0x82, 0x10, 0x82, 0x10, 0x82, 0x10, 0x82, 0x10, 0x82, 0x10, 0x82, 0x10, 0x82, 0x10, 0x82, 0x10,
    0x82, 0x10, 0x82, 0x10, 0x82, 0x10, 0x82, 0x10, 0x82, 0x10, 0x82, 0x10, 0x82, 0x10, 0x82, 0x10,
    0x82, 0x10, 0x82, 0x10, 0x82, 0x10, 0x82, 0x10, 0x82, 0x10, 0x82, 0x10, 0x82, 0x10, 0x82, 0x10,
    0x82, 0x10, 0x82, 0x10, 0x82, 0x10, 0x82, 0x10, 0x82, 0x10, 0x82, 0x10, 0x82, 0x10, 0x82, 0x10,
    0x82, 0x10, 0x82, 0x10, 0x82, 0x10, 0x82, 0x10, 0x82, 0x10, 0x82, 0x10, 0x82, 0x10, 0x82, 0x10,
    0x82, 0x10, 0x82, 0x10, 0x82, 0x10, 0x82, 0x10, 0x82, 0x10, 0x82, 0x10, 0x82, 0x10, 0x82, 0x10,
    0x82, 0x10, 0x82, 0x10, 0x82, 0x10, 0x82, 0x10, 0x82, 0x10, 0x82, 0x10, 0x82, 0x10, 0x82, 0x10,
    0x61, 0x08, 0x61, 0x08, 0x82, 0x10, 0x82, 0x10, 0x82, 0x10, 0x82, 0x10, 0x83, 0x10, 0x83, 0x10,
    0x83, 0x18, 0xa4, 0x18, 0xa4, 0x20, 0xa4, 0x20, 0xc5, 0x28, 0xc5, 0x28, 0xc5, 0x30, 0xe6, 0x30,
    0xe6, 0x30, 0xe7, 0x38, 0x07, 0x41, 0xe8, 0x40, 0x28, 0x41, 0x13, 0x9a, 0x3f, 0xfb, 0x1f, 0xfb,
    0x1f, 0xfb, 0x1f, 0xfb, 0xd1, 0x89, 0x2a, 0x49, 0x2a, 0x49, 0x2a, 0x49, 0x2a, 0x49, 0x2a, 0x49,
    0x2a, 0x49, 0x2a, 0x49, 0x2a, 0x49, 0x2a, 0x49, 0x0a, 0x49, 0x09, 0x51, 0x2a, 0x51, 0x78, 0xc2,
    0x1f, 0xfb, 0x5f, 0xfb, 0x5f, 0xfb, 0xfd, 0xea, 0x4b, 0x59, 0x08, 0x41, 0x07, 0x41, 0xe7, 0x38,
    0xe7, 0x38, 0xc6, 0x30, 0xe6, 0x30, 0xe5, 0x28, 0xc5, 0x28, 0xa4, 0x28, 0xa4, 0x20, 0xa4, 0x20,
    0xa4, 0x20, 0xa3, 0x18, 0xa3, 0x18, 0x83, 0x10, 0x82, 0x10, 0x82, 0x18, 0x82, 0x10, 0x82, 0x10,
    0x82, 0x10, 0x82, 0x10, 0x82, 0x10, 0x82, 0x10, 0x82, 0x10, 0x82, 0x10, 0x82, 0x10, 0x82, 0x10,
    0x82, 0x10, 0x82, 0x10, 0x82, 0x10, 0x82, 0x10, 0x82, 0x10, 0x82, 0x10, 0x82, 0x10, 0x82, 0x10,
    0x82, 0x10, 0x82, 0x10, 0x82, 0x10, 0x82, 0x10, 0x82, 0x10, 0x82, 0x10, 0x83, 0x10, 0x83, 0x10,
    0x83, 0x10, 0xa3, 0x18, 0xa3, 0x18, 0xa4, 0x20, 0xa4, 0x20, 0xa4, 0x20, 0xc5, 0x28, 0xc5, 0x28,
    0xc5, 0x30, 0xc6, 0x30, 0xe7, 0x38, 0xe7, 0x38, 0x07, 0x41, 0x07, 0x41, 0x08, 0x41, 0x77, 0xba,
    0x3f, 0xfb, 0x1f, 0xfb, 0x1f, 0xfb, 0xfe, 0xfa, 0x4c, 0x61, 0x4a, 0x51, 0x2a, 0x49, 0x2a, 0x51,
    0x4a, 0x51, 0x4a, 0x51, 0x4a, 0x51, 0x4a, 0x51, 0x4a, 0x51, 0x4b, 0x59, 0x6c, 0x59, 0x4b, 0x59,
    0x8d, 0x71, 0x9a, 0xd2, 0x1f, 0xfb, 0x1f, 0xfb, 0x5f, 0xfb, 0xfc, 0xe2, 0xdb, 0xe2, 0x1f, 0xfb,
    0x3f, 0xfb, 0x1f, 0xfb, 0x1f, 0xfb, 0x36, 0xaa, 0x4a, 0x51, 0x4a, 0x49, 0x09, 0x51, 0x09, 0x49,
    0x08, 0x41, 0x07, 0x39, 0xe7, 0x38, 0xe6, 0x30, 0xc5, 0x30, 0xc5, 0x28, 0xa5, 0x20, 0xa4, 0x20,
    0xa4, 0x20, 0xa3, 0x18, 0x83, 0x18, 0x83, 0x10, 0x83, 0x10, 0x82, 0x10, 0x82, 0x10, 0x61, 0x08,
    0x61, 0x08, 0x61, 0x08, 0x61, 0x08, 0x61, 0x08, 0x82, 0x10, 0x82, 0x10, 0x82, 0x10, 0x82, 0x10,
    0x82, 0x10, 0x82, 0x10, 0x82, 0x10, 0x82, 0x10, 0x82, 0x10, 0x82, 0x10, 0x82, 0x10, 0x82, 0x10,
    0x82, 0x10, 0x82, 0x10, 0x82, 0x10, 0x82, 0x10, 0x82, 0x10, 0x82, 0x10, 0x82, 0x10, 0x82, 0x10,
    0x82, 0x10, 0x82, 0x10, 0x82, 0x10, 0x82, 0x10, 0x82, 0x10, 0x82, 0x10, 0x82, 0x10, 0x82, 0x10,
    0x82, 0x10, 0x82, 0x10, 0x82, 0x10, 0x82, 0x10, 0x82, 0x10, 0x82, 0x10, 0x82, 0x10, 0x82, 0x10,
    0x82, 0x10, 0x82, 0x10, 0x82, 0x10, 0x82, 0x10, 0x82, 0x10, 0x82, 0x10, 0x82, 0x10, 0x82, 0x10,
    0x82, 0x10, 0x82, 0x10, 0x82, 0x10, 0x82, 0x10, 0x82, 0x10, 0x82, 0x10, 0x82, 0x10, 0x82, 0x10,
    0x82, 0x10, 0x82, 0x10, 0x82, 0x10, 0x82, 0x10, 0x82, 0x10, 0x82, 0x10, 0x82, 0x10, 0x82, 0x10,
    0x82, 0x10, 0x82, 0x10, 0x82, 0x10, 0x82, 0x10, 0x82, 0x10, 0x82, 0x10, 0x82, 0x10, 0x82, 0x10,
    0x82, 0x10, 0x82, 0x10, 0x82, 0x10, 0x82, 0x10, 0x82, 0x10, 0x82, 0x10, 0x82, 0x10, 0x82, 0x10,
    0x82, 0x10, 0x82, 0x10, 0x82, 0x10, 0x82, 0x10, 0x82, 0x10, 0x82, 0x10, 0x82, 0x10, 0x82, 0x10,
    0x61, 0x08, 0x61, 0x08, 0x82, 0x10, 0x82, 0x10, 0x82, 0x10, 0x82, 0x10, 0x83, 0x10, 0x83, 0x10,
    0x83, 0x18, 0xa4, 0x18, 0xa4, 0x20, 0xa4, 0x20, 0xc5, 0x28, 0xc5, 0x28, 0xc5, 0x30, 0xe6, 0x30,
    0xe6, 0x30, 0xe7, 0x38, 0x07, 0x41, 0xe8, 0x40, 0x28, 0x41, 0x13, 0x9a, 0x3f, 0xfb, 0x1f, 0xfb,
    0x1f, 0xfb, 0x1f, 0xfb, 0xd1, 0x89, 0x2a, 0x49, 0x2a, 0x49, 0x2a, 0x49, 0x2a, 0x49, 0x2a, 0x49,
    0x2a, 0x49, 0x2a, 0x49, 0x2a, 0x49, 0x2a, 0x49, 0x0a, 0x49, 0x09, 0x51, 0x2a, 0x51, 0x78, 0xc2,
    0x1f, 0xfb, 0x5f, 0xfb, 0x5f, 0xfb, 0xfd, 0xea, 0x4b, 0x59, 0x08, 0x41, 0x07, 0x41, 0xe7, 0x38,
    0xe7, 0x38, 0xc6, 0x30, 0xe6, 0x30, 0xe5, 0x28, 0xc5, 0x28, 0xa4, 0x28, 0xa4, 0x20, 0xa4, 0x20,
    0xa4, 0x20, 0xa3, 0x18, 0xa3, 0x18, 0x83, 0x10, 0x82, 0x10, 0x82, 0x18, 0x82, 0x10, 0x82, 0x10,
    0x82, 0x10, 0x82, 0x10, 0x82, 0x10, 0x82, 0x10, 0x82, 0x10, 0x82, 0x10, 0x82, 0x10, 0x82, 0x10,
    0x82, 0x10, 0x82, 0x10, 0x82, 0x10, 0x82, 0x10, 0x82, 0x10, 0x82, 0x10, 0x82, 0x10, 0x82, 0x10,
    0x82, 0x10, 0x82, 0x10, 0x82, 0x10, 0x82, 0x10, 0x82, 0x10, 0x82, 0x10, 0x83, 0x10, 0x83, 0x10,
    0x83, 0x10, 0xa3, 0x18, 0xa3, 0x18, 0xa4, 0x20, 0xa4, 0x20, 0xa4, 0x20, 0xc5, 0x28, 0xc5, 0x28,
    0xc5, 0x30, 0xc6, 0x30, 0xe7, 0x38, 0xe7, 0x38, 0x07, 0x41, 0x07, 0x41, 0x08, 0x41, 0x77, 0xba,
    0x3f, 0xfb, 0x1f, 0xfb, 0x1f, 0xfb, 0xfe, 0xfa, 0x4c, 0x61, 0x4a, 0x51, 0x2a, 0x49, 0x2a, 0x51,
    0x4a, 0x51, 0x4a, 0x51, 0x4a, 0x51, 0x4a, 0x51, 0x4a, 0x51, 0x4b, 0x59, 0x4b, 0x59, 0x4b, 0x59,
    0x8d, 0x71, 0x9a, 0xd2, 0x1f, 0xfb, 0x1f, 0xfb, 0x1f, 0xfb, 0xfe, 0xfa, 0x1f, 0xfb, 0x5f, 0xfb,
    0x1f, 0xfb, 0x1f, 0xfb, 0xfd, 0xea, 0x6d, 0x69, 0x4a, 0x51, 0x09, 0x51, 0x29, 0x49, 0x08, 0x41,
    0x08, 0x41, 0xe7, 0x38, 0xe7, 0x38, 0xc5, 0x30, 0xc5, 0x28, 0xc5, 0x28, 0xa5, 0x20, 0xa4, 0x20,
    0xa4, 0x20, 0x83, 0x18, 0x83, 0x18, 0x83, 0x10, 0x83, 0x10, 0x82, 0x10, 0x82, 0x10, 0x61, 0x08,
    0x61, 0x08, 0x61, 0x08, 0x61, 0x08, 0x61, 0x08, 0x82, 0x10, 0x82, 0x10, 0x82, 0x10, 0x82, 0x10,
    0x82, 0x10, 0x82, 0x10, 0x82, 0x10, 0x82, 0x10, 0x82, 0x10, 0x82, 0x10, 0x82, 0x10, 0x82, 0x10,
    0x82, 0x10, 0x82, 0x10, 0x82, 0x10, 0x82, 0x10, 0x82, 0x10, 0x82, 0x10, 0x82, 0x10, 0x82, 0x10,
    0x82, 0x10, 0x82, 0x10, 0x82, 0x10, 0x82, 0x10, 0x82, 0x10, 0x82, 0x10, 0x82, 0x10, 0x82, 0x10,
    0x82, 0x10, 0x82, 0x10, 0x82, 0x10, 0x82, 0x10, 0x82, 0x10, 0x82, 0x10, 0x82, 0x10, 0x82, 0x10,
    0x82, 0x10, 0x82, 0x10, 0x82, 0x10, 0x82, 0x10, 0x82, 0x10, 0x82, 0x10, 0x82, 0x10, 0x82, 0x10,
    0x82, 0x10, 0x82, 0x10, 0x82, 0x10, 0x82, 0x10, 0x82, 0x10, 0x82, 0x10, 0x82, 0x10, 0x82, 0x10,
    0x82, 0x10, 0x82, 0x10, 0x82, 0x10, 0x82, 0x10, 0x82, 0x10, 0x82, 0x10, 0x82, 0x10, 0x82, 0x10,
    0x82, 0x10, 0x82, 0x10, 0x82, 0x10, 0x82, 0x10, 0x82, 0x10, 0x82, 0x10, 0x82, 0x10, 0x82, 0x10,
    0x82, 0x10, 0x82, 0x10, 0x82, 0x10, 0x82, 0x10, 0x82, 0x10, 0x82, 0x10, 0x82, 0x10, 0x82, 0x10,
    0x82, 0x10, 0x82, 0x10, 0x82, 0x10, 0x82, 0x10, 0x82, 0x10, 0x82, 0x10, 0x82, 0x10, 0x82, 0x10,
    0x61, 0x08, 0x61, 0x08, 0x82, 0x10, 0x82, 0x10, 0x82, 0x10, 0x82, 0x10, 0x83, 0x10, 0x83, 0x10,
    0x83, 0x18, 0xa4, 0x18, 0xa4, 0x20, 0xa4, 0x20, 0xc5, 0x28, 0xc5, 0x28, 0xc5, 0x30, 0xe6, 0x30,
    0xe6, 0x30, 0xe7, 0x38, 0x07, 0x41, 0xe8, 0x40, 0x28, 0x41, 0x13, 0x9a, 0x3f, 0xfb, 0x1f, 0xfb,
    0x1f, 0xfb, 0x1f, 0xfb, 0xd1, 0x89, 0x2a, 0x49, 0x2a, 0x49, 0x2a, 0x49, 0x2a, 0x49, 0x2a, 0x49,
    0x2a, 0x49, 0x2a, 0x49, 0x2a, 0x49, 0x2a, 0x49, 0x0a, 0x49, 0x09, 0x51, 0x2a, 0x51, 0x78, 0xc2,
    0x1f, 0xfb, 0x5f, 0xfb, 0x5f, 0xfb, 0xfd, 0xea, 0x4b, 0x59, 0x08, 0x41, 0x07, 0x41, 0xe7, 0x38,
    0xe7, 0x38, 0xc6, 0x30, 0xe6, 0x30, 0xe5, 0x28, 0xc5, 0x28, 0xa4, 0x28, 0xa4, 0x20, 0xa4, 0x20,
    0xa4, 0x20, 0xa3, 0x18, 0xa3, 0x18, 0x83, 0x10, 0x82, 0x10, 0x82, 0x18, 0x82, 0x10, 0x82, 0x10,
    0x82, 0x10, 0x82, 0x10, 0x82, 0x10, 0x82, 0x10, 0x82, 0x10, 0x82, 0x10, 0x82, 0x10, 0x82, 0x10,
    0x82, 0x10, 0x82, 0x10, 0x82, 0x10, 0x82, 0x10, 0x82, 0x10, 0x82, 0x10, 0x82, 0x10, 0x82, 0x10,
    0x82, 0x10, 0x82, 0x10, 0x82, 0x10, 0x82, 0x10, 0x82, 0x10, 0x82, 0x10, 0x83, 0x10, 0x83, 0x10,
    0x83, 0x10, 0xa3, 0x18, 0xa3, 0x18, 0xa4, 0x20, 0xa4, 0x20, 0xa4, 0x20, 0xc5, 0x28, 0xc5, 0x28,
    0xc5, 0x30, 0xc6, 0x30, 0xe7, 0x38, 0xe7, 0x38, 0x07, 0x41, 0x07, 0x41, 0x08, 0x41, 0x77, 0xba,
    0x3f, 0xfb, 0x1f, 0xfb, 0x1f, 0xfb, 0xfe, 0xfa, 0x4c, 0x61, 0x4a, 0x51, 0x2a, 0x49, 0x2a, 0x51,
    0x4a, 0x51, 0x4a, 0x51, 0x4a, 0x51, 0x4a, 0x51, 0x4a, 0x51, 0x4b, 0x59, 0x4b, 0x59, 0x4b, 0x59,
    0x6d, 0x69, 0xba, 0xda, 0x1f, 0xfb, 0x5f, 0xfb, 0x1f, 0xfb, 0x1f, 0xfb, 0x5f, 0xfb, 0xff, 0xfa,
    0x1f, 0xfb, 0x5f, 0xfb, 0x56, 0xaa, 0x4a, 0x51, 0x0a, 0x51, 0x29, 0x49, 0x08, 0x41, 0x08, 0x41,
    0xe8, 0x38, 0xe7, 0x38, 0xe6, 0x30, 0xe5, 0x28, 0xc5, 0x28, 0xa5, 0x20, 0xa4, 0x20, 0xa4, 0x20,
    0x83, 0x18, 0x83, 0x18, 0x83, 0x18, 0x83, 0x10, 0x83, 0x10, 0x82, 0x10, 0x82, 0x10, 0x61, 0x08,
    0x61, 0x08, 0x61, 0x08, 0x61, 0x08, 0x61, 0x08, 0x82, 0x10, 0x82, 0x10, 0x82, 0x10, 0x82, 0x10,
    0x82, 0x10, 0x82, 0x10, 0x82, 0x10, 0x82, 0x10, 0x82, 0x10, 0x82, 0x10, 0x82, 0x10, 0x82, 0x10,
    0x82, 0x10, 0x82, 0x10, 0x82, 0x10, 0x82, 0x10, 0x82, 0x10, 0x82, 0x10, 0x82, 0x10, 0x82, 0x10,
    0x82, 0x10, 0x82, 0x10, 0x82, 0x10, 0x82, 0x10, 0x82, 0x10, 0x82, 0x10, 0x82, 0x10, 0x82, 0x10,
    0x82, 0x10, 0x82, 0x10, 0x82, 0x10, 0x82, 0x10, 0x82, 0x10, 0x82, 0x10, 0x82, 0x10, 0x82, 0x10,
    0x82, 0x10, 0x82, 0x10, 0x82, 0x10, 0x82, 0x10, 0x82, 0x10, 0x82, 0x10, 0x82, 0x10, 0x82, 0x10,
    0x82, 0x10, 0x82, 0x10, 0x82, 0x10, 0x82, 0x10, 0x82, 0x10, 0x82, 0x10, 0x82, 0x10, 0x82, 0x10,
    0x82, 0x10, 0x82, 0x10, 0x82, 0x10, 0x82, 0x10, 0x82, 0x10, 0x82, 0x10, 0x82, 0x10, 0x82, 0x10,
    0x82, 0x10, 0x82, 0x10, 0x82, 0x10, 0x82, 0x10, 0x82, 0x10, 0x82, 0x10, 0x82, 0x10, 0x82, 0x10,
    0x82, 0x10, 0x82, 0x10, 0x82, 0x10, 0x82, 0x10, 0x82, 0x10, 0x82, 0x10, 0x82, 0x10, 0x82, 0x10,
    0x82, 0x10, 0x82, 0x10, 0x82, 0x10, 0x82, 0x10, 0x82, 0x10, 0x82, 0x10, 0x82, 0x10, 0x82, 0x10,
    0x61, 0x08, 0x61, 0x08, 0x82, 0x10, 0x82, 0x10, 0x82, 0x10, 0x82, 0x10, 0x83, 0x10, 0x83, 0x10,
    0x83, 0x18, 0xa4, 0x18, 0xa4, 0x20, 0xa4, 0x20, 0xc5, 0x28, 0xc5, 0x28, 0xc5, 0x30, 0xe6, 0x30,
    0xe6, 0x30, 0xe7, 0x38, 0x07, 0x41, 0xe8, 0x40, 0x28, 0x41, 0x13, 0x9a, 0x3f, 0xfb, 0x1f, 0xfb,
    0x1f, 0xfb, 0x1f, 0xfb, 0xd1, 0x89, 0x2a, 0x49, 0x2a, 0x49, 0x2a, 0x49, 0x2a, 0x49, 0x2a, 0x49,
    0x2a, 0x49, 0x2a, 0x49, 0x2a, 0x49, 0x2a, 0x49, 0x0a, 0x49, 0x09, 0x51, 0x2a, 0x51, 0x78, 0xc2,
    0x1f, 0xfb, 0x5f, 0xfb, 0x5f, 0xfb, 0xfd, 0xea, 0x4b, 0x59, 0x08, 0x41, 0x07, 0x41, 0xe7, 0x38,
    0xe7, 0x38, 0xc6, 0x30, 0xe6, 0x30, 0xe5, 0x28, 0xc5, 0x28, 0xa4, 0x28, 0xa4, 0x20, 0xa4, 0x20,
    0xa4, 0x20, 0xa3, 0x18, 0xa3, 0x18, 0x83, 0x10, 0x82, 0x10, 0x82, 0x18, 0x82, 0x10, 0x82, 0x10,
    0x82, 0x10, 0x82, 0x10, 0x82, 0x10, 0x82, 0x10, 0x82, 0x10, 0x82, 0x10, 0x82, 0x10, 0x82, 0x10,
    0x82, 0x10, 0x82, 0x10, 0x82, 0x10, 0x82, 0x10, 0x82, 0x10, 0x82, 0x10, 0x82, 0x10, 0x82, 0x10,
    0x82, 0x10, 0x82, 0x10, 0x82, 0x10, 0x82, 0x10, 0x82, 0x10, 0x82, 0x10, 0x83, 0x10, 0x83, 0x10,
    0x83, 0x10, 0xa3, 0x18, 0xa3, 0x18, 0xa4, 0x20, 0xa4, 0x20, 0xa4, 0x20, 0xc5, 0x28, 0xc5, 0x28,
    0xc5, 0x30, 0xc6, 0x30, 0xe7, 0x38, 0xe7, 0x38, 0x07, 0x41, 0x07, 0x41, 0x08, 0x41, 0x77, 0xba,
    0x3f, 0xfb, 0x1f, 0xfb, 0x1f, 0xfb, 0xfe, 0xfa, 0x4c, 0x61, 0x2a, 0x51, 0x2a, 0x49, 0x2a, 0x51,
    0x4a, 0x51, 0x4a, 0x51, 0x4a, 0x51, 0x4a, 0x51, 0x4a, 0x51, 0x4b, 0x59, 0x4b, 0x59, 0x4b, 0x59,
    0x6d, 0x69, 0xba, 0xda, 0x1f, 0xfb, 0x5f, 0xfb, 0x1f, 0xfb, 0x1f, 0xfb, 0x5f, 0xfb, 0x3f, 0xfb,
    0xff, 0xfa, 0x1e, 0xf3, 0xb0, 0x79, 0x2b, 0x51, 0x09, 0x51, 0x28, 0x49, 0x08, 0x41, 0x08, 0x41,
    0x08, 0x39, 0xe7, 0x38, 0xe6, 0x30, 0xe5, 0x28, 0xa5, 0x20, 0xa5, 0x20, 0xa4, 0x20, 0xa4, 0x20,
    0x83, 0x18, 0xa3, 0x18, 0x82, 0x10, 0x83, 0x10, 0x83, 0x10, 0x82, 0x10, 0x82, 0x10, 0x61, 0x08,
    0x61, 0x08, 0x61, 0x08, 0x61, 0x08, 0x61, 0x08, 0x82, 0x10, 0x82, 0x10, 0x82, 0x10, 0x82, 0x10,
    0x82, 0x10, 0x82, 0x10, 0x82, 0x10, 0x82, 0x10, 0x82, 0x10, 0x82, 0x10, 0x82, 0x10, 0x82, 0x10,
    0x82, 0x10, 0x82, 0x10, 0x82, 0x10, 0x82, 0x10, 0x82, 0x10, 0x82, 0x10, 0x82, 0x10, 0x82, 0x10,
    0x82, 0x10, 0x82, 0x10, 0x82, 0x10, 0x82, 0x10, 0x82, 0x10, 0x82, 0x10, 0x82, 0x10, 0x82, 0x10,
    0x82, 0x10, 0x82, 0x10, 0x82, 0x10, 0x82, 0x10, 0x82, 0x10, 0x82, 0x10, 0x82, 0x10, 0x82, 0x10,
    0x82, 0x10, 0x82, 0x10, 0x82, 0x10, 0x82, 0x10, 0x82, 0x10, 0x82, 0x10, 0x82, 0x10, 0x82, 0x10,
    0x82, 0x10, 0x82, 0x10, 0x82, 0x10, 0x82, 0x10, 0x82, 0x10, 0x82, 0x10, 0x82, 0x10, 0x82, 0x10,
    0x82, 0x10, 0x82, 0x10, 0x82, 0x10, 0x82, 0x10, 0x82, 0x10, 0x82, 0x10, 0x82, 0x10, 0x82, 0x10,
    0x82, 0x10, 0x82, 0x10, 0x82, 0x10, 0x82, 0x10, 0x82, 0x10, 0x82, 0x10, 0x82, 0x10, 0x82, 0x10,
    0x82, 0x10, 0x82, 0x10, 0x82, 0x10, 0x82, 0x10, 0x82, 0x10, 0x82, 0x10, 0x82, 0x10, 0x82, 0x10,
    0x82, 0x10, 0x82, 0x10, 0x82, 0x10, 0x82, 0x10, 0x82, 0x10, 0x82, 0x10, 0x82, 0x10, 0x82, 0x10,
    0x61, 0x08, 0x61, 0x08, 0x82, 0x10, 0x82, 0x10, 0x82, 0x10, 0x82, 0x10, 0x83, 0x10, 0x83, 0x10,
    0x83, 0x18, 0xa4, 0x18, 0xa4, 0x20, 0xa4, 0x20, 0xc5, 0x28, 0xc5, 0x28, 0xc5, 0x30, 0xe6, 0x30,
    0xe6, 0x30, 0xe7, 0x38, 0x07, 0x41, 0xe8, 0x40, 0x28, 0x41, 0x13, 0x9a, 0x3f, 0xfb, 0x1f, 0xfb,
    0x1f, 0xfb, 0x1f, 0xfb, 0xd1, 0x89, 0x2a, 0x49, 0x2a, 0x49, 0x2a, 0x49, 0x2a, 0x49, 0x2a, 0x49,
    0x2a, 0x49, 0x2a, 0x49, 0x2a, 0x49, 0x2a, 0x51, 0x0a, 0x49, 0x09, 0x51, 0x2a, 0x51, 0x78, 0xc2,
    0x1f, 0xfb, 0x5f, 0xfb, 0x5f, 0xfb, 0xfd, 0xea, 0x4b, 0x59, 0x08, 0x41, 0x07, 0x41, 0xe7, 0x38,
    0xe7, 0x38, 0xc6, 0x30, 0xe6, 0x30, 0xe5, 0x28, 0xc5, 0x28, 0xa4, 0x28, 0xa4, 0x20, 0xa4, 0x20,
    0xa4, 0x20, 0xa3, 0x18, 0xa3, 0x18, 0x83, 0x10, 0x82, 0x10, 0x82, 0x18, 0x82, 0x10, 0x82, 0x10,
    0x82, 0x10, 0x82, 0x10, 0x82, 0x10, 0x82, 0x10, 0x82, 0x10, 0x82, 0x10, 0x82, 0x10, 0x82, 0x10,
    0x82, 0x10, 0x82, 0x10, 0x82, 0x10, 0x82, 0x10, 0x82, 0x10, 0x82, 0x10, 0x82, 0x10, 0x82, 0x10,
    0x82, 0x10, 0x82, 0x10, 0x82, 0x10, 0x82, 0x10, 0x82, 0x10, 0x82, 0x10, 0x83, 0x10, 0x83, 0x10,
    0x83, 0x10, 0xa3, 0x18, 0xa4, 0x18, 0xa4, 0x20, 0xa4, 0x20, 0xa4, 0x20, 0xc5, 0x28, 0xa5, 0x28,
    0xc5, 0x30, 0xc6, 0x30, 0xc6, 0x30, 0xe7, 0x38, 0xe7, 0x38, 0x07, 0x41, 0x08, 0x41, 0x77, 0xba,
    0x3f, 0xfb, 0x1f, 0xfb, 0x1f, 0xfb, 0xfe, 0xfa, 0x6c, 0x61, 0x2a, 0x51, 0x2a, 0x51, 0x2a, 0x51,
    0x4a, 0x51, 0x4a, 0x49, 0x4a, 0x51, 0x4a, 0x51, 0x4a, 0x51, 0x4a, 0x51, 0x4b, 0x59, 0x4b, 0x59,
    0x6c, 0x61, 0x9a, 0xd2, 0x1f, 0xfb, 0x1f, 0xfb, 0x1f, 0xfb, 0x5f, 0xfb, 0xff, 0xfa, 0x5f, 0xfb,
    0x1f, 0xfb, 0x96, 0xb2, 0x2a, 0x51, 0x2a, 0x51, 0x2a, 0x49, 0xe7, 0x40, 0x08, 0x41, 0xe7, 0x38,
    0xc6, 0x30, 0xe6, 0x30, 0xc5, 0x30, 0xc5, 0x28, 0xa4, 0x20, 0xa4, 0x20, 0xa4, 0x20, 0xa4, 0x18,
    0xa3, 0x18, 0xa3, 0x18, 0x82, 0x10, 0x82, 0x10, 0x82, 0x10, 0x61, 0x08, 0x61, 0x08, 0x61, 0x08,
    0x61, 0x08, 0x82, 0x10, 0x82, 0x10, 0x82, 0x10, 0x82, 0x10, 0x82, 0x10, 0x82, 0x10, 0x82, 0x10,
    0x82, 0x10, 0x82, 0x10, 0x82, 0x10, 0x82, 0x10, 0x82, 0x10, 0x82, 0x10, 0x82, 0x10, 0x82, 0x10,
    0x82, 0x10, 0x82, 0x10, 0x82, 0x10, 0x82, 0x10, 0x82, 0x10, 0x82, 0x10, 0x82, 0x10, 0x82, 0x10,
    0x82, 0x10, 0x82, 0x10, 0x82, 0x10, 0x82, 0x10, 0x82, 0x10, 0x82, 0x10, 0x82, 0x10, 0x82, 0x10,
    0x82, 0x10, 0x82, 0x10, 0x82, 0x10, 0x82, 0x10, 0x82, 0x10, 0x82, 0x10, 0x82, 0x10, 0x82, 0x10,
    0x82, 0x10, 0x82, 0x10, 0x82, 0x10, 0x82, 0x10, 0x82, 0x10, 0x82, 0x10, 0x82, 0x10, 0x82, 0x10,
    0x82, 0x10, 0x82, 0x10, 0x82, 0x10, 0x82, 0x10, 0x82, 0x10, 0x82, 0x10, 0x82, 0x10, 0x82, 0x10,
    0x82, 0x10, 0x82, 0x10, 0x82, 0x10, 0x82, 0x10, 0x82, 0x10, 0x82, 0x10, 0x82, 0x10, 0x82, 0x10,
    0x82, 0x10, 0x82, 0x10, 0x82, 0x10, 0x82, 0x10, 0x82, 0x10, 0x82, 0x10, 0x82, 0x10, 0x82, 0x10,
    0x82, 0x10, 0x82, 0x10, 0x82, 0x10, 0x82, 0x10, 0x82, 0x10, 0x82, 0x10, 0x82, 0x10, 0x82, 0x10,
    0x82, 0x10, 0x82, 0x10, 0x82, 0x10, 0x61, 0x08, 0x61, 0x08, 0x61, 0x08, 0x61, 0x08, 0x61, 0x08,
    0x61, 0x08, 0x61, 0x08, 0x82, 0x10, 0x82, 0x10, 0x82, 0x10, 0x82, 0x10, 0x83, 0x10, 0x83, 0x18,
    0x83, 0x18, 0xa4, 0x20, 0xa4, 0x20, 0xa4, 0x20, 0xc5, 0x28, 0xc5, 0x28, 0xc5, 0x30, 0xc6, 0x30,
    0xc6, 0x30, 0xe7, 0x38, 0x08, 0x41, 0x08, 0x41, 0x28, 0x49, 0xf3, 0x99, 0x1f, 0xfb, 0x1f, 0xfb,
    0x1f, 0xfb, 0x1f, 0xfb, 0xd1, 0x89, 0x2a, 0x49, 0x4a, 0x49, 0x2a, 0x49, 0x2a, 0x49, 0x2a, 0x49,
    0x2a, 0x49, 0x2a, 0x49, 0x2a, 0x49, 0x2a, 0x51, 0x4a, 0x49, 0x09, 0x51, 0x2a, 0x51, 0x78, 0xc2,
    0x5f, 0xfb, 0x1f, 0xfb, 0x5f, 0xfb, 0xfd, 0xe2, 0x4b, 0x59, 0x08, 0x41, 0x07, 0x41, 0xe7, 0x38,
    0xe7, 0x38, 0xc6, 0x30, 0xe6, 0x30, 0xe5, 0x28, 0xc5, 0x28, 0xa4, 0x28, 0xa4, 0x20, 0xa4, 0x20,
    0xa4, 0x20, 0x83, 0x18, 0x83, 0x10, 0x83, 0x10, 0x82, 0x10, 0x82, 0x10, 0x82, 0x10, 0x82, 0x10,
    0x82, 0x10, 0x82, 0x10, 0x82, 0x10, 0x82, 0x10, 0x82, 0x10, 0x82, 0x10, 0x82, 0x10, 0x82, 0x10,
    0x82, 0x10, 0x82, 0x10, 0x82, 0x10, 0x82, 0x10, 0x82, 0x10, 0x82, 0x10, 0x82, 0x10, 0x82, 0x10,
    0x82, 0x10, 0x82, 0x10, 0x82, 0x10, 0x82, 0x10, 0x82, 0x10, 0x82, 0x10, 0x83, 0x10, 0x83, 0x10,
    0x83, 0x10, 0xa3, 0x18, 0xa4, 0x18, 0xa4, 0x20, 0xa4, 0x20, 0xa4, 0x20, 0xc5, 0x28, 0xc5, 0x28,
    0xc5, 0x30, 0xc6, 0x30, 0xc6, 0x30, 0xe7, 0x38, 0xe7, 0x38, 0x07, 0x41, 0x08, 0x41, 0x77, 0xba,
    0x3f, 0xfb, 0x1f, 0xfb, 0x1f, 0xfb, 0xfe, 0xfa, 0x6c, 0x61, 0x2a, 0x51, 0x2a, 0x51, 0x2a, 0x51,
    0x4a, 0x49, 0x4a, 0x49, 0x4a, 0x51, 0x4a, 0x51, 0x4a, 0x51, 0x4a, 0x51, 0x4b, 0x59, 0x4b, 0x59,
    0x6c, 0x61, 0x9a, 0xd2, 0x1f, 0xfb, 0x1f, 0xfb, 0x5f, 0xfb, 0x1f, 0xfb, 0x3f, 0xfb, 0x5f, 0xfb,
    0xfd, 0xf2, 0x8e, 0x71, 0x4a, 0x49, 0x09, 0x51, 0x09, 0x41, 0x08, 0x41, 0xe8, 0x38, 0xe7, 0x38,
    0xc6, 0x30, 0xc5, 0x30, 0xe5, 0x28, 0xc5, 0x28, 0xa4, 0x20, 0xa4, 0x20, 0xa4, 0x20, 0xa4, 0x18,
    0xa3, 0x18, 0x83, 0x10, 0x82, 0x10, 0x82, 0x10, 0x82, 0x10, 0x61, 0x08, 0x61, 0x08, 0x61, 0x08,
    0x61, 0x08, 0x82, 0x10, 0x82, 0x10, 0x82, 0x10, 0x82, 0x10, 0x82, 0x10, 0x82, 0x10, 0x82, 0x10,
    0x82, 0x10, 0x82, 0x10, 0x82, 0x10, 0x82, 0x10, 0x82, 0x10, 0x82, 0x10, 0x82, 0x10, 0x82, 0x10,
    0x82, 0x10, 0x82, 0x10, 0x82, 0x10, 0x82, 0x10, 0x82, 0x10, 0x82, 0x10, 0x82, 0x10, 0x82, 0x10,
    0x82, 0x10, 0x82, 0x10, 0x82, 0x10, 0x82, 0x10, 0x82, 0x10, 0x82, 0x10, 0x82, 0x10, 0x82, 0x10,
    0x82, 0x10, 0x82, 0x10, 0x82, 0x10, 0x82, 0x10, 0x82, 0x10, 0x82, 0x10, 0x82, 0x10, 0x82, 0x10,
    0x82, 0x10, 0x82, 0x10, 0x82, 0x10, 0x82, 0x10, 0x82, 0x10, 0x82, 0x10, 0x82, 0x10, 0x82, 0x10,
    0x82, 0x10, 0x82, 0x10, 0x82, 0x10, 0x82, 0x10, 0x82, 0x10, 0x82, 0x10, 0x82, 0x10, 0x82, 0x10,
    0x82, 0x10, 0x82, 0x10, 0x82, 0x10, 0x82, 0x10, 0x82, 0x10, 0x82, 0x10, 0x82, 0x10, 0x82, 0x10,
    0x82, 0x10, 0x82, 0x10, 0x82, 0x10, 0x82, 0x10, 0x82, 0x10, 0x82, 0x10, 0x82, 0x10, 0x82, 0x10,
    0x82, 0x10, 0x82, 0x10, 0x82, 0x10, 0x82, 0x10, 0x82, 0x10, 0x82, 0x10, 0x82, 0x10, 0x82, 0x10,
    0x82, 0x10, 0x82, 0x10, 0x82, 0x10, 0x61, 0x08, 0x61, 0x08, 0x61, 0x08, 0x61, 0x08, 0x61, 0x08,
    0x61, 0x08, 0x61, 0x08, 0x82, 0x10, 0x82, 0x10, 0x82, 0x10, 0x83, 0x10, 0x83, 0x18, 0x83, 0x18,
    0xa3, 0x18, 0xa4, 0x20, 0xa4, 0x20, 0xa4, 0x20, 0xc5, 0x28, 0xc5, 0x28, 0xc5, 0x30, 0xc6, 0x30,
    0xe6, 0x30, 0xe7, 0x38, 0x08, 0x41, 0x08, 0x41, 0x28, 0x41, 0xf3, 0x99, 0x1f, 0xfb, 0x1f, 0xfb,
    0x5f, 0xfb, 0x1f, 0xfb, 0xd1, 0x89, 0x2a, 0x49, 0x4a, 0x49, 0x2a, 0x49, 0x2a, 0x49, 0x4a, 0x49,
    0x2a, 0x49, 0x2a, 0x49, 0x2a, 0x49, 0x2a, 0x51, 0x4a, 0x49, 0x09, 0x51, 0x2a, 0x51, 0x78, 0xc2,
    0x5f, 0xfb, 0x1f, 0xfb, 0x5f, 0xfb, 0xfd, 0xe2, 0x4b, 0x59, 0x08, 0x41, 0x07, 0x41, 0xe7, 0x38,
    0xe7, 0x38, 0xc6, 0x30, 0xe6, 0x30, 0xe5, 0x28, 0xc5, 0x28, 0xa4, 0x28, 0xa4, 0x20, 0xa4, 0x20,
    0xa4, 0x20, 0x83, 0x18, 0x83, 0x10, 0x83, 0x10, 0x82, 0x10, 0x82, 0x10, 0x82, 0x10, 0x82, 0x10,
    0x82, 0x10, 0x82, 0x10, 0x82, 0x10, 0x82, 0x10, 0x82, 0x10, 0x82, 0x10, 0x82, 0x10, 0x82, 0x10,
    0x82, 0x10, 0x82, 0x10, 0x82, 0x10, 0x82, 0x10, 0x82, 0x10, 0x82, 0x10, 0x82, 0x10, 0x82, 0x10,
    0x82, 0x10, 0x82, 0x10, 0x82, 0x10, 0x82, 0x10, 0x82, 0x10, 0x82, 0x10, 0x83, 0x10, 0x83, 0x10,
    0x83, 0x10, 0xa3, 0x18, 0xa4, 0x18, 0xa4, 0x20, 0xa4, 0x20, 0xa4, 0x20, 0xc5, 0x28, 0xa5, 0x28,
    0xc5, 0x30, 0xc6, 0x30, 0xc6, 0x30, 0xe7, 0x38, 0xe7, 0x38, 0x07, 0x41, 0x08, 0x41, 0x77, 0xba,
    0x3f, 0xfb, 0x1f, 0xfb, 0x1f, 0xfb, 0xfe, 0xfa, 0x6c, 0x61, 0x2a, 0x51, 0x2a, 0x51, 0x2a, 0x51,
    0x4a, 0x49, 0x4a, 0x49, 0x4a, 0x51, 0x4a, 0x51, 0x4a, 0x51, 0x4a, 0x51, 0x4b, 0x59, 0x4b, 0x59,
    0x6c, 0x61, 0xba, 0xda, 0x1f, 0xfb, 0x1f, 0xfb, 0xff, 0xfa, 0x1f, 0xfb, 0x3f, 0xfb, 0x1f, 0xfb,
    0x76, 0xba, 0x29, 0x49, 0x0a, 0x49, 0x09, 0x51, 0x28, 0x41, 0x08, 0x41, 0x07, 0x39, 0xe6, 0x30,
    0xe6, 0x30, 0xc5, 0x30, 0xc5, 0x28, 0xc4, 0x28, 0xa4, 0x20, 0xa4, 0x20, 0xa4, 0x18, 0xa3, 0x18,
    0x83, 0x18, 0x83, 0x10, 0x82, 0x10, 0x82, 0x10, 0x82, 0x10, 0x61, 0x08, 0x61, 0x08, 0x61, 0x08,
    0x61, 0x08, 0x82, 0x10, 0x82, 0x10, 0x82, 0x10, 0x82, 0x10, 0x82, 0x10, 0x82, 0x10, 0x82, 0x10,
    0x82, 0x10, 0x82, 0x10, 0x82, 0x10, 0x82, 0x10, 0x82, 0x10, 0x82, 0x10, 0x82, 0x10, 0x82, 0x10,
    0x82, 0x10, 0x82, 0x10, 0x82, 0x10, 0x82, 0x10, 0x82, 0x10, 0x82, 0x10, 0x82, 0x10, 0x82, 0x10,
    0x82, 0x10, 0x82, 0x10, 0x82, 0x10, 0x82, 0x10, 0x82, 0x10, 0x82, 0x10, 0x82, 0x10, 0x82, 0x10,
    0x82, 0x10, 0x82, 0x10, 0x82, 0x10, 0x82, 0x10, 0x82, 0x10, 0x82, 0x10, 0x82, 0x10, 0x82, 0x10,
    0x82, 0x10, 0x82, 0x10, 0x82, 0x10, 0x82, 0x10, 0x82, 0x10, 0x82, 0x10, 0x82, 0x10, 0x82, 0x10,
    0x82, 0x10, 0x82, 0x10, 0x82, 0x10, 0x82, 0x10, 0x82, 0x10, 0x82, 0x10, 0x82, 0x10, 0x82, 0x10,
    0x82, 0x10, 0x82, 0x10, 0x82, 0x10, 0x82, 0x10, 0x82, 0x10, 0x82, 0x10, 0x82, 0x10, 0x82, 0x10,
    0x82, 0x10, 0x82, 0x10, 0x82, 0x10, 0x82, 0x10, 0x82, 0x10, 0x82, 0x10, 0x82, 0x10, 0x82, 0x10,
    0x82, 0x10, 0x82, 0x10, 0x82, 0x10, 0x82, 0x10, 0x82, 0x10, 0x82, 0x10, 0x82, 0x10, 0x82, 0x10,
    0x82, 0x10, 0x82, 0x10, 0x82, 0x10, 0x61, 0x08, 0x61, 0x08, 0x61, 0x08, 0x61, 0x08, 0x61, 0x08,
    0x61, 0x08, 0x61, 0x08, 0x82, 0x10, 0x82, 0x10, 0x82, 0x10, 0x83, 0x10, 0x83, 0x10, 0xa3, 0x18,
    0xa3, 0x18, 0xa4, 0x20, 0x84, 0x20, 0xa4, 0x20, 0xc5, 0x28, 0xc5, 0x28, 0xc5, 0x30, 0xc6, 0x30,
    0xe7, 0x38, 0xe7, 0x38, 0x08, 0x41, 0x08, 0x41, 0x28, 0x41, 0xf3, 0x99, 0x1f, 0xfb, 0x1f, 0xfb,
    0x5f, 0xfb, 0x1f, 0xfb, 0xd1, 0x89, 0x2a, 0x49, 0x4a, 0x49, 0x2a, 0x49, 0x2a, 0x49, 0x2a, 0x49,
    0x2a, 0x49, 0x2a, 0x49, 0x2a, 0x49, 0x2a, 0x51, 0x4a, 0x49, 0x09, 0x51, 0x2a, 0x51, 0x78, 0xc2,
    0x5f, 0xfb, 0x1f, 0xfb, 0x5f, 0xfb, 0xfd, 0xe2, 0x4b, 0x59, 0x08, 0x41, 0x07, 0x41, 0xe7, 0x38,
    0xe7, 0x38, 0xc6, 0x30, 0xe6, 0x30, 0xe5, 0x28, 0xc5, 0x28, 0xa4, 0x28, 0xa4, 0x20, 0xa4, 0x20,
    0xa4, 0x20, 0x83, 0x18, 0x83, 0x10, 0x83, 0x10, 0x82, 0x10, 0x82, 0x10, 0x82, 0x10, 0x82, 0x10,
    0x82, 0x10, 0x82, 0x10, 0x82, 0x10, 0x82, 0x10, 0x82, 0x10, 0x82, 0x10, 0x82, 0x10, 0x82, 0x10,
    0x82, 0x10, 0x82, 0x10, 0x82, 0x10, 0x82, 0x10, 0x82, 0x10, 0x82, 0x10, 0x82, 0x10, 0x82, 0x10,
    0x82, 0x10, 0x82, 0x10, 0x82, 0x10, 0x82, 0x10, 0x82, 0x10, 0x82, 0x10, 0x83, 0x10, 0x83, 0x10,
    0x83, 0x10, 0xa3, 0x18, 0xa4, 0x18, 0xa4, 0x20, 0xa4, 0x20, 0xa4, 0x20, 0xc5, 0x28, 0xa5, 0x28,
    0xc5, 0x30, 0xc6, 0x30, 0xc6, 0x30, 0xe7, 0x38, 0xe7, 0x38, 0x07, 0x41, 0x08, 0x41, 0x77, 0xba,
    0x3f, 0xfb, 0x1f, 0xfb, 0x1f, 0xfb, 0xfe, 0xfa, 0x6c, 0x61, 0x2a, 0x51, 0x2a, 0x51, 0x2a, 0x51,
    0x4a, 0x49, 0x4a, 0x51, 0x4a, 0x51, 0x4a, 0x51, 0x4a, 0x51, 0x4a, 0x51, 0x4a, 0x51, 0x2a, 0x59,
    0x6c, 0x61, 0x9a, 0xd2, 0x1f, 0xfb, 0x1f, 0xfb, 0x1f, 0xfb, 0x1f, 0xfb, 0x1f, 0xfb, 0xfd, 0xf2,
    0xaf, 0x79, 0x29, 0x49, 0x0a, 0x49, 0x08, 0x41, 0x08, 0x41, 0x08, 0x41, 0xe7, 0x38, 0xc6, 0x30,
    0xc5, 0x30, 0xc5, 0x28, 0xc5, 0x28, 0xc4, 0x20, 0xa4, 0x20, 0xa4, 0x20, 0xa3, 0x18, 0x83, 0x18,
    0x83, 0x10, 0x83, 0x10, 0x82, 0x10, 0x82, 0x10, 0x82, 0x10, 0x61, 0x08, 0x61, 0x08, 0x61, 0x08,
    0x61, 0x08, 0x82, 0x10, 0x82, 0x10, 0x82, 0x10, 0x82, 0x10, 0x82, 0x10, 0x82, 0x10, 0x82, 0x10,
    0x82, 0x10, 0x82, 0x10, 0x82, 0x10, 0x82, 0x10, 0x82, 0x10, 0x82, 0x10, 0x82, 0x10, 0x82, 0x10,
    0x82, 0x10, 0x82, 0x10, 0x82, 0x10, 0x82, 0x10, 0x82, 0x10, 0x82, 0x10, 0x82, 0x10, 0x82, 0x10,
    0x82, 0x10, 0x82, 0x10, 0x82, 0x10, 0x82, 0x10, 0x82, 0x10, 0x82, 0x10, 0x82, 0x10, 0x82, 0x10,
    0x82, 0x10, 0x82, 0x10, 0x82, 0x10, 0x82, 0x10, 0x82, 0x10, 0x82, 0x10, 0x82, 0x10, 0x82, 0x10,
    0x82, 0x10, 0x82, 0x10, 0x82, 0x10, 0x82, 0x10, 0x82, 0x10, 0x82, 0x10, 0x82, 0x10, 0x82, 0x10,
    0x82, 0x10, 0x82, 0x10, 0x82, 0x10, 0x82, 0x10, 0x82, 0x10, 0x82, 0x10, 0x82, 0x10, 0x82, 0x10,
    0x82, 0x10, 0x82, 0x10, 0x82, 0x10, 0x82, 0x10, 0x82, 0x10, 0x82, 0x10, 0x82, 0x10, 0x82, 0x10,
    0x82, 0x10, 0x82, 0x10, 0x82, 0x10, 0x82, 0x10, 0x82, 0x10, 0x82, 0x10, 0x82, 0x10, 0x82, 0x10,
    0x82, 0x10, 0x82, 0x10, 0x82, 0x10, 0x82, 0x10, 0x82, 0x10, 0x82, 0x10, 0x82, 0x10, 0x82, 0x10,
    0x82, 0x10, 0x82, 0x10, 0x82, 0x10, 0x61, 0x08, 0x61, 0x08, 0x61, 0x08, 0x61, 0x08, 0x61, 0x08,
    0x61, 0x08, 0x82, 0x10, 0x82, 0x10, 0x82, 0x10, 0x83, 0x10, 0x83, 0x10, 0x83, 0x10, 0xa3, 0x18,
    0xa3, 0x18, 0xa4, 0x20, 0x84, 0x20, 0xa4, 0x28, 0xc5, 0x28, 0xc5, 0x28, 0xe6, 0x30, 0xc6, 0x30,
    0xe7, 0x38, 0xe7, 0x38, 0x08, 0x41, 0x08, 0x41, 0x08, 0x49, 0xf3, 0x99, 0x1f, 0xfb, 0x1f, 0xfb,
    0x5f, 0xfb, 0x1f, 0xfb, 0xd1, 0x89, 0x2a, 0x49, 0x4a, 0x49, 0x2a, 0x49, 0x2a, 0x49, 0x2a, 0x49,
    0x2a, 0x49, 0x2a, 0x49, 0x2a, 0x49, 0x2a, 0x51, 0x4a, 0x49, 0x09, 0x51, 0x2a, 0x51, 0x78, 0xc2,
    0x5f, 0xfb, 0x1f, 0xfb, 0x5f, 0xfb, 0xfd, 0xe2, 0x4b, 0x59, 0x08, 0x41, 0x07, 0x41, 0xe7, 0x38,
    0xe7, 0x38, 0xc6, 0x30, 0xc5, 0x30, 0xe5, 0x28, 0xc5, 0x28, 0xc4, 0x28, 0xa4, 0x20, 0xa4, 0x20,
    0xa4, 0x20, 0x83, 0x18, 0x83, 0x10, 0x83, 0x10, 0x82, 0x10, 0x82, 0x10, 0x82, 0x10, 0x82, 0x10,
    0x82, 0x10, 0x82, 0x10, 0x82, 0x10, 0x82, 0x10, 0x82, 0x10, 0x82, 0x10, 0x82, 0x10, 0x82, 0x10,
    0x82, 0x10, 0x82, 0x10, 0x82, 0x10, 0x82, 0x10, 0x82, 0x10, 0x82, 0x10, 0x82, 0x10, 0x82, 0x10,
    0x82, 0x10, 0x82, 0x10, 0x82, 0x10, 0x82, 0x10, 0x82, 0x10, 0x82, 0x10, 0x83, 0x10, 0x83, 0x10,
    0x83, 0x10, 0xa3, 0x18, 0xa4, 0x18, 0xa4, 0x20, 0xa4, 0x20, 0xc4, 0x20, 0xc5, 0x28, 0xa5, 0x28,
    0xc5, 0x30, 0xc6, 0x30, 0xc6, 0x30, 0xe7, 0x38, 0xe7, 0x38, 0x07, 0x41, 0x08, 0x41, 0x77, 0xba,
    0x3f, 0xfb, 0x1f, 0xfb, 0x1f, 0xfb, 0xfe, 0xfa, 0x6c, 0x61, 0x2a, 0x51, 0x2a, 0x51, 0x2a, 0x51,
    0x4a, 0x49, 0x4a, 0x49, 0x4a, 0x51, 0x4a, 0x51, 0x4a, 0x51, 0x4a, 0x51, 0x4a, 0x51, 0x2a, 0x59,
    0x4c, 0x61, 0x9a, 0xd2, 0x1f, 0xfb, 0x1f, 0xfb, 0x5f, 0xfb, 0xff, 0xfa, 0x1f, 0xfb, 0x76, 0xba,
    0x4a, 0x51, 0x09, 0x49, 0x09, 0x49, 0xe8, 0x40, 0x08, 0x41, 0x07, 0x39, 0xe7, 0x38, 0xe6, 0x30,
    0xc5, 0x30, 0xc5, 0x28, 0xa4, 0x28, 0xa4, 0x20, 0xa4, 0x20, 0xa4, 0x20, 0xa3, 0x18, 0x83, 0x18,
    0x83, 0x10, 0x83, 0x10, 0x82, 0x10, 0x82, 0x10, 0x82, 0x10, 0x61, 0x08, 0x61, 0x08, 0x61, 0x08,
    0x61, 0x08, 0x82, 0x10, 0x82, 0x10, 0x82, 0x10, 0x82, 0x10, 0x82, 0x10, 0x82, 0x10, 0x82, 0x10,
    0x82, 0x10, 0x82, 0x10, 0x82, 0x10, 0x82, 0x10, 0x82, 0x10, 0x82, 0x10, 0x82, 0x10, 0x82, 0x10,
    0x82, 0x10, 0x82, 0x10, 0x82, 0x10, 0x82, 0x10, 0x82, 0x10, 0x82, 0x10, 0x82, 0x10, 0x82, 0x10,
    0x82, 0x10, 0x82, 0x10, 0x82, 0x10, 0x82, 0x10, 0x82, 0x10, 0x82, 0x10, 0x82, 0x10, 0x82, 0x10,
    0x82, 0x10, 0x82, 0x10, 0x82, 0x10, 0x82, 0x10, 0x82, 0x10, 0x82, 0x10, 0x82, 0x10, 0x82, 0x10,
    0x82, 0x10, 0x82, 0x10, 0x82, 0x10, 0x82, 0x10, 0x82, 0x10, 0x82, 0x10, 0x82, 0x10, 0x82, 0x10,
    0x82, 0x10, 0x82, 0x10, 0x82, 0x10, 0x82, 0x10, 0x82, 0x10, 0x82, 0x10, 0x82, 0x10, 0x82, 0x10,
    0x82, 0x10, 0x82, 0x10, 0x82, 0x10, 0x82, 0x10, 0x82, 0x10, 0x82, 0x10, 0x82, 0x10, 0x82, 0x10,
    0x82, 0x10, 0x82, 0x10, 0x82, 0x10, 0x82, 0x10, 0x82, 0x10, 0x82, 0x10, 0x82, 0x10, 0x82, 0x10,
    0x82, 0x10, 0x82, 0x10, 0x82, 0x10, 0x82, 0x10, 0x82, 0x10, 0x82, 0x10, 0x82, 0x10, 0x82, 0x10,
    0x82, 0x10, 0x82, 0x10, 0x82, 0x10, 0x61, 0x08, 0x61, 0x08, 0x61, 0x08, 0x61, 0x08, 0x82, 0x10,
    0x61, 0x08, 0x82, 0x10, 0x82, 0x10, 0x82, 0x10, 0x83, 0x10, 0x83, 0x10, 0x83, 0x18, 0xa3, 0x18,
    0xa3, 0x18, 0xa4, 0x20, 0x84, 0x20, 0xa4, 0x28, 0xc5, 0x28, 0xe5, 0x28, 0xe6, 0x30, 0xc6, 0x30,
    0xe7, 0x38, 0xe7, 0x38, 0x08, 0x41, 0x08, 0x41, 0x28, 0x41, 0xf3, 0x99, 0x1f, 0xfb, 0x1f, 0xfb,
    0x5f, 0xfb, 0x1f, 0xfb, 0xd1, 0x89, 0x2a, 0x49, 0x4a, 0x49, 0x2a, 0x49, 0x2a, 0x49, 0x2a, 0x49,
    0x2a, 0x49, 0x2a, 0x49, 0x2a, 0x49, 0x2a, 0x51, 0x4a, 0x49, 0x09, 0x51, 0x2a, 0x51, 0x78, 0xc2,
    0x5f, 0xfb, 0x1f, 0xfb, 0x5f, 0xfb, 0xfd, 0xe2, 0x4b, 0x59, 0x08, 0x41, 0x07, 0x41, 0xe7, 0x38,
    0xe7, 0x38, 0xc6, 0x30, 0xc5, 0x30, 0xe5, 0x28, 0xc5, 0x28, 0xa4, 0x28, 0xa4, 0x20, 0xa4, 0x20,
    0xa4, 0x20, 0x83, 0x18, 0x83, 0x10, 0x83, 0x10, 0x82, 0x10, 0x82, 0x10, 0x82, 0x10, 0x82, 0x10,
    0x82, 0x10, 0x82, 0x10, 0x82, 0x10, 0x82, 0x10, 0x82, 0x10, 0x82, 0x10, 0x82, 0x10, 0x82, 0x10,
    0x82, 0x10, 0x82, 0x10, 0x82, 0x10, 0x82, 0x10, 0x82, 0x10, 0x82, 0x10, 0x82, 0x10, 0x82, 0x10,
    0x82, 0x10, 0x82, 0x10, 0x82, 0x10, 0x82, 0x10, 0x82, 0x10, 0x82, 0x10, 0x83, 0x10, 0x83, 0x10,
    0x83, 0x10, 0x83, 0x18, 0xa4, 0x18, 0xa4, 0x18, 0xa4, 0x20, 0xc4, 0x20, 0xc5, 0x28, 0xa5, 0x28,
    0xc5, 0x30, 0xc6, 0x30, 0xe7, 0x38, 0xe7, 0x38, 0xe7, 0x38, 0x07, 0x41, 0x08, 0x41, 0x77, 0xba,
    0x3f, 0xfb, 0x1f, 0xfb, 0x1f, 0xfb, 0xfe, 0xfa, 0x6c, 0x61, 0x2a, 0x51, 0x2a, 0x51, 0x2a, 0x51,
    0x4a, 0x49, 0x4a, 0x51, 0x4a, 0x51, 0x4a, 0x51, 0x4a, 0x51, 0x4a, 0x51, 0x4a, 0x51, 0x2a, 0x59,
    0x4c, 0x61, 0xba, 0xd2, 0x1f, 0xfb, 0x5f, 0xfb, 0x1f, 0xfb, 0x1f, 0xfb, 0x1f, 0xfb, 0xaf, 0x81,
    0x28, 0x49, 0x29, 0x41, 0x08, 0x41, 0xe8, 0x40, 0x08, 0x41, 0xe7, 0x38, 0xc6, 0x30, 0xc6, 0x30,
    0xc5, 0x30, 0xc5, 0x28, 0xa4, 0x28, 0xa4, 0x20, 0xa4, 0x20, 0xa4, 0x18, 0x83, 0x18, 0x83, 0x18,
    0x83, 0x10, 0x83, 0x10, 0x82, 0x10, 0x82, 0x10, 0x82, 0x10, 0x61, 0x08, 0x61, 0x08, 0x61, 0x08,
    0x61, 0x08, 0x82, 0x10, 0x82, 0x10, 0x82, 0x10, 0x82, 0x10, 0x82, 0x10, 0x82, 0x10, 0x82, 0x10,
    0x82, 0x10, 0x82, 0x10, 0x82, 0x10, 0x82, 0x10, 0x82, 0x10, 0x82, 0x10, 0x82, 0x10, 0x82, 0x10,
    0x82, 0x10, 0x82, 0x10, 0x82, 0x10, 0x82, 0x10, 0x82, 0x10, 0x82, 0x10, 0x82, 0x10, 0x82, 0x10,
    0x82, 0x10, 0x82, 0x10, 0x82, 0x10, 0x82, 0x10, 0x82, 0x10, 0x82, 0x10, 0x82, 0x10, 0x82, 0x10,
    0x82, 0x10, 0x82, 0x10, 0x82, 0x10, 0x82, 0x10, 0x82, 0x10, 0x82, 0x10, 0x82, 0x10, 0x82, 0x10,
    0x82, 0x10, 0x82, 0x10, 0x82, 0x10, 0x82, 0x10, 0x82, 0x10, 0x82, 0x10, 0x82, 0x10, 0x82, 0x10,
    0x82, 0x10, 0x82, 0x10, 0x82, 0x10, 0x82, 0x10, 0x82, 0x10, 0x82, 0x10, 0x82, 0x10, 0x82, 0x10,
    0x82, 0x10, 0x82, 0x10, 0x82, 0x10, 0x82, 0x10, 0x82, 0x10, 0x82, 0x10, 0x82, 0x10, 0x82, 0x10,
    0x82, 0x10, 0x82, 0x10, 0x82, 0x10, 0x82, 0x10, 0x82, 0x10, 0x82, 0x10, 0x82, 0x10, 0x82, 0x10,
    0x82, 0x10, 0x82, 0x10, 0x82, 0x10, 0x82, 0x10, 0x82, 0x10, 0x82, 0x10, 0x82, 0x10, 0x82, 0x10,
    0x82, 0x10, 0x82, 0x10, 0x82, 0x10, 0x61, 0x08, 0x61, 0x08, 0x61, 0x08, 0x61, 0x08, 0x61, 0x08,
    0x61, 0x08, 0x82, 0x10, 0x82, 0x10, 0x82, 0x10, 0x83, 0x10, 0x83, 0x10, 0x83, 0x18, 0xa3, 0x18,
    0xa4, 0x20, 0xa4, 0x20, 0xa4, 0x20, 0xa4, 0x28, 0xc5, 0x28, 0xe5, 0x28, 0xe6, 0x30, 0xe6, 0x30,
    0xe7, 0x38, 0xe7, 0x38, 0x08, 0x41, 0x08, 0x41, 0x28, 0x41, 0xf3, 0x99, 0x1f, 0xfb, 0x1f, 0xfb,
    0x5f, 0xfb, 0x1f, 0xfb, 0xd1, 0x89, 0x2a, 0x51, 0x2a, 0x51, 0x2a, 0x49, 0x2a, 0x49, 0x2a, 0x49,
    0x2a, 0x49, 0x2a, 0x49, 0x2a, 0x49, 0x2a, 0x51, 0x4a, 0x49, 0x09, 0x51, 0x2a, 0x51, 0x78, 0xc2,
    0x5f, 0xfb, 0x1f, 0xfb, 0x5f, 0xfb, 0xfd, 0xe2, 0x4b, 0x59, 0x08, 0x41, 0x07, 0x41, 0xe7, 0x38,
    0xe7, 0x38, 0xc6, 0x30, 0xe6, 0x30, 0xc5, 0x28, 0xc5, 0x28, 0xa4, 0x28, 0xa4, 0x20, 0xa4, 0x20,
    0xa4, 0x20, 0x83, 0x18, 0x83, 0x10, 0x83, 0x10, 0x82, 0x10, 0x82, 0x10, 0x82, 0x10, 0x82, 0x10,
    0x82, 0x10, 0x82, 0x10, 0x82, 0x10, 0x82, 0x10, 0x82, 0x10, 0x82, 0x10, 0x82, 0x10, 0x82, 0x10,
    0x82, 0x10, 0x82, 0x10, 0x82, 0x10, 0x82, 0x10, 0x82, 0x10, 0x82, 0x10, 0x82, 0x10, 0x82, 0x10,
    0x82, 0x10, 0x82, 0x10, 0x82, 0x10, 0x61, 0x08, 0x82, 0x10, 0x82, 0x10, 0x83, 0x10, 0x83, 0x10,
    0x83, 0x10, 0x83, 0x18, 0xa3, 0x18, 0xa4, 0x18, 0xa4, 0x20, 0xa4, 0x20, 0xa4, 0x28, 0xc5, 0x28,
    0xe5, 0x28, 0xe6, 0x30, 0xe6, 0x30, 0xe7, 0x38, 0x07, 0x39, 0x07, 0x39, 0x08, 0x41, 0x76, 0xba,
    0x3f, 0xfb, 0x1f, 0xfb, 0x1f, 0xfb, 0xfe, 0xfa, 0x6c, 0x61, 0x2a, 0x51, 0x2a, 0x51, 0x2a, 0x51,
    0x4a, 0x51, 0x4a, 0x51, 0x4a, 0x51, 0x4a, 0x51, 0x4a, 0x51, 0x4a, 0x51, 0x4a, 0x51, 0x4a, 0x51,
    0x2a, 0x59, 0x35, 0xaa, 0x5f, 0xfb, 0x1f, 0xfb, 0x5f, 0xfb, 0x3f, 0xfb, 0x77, 0xba, 0x2a, 0x49,
    0x08, 0x49, 0x08, 0x41, 0x08, 0x41, 0x08, 0x41, 0xe7, 0x38, 0xe7, 0x38, 0xc6, 0x30, 0xc5, 0x30,
    0xa5, 0x28, 0xc5, 0x28, 0xa4, 0x28, 0xa4, 0x20, 0xa4, 0x18, 0xa4, 0x18, 0xa3, 0x18, 0x83, 0x18,
    0x83, 0x10, 0x83, 0x10, 0x83, 0x10, 0x82, 0x10, 0x82, 0x10, 0x82, 0x10, 0x61, 0x08, 0x61, 0x08,
    0x61, 0x08, 0x61, 0x08, 0x61, 0x08, 0x61, 0x08, 0x82, 0x10, 0x82, 0x10, 0x82, 0x10, 0x82, 0x10,
    0x82, 0x10, 0x82, 0x10, 0x82, 0x10, 0x82, 0x10, 0x82, 0x10, 0x82, 0x10, 0x82, 0x10, 0x82, 0x10,
    0x82, 0x10, 0x82, 0x10, 0x82, 0x10, 0x82, 0x10, 0x82, 0x10, 0x82, 0x10, 0x82, 0x10, 0x82, 0x10,
    0x82, 0x10, 0x82, 0x10, 0x82, 0x10, 0x82, 0x10, 0x82, 0x10, 0x82, 0x10, 0x82, 0x10, 0x82, 0x10,
    0x82, 0x10, 0x82, 0x10, 0x82, 0x10, 0x82, 0x10, 0x82, 0x10, 0x82, 0x10, 0x82, 0x10, 0x82, 0x10,
    0x82, 0x10, 0x82, 0x10, 0x82, 0x10, 0x82, 0x10, 0x82, 0x10, 0x82, 0x10, 0x82, 0x10, 0x82, 0x10,
    0x82, 0x10, 0x82, 0x10, 0x82, 0x10, 0x82, 0x10, 0x82, 0x10, 0x82, 0x10, 0x82, 0x10, 0x82, 0x10,
    0x82, 0x10, 0x82, 0x10, 0x82, 0x10, 0x82, 0x10, 0x82, 0x10, 0x82, 0x10, 0x82, 0x10, 0x82, 0x10,
    0x82, 0x10, 0x82, 0x10, 0x82, 0x10, 0x82, 0x10, 0x82, 0x10, 0x82, 0x10, 0x82, 0x10, 0x82, 0x10,
    0x82, 0x10, 0x82, 0x10, 0x82, 0x10, 0x82, 0x10, 0x82, 0x10, 0x61, 0x08, 0x61, 0x08, 0x61, 0x08,
    0x61, 0x08, 0x61, 0x08, 0x61, 0x08, 0x61, 0x08, 0x61, 0x08, 0x82, 0x10, 0x82, 0x10, 0x82, 0x10,
    0x82, 0x10, 0x82, 0x10, 0x83, 0x10, 0x83, 0x10, 0x83, 0x18, 0x83, 0x18, 0xa3, 0x18, 0xa3, 0x18,
    0xa4, 0x20, 0xa4, 0x20, 0xc5, 0x20, 0xc5, 0x28, 0xc5, 0x28, 0xe5, 0x28, 0xe6, 0x30, 0xe7, 0x38,
    0xe7, 0x38, 0x07, 0x39, 0x08, 0x41, 0x08, 0x41, 0x29, 0x49, 0xf3, 0x99, 0x1f, 0xfb, 0x5f, 0xfb,
    0x1f, 0xfb, 0x1f, 0xfb, 0xd1, 0x89, 0x2a, 0x51, 0x2a, 0x51, 0x2a, 0x49, 0x2a, 0x49, 0x2a, 0x49,
    0x2a, 0x49, 0x2a, 0x49, 0x2a, 0x49, 0x2a, 0x51, 0x4a, 0x49, 0x09, 0x51, 0x2a, 0x51, 0x78, 0xc2,
    0x5f, 0xfb, 0x1f, 0xfb, 0x5f, 0xfb, 0xfd, 0xe2, 0x4b, 0x59, 0x08, 0x41, 0x07, 0x41, 0xe7, 0x38,
    0xe7, 0x38, 0xc6, 0x30, 0xe6, 0x30, 0xc5, 0x28, 0xc5, 0x28, 0xa4, 0x20, 0xa4, 0x20, 0xa4, 0x20,
    0xa4, 0x18, 0x83, 0x18, 0x83, 0x10, 0x83, 0x10, 0x82, 0x10, 0x82, 0x18, 0x82, 0x10, 0x82, 0x10,
    0x82, 0x10, 0x82, 0x10, 0x82, 0x10, 0x82, 0x10, 0x82, 0x10, 0x82, 0x10, 0x82, 0x10, 0x82, 0x10,
    0x82, 0x10, 0x82, 0x10, 0x82, 0x10, 0x82, 0x10, 0x82, 0x10, 0x82, 0x10, 0x82, 0x10, 0x82, 0x10,
    0x82, 0x10, 0x82, 0x10, 0x82, 0x10, 0x61, 0x08, 0x82, 0x10, 0x82, 0x10, 0x82, 0x10, 0x83, 0x10,
    0x83, 0x10, 0x83, 0x10, 0xa3, 0x18, 0xa3, 0x18, 0xa4, 0x20, 0xa4, 0x20, 0xa4, 0x28, 0xc4, 0x28,
    0xe5, 0x28, 0xe6, 0x30, 0xe6, 0x30, 0xe7, 0x38, 0x07, 0x39, 0x07, 0x39, 0x08, 0x41, 0x76, 0xba,
    0x3f, 0xfb, 0x1f, 0xfb, 0x1f, 0xfb, 0xfe, 0xfa, 0x6c, 0x61, 0x2a, 0x51, 0x2a, 0x51, 0x2a, 0x51,
    0x2a, 0x51, 0x2a, 0x51, 0x2a, 0x51, 0x2a, 0x51, 0x2a, 0x51, 0x2a, 0x51, 0x4a, 0x51, 0x2a, 0x51,
    0x4a, 0x49, 0x8f, 0x71, 0xba, 0xd2, 0x1f, 0xfb, 0x5f, 0xfb, 0xda, 0xd2, 0x8d, 0x71, 0x28, 0x49,
    0x08, 0x41, 0x08, 0x41, 0x08, 0x41, 0x08, 0x41, 0xe7, 0x38, 0xe7, 0x38, 0xe6, 0x30, 0xc6, 0x30,
    0xa5, 0x28, 0xc5, 0x28, 0xa4, 0x28, 0xa4, 0x20, 0xa4, 0x18, 0xa4, 0x18, 0xa3, 0x18, 0x83, 0x18,
    0x83, 0x10, 0x83, 0x10, 0x83, 0x10, 0x82, 0x10, 0x82, 0x10, 0x82, 0x10, 0x61, 0x08, 0x61, 0x08,
    0x61, 0x08, 0x61, 0x08, 0x61, 0x08, 0x61, 0x08, 0x82, 0x10, 0x61, 0x08, 0x82, 0x10, 0x82, 0x10,
    0x82, 0x10, 0x82, 0x10, 0x82, 0x10, 0x82, 0x10, 0x82, 0x10, 0x82, 0x10, 0x82, 0x10, 0x82, 0x10,
    0x82, 0x10, 0x82, 0x10, 0x82, 0x10, 0x82, 0x10, 0x82, 0x10, 0x82, 0x10, 0x82, 0x10, 0x82, 0x10,
    0x82, 0x10, 0x82, 0x10, 0x82, 0x10, 0x82, 0x10, 0x82, 0x10, 0x82, 0x10, 0x82, 0x10, 0x82, 0x10,
    0x82, 0x10, 0x82, 0x10, 0x82, 0x10, 0x82, 0x10, 0x82, 0x10, 0x82, 0x10, 0x82, 0x10, 0x82, 0x10,
    0x82, 0x10, 0x82, 0x10, 0x82, 0x10, 0x82, 0x10, 0x82, 0x10, 0x82, 0x10, 0x82, 0x10, 0x82, 0x10,
    0x82, 0x10, 0x82, 0x10, 0x82, 0x10, 0x82, 0x10, 0x82, 0x10, 0x82, 0x10, 0x82, 0x10, 0x82, 0x10,
    0x82, 0x10, 0x82, 0x10, 0x82, 0x10, 0x82, 0x10, 0x82, 0x10, 0x82, 0x10, 0x82, 0x10, 0x82, 0x10,
    0x82, 0x10, 0x82, 0x10, 0x82, 0x10, 0x82, 0x10, 0x82, 0x10, 0x82, 0x10, 0x82, 0x10, 0x82, 0x10,
    0x61, 0x08, 0x61, 0x08, 0x61, 0x08, 0x61, 0x08, 0x61, 0x08, 0x82, 0x10, 0x82, 0x10, 0x82, 0x10,
    0x82, 0x10, 0x82, 0x10, 0x82, 0x10, 0x82, 0x10, 0x82, 0x10, 0x82, 0x10, 0x82, 0x10, 0x82, 0x10,
    0x82, 0x18, 0x83, 0x10, 0x83, 0x10, 0x83, 0x10, 0x83, 0x18, 0xa3, 0x18, 0xa3, 0x18, 0xa4, 0x20,
    0xa4, 0x20, 0xa4, 0x20, 0xa5, 0x20, 0xc5, 0x28, 0xc5, 0x30, 0xc5, 0x30, 0xe6, 0x30, 0xe7, 0x38,
    0x07, 0x39, 0x07, 0x41, 0xe7, 0x40, 0x09, 0x41, 0x29, 0x49, 0xf3, 0x99, 0x5f, 0xfb, 0x5f, 0xfb,
    0x1f, 0xfb, 0x1f, 0xfb, 0xd1, 0x89, 0x2a, 0x51, 0x2a, 0x51, 0x2a, 0x49, 0x2a, 0x49, 0x2a, 0x49,
    0x2a, 0x49, 0x2a, 0x49, 0x2a, 0x49, 0x2a, 0x51, 0x4a, 0x49, 0x09, 0x51, 0x2a, 0x51, 0x78, 0xc2,
    0x5f, 0xfb, 0x1f, 0xfb, 0x5f, 0xfb, 0xfd, 0xe2, 0x4b, 0x59, 0x08, 0x41, 0x07, 0x41, 0xe7, 0x38,
    0xe7, 0x38, 0xc6, 0x30, 0xe6, 0x30, 0xc5, 0x28, 0xc5, 0x28, 0xa4, 0x20, 0xa4, 0x20, 0xa4, 0x18,
    0xa4, 0x18, 0x83, 0x18, 0x83, 0x10, 0x83, 0x10, 0x82, 0x10, 0x82, 0x18, 0x82, 0x10, 0x82, 0x10,
    0x82, 0x10, 0x82, 0x10, 0x82, 0x10, 0x82, 0x10, 0x82, 0x10, 0x82, 0x10, 0x82, 0x10, 0x82, 0x10,
    0x82, 0x10, 0x82, 0x10, 0x82, 0x10, 0x82, 0x10, 0x82, 0x10, 0x82, 0x10, 0x82, 0x10, 0x82, 0x10,
    0x82, 0x10, 0x82, 0x10, 0x82, 0x10, 0x61, 0x08, 0x82, 0x10, 0x82, 0x10, 0x83, 0x10, 0x83, 0x10,
    0x83, 0x10, 0x83, 0x18, 0xa3, 0x18, 0xa3, 0x18, 0xa4, 0x20, 0xa4, 0x20, 0xa4, 0x28, 0xc5, 0x28,
    0xc5, 0x28, 0xc5, 0x30, 0xe6, 0x30, 0xe7, 0x38, 0xe7, 0x38, 0x07, 0x39, 0x08, 0x41, 0x76, 0xba,
    0x5f, 0xfb, 0x1f, 0xfb, 0x5f, 0xfb, 0xfe, 0xfa, 0x6c, 0x61, 0x2a, 0x51, 0x29, 0x51, 0x2a, 0x51,
    0x2a, 0x51, 0x2a, 0x51, 0x2a, 0x51, 0x2a, 0x51, 0x2a, 0x51, 0x2a, 0x51, 0x2a, 0x51, 0x2a, 0x49,
    0x2a, 0x51, 0x2a, 0x49, 0x8e, 0x71, 0xf1, 0x91, 0x13, 0x9a, 0x8e, 0x71, 0x29, 0x49, 0x29, 0x49,
    0x28, 0x41, 0x08, 0x41, 0x08, 0x41, 0xe7, 0x38, 0xe7, 0x38, 0xc6, 0x30, 0xe6, 0x30, 0xc5, 0x30,
    0xa5, 0x28, 0xc5, 0x28, 0xa4, 0x28, 0xa4, 0x20, 0xa4, 0x18, 0xa4, 0x18, 0xa3, 0x18, 0x83, 0x18,
    0x83, 0x10, 0x83, 0x10, 0x83, 0x18, 0x83, 0x10, 0x82, 0x10, 0x82, 0x10, 0x82, 0x10, 0x61, 0x08,
    0x61, 0x08, 0x61, 0x08, 0x61, 0x08, 0x61, 0x08, 0x61, 0x08, 0x82, 0x10, 0x82, 0x10, 0x82, 0x10,
    0x82, 0x10, 0x82, 0x10, 0x82, 0x10, 0x82, 0x10, 0x82, 0x10, 0x82, 0x10, 0x82, 0x10, 0x82, 0x10,
    0x82, 0x10, 0x82, 0x10, 0x82, 0x10, 0x82, 0x10, 0x82, 0x10, 0x82, 0x10, 0x82, 0x10, 0x82, 0x10,
    0x82, 0x10, 0x82, 0x10, 0x82, 0x10, 0x82, 0x10, 0x82, 0x10, 0x82, 0x10, 0x82, 0x10, 0x82, 0x10,
    0x82, 0x10, 0x82, 0x10, 0x82, 0x10, 0x82, 0x10, 0x82, 0x10, 0x82, 0x10, 0x82, 0x10, 0x82, 0x10,
    0x82, 0x10, 0x82, 0x10, 0x82, 0x10, 0x82, 0x10, 0x82, 0x10, 0x82, 0x10, 0x82, 0x10, 0x82, 0x10,
    0x82, 0x10, 0x82, 0x10, 0x82, 0x10, 0x82, 0x10, 0x82, 0x10, 0x82, 0x10, 0x82, 0x10, 0x82, 0x10,
    0x82, 0x10, 0x82, 0x10, 0x82, 0x10, 0x82, 0x10, 0x82, 0x10, 0x82, 0x10, 0x82, 0x10, 0x82, 0x10,
    0x82, 0x10, 0x82, 0x10, 0x82, 0x10, 0x82, 0x10, 0x82, 0x10, 0x82, 0x10, 0x82, 0x10, 0x82, 0x10,
    0x61, 0x08, 0x61, 0x08, 0x61, 0x08, 0x61, 0x08, 0x61, 0x08, 0x61, 0x08, 0x82, 0x10, 0x82, 0x10,
    0x82, 0x10, 0x82, 0x10, 0x82, 0x10, 0x82, 0x10, 0x82, 0x10, 0x82, 0x10, 0x82, 0x10, 0x83, 0x10,
    0x83, 0x10, 0x83, 0x10, 0x83, 0x10, 0x83, 0x18, 0x83, 0x18, 0xa3, 0x18, 0xa4, 0x20, 0xa4, 0x20,
    0xa4, 0x20, 0xc5, 0x28, 0xc5, 0x28, 0xc5, 0x28, 0xc5, 0x30, 0xe6, 0x30, 0xe7, 0x38, 0xe7, 0x38,
    0x07, 0x41, 0x08, 0x41, 0x08, 0x49, 0x09, 0x49, 0x28, 0x49, 0x13, 0xa2, 0x5f, 0xfb, 0x5f, 0xfb,
    0x1f, 0xfb, 0x1f, 0xfb, 0xd1, 0x89, 0x2a, 0x51, 0x2a, 0x51, 0x4a, 0x49, 0x2a, 0x49, 0x2a, 0x49,
    0x2a, 0x49, 0x2a, 0x49, 0x2a, 0x49, 0x2a, 0x51, 0x4a, 0x49, 0x09, 0x51, 0x2a, 0x51, 0x78, 0xc2,
    0x5f, 0xfb, 0x1f, 0xfb, 0x5f, 0xfb, 0xfd, 0xe2, 0x4b, 0x59, 0x08, 0x41, 0x07, 0x41, 0xe7, 0x38,
    0xe7, 0x38, 0xc6, 0x30, 0xe6, 0x30, 0xc5, 0x28, 0xc5, 0x28, 0xa4, 0x20, 0xa4, 0x20, 0xa4, 0x18,
    0xa3, 0x18, 0x83, 0x18, 0x83, 0x10, 0x83, 0x10, 0x82, 0x10, 0x82, 0x18, 0x82, 0x10, 0x82, 0x10,
    0x82, 0x10, 0x82, 0x10, 0x82, 0x10, 0x82, 0x10, 0x82, 0x10, 0x82, 0x10, 0x82, 0x10, 0x82, 0x10,
    0x82, 0x10, 0x82, 0x10, 0x82, 0x10, 0x82, 0x10, 0x82, 0x10, 0x82, 0x10, 0x82, 0x10, 0x82, 0x10,
    0x82, 0x10, 0x82, 0x10, 0x82, 0x10, 0x61, 0x08, 0x82, 0x10, 0x82, 0x10, 0x83, 0x10, 0x83, 0x10,
    0x83, 0x10, 0x83, 0x18, 0xa3, 0x18, 0xa4, 0x18, 0xa4, 0x20, 0xa4, 0x20, 0xa5, 0x20, 0xc5, 0x28,
    0xc5, 0x28, 0xc5, 0x30, 0xe6, 0x30, 0xc6, 0x30, 0xe7, 0x38, 0xe7, 0x38, 0x08, 0x41, 0x76, 0xba,
    0x3f, 0xfb, 0x1f, 0xfb, 0x5f, 0xfb, 0xfe, 0xfa, 0x6c, 0x61, 0x2a, 0x51, 0x2a, 0x51, 0x2a, 0x51,
    0x2a, 0x51, 0x2a, 0x51, 0x2a, 0x51, 0x2a, 0x51, 0x4a, 0x51, 0x2a, 0x51, 0x2a, 0x51, 0x2a, 0x49,
    0x2a, 0x51, 0x2a, 0x51, 0x4a, 0x51, 0x2a, 0x49, 0x4a, 0x49, 0x2a, 0x49, 0x29, 0x49, 0xe7, 0x40,
    0x08, 0x49, 0x08, 0x41, 0x08, 0x41, 0xe7, 0x38, 0xe7, 0x38, 0xe6, 0x30, 0xe6, 0x30, 0xc5, 0x28,
    0xa5, 0x28, 0xc5, 0x28, 0xa4, 0x20, 0x84, 0x20, 0xa4, 0x18, 0xa4, 0x18, 0xa3, 0x18, 0xa3, 0x18,
    0x83, 0x10, 0x83, 0x10, 0x83, 0x18, 0x83, 0x10, 0x83, 0x10, 0x82, 0x10, 0x82, 0x10, 0x82, 0x10,
    0x61, 0x08, 0x61, 0x08, 0x61, 0x08, 0x61, 0x08, 0x61, 0x08, 0x82, 0x10, 0x82, 0x10, 0x82, 0x10,
    0x82, 0x10, 0x61, 0x08, 0x82, 0x10, 0x82, 0x10, 0x82, 0x10, 0x82, 0x10, 0x82, 0x10, 0x82, 0x10,
    0x82, 0x10, 0x82, 0x10, 0x82, 0x10, 0x82, 0x10, 0x82, 0x10, 0x82, 0x10, 0x82, 0x10, 0x82, 0x10,
    0x82, 0x10, 0x82, 0x10, 0x82, 0x10, 0x82, 0x10, 0x82, 0x10, 0x82, 0x10, 0x82, 0x10, 0x82, 0x10,
    0x82, 0x10, 0x82, 0x10, 0x82, 0x10, 0x82, 0x10, 0x82, 0x10, 0x82, 0x10, 0x82, 0x10, 0x82, 0x10,
    0x82, 0x10, 0x82, 0x10, 0x82, 0x10, 0x82, 0x10, 0x82, 0x10, 0x82, 0x10, 0x82, 0x10, 0x82, 0x10,
    0x82, 0x10, 0x82, 0x10, 0x82, 0x10, 0x82, 0x10, 0x82, 0x10, 0x82, 0x10, 0x82, 0x10, 0x82, 0x10,
    0x82, 0x10, 0x82, 0x10, 0x82, 0x10, 0x82, 0x10, 0x82, 0x10, 0x82, 0x10, 0x82, 0x10, 0x82, 0x10,
    0x82, 0x10, 0x82, 0x10, 0x82, 0x10, 0x82, 0x10, 0x82, 0x10, 0x82, 0x10, 0x82, 0x10, 0x82, 0x10,
    0x61, 0x08, 0x61, 0x08, 0x61, 0x08, 0x61, 0x08, 0x61, 0x08, 0x61, 0x08, 0x82, 0x10, 0x82, 0x10,
    0x82, 0x10, 0x82, 0x10, 0x82, 0x10, 0x82, 0x10, 0x82, 0x10, 0x82, 0x10, 0x83, 0x10, 0x83, 0x10,
    0x83, 0x10, 0x83, 0x18, 0x83, 0x10, 0xa3, 0x18, 0xa4, 0x18, 0xa4, 0x18, 0xa4, 0x20, 0xa4, 0x20,
    0xa5, 0x20, 0xc5, 0x28, 0xc5, 0x28, 0xc5, 0x30, 0xe6, 0x30, 0xe6, 0x30, 0xe7, 0x38, 0xe7, 0x38,
    0x08, 0x41, 0x08, 0x41, 0x08, 0x49, 0x09, 0x49, 0x28, 0x49, 0xf3, 0x99, 0x5f, 0xfb, 0x5f, 0xfb,
    0x1f, 0xfb, 0x1f, 0xfb, 0xd1, 0x89, 0x2a, 0x51, 0x2a, 0x51, 0x4a, 0x49, 0x4a, 0x49, 0x2a, 0x49,
    0x2a, 0x49, 0x2a, 0x49, 0x2a, 0x49, 0x2a, 0x51, 0x4a, 0x49, 0x09, 0x51, 0x2a, 0x51, 0x78, 0xc2,
    0x5f, 0xfb, 0x1f, 0xfb, 0x5f, 0xfb, 0xfd, 0xe2, 0x4b, 0x59, 0x08, 0x41, 0x07, 0x41, 0xe7, 0x38,
    0xe7, 0x38, 0xc6, 0x30, 0xe6, 0x30, 0xc5, 0x28, 0xc5, 0x28, 0xa4, 0x20, 0xa4, 0x20, 0xa4, 0x18,
    0xa3, 0x18, 0x83, 0x18, 0x83, 0x10, 0x83, 0x10, 0x82, 0x10, 0x82, 0x18, 0x82, 0x10, 0x82, 0x10,
    0x82, 0x10, 0x82, 0x10, 0x82, 0x10, 0x82, 0x10, 0x82, 0x10, 0x82, 0x10, 0x82, 0x10, 0x82, 0x10,
    0x82, 0x10, 0x82, 0x10, 0x82, 0x10, 0x82, 0x10, 0x82, 0x10, 0x82, 0x10, 0x82, 0x10, 0x82, 0x10,
    0x82, 0x10, 0x82, 0x10, 0x82, 0x10, 0x61, 0x08, 0x82, 0x10, 0x82, 0x10, 0x83, 0x10, 0x83, 0x10,
    0x83, 0x10, 0x83, 0x18, 0xa3, 0x18, 0xa3, 0x18, 0xa4, 0x20, 0xa4, 0x20, 0xa4, 0x20, 0xc5, 0x28,
    0xc5, 0x28, 0xc5, 0x30, 0xe6, 0x30, 0xc6, 0x30, 0xe7, 0x38, 0xe7, 0x38, 0x08, 0x41, 0x76, 0xba,
    0x3f, 0xfb, 0x1f, 0xfb, 0x5f, 0xfb, 0xfe, 0xfa, 0x6c, 0x61, 0x2a, 0x51, 0x2a, 0x51, 0x2a, 0x51,
    0x2a, 0x51, 0x2a, 0x51, 0x2a, 0x51, 0x2a, 0x51, 0x2a, 0x51, 0x2a, 0x51, 0x2a, 0x49, 0x2a, 0x51,
    0x2a, 0x51, 0x2a, 0x51, 0x2a, 0x49, 0x0a, 0x49, 0x2a, 0x49, 0x29, 0x49, 0x29, 0x49, 0x08, 0x49,
    0x08, 0x41, 0x08, 0x41, 0x08, 0x41, 0xe7, 0x38, 0xe7, 0x38, 0xe6, 0x30, 0xe6, 0x30, 0xc5, 0x28,
    0xa5, 0x28, 0xa5, 0x20, 0xa4, 0x28, 0xa4, 0x20, 0xa4, 0x20, 0xa4, 0x18, 0xa3, 0x18, 0xa3, 0x18,
    0x83, 0x10, 0xa3, 0x18, 0x83, 0x10, 0x83, 0x10, 0x83, 0x10, 0x82, 0x10, 0x82, 0x10, 0x82, 0x10,
    0x82, 0x10, 0x61, 0x08, 0x61, 0x08, 0x61, 0x08, 0x61, 0x08, 0x61, 0x08, 0x61, 0x08, 0x61, 0x08,
    0x61, 0x08, 0x61, 0x08, 0x61, 0x08, 0x82, 0x10, 0x82, 0x10, 0x82, 0x10, 0x82, 0x10, 0x82, 0x10,
    0x82, 0x10, 0x82, 0x10, 0x82, 0x10, 0x82, 0x10, 0x82, 0x10, 0x82, 0x10, 0x82, 0x10, 0x82, 0x10,
    0x82, 0x10, 0x82, 0x10, 0x82, 0x10, 0x82, 0x10, 0x82, 0x10, 0x82, 0x10, 0x82, 0x10, 0x82, 0x10,
    0x82, 0x10, 0x82, 0x10, 0x82, 0x10, 0x82, 0x10, 0x82, 0x10, 0x82, 0x10, 0x82, 0x10, 0x82, 0x10,
    0x82, 0x10, 0x82, 0x10, 0x82, 0x10, 0x82, 0x10, 0x82, 0x10, 0x82, 0x10, 0x82, 0x10, 0x82, 0x10,
    0x82, 0x10, 0x82, 0x10, 0x82, 0x10, 0x82, 0x10, 0x82, 0x10, 0x82, 0x10, 0x82, 0x10, 0x82, 0x10,
    0x82, 0x10, 0x82, 0x10, 0x82, 0x10, 0x82, 0x10, 0x82, 0x10, 0x82, 0x10, 0x61, 0x08, 0x82, 0x10,
    0x82, 0x10, 0x82, 0x10, 0x82, 0x10, 0x82, 0x10, 0x82, 0x10, 0x82, 0x10, 0x82, 0x10, 0x82, 0x10,
    0x61, 0x08, 0x61, 0x08, 0x61, 0x08, 0x61, 0x08, 0x61, 0x08, 0x61, 0x08, 0x82, 0x10, 0x82, 0x10,
    0x82, 0x10, 0x82, 0x10, 0x82, 0x10, 0x83, 0x10, 0x82, 0x10, 0x83, 0x10, 0x83, 0x10, 0x83, 0x10,
    0x83, 0x18, 0x83, 0x18, 0xa3, 0x18, 0xa3, 0x18, 0xa4, 0x18, 0xa4, 0x18, 0xa4, 0x20, 0xa5, 0x20,
    0xc5, 0x28, 0xc5, 0x28, 0xc5, 0x28, 0xc5, 0x30, 0xe6, 0x30, 0xc6, 0x30, 0xe7, 0x38, 0x07, 0x39,
    0x08, 0x41, 0x08, 0x41, 0x28, 0x49, 0x29, 0x49, 0x28, 0x49, 0x13, 0xa2, 0x5f, 0xfb, 0x5f, 0xfb,
    0x1f, 0xfb, 0x1f, 0xfb, 0xd1, 0x89, 0x2a, 0x51, 0x2a, 0x51, 0x4a, 0x49, 0x4a, 0x49, 0x2a, 0x49,
    0x2a, 0x49, 0x2a, 0x49, 0x0a, 0x49, 0x2a, 0x51, 0x4a, 0x49, 0x09, 0x51, 0x2a, 0x51, 0x78, 0xc2,
    0x5f, 0xfb, 0x1f, 0xfb, 0x5f, 0xfb, 0xfd, 0xe2, 0x4b, 0x59, 0x08, 0x41, 0x07, 0x41, 0xe7, 0x38,
    0xe7, 0x38, 0xc6, 0x30, 0xe6, 0x30, 0xc5, 0x28, 0xc5, 0x28, 0xa4, 0x20, 0xa4, 0x20, 0xa4, 0x18,
    0xa3, 0x18, 0x83, 0x18, 0x83, 0x10, 0x83, 0x10, 0x82, 0x10, 0x82, 0x18, 0x82, 0x10, 0x82, 0x10,
    0x82, 0x10, 0x82, 0x10, 0x82, 0x10, 0x82, 0x10, 0x82, 0x10, 0x82, 0x10, 0x82, 0x10, 0x82, 0x10,
    0x82, 0x10, 0x82, 0x10, 0x82, 0x10, 0x82, 0x10, 0x82, 0x10, 0x82, 0x10, 0x82, 0x10, 0x82, 0x10,
    0x82, 0x10, 0x82, 0x10, 0x82, 0x10, 0x61, 0x08, 0x82, 0x10, 0x82, 0x10, 0x83, 0x10, 0x83, 0x10,
    0x83, 0x10, 0x83, 0x10, 0x83, 0x18, 0x83, 0x18, 0xa4, 0x18, 0xa4, 0x20, 0xa4, 0x20, 0xa4, 0x28,
    0xc5, 0x28, 0xe5, 0x28, 0xc5, 0x30, 0xe6, 0x30, 0xe7, 0x38, 0xe7, 0x38, 0x08, 0x41, 0x77, 0xba,
    0x1f, 0xfb, 0x1f, 0xfb, 0x5f, 0xfb, 0x3e, 0xf3, 0xb0, 0x79, 0x2a, 0x51, 0x2a, 0x49, 0x0a, 0x51,
    0x2a, 0x49, 0x2a, 0x51, 0x2a, 0x51, 0x0a, 0x51, 0x0a, 0x51, 0x2a, 0x49, 0x09, 0x51, 0x2a, 0x51,
    0x2a, 0x51, 0x2a, 0x51, 0x0a, 0x49, 0x2a, 0x49, 0x29, 0x49, 0x28, 0x49, 0x28, 0x49, 0x08, 0x41,
    0x08, 0x41, 0x08, 0x41, 0x07, 0x41, 0xe7, 0x38, 0xe7, 0x38, 0xe6, 0x30, 0xe6, 0x30, 0xe5, 0x28,
    0xa5, 0x28, 0xa5, 0x28, 0xa5, 0x20, 0xa4, 0x20, 0xa4, 0x20, 0xa4, 0x20, 0xa4, 0x18, 0xa3, 0x18,
    0xa3, 0x18, 0xa3, 0x18, 0x83, 0x10, 0x83, 0x10, 0x83, 0x10, 0x83, 0x10, 0x82, 0x10, 0x82, 0x10,
    0x82, 0x10, 0x82, 0x10, 0x82, 0x10, 0x61, 0x08, 0x61, 0x08, 0x61, 0x08, 0x61, 0x08, 0x61, 0x08,
    0x61, 0x08, 0x61, 0x08, 0x61, 0x08, 0x61, 0x08, 0x61, 0x08, 0x82, 0x10, 0x82, 0x10, 0x82, 0x10,
    0x82, 0x10, 0x82, 0x10, 0x82, 0x10, 0x82, 0x10, 0x82, 0x10, 0x82, 0x10, 0x82, 0x10, 0x82, 0x10,
    0x82, 0x10, 0x82, 0x10, 0x82, 0x10, 0x82, 0x10, 0x82, 0x10, 0x82, 0x10, 0x82, 0x10, 0x82, 0x10,
    0x82, 0x10, 0x82, 0x10, 0x82, 0x10, 0x82, 0x10, 0x82, 0x10, 0x82, 0x10, 0x82, 0x10, 0x82, 0x10,
    0x82, 0x10, 0x82, 0x10, 0x82, 0x10, 0x82, 0x10, 0x82, 0x10, 0x82, 0x10, 0x82, 0x10, 0x82, 0x10,
    0x82, 0x10, 0x82, 0x10, 0x82, 0x10, 0x82, 0x10, 0x82, 0x10, 0x82, 0x10, 0x82, 0x10, 0x82, 0x10,
    0x82, 0x10, 0x82, 0x10, 0x82, 0x10, 0x82, 0x10, 0x82, 0x10, 0x61, 0x08, 0x61, 0x08, 0x61, 0x08,
    0x61, 0x08, 0x61, 0x08, 0x61, 0x08, 0x61, 0x08, 0x61, 0x08, 0x61, 0x08, 0x82, 0x10, 0x82, 0x10,
    0x61, 0x08, 0x61, 0x08, 0x61, 0x08, 0x61, 0x08, 0x61, 0x08, 0x61, 0x08, 0x82, 0x10, 0x82, 0x10,
    0x82, 0x10, 0x83, 0x10, 0x83, 0x10, 0x83, 0x10, 0x83, 0x10, 0x83, 0x18, 0x83, 0x18, 0x83, 0x18,
    0xa3, 0x18, 0x83, 0x18, 0xa3, 0x18, 0xa4, 0x20, 0xa4, 0x20, 0xa4, 0x20, 0xc4, 0x20, 0xc5, 0x28,
    0xc5, 0x28, 0xc5, 0x30, 0xe6, 0x30, 0xe6, 0x30, 0xe6, 0x30, 0xe7, 0x38, 0x07, 0x39, 0x08, 0x41,
    0x08, 0x41, 0x28, 0x41, 0x28, 0x49, 0x29, 0x49, 0x09, 0x51, 0x13, 0xa2, 0x3f, 0xfb, 0x5f, 0xfb,
    0x5f, 0xfb, 0x1f, 0xfb, 0xd1, 0x89, 0x2a, 0x51, 0x4a, 0x51, 0x4a, 0x49, 0x4a, 0x49, 0x4a, 0x49,
    0x2a, 0x49, 0x2a, 0x49, 0x0a, 0x49, 0x2a, 0x49, 0x2a, 0x49, 0x29, 0x49, 0x2a, 0x51, 0x78, 0xc2,
    0x1f, 0xfb, 0x1f, 0xfb, 0x5f, 0xfb, 0xfd, 0xea, 0x4b, 0x59, 0x08, 0x41, 0x07, 0x41, 0x07, 0x39,
    0xe7, 0x38, 0xe6, 0x30, 0xe6, 0x30, 0xc5, 0x28, 0xc5, 0x28, 0xa4, 0x20, 0xa4, 0x20, 0xa4, 0x18,
    0xa3, 0x18, 0x83, 0x18, 0x83, 0x10, 0x83, 0x10, 0x82, 0x10, 0x82, 0x18, 0x82, 0x10, 0x82, 0x10,
    0x82, 0x10, 0x82, 0x10, 0x82, 0x10, 0x82, 0x10, 0x82, 0x10, 0x82, 0x10, 0x82, 0x10, 0x82, 0x10,
    0x82, 0x10, 0x82, 0x10, 0x82, 0x10, 0x82, 0x10, 0x82, 0x10, 0x82, 0x10, 0x82, 0x10, 0x82, 0x10,
    0x82, 0x10, 0x82, 0x10, 0x82, 0x10, 0x61, 0x08, 0x82, 0x10, 0x82, 0x10, 0x83, 0x10, 0x83, 0x10,
    0x83, 0x10, 0x83, 0x10, 0x83, 0x10, 0x83, 0x18, 0x83, 0x18, 0xa4, 0x20, 0xa4, 0x20, 0xa4, 0x20,
    0xc5, 0x28, 0xc5, 0x28, 0xe5, 0x28, 0xe6, 0x30, 0xe6, 0x30, 0xe7, 0x38, 0x08, 0x41, 0x77, 0xba,
    0x5f, 0xfb, 0x5f, 0xfb, 0x5f, 0xfb, 0x3f, 0xfb, 0x1f, 0xfb, 0x97, 0xba, 0x8e, 0x71, 0x4b, 0x59,
    0x2a, 0x49, 0x2a, 0x49, 0x0a, 0x49, 0x2a, 0x49, 0x2a, 0x49, 0x2a, 0x51, 0x2a, 0x51, 0x2a, 0x49,
    0x4a, 0x49, 0x4a, 0x51, 0x0a, 0x49, 0x0a, 0x49, 0x29, 0x49, 0x29, 0x49, 0x08, 0x41, 0x08, 0x41,
    0x08, 0x41, 0x08, 0x41, 0xe8, 0x38, 0xe7, 0x38, 0xe7, 0x38, 0xe6, 0x30, 0xe6, 0x30, 0xc5, 0x30,
    0xe5, 0x28, 0xc5, 0x28, 0xc4, 0x20, 0xa5, 0x20, 0x84, 0x20, 0xa4, 0x20, 0xa4, 0x20, 0xa4, 0x20,
    0xa3, 0x18, 0xa3, 0x18, 0xa3, 0x18, 0x83, 0x10, 0x83, 0x10, 0x83, 0x10, 0x82, 0x10, 0x82, 0x10,
    0x82, 0x10, 0x82, 0x10, 0x82, 0x10, 0x82, 0x10, 0x82, 0x10, 0x82, 0x10, 0x61, 0x08, 0x61, 0x08,
    0x61, 0x08, 0x61, 0x08, 0x61, 0x08, 0x61, 0x08, 0x61, 0x08, 0x61, 0x08, 0x82, 0x10, 0x82, 0x10,
    0x82, 0x10, 0x82, 0x10, 0x82, 0x10, 0x82, 0x10, 0x82, 0x10, 0x82, 0x10, 0x82, 0x10, 0x82, 0x10,
    0x82, 0x10, 0x82, 0x10, 0x82, 0x10, 0x82, 0x10, 0x82, 0x10, 0x82, 0x10, 0x82, 0x10, 0x82, 0x10,
    0x82, 0x10, 0x82, 0x10, 0x82, 0x10, 0x82, 0x10, 0x82, 0x10, 0x82, 0x10, 0x82, 0x10, 0x82, 0x10,
    0x82, 0x10, 0x82, 0x10, 0x82, 0x10, 0x82, 0x10, 0x82, 0x10, 0x82, 0x10, 0x82, 0x10, 0x82, 0x10,
    0x82, 0x10, 0x82, 0x10, 0x82, 0x10, 0x82, 0x10, 0x82, 0x10, 0x82, 0x10, 0x82, 0x10, 0x82, 0x10,
    0x82, 0x10, 0x82, 0x10, 0x82, 0x10, 0x82, 0x10, 0x82, 0x10, 0x61, 0x08, 0x61, 0x08, 0x61, 0x08,
    0x61, 0x08, 0x61, 0x08, 0x61, 0x08, 0x61, 0x08, 0x82, 0x10, 0x82, 0x10, 0x82, 0x10, 0x82, 0x10,
    0x82, 0x10, 0x82, 0x10, 0x82, 0x10, 0x82, 0x10, 0x82, 0x10, 0x82, 0x10, 0x82, 0x10, 0x82, 0x10,
    0x83, 0x10, 0x83, 0x10, 0x83, 0x10, 0x83, 0x10, 0x83, 0x18, 0x83, 0x18, 0xa3, 0x18, 0xa3, 0x18,
    0xa4, 0x20, 0xa4, 0x20, 0xa4, 0x20, 0xa4, 0x20, 0xa4, 0x20, 0xc4, 0x20, 0xc5, 0x28, 0xc5, 0x28,
    0xc5, 0x28, 0xe6, 0x30, 0xe6, 0x30, 0xe6, 0x30, 0xe7, 0x38, 0xe7, 0x38, 0x07, 0x41, 0x08, 0x41,
    0x08, 0x49, 0x09, 0x49, 0x29, 0x49, 0x2a, 0x49, 0x2a, 0x49, 0x14, 0xa2, 0x3f, 0xfb, 0x5f, 0xfb,
    0x5f, 0xfb, 0x1f, 0xfb, 0xd1, 0x89, 0x2a, 0x51, 0x4a, 0x51, 0x6a, 0x51, 0x4a, 0x49, 0x4a, 0x49,
    0x4a, 0x49, 0x2a, 0x49, 0x2a, 0x49, 0x0a, 0x49, 0x2a, 0x49, 0x29, 0x49, 0x2a, 0x51, 0x78, 0xc2,
    0x1f, 0xfb, 0x1f, 0xfb, 0x5f, 0xfb, 0xfd, 0xea, 0x4b, 0x59, 0x08, 0x41, 0x07, 0x41, 0x07, 0x39,
    0xe7, 0x38, 0xe6, 0x30, 0xe6, 0x30, 0xc5, 0x28, 0xc5, 0x28, 0xa4, 0x20, 0xa4, 0x20, 0xa4, 0x18,
    0xa3, 0x18, 0x83, 0x18, 0x83, 0x10, 0x83, 0x10, 0x82, 0x10, 0x82, 0x18, 0x82, 0x10, 0x82, 0x10,
    0x82, 0x10, 0x82, 0x10, 0x82, 0x10, 0x82, 0x10, 0x82, 0x10, 0x82, 0x10, 0x82, 0x10, 0x82, 0x10,
    0x82, 0x10, 0x82, 0x10, 0x82, 0x10, 0x82, 0x10, 0x82, 0x10, 0x82, 0x10, 0x82, 0x10, 0x82, 0x10,
    0x82, 0x10, 0x82, 0x10, 0x82, 0x10, 0x61, 0x08, 0x82, 0x10, 0x82, 0x10, 0x82, 0x10, 0x82, 0x10,
    0x83, 0x10, 0x83, 0x10, 0x83, 0x10, 0x83, 0x18, 0xa3, 0x18, 0xa4, 0x20, 0xa4, 0x20, 0xa4, 0x20,
    0xc5, 0x28, 0xc5, 0x28, 0xe5, 0x28, 0xe6, 0x30, 0xe6, 0x30, 0xe7, 0x38, 0x07, 0x39, 0x14, 0xa2,
    0x3f, 0xfb, 0x1f, 0xfb, 0x1f, 0xfb, 0x3f, 0xfb, 0x5f, 0xfb, 0x3f, 0xfb, 0x1e, 0xf3, 0x99, 0xca,
    0x13, 0x9a, 0x6d, 0x69, 0x29, 0x51, 0x4a, 0x51, 0x0a, 0x51, 0x2a, 0x51, 0x2a, 0x51, 0x4a, 0x51,
    0x4a, 0x49, 0x29, 0x49, 0x49, 0x49, 0x29, 0x49, 0x29, 0x49, 0x29, 0x49, 0x08, 0x41, 0x08, 0x41,
    0x08, 0x41, 0x08, 0x41, 0x07, 0x41, 0xe7, 0x38, 0xe7, 0x38, 0xe6, 0x30, 0xe6, 0x30, 0xc5, 0x30,
    0xc5, 0x28, 0xc5, 0x28, 0xc5, 0x28, 0xc5, 0x20, 0xa4, 0x20, 0xa4, 0x20, 0xa4, 0x20, 0xa4, 0x20,
    0x83, 0x18, 0x83, 0x18, 0xa3, 0x18, 0x83, 0x18, 0x83, 0x10, 0x83, 0x10, 0x83, 0x10, 0x83, 0x10,
    0x83, 0x10, 0x83, 0x10, 0x82, 0x10, 0x82, 0x10, 0x82, 0x10, 0x82, 0x10, 0x61, 0x08, 0x82, 0x10,
    0x61, 0x08, 0x61, 0x08, 0x61, 0x08, 0x61, 0x08, 0x61, 0x08, 0x61, 0x08, 0x61, 0x08, 0x61, 0x08,
    0x61, 0x08, 0x61, 0x08, 0x61, 0x08, 0x61, 0x08, 0x61, 0x08, 0x61, 0x08, 0x82, 0x10, 0x82, 0x10,
    0x82, 0x10, 0x82, 0x10, 0x82, 0x10, 0x82, 0x10, 0x82, 0x10, 0x82, 0x10, 0x82, 0x10, 0x82, 0x10,
    0x82, 0x10, 0x82, 0x10, 0x82, 0x10, 0x82, 0x10, 0x82, 0x10, 0x82, 0x10, 0x82, 0x10, 0x82, 0x10,
    0x82, 0x10, 0x82, 0x10, 0x82, 0x10, 0x82, 0x10, 0x82, 0x10, 0x82, 0x10, 0x82, 0x10, 0x82, 0x10,
    0x82, 0x10, 0x82, 0x10, 0x82, 0x10, 0x82, 0x10, 0x82, 0x10, 0x82, 0x10, 0x82, 0x10, 0x82, 0x10,
    0x82, 0x10, 0x82, 0x10, 0x82, 0x10, 0x82, 0x10, 0x82, 0x10, 0x61, 0x08, 0x61, 0x08, 0x61, 0x08,
    0x61, 0x08, 0x61, 0x08, 0x61, 0x08, 0x61, 0x08, 0x61, 0x08, 0x82, 0x10, 0x82, 0x10, 0x82, 0x10,
    0x82, 0x10, 0x82, 0x10, 0x82, 0x10, 0x83, 0x10, 0x83, 0x10, 0x83, 0x10, 0x83, 0x10, 0x83, 0x10,
    0x83, 0x10, 0xa3, 0x18, 0x83, 0x18, 0x83, 0x18, 0x83, 0x18, 0xa3, 0x18, 0xa4, 0x20, 0xa4, 0x18,
    0xa4, 0x20, 0xa4, 0x20, 0xa4, 0x20, 0xa4, 0x20, 0xc5, 0x28, 0xc5, 0x28, 0xc5, 0x28, 0xe5, 0x28,
    0xc5, 0x30, 0xe6, 0x30, 0xc6, 0x30, 0xe6, 0x38, 0xe7, 0x38, 0xe7, 0x38, 0x08, 0x41, 0x08, 0x41,
    0x08, 0x49, 0x29, 0x49, 0x09, 0x51, 0x2a, 0x49, 0x49, 0x49, 0x13, 0xa2, 0x1f, 0xfb, 0x1f, 0xfb,
    0x1f, 0xfb, 0x1f, 0xfb, 0xd1, 0x89, 0x2a, 0x51, 0x4a, 0x51, 0x4a, 0x49, 0x4a, 0x49, 0x4a, 0x49,
    0x4a, 0x49, 0x2a, 0x49, 0x2a, 0x51, 0x2a, 0x49, 0x2a, 0x49, 0x29, 0x49, 0x2a, 0x51, 0x78, 0xc2,
    0x1f, 0xfb, 0x1f, 0xfb, 0x5f, 0xfb, 0xfd, 0xea, 0x4b, 0x59, 0x08, 0x41, 0x07, 0x41, 0x07, 0x39,
    0xe7, 0x38, 0xe6, 0x30, 0xe6, 0x30, 0xc5, 0x28, 0xc5, 0x28, 0xa4, 0x20, 0xa4, 0x20, 0xa4, 0x18,
    0xa3, 0x18, 0x83, 0x18, 0x83, 0x10, 0x83, 0x10, 0x82, 0x10, 0x82, 0x18, 0x82, 0x10, 0x82, 0x10,
    0x82, 0x10, 0x82, 0x10, 0x82, 0x10, 0x82, 0x10, 0x82, 0x10, 0x82, 0x10, 0x82, 0x10, 0x82, 0x10,
    0x82, 0x10, 0x82, 0x10, 0x82, 0x10, 0x82, 0x10, 0x82, 0x10, 0x82, 0x10, 0x82, 0x10, 0x82, 0x10,
    0x82, 0x10, 0x82, 0x10, 0x82, 0x10, 0x61, 0x08, 0x61, 0x08, 0x82, 0x10, 0x82, 0x10, 0x82, 0x10,
    0x83, 0x10, 0x83, 0x10, 0x83, 0x10, 0x83, 0x18, 0x83, 0x18, 0xa4, 0x20, 0xa4, 0x20, 0xa4, 0x20,
    0xa5, 0x20, 0xc5, 0x28, 0xc5, 0x28, 0xc6, 0x30, 0xe6, 0x30, 0xc6, 0x30, 0xe6, 0x38, 0x8e, 0x71,
    0xfc, 0xe2, 0x1f, 0xfb, 0x3f, 0xfb, 0xff, 0xfa, 0xff, 0xfa, 0x5f, 0xfb, 0x1f, 0xfb, 0x5f, 0xfb,
    0x1f, 0xfb, 0x3e, 0xeb, 0x77, 0xba, 0x6d, 0x61, 0x4a, 0x49, 0x4a, 0x51, 0x0a, 0x49, 0x4a, 0x51,
    0x2a, 0x49, 0x2a, 0x49, 0x0a, 0x49, 0x29, 0x49, 0x29, 0x49, 0x29, 0x49, 0x08, 0x41, 0x08, 0x41,
    0x08, 0x49, 0x08, 0x41, 0x08, 0x41, 0xe7, 0x38, 0xe7, 0x38, 0xe6, 0x30, 0xe6, 0x30, 0xe6, 0x30,
    0xc5, 0x30, 0xc5, 0x28, 0xc5, 0x28, 0xc5, 0x28, 0xa4, 0x28, 0xa4, 0x20, 0xa4, 0x20, 0xa4, 0x20,
    0xa4, 0x20, 0xa4, 0x20, 0xa4, 0x18, 0xa3, 0x18, 0xa3, 0x18, 0x83, 0x18, 0x83, 0x18, 0x83, 0x10,
    0x83, 0x10, 0x83, 0x10, 0x83, 0x10, 0x83, 0x10, 0x83, 0x10, 0x82, 0x10, 0x82, 0x10, 0x82, 0x10,
    0x82, 0x10, 0x82, 0x10, 0x82, 0x10, 0x61, 0x08, 0x61, 0x08, 0x61, 0x08, 0x61, 0x08, 0x61, 0x08,
    0x61, 0x08, 0x61, 0x08, 0x61, 0x08, 0x61, 0x08, 0x61, 0x08, 0x61, 0x08, 0x82, 0x10, 0x82, 0x10,
    0x82, 0x10, 0x82, 0x10, 0x82, 0x10, 0x82, 0x10, 0x82, 0x10, 0x82, 0x10, 0x82, 0x10, 0x82, 0x10,
    0x82, 0x10, 0x82, 0x10, 0x82, 0x10, 0x82, 0x10, 0x82, 0x10, 0x82, 0x10, 0x82, 0x10, 0x82, 0x10,
    0x82, 0x10, 0x82, 0x10, 0x82, 0x10, 0x82, 0x10, 0x82, 0x10, 0x82, 0x10, 0x82, 0x10, 0x82, 0x10,
    0x82, 0x10, 0x82, 0x10, 0x82, 0x10, 0x82, 0x10, 0x82, 0x10, 0x82, 0x10, 0x82, 0x10, 0x82, 0x10,
    0x82, 0x10, 0x82, 0x10, 0x82, 0x10, 0x82, 0x10, 0x82, 0x10, 0x61, 0x08, 0x61, 0x08, 0x61, 0x08,
    0x61, 0x08, 0x61, 0x08, 0x61, 0x08, 0x82, 0x10, 0x82, 0x10, 0x82, 0x10, 0x82, 0x10, 0x82, 0x10,
    0x83, 0x10, 0x82, 0x10, 0x83, 0x10, 0x83, 0x10, 0x83, 0x10, 0x83, 0x10, 0x83, 0x10, 0x83, 0x10,
    0x83, 0x18, 0x83, 0x18, 0x83, 0x18, 0xa4, 0x20, 0xa4, 0x20, 0xa4, 0x20, 0xa4, 0x20, 0xa4, 0x20,
    0xa4, 0x20, 0xa5, 0x20, 0xa5, 0x20, 0xc5, 0x28, 0xc5, 0x28, 0xc5, 0x28, 0xe5, 0x28, 0xe6, 0x30,
    0xe6, 0x30, 0xc6, 0x30, 0xe7, 0x38, 0xe7, 0x38, 0x07, 0x41, 0x08, 0x41, 0x08, 0x41, 0x08, 0x49,
    0x29, 0x49, 0x29, 0x49, 0x2a, 0x49, 0x0a, 0x51, 0x2a, 0x49, 0x14, 0xa2, 0x3f, 0xfb, 0x1f, 0xfb,
    0x1f, 0xfb, 0x1f, 0xfb, 0xd1, 0x89, 0x2a, 0x51, 0x4a, 0x51, 0x4a, 0x49, 0x4a, 0x49, 0x4a, 0x49,
    0x4a, 0x49, 0x4a, 0x49, 0x2a, 0x51, 0x2a, 0x51, 0x2a, 0x51, 0x29, 0x49, 0x2a, 0x51, 0x78, 0xc2,
    0x1f, 0xfb, 0x1f, 0xfb, 0x5f, 0xfb, 0xfd, 0xea, 0x4b, 0x59, 0x08, 0x41, 0x07, 0x41, 0x07, 0x39,
    0xe7, 0x38, 0xe6, 0x30, 0xe6, 0x30, 0xc5, 0x28, 0xc5, 0x28, 0xa4, 0x20, 0xa4, 0x20, 0xa4, 0x18,
    0xa3, 0x18, 0x83, 0x18, 0x83, 0x10, 0x83, 0x10, 0x82, 0x10, 0x82, 0x18, 0x82, 0x10, 0x82, 0x10,
    0x82, 0x10, 0x82, 0x10, 0x82, 0x10, 0x82, 0x10, 0x82, 0x10, 0x82, 0x10, 0x82, 0x10, 0x82, 0x10,
    0x82, 0x10, 0x82, 0x10, 0x82, 0x10, 0x82, 0x10, 0x82, 0x10, 0x82, 0x10, 0x82, 0x10, 0x82, 0x10,
    0x82, 0x10, 0x82, 0x10, 0x82, 0x10, 0x61, 0x08, 0x61, 0x08, 0x61, 0x08, 0x82, 0x10, 0x82, 0x10,
    0x82, 0x10, 0x83, 0x10, 0x83, 0x10, 0x83, 0x18, 0xa3, 0x18, 0xa4, 0x18, 0xa4, 0x20, 0xa4, 0x20,
    0xa4, 0x20, 0xa4, 0x28, 0xc5, 0x28, 0xe5, 0x28, 0xe6, 0x30, 0xe7, 0x38, 0xc6, 0x38, 0xe7, 0x38,
    0xb0, 0x79, 0x99, 0xca, 0x1e, 0xf3, 0x5f, 0xfb, 0x1f, 0xfb, 0x3f, 0xfb, 0x1f, 0xfb, 0x1f, 0xfb,
    0x1f, 0xfb, 0x5f, 0xfb, 0x1f, 0xfb, 0x1e, 0xf3, 0x78, 0xc2, 0xd1, 0x89, 0x6b, 0x61, 0x0a, 0x51,
    0x2a, 0x49, 0x29, 0x49, 0x0a, 0x49, 0x2a, 0x49, 0x29, 0x49, 0x29, 0x49, 0x08, 0x41, 0x08, 0x41,
    0x08, 0x41, 0x08, 0x41, 0x08, 0x41, 0xe8, 0x38, 0xe7, 0x38, 0xe7, 0x38, 0xe7, 0x38, 0xe6, 0x30,
    0xe6, 0x30, 0xe5, 0x28, 0xc5, 0x28, 0xc5, 0x28, 0xc4, 0x28, 0xc4, 0x28, 0xa4, 0x28, 0xa4, 0x20,
    0xa4, 0x20, 0xa4, 0x20, 0xa4, 0x18, 0xa3, 0x18, 0xa4, 0x18, 0x83, 0x18, 0x83, 0x18, 0x83, 0x18,
    0x83, 0x18, 0x83, 0x18, 0x83, 0x10, 0x83, 0x10, 0x83, 0x10, 0x82, 0x10, 0x82, 0x10, 0x82, 0x10,
    0x82, 0x10, 0x82, 0x10, 0x82, 0x10, 0x61, 0x08, 0x61, 0x08, 0x61, 0x08, 0x61, 0x08, 0x61, 0x08,
    0x61, 0x08, 0x61, 0x08, 0x61, 0x08, 0x61, 0x08, 0x61, 0x08, 0x61, 0x08, 0x82, 0x10, 0x82, 0x10,
    0x82, 0x10, 0x82, 0x10, 0x82, 0x10, 0x82, 0x10, 0x82, 0x10, 0x82, 0x10, 0x82, 0x10, 0x82, 0x10,
    0x82, 0x10, 0x82, 0x10, 0x82, 0x10, 0x82, 0x10, 0x82, 0x10, 0x82, 0x10, 0x82, 0x10, 0x82, 0x10,
    0x82, 0x10, 0x82, 0x10, 0x82, 0x10, 0x82, 0x10, 0x82, 0x10, 0x82, 0x10, 0x82, 0x10, 0x82, 0x10,
    0x82, 0x10, 0x82, 0x10, 0x82, 0x10, 0x82, 0x10, 0x82, 0x10, 0x82, 0x10, 0x82, 0x10, 0x82, 0x10,
    0x82, 0x10, 0x82, 0x10, 0x82, 0x10, 0x82, 0x10, 0x82, 0x10, 0x61, 0x08, 0x61, 0x08, 0x61, 0x08,
    0x61, 0x08, 0x61, 0x08, 0x61, 0x08, 0x82, 0x10, 0x82, 0x10, 0x82, 0x10, 0x82, 0x10, 0x82, 0x10,
    0x82, 0x10, 0x83, 0x10, 0x83, 0x10, 0x83, 0x10, 0x83, 0x10, 0x83, 0x10, 0x83, 0x18, 0xa3, 0x18,
    0x83, 0x18, 0xa3, 0x18, 0xa4, 0x18, 0xa4, 0x20, 0xa4, 0x20, 0xa4, 0x20, 0xa4, 0x20, 0xa4, 0x20,
    0xa4, 0x20, 0xc5, 0x28, 0xc5, 0x28, 0xc5, 0x28, 0xe5, 0x28, 0xe5, 0x28, 0xe6, 0x30, 0xe6, 0x30,
    0xe7, 0x38, 0xe7, 0x38, 0x07, 0x39, 0x07, 0x39, 0xe7, 0x40, 0x08, 0x41, 0x08, 0x49, 0x09, 0x49,
    0x29, 0x49, 0x29, 0x49, 0x29, 0x49, 0x29, 0x51, 0x4a, 0x51, 0x36, 0xb2, 0xff, 0xfa, 0x1f, 0xfb,
    0x1f, 0xfb, 0x1f, 0xfb, 0xd1, 0x89, 0x2a, 0x51, 0x2a, 0x51, 0x4a, 0x49, 0x4a, 0x49, 0x4a, 0x49,
    0x4a, 0x49, 0x4a, 0x49, 0x2a, 0x51, 0x2a, 0x51, 0x2a, 0x51, 0x29, 0x49, 0x2a, 0x51, 0x78, 0xc2,
    0x1f, 0xfb, 0x1f, 0xfb, 0x5f, 0xfb, 0xfd, 0xea, 0x4b, 0x59, 0x08, 0x41, 0x07, 0x41, 0x07, 0x39,
    0xe7, 0x38, 0xe6, 0x30, 0xe6, 0x30, 0xc5, 0x28, 0xc5, 0x28, 0xa4, 0x20, 0xa4, 0x20, 0xa4, 0x18,
    0xa3, 0x18, 0x83, 0x18, 0x83, 0x10, 0x83, 0x10, 0x82, 0x10, 0x82, 0x18, 0x82, 0x10, 0x82, 0x10,
    0x82, 0x10, 0x82, 0x10, 0x82, 0x10, 0x82, 0x10, 0x82, 0x10, 0x82, 0x10, 0x82, 0x10, 0x82, 0x10,
    0x82, 0x10, 0x82, 0x10, 0x82, 0x10, 0x82, 0x10, 0x82, 0x10, 0x82, 0x10, 0x82, 0x10, 0x82, 0x10,
    0x61, 0x08, 0x82, 0x10, 0x82, 0x10, 0x61, 0x08, 0x61, 0x08, 0x61, 0x08, 0x82, 0x10, 0x82, 0x10,
    0x82, 0x10, 0x83, 0x10, 0x83, 0x10, 0x83, 0x18, 0xa3, 0x18, 0xa4, 0x18, 0xa4, 0x18, 0xa4, 0x20,
    0xa4, 0x20, 0xa5, 0x20, 0xc5, 0x28, 0xc5, 0x28, 0xe5, 0x28, 0xe6, 0x30, 0xe6, 0x30, 0xe6, 0x30,
    0xe8, 0x38, 0x09, 0x51, 0x6c, 0x61, 0x77, 0xba, 0x3e, 0xf3, 0x1f, 0xfb, 0x5f, 0xfb, 0x1f, 0xfb,
    0x1f, 0xfb, 0x5f, 0xfb, 0xff, 0xfa, 0xff, 0xfa, 0x3f, 0xfb, 0x1f, 0xfb, 0xda, 0xd2, 0x14, 0xa2,
    0x4c, 0x61, 0x2a, 0x49, 0x29, 0x49, 0x0a, 0x49, 0x29, 0x49, 0x29, 0x49, 0x08, 0x41, 0x08, 0x41,
    0x08, 0x41, 0x08, 0x41, 0x08, 0x41, 0x07, 0x41, 0x07, 0x39, 0xe7, 0x30, 0xe6, 0x30, 0xe6, 0x30,
    0xe6, 0x30, 0xe5, 0x28, 0xe5, 0x28, 0xe5, 0x28, 0xc5, 0x28, 0xc5, 0x28, 0xc4, 0x28, 0xa4, 0x28,
    0xa4, 0x20, 0xa4, 0x20, 0xa4, 0x20, 0xa4, 0x20, 0xa4, 0x18, 0xa3, 0x18, 0xa3, 0x18, 0x83, 0x18,
    0x83, 0x18, 0x83, 0x18, 0x83, 0x18, 0x83, 0x18, 0x83, 0x10, 0x83, 0x10, 0x82, 0x10, 0x83, 0x10,
    0x83, 0x10, 0x82, 0x10, 0x82, 0x10, 0x82, 0x10, 0x82, 0x10, 0x61, 0x08, 0x61, 0x08, 0x61, 0x08,
    0x61, 0x08, 0x61, 0x08, 0x61, 0x08, 0x61, 0x08, 0x61, 0x08, 0x61, 0x08, 0x82, 0x10, 0x82, 0x10,
    0x82, 0x10, 0x82, 0x10, 0x82, 0x10, 0x82, 0x10, 0x82, 0x10, 0x82, 0x10, 0x82, 0x10, 0x82, 0x10,
    0x82, 0x10, 0x82, 0x10, 0x82, 0x10, 0x82, 0x10, 0x82, 0x10, 0x82, 0x10, 0x82, 0x10, 0x61, 0x08,
    0x82, 0x10, 0x82, 0x10, 0x82, 0x10, 0x82, 0x10, 0x82, 0x10, 0x82, 0x10, 0x82, 0x10, 0x82, 0x10,
    0x82, 0x10, 0x82, 0x10, 0x82, 0x10, 0x82, 0x10, 0x82, 0x10, 0x82, 0x10, 0x82, 0x10, 0x82, 0x10,
    0x61, 0x08, 0x82, 0x10, 0x82, 0x10, 0x82, 0x10, 0x82, 0x10, 0x82, 0x10, 0x61, 0x08, 0x61, 0x08,
    0x61, 0x08, 0x61, 0x08, 0x82, 0x10, 0x82, 0x10, 0x82, 0x10, 0x82, 0x10, 0x82, 0x10, 0x82, 0x10,
    0x83, 0x10, 0x83, 0x18, 0x83, 0x18, 0x83, 0x18, 0x83, 0x18, 0x83, 0x18, 0xa3, 0x18, 0xa3, 0x18,
    0xa4, 0x18, 0xa4, 0x20, 0xa4, 0x20, 0xa4, 0x20, 0xa4, 0x20, 0xa4, 0x20, 0xa4, 0x20, 0xc4, 0x20,
    0xa4, 0x28, 0xc5, 0x28, 0xc5, 0x28, 0xe5, 0x28, 0xe5, 0x28, 0xe6, 0x30, 0xe6, 0x30, 0xe6, 0x30,
    0xe7, 0x38, 0xe7, 0x38, 0x07, 0x39, 0x08, 0x41, 0xe7, 0x40, 0x08, 0x49, 0x09, 0x49, 0x29, 0x49,
    0x29, 0x49, 0x29, 0x49, 0x29, 0x49, 0x6d, 0x69, 0x36, 0xb2, 0xfd, 0xf2, 0x1f, 0xfb, 0xff, 0xfa,
    0x1f, 0xfb, 0x1f, 0xfb, 0xd1, 0x89, 0x2a, 0x51, 0x2b, 0x51, 0x4a, 0x49, 0x4a, 0x49, 0x4a, 0x49,
    0x4a, 0x49, 0x4a, 0x49, 0x4a, 0x51, 0x2a, 0x51, 0x2a, 0x51, 0x49, 0x49, 0x2a, 0x51, 0x78, 0xc2,
    0x1f, 0xfb, 0x1f, 0xfb, 0x5f, 0xfb, 0xfd, 0xea, 0x4b, 0x59, 0x08, 0x41, 0x07, 0x41, 0x07, 0x39,
    0xe7, 0x38, 0xe6, 0x30, 0xe6, 0x30, 0xc5, 0x28, 0xc5, 0x28, 0xa4, 0x20, 0xa4, 0x20, 0xa4, 0x18,
    0xa4, 0x18, 0x83, 0x18, 0x83, 0x10, 0x83, 0x10, 0x82, 0x10, 0x82, 0x10, 0x82, 0x10, 0x82, 0x10,
    0x82, 0x10, 0x82, 0x10, 0x82, 0x10, 0x82, 0x10, 0x82, 0x10, 0x82, 0x10, 0x82, 0x10, 0x82, 0x10,
    0x82, 0x10, 0x82, 0x10, 0x82, 0x10, 0x82, 0x10, 0x82, 0x10, 0x82, 0x10, 0x82, 0x10, 0x82, 0x10,
    0x82, 0x10, 0x82, 0x10, 0x82, 0x10, 0x82, 0x10, 0x82, 0x10, 0x82, 0x10, 0x82, 0x10, 0x82, 0x10,
    0x82, 0x10, 0x82, 0x10, 0x82, 0x18, 0x83, 0x10, 0x83, 0x18, 0xa3, 0x18, 0x83, 0x18, 0xa4, 0x20,
    0xa4, 0x20, 0xa4, 0x20, 0xa5, 0x20, 0xc5, 0x28, 0xa5, 0x28, 0xe6, 0x30, 0xe6, 0x30, 0xe6, 0x30,
    0xe7, 0x38, 0xe7, 0x38, 0xe7, 0x38, 0x08, 0x41, 0x4c, 0x61, 0x34, 0xaa, 0xba, 0xda, 0x3e, 0xf3,
    0xff, 0xfa, 0x1f, 0xfb, 0x1f, 0xfb, 0x1f, 0xfb, 0x1f, 0xfb, 0x1f, 0xfb, 0x3f, 0xfb, 0x1f, 0xfb,
    0xfd, 0xea, 0x36, 0xb2, 0x8f, 0x71, 0x2a, 0x59, 0x29, 0x49, 0x08, 0x49, 0x28, 0x49, 0x08, 0x41,
    0x08, 0x41, 0x08, 0x49, 0x08, 0x41, 0x08, 0x41, 0x08, 0x41, 0x07, 0x39, 0xe7, 0x38, 0xe7, 0x38,
    0xe7, 0x38, 0xc6, 0x30, 0xc6, 0x30, 0xe6, 0x30, 0xe5, 0x28, 0xe5, 0x28, 0xc5, 0x28, 0xc5, 0x28,
    0xc5, 0x28, 0xc5, 0x28, 0xa4, 0x28, 0xa4, 0x20, 0xa4, 0x20, 0xa4, 0x20, 0xa4, 0x20, 0xa4, 0x20,
    0xa3, 0x18, 0xa3, 0x18, 0xa3, 0x18, 0x83, 0x10, 0xa3, 0x18, 0x83, 0x10, 0x83, 0x10, 0xa2, 0x18,
    0x83, 0x10, 0x83, 0x10, 0x83, 0x10, 0x82, 0x10, 0x82, 0x10, 0x82, 0x10, 0x82, 0x10, 0x82, 0x10,
    0x82, 0x10, 0x82, 0x10, 0x82, 0x10, 0x61, 0x08, 0x61, 0x08, 0x61, 0x08, 0x61, 0x08, 0x61, 0x08,
    0x61, 0x08, 0x61, 0x08, 0x61, 0x08, 0x82, 0x10, 0x82, 0x10, 0x82, 0x10, 0x82, 0x10, 0x82, 0x10,
    0x82, 0x10, 0x82, 0x10, 0x82, 0x10, 0x82, 0x10, 0x82, 0x10, 0x82, 0x10, 0x82, 0x10, 0x82, 0x10,
    0x82, 0x10, 0x82, 0x10, 0x82, 0x10, 0x82, 0x10, 0x82, 0x10, 0x82, 0x10, 0x82, 0x10, 0x82, 0x10,
    0x82, 0x10, 0x82, 0x10, 0x61, 0x08, 0x61, 0x08, 0x61, 0x08, 0x61, 0x08, 0x61, 0x08, 0x61, 0x08,
    0x61, 0x08, 0x61, 0x08, 0x61, 0x08, 0x61, 0x08, 0x61, 0x08, 0x61, 0x08, 0x82, 0x10, 0x82, 0x10,
    0x82, 0x10, 0x61, 0x08, 0x82, 0x10, 0x82, 0x10, 0x83, 0x10, 0x83, 0x10, 0x83, 0x10, 0x83, 0x10,
    0x83, 0x10, 0x83, 0x10, 0x83, 0x18, 0xa3, 0x18, 0x83, 0x18, 0xa3, 0x18, 0xa3, 0x18, 0xa4, 0x20,
    0xa4, 0x20, 0xa4, 0x20, 0xa4, 0x20, 0xa5, 0x20, 0xa5, 0x20, 0xc5, 0x28, 0xc5, 0x28, 0xc5, 0x28,
    0xc5, 0x28, 0xc5, 0x30, 0xe6, 0x30, 0xe6, 0x30, 0xc6, 0x30, 0xe6, 0x38, 0xe7, 0x38, 0xe7, 0x30,
    0xe8, 0x38, 0x08, 0x41, 0x08, 0x41, 0x08, 0x41, 0x08, 0x41, 0x08, 0x41, 0x29, 0x49, 0x09, 0x49,
    0x4b, 0x59, 0x8e, 0x71, 0x56, 0xb2, 0x1e, 0xf3, 0x1f, 0xfb, 0x5f, 0xfb, 0x3f, 0xfb, 0x1f, 0xfb,
    0x3f, 0xfb, 0xdb, 0xe2, 0x8e, 0x71, 0x2a, 0x49, 0x4b, 0x59, 0x2a, 0x51, 0x2a, 0x51, 0x2a, 0x51,
    0x2a, 0x51, 0x2a, 0x51, 0x2a, 0x51, 0x29, 0x51, 0x2a, 0x51, 0x2a, 0x51, 0x4a, 0x51, 0x78, 0xc2,
    0x1f, 0xfb, 0x5f, 0xfb, 0x5f, 0xfb, 0xfd, 0xea, 0x4b, 0x59, 0x08, 0x41, 0x07, 0x41, 0x08, 0x39,
    0xe7, 0x38, 0xe6, 0x30, 0xe6, 0x30, 0xc5, 0x28, 0xc5, 0x28, 0xa4, 0x20, 0xa4, 0x20, 0xa4, 0x18,
    0xa4, 0x18, 0xa3, 0x18, 0x83, 0x10, 0x83, 0x10, 0x83, 0x10, 0x83, 0x10, 0x82, 0x10, 0x82, 0x10,
    0x82, 0x10, 0x82, 0x10, 0x82, 0x10, 0x82, 0x10, 0x82, 0x10, 0x82, 0x10, 0x82, 0x10, 0x82, 0x10,
    0x82, 0x10, 0x82, 0x10, 0x82, 0x10, 0x82, 0x10, 0x82, 0x10, 0x82, 0x10, 0x82, 0x10, 0x82, 0x10,
    0x82, 0x10, 0x82, 0x10, 0x82, 0x10, 0x82, 0x10, 0x82, 0x10, 0x82, 0x10, 0x82, 0x10, 0x82, 0x10,
    0x82, 0x10, 0x82, 0x10, 0x82, 0x18, 0x83, 0x10, 0x83, 0x18, 0x83, 0x18, 0x83, 0x18, 0xa4, 0x20,
    0xa4, 0x20, 0xa4, 0x20, 0xa5, 0x20, 0xa5, 0x28, 0xc5, 0x28, 0xe5, 0x28, 0xe6, 0x30, 0xe6, 0x30,
    0xe6, 0x30, 0xe7, 0x38, 0xe7, 0x38, 0x08, 0x39, 0x08, 0x39, 0x09, 0x49, 0x2a, 0x59, 0xd0, 0x81,
    0x99, 0xca, 0xfd, 0xea, 0x1f, 0xfb, 0x3f, 0xfb, 0x3f, 0xfb, 0x1f, 0xfb, 0x1f, 0xfb, 0x5f, 0xfb,
    0x1f, 0xfb, 0x5f, 0xfb, 0xfd, 0xe2, 0xb8, 0xca, 0x13, 0x9a, 0x4b, 0x59, 0x28, 0x49, 0x09, 0x49,
    0x28, 0x49, 0x09, 0x41, 0x28, 0x41, 0xe7, 0x38, 0x08, 0x41, 0x07, 0x41, 0x07, 0x39, 0xe7, 0x38,
    0xe7, 0x38, 0xe7, 0x38, 0xc6, 0x30, 0xc6, 0x30, 0xe6, 0x30, 0xe5, 0x28, 0xe5, 0x28, 0xc5, 0x28,
    0xc5, 0x28, 0xc5, 0x28, 0xc5, 0x28, 0xa5, 0x20, 0xa4, 0x20, 0xa4, 0x20, 0x84, 0x20, 0xa4, 0x20,
    0xa4, 0x18, 0xa3, 0x18, 0x83, 0x18, 0xa3, 0x18, 0x83, 0x18, 0xa3, 0x18, 0x83, 0x18, 0x83, 0x18,
    0x83, 0x18, 0x83, 0x10, 0x83, 0x10, 0x83, 0x10, 0x83, 0x10, 0x83, 0x10, 0x82, 0x10, 0x82, 0x10,
    0x82, 0x10, 0x82, 0x10, 0x82, 0x10, 0x82, 0x10, 0x82, 0x10, 0x82, 0x10, 0x82, 0x10, 0x82, 0x10,
    0x82, 0x10, 0x82, 0x10, 0x82, 0x10, 0x82, 0x10, 0x61, 0x08, 0x61, 0x08, 0x61, 0x08, 0x61, 0x08,
    0x61, 0x08, 0x61, 0x08, 0x82, 0x10, 0x82, 0x10, 0x82, 0x10, 0x82, 0x10, 0x82, 0x10, 0x82, 0x10,
    0x82, 0x10, 0x82, 0x10, 0x82, 0x10, 0x82, 0x10, 0x82, 0x10, 0x82, 0x10, 0x82, 0x10, 0x82, 0x10,
    0x82, 0x10, 0x82, 0x10, 0x61, 0x08, 0x61, 0x08, 0x61, 0x08, 0x61, 0x08, 0x61, 0x08, 0x61, 0x08,
    0x61, 0x08, 0x61, 0x08, 0x61, 0x08, 0x82, 0x10, 0x82, 0x10, 0x82, 0x10, 0x82, 0x10, 0x82, 0x10,
    0x82, 0x10, 0x82, 0x10, 0x83, 0x10, 0x82, 0x10, 0x83, 0x10, 0x83, 0x10, 0x83, 0x18, 0xa3, 0x18,
    0x83, 0x18, 0xa3, 0x18, 0x83, 0x18, 0xa3, 0x18, 0xa3, 0x18, 0xa4, 0x20, 0xa4, 0x20, 0xa4, 0x20,
    0xa4, 0x20, 0xa4, 0x20, 0xa4, 0x28, 0xc5, 0x28, 0xc5, 0x28, 0xc5, 0x28, 0xc5, 0x28, 0xe5, 0x28,
    0xe5, 0x28, 0xe6, 0x30, 0xe6, 0x30, 0xc6, 0x30, 0xe6, 0x38, 0xe7, 0x38, 0xe7, 0x38, 0xe7, 0x38,
    0x08, 0x41, 0x08, 0x41, 0x08, 0x41, 0x09, 0x49, 0x29, 0x49, 0x29, 0x49, 0x2a, 0x49, 0xb0, 0x79,
    0x99, 0xca, 0xfd, 0xf2, 0x5f, 0xfb, 0x1f, 0xfb, 0x5f, 0xfb, 0x1f, 0xfb, 0x1f, 0xfb, 0x3f, 0xfb,
    0x1f, 0xfb, 0x15, 0xaa, 0x0a, 0x51, 0x2a, 0x49, 0x4a, 0x49, 0x2a, 0x51, 0x2a, 0x51, 0x4a, 0x51,
    0x2a, 0x51, 0x2a, 0x51, 0x2a, 0x51, 0x4a, 0x51, 0x2a, 0x51, 0x4a, 0x49, 0x4a, 0x51, 0x78, 0xc2,
    0xff, 0xfa, 0x5f, 0xfb, 0x5f, 0xfb, 0xfd, 0xea, 0x4b, 0x59, 0x08, 0x41, 0x07, 0x41, 0xe7, 0x38,
    0xe7, 0x38, 0xe6, 0x30, 0xe6, 0x30, 0xc5, 0x28, 0xc5, 0x28, 0xa4, 0x20, 0xa4, 0x20, 0xa4, 0x18,
    0xa4, 0x18, 0xa3, 0x18, 0x83, 0x10, 0x83, 0x10, 0x83, 0x10, 0x83, 0x10, 0x82, 0x10, 0x82, 0x10,
    0x82, 0x10, 0x82, 0x10, 0x82, 0x10, 0x82, 0x10, 0x82, 0x10, 0x82, 0x10, 0x82, 0x10, 0x82, 0x10,
    0x82, 0x10, 0x82, 0x10, 0x82, 0x10, 0x82, 0x10, 0x82, 0x10, 0x82, 0x10, 0x82, 0x10, 0x82, 0x10,
    0x82, 0x10, 0x82, 0x10, 0x82, 0x10, 0x82, 0x10, 0x61, 0x08, 0x82, 0x10, 0x82, 0x10, 0x82, 0x10,
    0x82, 0x10, 0x82, 0x10, 0x82, 0x10, 0x82, 0x10, 0x83, 0x10, 0x83, 0x10, 0x83, 0x18, 0xa4, 0x20,
    0xa4, 0x20, 0xa4, 0x20, 0xa4, 0x20, 0xa5, 0x20, 0xc5, 0x28, 0xc5, 0x28, 0xc5, 0x28, 0xe5, 0x28,
    0xe6, 0x30, 0xe6, 0x30, 0xe6, 0x38, 0xe7, 0x38, 0x08, 0x39, 0x08, 0x41, 0x08, 0x41, 0x07, 0x41,
    0x08, 0x41, 0x8e, 0x71, 0x77, 0xba, 0xfd, 0xea, 0x1f, 0xfb, 0x5f, 0xfb, 0x3f, 0xfb, 0x1f, 0xfb,
    0x1f, 0xfb, 0x1f, 0xfb, 0x1f, 0xfb, 0x1f, 0xfb, 0x3f, 0xfb, 0xfc, 0xe2, 0x34, 0xaa, 0x4c, 0x61,
    0x09, 0x51, 0x08, 0x41, 0x09, 0x49, 0x08, 0x41, 0x08, 0x41, 0xe7, 0x38, 0xe7, 0x38, 0x08, 0x39,
    0xe7, 0x38, 0xe7, 0x38, 0xc6, 0x30, 0xe7, 0x38, 0xe6, 0x30, 0xe6, 0x30, 0xe6, 0x30, 0xc5, 0x30,
    0xe5, 0x28, 0xc5, 0x28, 0xc5, 0x28, 0xa5, 0x28, 0xc5, 0x28, 0xa4, 0x28, 0xa4, 0x20, 0xa4, 0x20,
    0xa4, 0x20, 0xa4, 0x20, 0xa4, 0x18, 0xa3, 0x18, 0x83, 0x18, 0xa4, 0x18, 0xa3, 0x18, 0xa3, 0x18,
    0xa3, 0x18, 0x83, 0x18, 0x83, 0x10, 0x83, 0x10, 0x83, 0x10, 0x83, 0x10, 0x83, 0x10, 0x83, 0x10,
    0x82, 0x10, 0x82, 0x10, 0x82, 0x10, 0x82, 0x10, 0x82, 0x10, 0x82, 0x10, 0x82, 0x10, 0x82, 0x10,
    0x82, 0x10, 0x82, 0x10, 0x82, 0x10, 0x61, 0x08, 0x61, 0x08, 0x61, 0x08, 0x61, 0x08, 0x61, 0x08,
    0x61, 0x08, 0x82, 0x10, 0x82, 0x10, 0x82, 0x10, 0x82, 0x10, 0x82, 0x10, 0x82, 0x10, 0x82, 0x10,
    0x82, 0x10, 0x82, 0x10, 0x82, 0x10, 0x82, 0x10, 0x82, 0x10, 0x82, 0x10, 0x82, 0x10, 0x82, 0x10,
    0x82, 0x10, 0x82, 0x10, 0x61, 0x08, 0x61, 0x08, 0x82, 0x10, 0x61, 0x08, 0x61, 0x08, 0x61, 0x08,
    0x61, 0x08, 0x82, 0x10, 0x82, 0x10, 0x82, 0x10, 0x82, 0x10, 0x82, 0x10, 0x82, 0x10, 0x82, 0x10,
    0x83, 0x10, 0x83, 0x10, 0x83, 0x10, 0x83, 0x10, 0x83, 0x10, 0x83, 0x18, 0x83, 0x18, 0xa3, 0x18,
    0x83, 0x18, 0x83, 0x18, 0xa4, 0x18, 0xa4, 0x20, 0xa4, 0x20, 0xa4, 0x20, 0xa4, 0x20, 0xa4, 0x20,
    0xa4, 0x28, 0xc5, 0x28, 0xc5, 0x28, 0xc5, 0x28, 0xc5, 0x28, 0xc5, 0x30, 0xc5, 0x30, 0xe6, 0x30,
    0xe6, 0x30, 0xe6, 0x30, 0xe6, 0x38, 0xe7, 0x38, 0xe7, 0x38, 0x07, 0x39, 0xe7, 0x38, 0x08, 0x41,
    0x08, 0x41, 0x08, 0x41, 0x08, 0x41, 0x08, 0x49, 0x4b, 0x59, 0xb0, 0x79, 0x9a, 0xd2, 0xfe, 0xfa,
    0x5f, 0xfb, 0x1f, 0xfb, 0x1f, 0xfb, 0x5f, 0xfb, 0xff, 0xfa, 0xff, 0xfa, 0x3f, 0xfb, 0x3e, 0xf3,
    0x56, 0xaa, 0x4c, 0x61, 0x09, 0x51, 0x2a, 0x49, 0x2a, 0x51, 0x4a, 0x51, 0x2a, 0x51, 0x2a, 0x51,
    0x2a, 0x51, 0x2a, 0x51, 0x2a, 0x51, 0x2a, 0x51, 0x2a, 0x51, 0x4a, 0x49, 0x4a, 0x51, 0x78, 0xc2,
    0x1f, 0xfb, 0x5f, 0xfb, 0x3f, 0xfb, 0xfd, 0xea, 0x4b, 0x59, 0x08, 0x41, 0x07, 0x41, 0xe7, 0x38,
    0xc6, 0x30, 0xe6, 0x30, 0xc5, 0x30, 0xc5, 0x28, 0xc5, 0x28, 0xa4, 0x20, 0xa4, 0x20, 0xa4, 0x18,
    0xa4, 0x18, 0xa3, 0x18, 0x83, 0x10, 0x83, 0x10, 0x83, 0x10, 0x83, 0x10, 0x82, 0x10, 0x82, 0x10,
    0x82, 0x10, 0x82, 0x10, 0x82, 0x10, 0x82, 0x10, 0x82, 0x10, 0x82, 0x10, 0x82, 0x10, 0x82, 0x10,
    0x82, 0x10, 0x82, 0x10, 0x82, 0x10, 0x82, 0x10, 0x82, 0x10, 0x82, 0x10, 0x82, 0x10, 0x82, 0x10,
    0x82, 0x10, 0x82, 0x10, 0x82, 0x10, 0x82, 0x10, 0x61, 0x08, 0x61, 0x08, 0x61, 0x08, 0x82, 0x10,
    0x82, 0x10, 0x82, 0x10, 0x82, 0x10, 0x82, 0x10, 0x82, 0x18, 0x83, 0x10, 0x83, 0x18, 0xa3, 0x18,
    0xa4, 0x20, 0xa4, 0x20, 0xa4, 0x20, 0xa5, 0x20, 0xa5, 0x20, 0xc5, 0x28, 0xc5, 0x28, 0xe5, 0x28,
    0xe6, 0x30, 0xe6, 0x30, 0xe6, 0x30, 0xe6, 0x30, 0xe6, 0x30, 0x07, 0x39, 0xe8, 0x38, 0x07, 0x39,
    0x08, 0x41, 0x08, 0x41, 0x08, 0x41, 0x6b, 0x61, 0xf2, 0x91, 0xba, 0xd2, 0xfe, 0xfa, 0x3f, 0xfb,
    0x1f, 0xfb, 0xff, 0xfa, 0x3f, 0xfb, 0x1f, 0xfb, 0x1f, 0xfb, 0x5f, 0xfb, 0x3f, 0xfb, 0xfd, 0xea,
    0x76, 0xba, 0xf0, 0x81, 0x0a, 0x51, 0x08, 0x41, 0x08, 0x41, 0x08, 0x41, 0x08, 0x41, 0x08, 0x41,
    0x08, 0x41, 0x08, 0x39, 0xe7, 0x38, 0xe7, 0x38, 0xe7, 0x38, 0xe6, 0x30, 0xe6, 0x30, 0xe6, 0x30,
    0xe6, 0x30, 0xc6, 0x30, 0xc5, 0x30, 0xc5, 0x30, 0xa5, 0x28, 0xc5, 0x28, 0xc5, 0x28, 0xa4, 0x28,
    0xa4, 0x28, 0xa4, 0x20, 0xa4, 0x20, 0xa4, 0x20, 0xa4, 0x20, 0xa4, 0x20, 0xa3, 0x20, 0xa3, 0x20,
    0xa3, 0x18, 0xa3, 0x18, 0x83, 0x18, 0xa3, 0x18, 0xa3, 0x18, 0x83, 0x10, 0x83, 0x10, 0x83, 0x10,
    0x83, 0x10, 0x83, 0x10, 0x83, 0x10, 0x82, 0x10, 0x82, 0x10, 0x82, 0x10, 0x82, 0x10, 0x82, 0x10,
    0x82, 0x10, 0x82, 0x10, 0x82, 0x10, 0x61, 0x08, 0x61, 0x08, 0x61, 0x08, 0x61, 0x08, 0x61, 0x08,
    0x61, 0x08, 0x82, 0x10, 0x82, 0x10, 0x82, 0x10, 0x82, 0x10, 0x82, 0x10, 0x82, 0x10, 0x82, 0x10,
    0x82, 0x10, 0x82, 0x10, 0x82, 0x10, 0x82, 0x10, 0x82, 0x10, 0x82, 0x10, 0x82, 0x10, 0x82, 0x10,
    0x82, 0x10, 0x82, 0x10, 0x61, 0x08, 0x61, 0x08, 0x61, 0x08, 0x61, 0x08, 0x61, 0x08, 0x82, 0x10,
    0x82, 0x10, 0x82, 0x10, 0x82, 0x10, 0x82, 0x10, 0x82, 0x10, 0x83, 0x10, 0x83, 0x10, 0x83, 0x10,
    0x83, 0x10, 0x83, 0x10, 0x83, 0x10, 0x83, 0x18, 0xa3, 0x18, 0xa3, 0x18, 0xa3, 0x18, 0xa4, 0x18,
    0xa4, 0x18, 0xa4, 0x20, 0xa4, 0x20, 0x84, 0x20, 0x84, 0x20, 0xa4, 0x20, 0xc5, 0x28, 0xc5, 0x28,
    0xc5, 0x28, 0xc5, 0x28, 0xe5, 0x28, 0xe5, 0x28, 0xc5, 0x30, 0xe6, 0x30, 0xe6, 0x30, 0xe6, 0x30,
    0xe7, 0x38, 0xe6, 0x30, 0xe7, 0x38, 0x07, 0x39, 0x07, 0x41, 0x08, 0x41, 0x08, 0x41, 0x08, 0x41,
    0x28, 0x41, 0x08, 0x41, 0x4c, 0x61, 0xf2, 0x91, 0xba, 0xd2, 0x1e, 0xf3, 0x5f, 0xfb, 0x3f, 0xfb,
    0x3f, 0xfb, 0x5f, 0xfb, 0x1f, 0xfb, 0x5f, 0xfb, 0x5f, 0xfb, 0xfe, 0xfa, 0x99, 0xca, 0xd2, 0x91,
    0x6d, 0x61, 0x2a, 0x59, 0x2a, 0x49, 0x2a, 0x51, 0x2b, 0x51, 0x2a, 0x51, 0x2a, 0x51, 0x2a, 0x51,
    0x2a, 0x51, 0x2a, 0x51, 0x2a, 0x51, 0x2a, 0x51, 0x2a, 0x51, 0x4a, 0x49, 0x4a, 0x51, 0x78, 0xc2,
    0x1f, 0xfb, 0x5f, 0xfb, 0x5f, 0xfb, 0xfd, 0xea, 0x4b, 0x59, 0x08, 0x41, 0xe7, 0x38, 0xe7, 0x38,
    0xc6, 0x30, 0xe6, 0x30, 0xc5, 0x30, 0xc5, 0x28, 0xc5, 0x28, 0xa4, 0x20, 0xa4, 0x20, 0xa4, 0x18,
    0xa4, 0x18, 0xa3, 0x18, 0x83, 0x10, 0x83, 0x10, 0x83, 0x10, 0x83, 0x10, 0x82, 0x10, 0x82, 0x10,
    0x82, 0x10, 0x82, 0x10, 0x82, 0x10, 0x82, 0x10, 0x82, 0x10, 0x82, 0x10, 0x82, 0x10, 0x82, 0x10,
    0x82, 0x10, 0x82, 0x10, 0x82, 0x10, 0x82, 0x10, 0x82, 0x10, 0x82, 0x10, 0x82, 0x10, 0x82, 0x10,
    0x82, 0x10, 0x82, 0x10, 0x82, 0x10, 0x82, 0x10, 0x61, 0x08, 0x61, 0x08, 0x61, 0x08, 0x82, 0x10,
    0x82, 0x10, 0x82, 0x10, 0x82, 0x10, 0x82, 0x10, 0x82, 0x10, 0x83, 0x10, 0x83, 0x18, 0x83, 0x18,
    0xa3, 0x18, 0xa4, 0x18, 0xa4, 0x20, 0xa4, 0x20, 0xa5, 0x20, 0xc5, 0x20, 0xc5, 0x28, 0xc5, 0x28,
    0xc5, 0x30, 0xc5, 0x30, 0xe6, 0x30, 0xe5, 0x28, 0xc6, 0x30, 0xe7, 0x38, 0xe7, 0x38, 0x08, 0x39,
    0xe7, 0x40, 0x28, 0x41, 0x08, 0x39, 0x08, 0x41, 0x08, 0x41, 0x09, 0x51, 0x8f, 0x71, 0x78, 0xc2,
    0x3e, 0xf3, 0x1f, 0xfb, 0x1f, 0xfb, 0x5f, 0xfb, 0x1f, 0xfb, 0xff, 0xfa, 0x1f, 0xfb, 0x5f, 0xfb,
    0x5f, 0xfb, 0x1f, 0xfb, 0xdb, 0xea, 0x13, 0x9a, 0x2a, 0x51, 0x29, 0x41, 0x08, 0x41, 0x08, 0x41,
    0x08, 0x41, 0x08, 0x39, 0xe8, 0x38, 0xe7, 0x38, 0xe7, 0x38, 0xe7, 0x38, 0xe7, 0x38, 0xe6, 0x30,
    0xe6, 0x30, 0xe6, 0x30, 0xe6, 0x30, 0xe6, 0x30, 0xc5, 0x30, 0xc5, 0x28, 0xc5, 0x28, 0xc5, 0x28,
    0xc5, 0x28, 0xc5, 0x28, 0xa4, 0x28, 0xa4, 0x20, 0xa4, 0x20, 0xa4, 0x20, 0xa4, 0x20, 0xa4, 0x20,
    0xa4, 0x20, 0xa4, 0x20, 0xa4, 0x18, 0xa3, 0x18, 0xa3, 0x18, 0x83, 0x18, 0x83, 0x18, 0x83, 0x18,
    0x83, 0x10, 0x83, 0x10, 0x83, 0x10, 0x82, 0x10, 0x83, 0x10, 0x82, 0x10, 0x82, 0x10, 0x82, 0x10,
    0x82, 0x10, 0x82, 0x10, 0x82, 0x10, 0x61, 0x08, 0x61, 0x08, 0x61, 0x08, 0x61, 0x08, 0x61, 0x08,
    0x61, 0x08, 0x61, 0x08, 0x61, 0x08, 0x61, 0x08, 0x61, 0x08, 0x61, 0x08, 0x61, 0x08, 0x61, 0x08,
    0x61, 0x08, 0x61, 0x08, 0x61, 0x08, 0x61, 0x08, 0x61, 0x08, 0x61, 0x08, 0x61, 0x08, 0x61, 0x08,
    0x61, 0x08, 0x61, 0x08, 0x61, 0x08, 0x61, 0x08, 0x61, 0x08, 0x61, 0x08, 0x61, 0x08, 0x82, 0x10,
    0x82, 0x10, 0x82, 0x10, 0x82, 0x10, 0x83, 0x10, 0x83, 0x10, 0x83, 0x10, 0x83, 0x10, 0x83, 0x18,
    0x83, 0x18, 0x83, 0x18, 0x83, 0x18, 0xa3, 0x18, 0xa4, 0x18, 0xa4, 0x18, 0xa4, 0x20, 0xa4, 0x20,
    0xa4, 0x20, 0xa4, 0x20, 0xa4, 0x20, 0xa5, 0x20, 0xc5, 0x28, 0xc5, 0x28, 0xc5, 0x28, 0xc5, 0x28,
    0xc5, 0x28, 0xc6, 0x30, 0xc5, 0x30, 0xe6, 0x30, 0xe6, 0x30, 0xe6, 0x30, 0xe6, 0x30, 0xe7, 0x38,
    0xe7, 0x38, 0xe7, 0x38, 0xe7, 0x38, 0x07, 0x41, 0x08, 0x41, 0x08, 0x41, 0x09, 0x49, 0x08, 0x41,
    0x4a, 0x51, 0x13, 0x9a, 0xdc, 0xe2, 0x3f, 0xfb, 0x5f, 0xfb, 0x1f, 0xfb, 0xff, 0xfa, 0x3f, 0xfb,
    0x5f, 0xfb, 0xff, 0xfa, 0x3f, 0xfb, 0xff, 0xfa, 0x99, 0xca, 0xae, 0x79, 0x4a, 0x51, 0x29, 0x49,
    0x4a, 0x51, 0x0a, 0x51, 0x2a, 0x51, 0x2a, 0x49, 0x09, 0x51, 0x2a, 0x51, 0x2a, 0x51, 0x2a, 0x51,
    0x4a, 0x51, 0x2a, 0x51, 0x2a, 0x51, 0x29, 0x51, 0x2a, 0x51, 0x4a, 0x49, 0x4a, 0x51, 0x78, 0xc2,
    0x1f, 0xfb, 0x5f, 0xfb, 0x5f, 0xfb, 0xfd, 0xea, 0x4b, 0x59, 0x08, 0x41, 0xe7, 0x38, 0xe7, 0x38,
    0xc6, 0x30, 0xc5, 0x30, 0xc5, 0x30, 0xc5, 0x28, 0xa5, 0x20, 0xa4, 0x20, 0xa4, 0x20, 0xa4, 0x20,
    0xa4, 0x18, 0xa3, 0x18, 0x83, 0x10, 0x83, 0x10, 0x83, 0x10, 0x83, 0x10, 0x82, 0x10, 0x82, 0x10,
    0x82, 0x10, 0x82, 0x10, 0x82, 0x10, 0x82, 0x10, 0x82, 0x10, 0x82, 0x10, 0x82, 0x10, 0x82, 0x10,
    0x82, 0x10, 0x82, 0x10, 0x82, 0x10, 0x82, 0x10, 0x82, 0x10, 0x82, 0x10, 0x82, 0x10, 0x82, 0x10,
    0x82, 0x10, 0x82, 0x10, 0x82, 0x10, 0x82, 0x10, 0x61, 0x08, 0x61, 0x08, 0x61, 0x08, 0x61, 0x08,
    0x82, 0x10, 0x82, 0x10, 0x82, 0x10, 0x82, 0x10, 0x82, 0x10, 0x83, 0x10, 0x83, 0x10, 0x83, 0x18,
    0x83, 0x18, 0xa3, 0x18, 0xa4, 0x18, 0xa4, 0x18, 0xa5, 0x20, 0xa5, 0x20, 0xc4, 0x20, 0xc4, 0x20,
    0xc5, 0x28, 0xc5, 0x28, 0xe5, 0x28, 0xe6, 0x30, 0xe6, 0x30, 0xc6, 0x30, 0xe6, 0x30, 0xe7, 0x38,
    0xe7, 0x38, 0xe7, 0x38, 0xe8, 0x38, 0x08, 0x41, 0x08, 0x41, 0x07, 0x41, 0x08, 0x41, 0x09, 0x51,
    0x8d, 0x71, 0x14, 0xa2, 0x9b, 0xd2, 0xfe, 0xfa, 0x5f, 0xfb, 0x1f, 0xfb, 0x1f, 0xfb, 0x1f, 0xfb,
    0x5f, 0xfb, 0x5f, 0xfb, 0x5f, 0xfb, 0x1f, 0xfb, 0xdb, 0xea, 0x15, 0xaa, 0x8e, 0x71, 0x09, 0x51,
    0x08, 0x41, 0x08, 0x41, 0x08, 0x41, 0xe7, 0x38, 0x07, 0x41, 0x08, 0x39, 0xe7, 0x38, 0xe7, 0x38,
    0xe7, 0x38, 0xe6, 0x30, 0xc6, 0x30, 0xc6, 0x30, 0xe6, 0x30, 0xc5, 0x30, 0xc5, 0x30, 0xe5, 0x28,
    0xa5, 0x28, 0xc5, 0x28, 0xc5, 0x28, 0xa5, 0x20, 0xc5, 0x20, 0xa4, 0x20, 0xa4, 0x20, 0xa4, 0x20,
    0xa4, 0x20, 0xa4, 0x20, 0xa4, 0x20, 0xa3, 0x18, 0xa3, 0x18, 0xa3, 0x18, 0x83, 0x18, 0x83, 0x18,
    0x83, 0x10, 0x83, 0x18, 0xa3, 0x18, 0x83, 0x10, 0x83, 0x10, 0x83, 0x10, 0x82, 0x10, 0x82, 0x10,
    0x82, 0x10, 0x82, 0x10, 0x82, 0x10, 0x82, 0x10, 0x61, 0x08, 0x61, 0x08, 0x61, 0x08, 0x61, 0x08,
    0x61, 0x08, 0x61, 0x08, 0x61, 0x08, 0x61, 0x08, 0x61, 0x08, 0x61, 0x08, 0x61, 0x08, 0x61, 0x08,
    0x61, 0x08, 0x61, 0x08, 0x61, 0x08, 0x61, 0x08, 0x61, 0x08, 0x61, 0x08, 0x61, 0x08, 0x61, 0x08,
    0x61, 0x08, 0x61, 0x08, 0x61, 0x08, 0x61, 0x08, 0x82, 0x10, 0x82, 0x10, 0x82, 0x10, 0x82, 0x10,
    0x82, 0x10, 0x83, 0x10, 0x83, 0x10, 0x83, 0x10, 0x83, 0x10, 0x83, 0x18, 0x83, 0x18, 0x83, 0x18,
    0x83, 0x18, 0xa3, 0x18, 0xa3, 0x18, 0xa4, 0x20, 0xa4, 0x18, 0xa4, 0x20, 0xa4, 0x20, 0xa4, 0x20,
    0xc4, 0x20, 0xa4, 0x20, 0xc5, 0x28, 0xc5, 0x28, 0xc5, 0x28, 0xc5, 0x28, 0xe5, 0x28, 0xc5, 0x30,
    0xc5, 0x30, 0xe6, 0x30, 0xe6, 0x30, 0xe6, 0x30, 0xe6, 0x30, 0xe7, 0x38, 0xe7, 0x38, 0xe7, 0x38,
    0xe7, 0x38, 0x08, 0x41, 0x07, 0x41, 0x08, 0x41, 0x08, 0x41, 0x29, 0x49, 0x6d, 0x69, 0x13, 0x9a,
    0xdb, 0xda, 0x1f, 0xfb, 0x5f, 0xfb, 0x5f, 0xfb, 0x1f, 0xfb, 0xff, 0xfa, 0x1f, 0xfb, 0x3f, 0xfb,
    0x1f, 0xfb, 0xfd, 0xea, 0x76, 0xba, 0xb0, 0x79, 0x4a, 0x51, 0x4a, 0x51, 0x4a, 0x51, 0x2a, 0x51,
    0x09, 0x51, 0x2a, 0x51, 0x2a, 0x49, 0x2a, 0x51, 0x0a, 0x51, 0x2a, 0x51, 0x2a, 0x51, 0x2a, 0x51,
    0x2a, 0x51, 0x2a, 0x51, 0x4a, 0x51, 0x2a, 0x51, 0x2b, 0x51, 0x2a, 0x51, 0x4a, 0x51, 0x78, 0xc2,
    0x1f, 0xfb, 0x5f, 0xfb, 0x5f, 0xfb, 0xfd, 0xea, 0x2a, 0x59, 0x07, 0x41, 0xe7, 0x38, 0xe7, 0x38,
    0xe6, 0x30, 0xc5, 0x30, 0xe5, 0x28, 0xc5, 0x28, 0xa4, 0x20, 0xa4, 0x20, 0xa4, 0x20, 0xa4, 0x20,
    0x83, 0x18, 0x83, 0x10, 0x83, 0x10, 0x83, 0x10, 0x83, 0x10, 0x83, 0x10, 0x82, 0x10, 0x82, 0x10,
    0x82, 0x10, 0x82, 0x10, 0x82, 0x10, 0x82, 0x10, 0x82, 0x10, 0x82, 0x10, 0x82, 0x10, 0x82, 0x10,
    0x82, 0x10, 0x82, 0x10, 0x82, 0x10, 0x82, 0x10, 0x82, 0x10, 0x82, 0x10, 0x82, 0x10, 0x82, 0x10,
    0x82, 0x10, 0x82, 0x10, 0x82, 0x10, 0x82, 0x10, 0x61, 0x08, 0x61, 0x08, 0x61, 0x08, 0x61, 0x08,
    0x61, 0x08, 0x82, 0x10, 0x82, 0x10, 0x82, 0x10, 0x82, 0x10, 0x82, 0x10, 0x82, 0x10, 0x83, 0x10,
    0x83, 0x18, 0x83, 0x18, 0xa3, 0x18, 0xa4, 0x18, 0xa4, 0x18, 0xa4, 0x20, 0xa4, 0x20, 0xa4, 0x20,
    0xc4, 0x20, 0xc5, 0x28, 0xc5, 0x28, 0xe5, 0x28, 0xc5, 0x30, 0xe5, 0x28, 0xe6, 0x30, 0xc6, 0x30,
    0xe7, 0x38, 0xe7, 0x38, 0xe7, 0x38, 0x08, 0x39, 0x08, 0x39, 0x08, 0x39, 0x08, 0x41, 0xe8, 0x40,
    0xe7, 0x40, 0x08, 0x41, 0x2a, 0x59, 0xb0, 0x89, 0x99, 0xca, 0x1f, 0xfb, 0x3f, 0xfb, 0x5f, 0xfb,
    0x1f, 0xfb, 0x5f, 0xfb, 0xff, 0xfa, 0x5f, 0xfb, 0x5f, 0xfb, 0x5f, 0xfb, 0x1e, 0xf3, 0xba, 0xd2,
    0xd1, 0x89, 0x2a, 0x49, 0x08, 0x41, 0xe7, 0x38, 0x08, 0x41, 0x08, 0x41, 0x07, 0x39, 0x07, 0x39,
    0xe8, 0x38, 0xe7, 0x38, 0xe6, 0x38, 0xe6, 0x38, 0xc6, 0x30, 0xc6, 0x30, 0xe6, 0x30, 0xc6, 0x30,
    0xc5, 0x30, 0xc5, 0x30, 0xc5, 0x28, 0xc5, 0x28, 0xc5, 0x28, 0xc5, 0x28, 0xc5, 0x28, 0xa4, 0x28,
    0xa4, 0x20, 0xa4, 0x20, 0xa4, 0x20, 0xa4, 0x20, 0xa4, 0x20, 0xa4, 0x18, 0xa3, 0x18, 0x83, 0x18,
    0x83, 0x18, 0xa3, 0x18, 0x83, 0x18, 0x83, 0x10, 0x83, 0x10, 0x83, 0x10, 0x83, 0x10, 0x83, 0x10,
    0x83, 0x10, 0x82, 0x10, 0x82, 0x10, 0x82, 0x10, 0x82, 0x10, 0x82, 0x10, 0x82, 0x10, 0x82, 0x10,
    0x61, 0x08, 0x61, 0x08, 0x61, 0x08, 0x61, 0x08, 0x61, 0x08, 0x61, 0x08, 0x61, 0x08, 0x61, 0x08,
    0x61, 0x08, 0x61, 0x08, 0x61, 0x08, 0x61, 0x08, 0x61, 0x08, 0x61, 0x08, 0x61, 0x08, 0x61, 0x08,
    0x82, 0x10, 0x82, 0x10, 0x82, 0x10, 0x82, 0x10, 0x82, 0x10, 0x82, 0x10, 0x82, 0x10, 0x82, 0x10,
    0x83, 0x10, 0x83, 0x10, 0x83, 0x10, 0x83, 0x10, 0x83, 0x10, 0x83, 0x10, 0xa3, 0x18, 0xa3, 0x18,
    0xa3, 0x18, 0xa4, 0x18, 0xa4, 0x18, 0xa4, 0x20, 0xa4, 0x20, 0xa4, 0x20, 0xa4, 0x20, 0xa4, 0x20,
    0xc5, 0x28, 0xc5, 0x28, 0xc5, 0x28, 0xc5, 0x28, 0xe5, 0x28, 0xc5, 0x30, 0xe6, 0x30, 0xc5, 0x30,
    0xe6, 0x30, 0xe7, 0x38, 0xe6, 0x38, 0xe7, 0x38, 0x07, 0x39, 0xe7, 0x38, 0x08, 0x39, 0x07, 0x39,
    0x08, 0x41, 0x08, 0x41, 0x08, 0x41, 0x08, 0x41, 0x6c, 0x61, 0x77, 0xba, 0xfd, 0xea, 0x1f, 0xfb,
    0x3f, 0xfb, 0x3f, 0xfb, 0x5f, 0xfb, 0x1f, 0xfb, 0x1f, 0xfb, 0x1f, 0xfb, 0x5f, 0xfb, 0xfd, 0xea,
    0x35, 0xa2, 0x6d, 0x69, 0x4c, 0x61, 0x2a, 0x51, 0x4a, 0x51, 0x2a, 0x49, 0x29, 0x51, 0x2a, 0x51,
    0x2a, 0x51, 0x2a, 0x51, 0x2a, 0x49, 0x2a, 0x49, 0x2a, 0x49, 0x0a, 0x51, 0x0a, 0x51, 0x2a, 0x51,
    0x2a, 0x49, 0x2a, 0x49, 0x0a, 0x51, 0x2b, 0x51, 0x4a, 0x51, 0x2a, 0x49, 0x2b, 0x51, 0x78, 0xc2,
    0xff, 0xfa, 0x3f, 0xfb, 0x1f, 0xfb, 0xfc, 0xe2, 0x2a, 0x59, 0x07, 0x39, 0xe7, 0x38, 0xe6, 0x30,
    0xe6, 0x30, 0xc5, 0x30, 0xc5, 0x28, 0xc5, 0x28, 0xa5, 0x20, 0xa4, 0x20, 0xa4, 0x20, 0xa4, 0x20,
    0x83, 0x18, 0x83, 0x10, 0x83, 0x10, 0x83, 0x10, 0x83, 0x10, 0x82, 0x10, 0x82, 0x10, 0x61, 0x08,
    0x82, 0x10, 0x82, 0x10, 0x82, 0x10, 0x82, 0x10, 0x82, 0x10, 0x82, 0x10, 0x82, 0x10, 0x82, 0x10,
    0x82, 0x10, 0x82, 0x10, 0x82, 0x10, 0x82, 0x10, 0x82, 0x10, 0x82, 0x10, 0x82, 0x10, 0x82, 0x10,
    0x82, 0x10, 0x82, 0x10, 0x82, 0x10, 0x82, 0x10, 0x61, 0x08, 0x61, 0x08, 0x61, 0x08, 0x61, 0x08,
    0x61, 0x08, 0x61, 0x08, 0x82, 0x10, 0x82, 0x10, 0x82, 0x10, 0x82, 0x10, 0x82, 0x10, 0x82, 0x10,
    0x83, 0x10, 0x83, 0x18, 0xa3, 0x18, 0xa4, 0x18, 0xa4, 0x18, 0xa4, 0x18, 0xa4, 0x20, 0xa4, 0x20,
    0xa4, 0x20, 0xa4, 0x28, 0xc5, 0x28, 0xc5, 0x28, 0xc5, 0x28, 0xe5, 0x28, 0xe6, 0x30, 0xe6, 0x30,
    0xe6, 0x30, 0xc6, 0x30, 0xe7, 0x38, 0xe7, 0x38, 0xe7, 0x30, 0xe7, 0x38, 0x08, 0x41, 0xe8, 0x38,
    0x08, 0x41, 0x08, 0x41, 0x08, 0x41, 0x08, 0x41, 0x08, 0x41, 0xae, 0x79, 0x36, 0xb2, 0xdc, 0xe2,
    0x1f, 0xfb, 0x1f, 0xfb, 0x5f, 0xfb, 0xff, 0xfa, 0x5f, 0xfb, 0x5f, 0xfb, 0x1f, 0xfb, 0x5f, 0xfb,
    0x1f, 0xfb, 0xba, 0xda, 0x14, 0x9a, 0x6d, 0x61, 0x08, 0x49, 0x08, 0x41, 0x08, 0x41, 0xe8, 0x38,
    0x07, 0x39, 0x07, 0x39, 0xe7, 0x38, 0xe6, 0x38, 0xc6, 0x30, 0xe6, 0x30, 0xe7, 0x38, 0xe6, 0x30,
    0xe6, 0x30, 0xe6, 0x30, 0xe5, 0x28, 0xc5, 0x30, 0xc5, 0x30, 0xc5, 0x28, 0xc5, 0x28, 0xc5, 0x28,
    0xa5, 0x20, 0xa5, 0x20, 0xa5, 0x20, 0xa4, 0x20, 0xa4, 0x20, 0xa4, 0x20, 0xa4, 0x18, 0xa4, 0x18,
    0xa4, 0x18, 0xa3, 0x18, 0xa3, 0x20, 0x83, 0x18, 0x83, 0x10, 0x83, 0x10, 0x83, 0x10, 0x83, 0x10,
    0x83, 0x10, 0x83, 0x10, 0x83, 0x10, 0x82, 0x10, 0x82, 0x10, 0x83, 0x10, 0x82, 0x10, 0x82, 0x10,
    0x82, 0x10, 0x61, 0x08, 0x61, 0x08, 0x61, 0x08, 0x61, 0x08, 0x61, 0x08, 0x61, 0x08, 0x61, 0x08,
    0x61, 0x08, 0x61, 0x08, 0x61, 0x08, 0x61, 0x08, 0x82, 0x10, 0x82, 0x10, 0x82, 0x10, 0x82, 0x10,
    0x82, 0x10, 0x82, 0x10, 0x82, 0x10, 0x82, 0x10, 0x82, 0x10, 0x82, 0x10, 0x82, 0x10, 0x83, 0x10,
    0x83, 0x10, 0x83, 0x10, 0x83, 0x10, 0x83, 0x18, 0x83, 0x18, 0x83, 0x18, 0xa3, 0x18, 0xa3, 0x18,
    0xa4, 0x18, 0xa4, 0x18, 0xa4, 0x20, 0xa3, 0x20, 0xa4, 0x20, 0xa4, 0x20, 0xa5, 0x20, 0xc5, 0x28,
    0xc5, 0x28, 0xc5, 0x28, 0xe5, 0x28, 0xe5, 0x28, 0xe6, 0x30, 0xe6, 0x30, 0xc6, 0x30, 0xc6, 0x30,
    0xe7, 0x38, 0xe7, 0x38, 0xe7, 0x38, 0xe7, 0x38, 0x08, 0x39, 0x07, 0x41, 0x08, 0x41, 0x08, 0x41,
    0x07, 0x41, 0x09, 0x51, 0x8d, 0x71, 0x56, 0xb2, 0xfd, 0xea, 0x3f, 0xfb, 0xff, 0xfa, 0x5f, 0xfb,
    0x1f, 0xfb, 0x1f, 0xfb, 0x5f, 0xfb, 0x3f, 0xfb, 0x1f, 0xfb, 0xdb, 0xe2, 0x35, 0xa2, 0x6d, 0x69,
    0x4a, 0x49, 0x4a, 0x49, 0x2a, 0x51, 0x2a, 0x49, 0x2a, 0x49, 0x2a, 0x51, 0x2a, 0x51, 0x2a, 0x51,
    0x2a, 0x49, 0x2a, 0x49, 0x2a, 0x51, 0x2a, 0x51, 0x2a, 0x51, 0x2a, 0x51, 0x4a, 0x51, 0x2a, 0x51,
    0x2a, 0x59, 0x2a, 0x51, 0x2a, 0x51, 0x6a, 0x51, 0x2a, 0x49, 0x2a, 0x49, 0xaf, 0x79, 0xdb, 0xda,
    0x3f, 0xfb, 0x5f, 0xfb, 0x5f, 0xfb, 0xfd, 0xea, 0x2a, 0x59, 0xe8, 0x38, 0xe7, 0x38, 0xe6, 0x30,
    0xc5, 0x30, 0xc5, 0x28, 0xc5, 0x28, 0xa5, 0x20, 0xa4, 0x20, 0xa4, 0x20, 0xa4, 0x20, 0xa3, 0x18,
    0x83, 0x18, 0x83, 0x10, 0x83, 0x10, 0x83, 0x10, 0x83, 0x10, 0x82, 0x10, 0x82, 0x10, 0x61, 0x08,
    0x82, 0x10, 0x82, 0x10, 0x82, 0x10, 0x82, 0x10, 0x82, 0x10, 0x82, 0x10, 0x82, 0x10, 0x82, 0x10,
    0x82, 0x10, 0x82, 0x10, 0x82, 0x10, 0x82, 0x10, 0x82, 0x10, 0x82, 0x10, 0x82, 0x10, 0x82, 0x10,
    0x82, 0x10, 0x82, 0x10, 0x82, 0x10, 0x82, 0x10, 0x61, 0x08, 0x61, 0x08, 0x61, 0x08, 0x61, 0x08,
    0x61, 0x08, 0x61, 0x08, 0x61, 0x08, 0x61, 0x08, 0x61, 0x08, 0x82, 0x10, 0x82, 0x10, 0x82, 0x10,
    0x82, 0x10, 0x83, 0x10, 0x83, 0x18, 0xa3, 0x18, 0xa3, 0x18, 0xa3, 0x18, 0xa4, 0x18, 0xa4, 0x18,
    0xa4, 0x20, 0xa4, 0x20, 0xa4, 0x20, 0xa5, 0x20, 0xc5, 0x28, 0xc5, 0x28, 0xc5, 0x28, 0xe5, 0x28,
    0xc5, 0x30, 0xe6, 0x30, 0xe6, 0x30, 0xc6, 0x30, 0xe7, 0x38, 0xe7, 0x30, 0xe7, 0x38, 0xe7, 0x30,
    0xe7, 0x38, 0xe7, 0x38, 0xe8, 0x38, 0x08, 0x41, 0x08, 0x41, 0x08, 0x41, 0x09, 0x49, 0x4c, 0x61,
    0xf2, 0x91, 0xba, 0xda, 0x3e, 0xf3, 0x5f, 0xfb, 0x3f, 0xfb, 0x5f, 0xfb, 0x1f, 0xfb, 0x5f, 0xfb,
    0x3f, 0xfb, 0x1f, 0xfb, 0x1f, 0xfb, 0xfc, 0xe2, 0x77, 0xba, 0xb0, 0x79, 0x29, 0x49, 0x08, 0x41,
    0x08, 0x41, 0x08, 0x41, 0xe8, 0x38, 0x08, 0x41, 0x07, 0x39, 0xe7, 0x38, 0xe6, 0x38, 0xe6, 0x38,
    0xc6, 0x30, 0xc6, 0x30, 0xe6, 0x30, 0xe6, 0x30, 0xe6, 0x30, 0xe5, 0x28, 0xc5, 0x30, 0xc5, 0x28,
    0xc5, 0x28, 0xc5, 0x28, 0xc5, 0x28, 0xa5, 0x20, 0xa5, 0x20, 0xa4, 0x20, 0xa4, 0x20, 0xa4, 0x20,
    0xa4, 0x20, 0xa4, 0x18, 0xa4, 0x18, 0xa3, 0x18, 0x83, 0x18, 0xa3, 0x18, 0x83, 0x18, 0xa3, 0x18,
    0x83, 0x18, 0x83, 0x18, 0x83, 0x18, 0x83, 0x10, 0x83, 0x10, 0x83, 0x10, 0x83, 0x10, 0x82, 0x10,
    0x83, 0x10, 0x82, 0x10, 0x82, 0x10, 0x82, 0x10, 0x82, 0x10, 0x82, 0x10, 0x82, 0x10, 0x82, 0x10,
    0x82, 0x10, 0x82, 0x10, 0x82, 0x10, 0x82, 0x10, 0x82, 0x10, 0x82, 0x10, 0x82, 0x10, 0x82, 0x10,
    0x83, 0x10, 0x83, 0x10, 0x82, 0x10, 0x82, 0x10, 0x83, 0x10, 0x83, 0x10, 0x83, 0x10, 0x83, 0x10,
    0x83, 0x18, 0x83, 0x18, 0xa3, 0x18, 0x83, 0x18, 0xa3, 0x18, 0xa4, 0x20, 0xa4, 0x20, 0xa4, 0x20,
    0xa4, 0x20, 0xa4, 0x20, 0xa4, 0x20, 0xa5, 0x20, 0xc5, 0x20, 0xc5, 0x28, 0xc5, 0x28, 0xc5, 0x28,
    0xc5, 0x30, 0xe5, 0x28, 0xe6, 0x30, 0xe6, 0x30, 0xe6, 0x30, 0xe6, 0x30, 0xe7, 0x38, 0xe7, 0x38,
    0xe7, 0x38, 0xe8, 0x38, 0x08, 0x41, 0x08, 0x41, 0x08, 0x41, 0x08, 0x41, 0x08, 0x41, 0x0a, 0x49,
    0xb0, 0x79, 0x78, 0xc2, 0xfd, 0xe2, 0x3f, 0xfb, 0xff, 0xfa, 0x5f, 0xfb, 0x5f, 0xfb, 0x5f, 0xfb,
    0x1f, 0xfb, 0x1f, 0xfb, 0x3e, 0xf3, 0x9b, 0xd2, 0xf2, 0x91, 0x6d, 0x69, 0x2a, 0x51, 0x2a, 0x49,
    0x2a, 0x51, 0x2a, 0x49, 0x2a, 0x51, 0x2a, 0x49, 0x2a, 0x49, 0x2a, 0x51, 0x0a, 0x49, 0x2a, 0x49,
    0x2a, 0x49, 0x2a, 0x51, 0x2a, 0x51, 0x2a, 0x51, 0x2a, 0x51, 0x2a, 0x51, 0x2a, 0x51, 0x2a, 0x49,
    0x2a, 0x51, 0x4a, 0x49, 0x29, 0x49, 0x4a, 0x49, 0xb0, 0x79, 0x77, 0xba, 0xfd, 0xea, 0x5f, 0xfb,
    0xff, 0xfa, 0x5f, 0xfb, 0x1f, 0xfb, 0xfc, 0xe2, 0x4a, 0x51, 0xe7, 0x38, 0xe7, 0x38, 0xe6, 0x30,
    0xe5, 0x28, 0xc5, 0x28, 0xc5, 0x28, 0xa5, 0x20, 0xa4, 0x20, 0xa4, 0x20, 0xa4, 0x20, 0x83, 0x18,
    0x83, 0x18, 0x83, 0x10, 0x83, 0x10, 0x83, 0x10, 0x82, 0x10, 0x82, 0x10, 0x82, 0x10, 0x61, 0x08,
    0x82, 0x10, 0x82, 0x10, 0x82, 0x10, 0x82, 0x10, 0x82, 0x10, 0x82, 0x10, 0x82, 0x10, 0x82, 0x10,
    0x82, 0x10, 0x82, 0x10, 0x82, 0x10, 0x82, 0x10, 0x82, 0x10, 0x82, 0x10, 0x82, 0x10, 0x82, 0x10,
    0x82, 0x10, 0x82, 0x10, 0x82, 0x10, 0x82, 0x10, 0x61, 0x08, 0x61, 0x08, 0x61, 0x08, 0x61, 0x08,
    0x61, 0x08, 0x61, 0x08, 0x61, 0x08, 0x61, 0x08, 0x61, 0x08, 0x61, 0x08, 0x82, 0x10, 0x82, 0x10,
    0x82, 0x10, 0x83, 0x10, 0x83, 0x10, 0x83, 0x18, 0x83, 0x18, 0xa3, 0x18, 0xa3, 0x18, 0xa3, 0x18,
    0xa3, 0x18, 0xa4, 0x20, 0xa4, 0x20, 0xa5, 0x20, 0xa5, 0x20, 0xa5, 0x20, 0xc5, 0x28, 0xc5, 0x28,
    0xc5, 0x28, 0xe5, 0x28, 0xe6, 0x30, 0xe6, 0x28, 0xe6, 0x30, 0xe6, 0x30, 0xe6, 0x30, 0xc6, 0x30,
    0xe7, 0x38, 0xe7, 0x38, 0xe8, 0x38, 0x08, 0x39, 0x08, 0x41, 0x07, 0x39, 0x28, 0x41, 0x08, 0x41,
    0x08, 0x39, 0x08, 0x41, 0xaf, 0x81, 0x98, 0xba, 0x1e, 0xf3, 0x1f, 0xfb, 0x1f, 0xfb, 0x5f, 0xfb,
    0xff, 0xfa, 0xff, 0xfa, 0x1f, 0xfb, 0x5f, 0xfb, 0xff, 0xfa, 0x1e, 0xfb, 0xda, 0xd2, 0xb0, 0x89,
    0x2b, 0x51, 0x08, 0x41, 0x07, 0x39, 0xe7, 0x40, 0x08, 0x41, 0x28, 0x39, 0x07, 0x39, 0xe7, 0x38,
    0xe7, 0x38, 0xe7, 0x38, 0xc6, 0x30, 0xe6, 0x30, 0xe6, 0x30, 0xe5, 0x28, 0xe6, 0x30, 0xc5, 0x30,
    0xe5, 0x28, 0xc5, 0x28, 0xc5, 0x28, 0xc5, 0x28, 0xc5, 0x28, 0xc5, 0x28, 0xa5, 0x20, 0xa4, 0x28,
    0xa4, 0x20, 0xa4, 0x20, 0xa4, 0x20, 0xa4, 0x20, 0xa4, 0x18, 0xa3, 0x18, 0x83, 0x18, 0xa3, 0x18,
    0xa3, 0x18, 0x83, 0x18, 0x83, 0x18, 0x83, 0x10, 0x83, 0x10, 0x83, 0x10, 0x83, 0x10, 0x83, 0x10,
    0x83, 0x10, 0x82, 0x10, 0x82, 0x10, 0x82, 0x10, 0x82, 0x10, 0x82, 0x10, 0x82, 0x10, 0x82, 0x10,
    0x82, 0x10, 0x82, 0x10, 0x82, 0x10, 0x82, 0x10, 0x82, 0x10, 0x82, 0x10, 0x83, 0x10, 0x83, 0x10,
    0x82, 0x10, 0x83, 0x10, 0x83, 0x10, 0x83, 0x10, 0x83, 0x10, 0x83, 0x10, 0x83, 0x10, 0x83, 0x18,
    0xa3, 0x18, 0x83, 0x18, 0xa3, 0x18, 0xa4, 0x18, 0xa4, 0x18, 0xa4, 0x20, 0xa4, 0x20, 0xa4, 0x20,
    0xa4, 0x20, 0xa5, 0x20, 0xc5, 0x28, 0xc5, 0x28, 0xc5, 0x28, 0xc5, 0x28, 0xe5, 0x28, 0xc6, 0x30,
    0xc5, 0x30, 0xe6, 0x30, 0xe6, 0x30, 0xe6, 0x30, 0xe6, 0x30, 0xe7, 0x38, 0xe7, 0x38, 0xe7, 0x38,
    0x08, 0x41, 0x08, 0x41, 0x08, 0x41, 0x08, 0x41, 0x08, 0x41, 0x29, 0x49, 0xcf, 0x71, 0xba, 0xd2,
    0x3e, 0xf3, 0x1f, 0xfb, 0x5f, 0xfb, 0x5f, 0xfb, 0xff, 0xfa, 0x1f, 0xfb, 0x1f, 0xfb, 0x1f, 0xfb,
    0xfe, 0xfa, 0xba, 0xd2, 0xf1, 0x91, 0x4b, 0x59, 0x29, 0x51, 0x4a, 0x49, 0x2a, 0x51, 0x2b, 0x51,
    0x0a, 0x49, 0x49, 0x49, 0x2a, 0x49, 0x0a, 0x49, 0x2a, 0x49, 0x2a, 0x49, 0x0a, 0x51, 0x2a, 0x51,
    0x2a, 0x51, 0x2a, 0x51, 0x4a, 0x51, 0x2a, 0x51, 0x2a, 0x51, 0x2a, 0x51, 0x09, 0x51, 0x29, 0x51,
    0x4a, 0x49, 0x2a, 0x59, 0xb0, 0x79, 0x99, 0xc2, 0xfe, 0xfa, 0xff, 0xfa, 0x1f, 0xfb, 0x1f, 0xfb,
    0xff, 0xfa, 0x1f, 0xfb, 0x5f, 0xfb, 0x99, 0xca, 0x0a, 0x49, 0xe6, 0x30, 0xe6, 0x30, 0xe6, 0x30,
    0xe5, 0x28, 0xc5, 0x28, 0xc5, 0x28, 0xa4, 0x20, 0xa4, 0x20, 0xa4, 0x20, 0xa4, 0x18, 0x83, 0x18,
    0x83, 0x10, 0x82, 0x10, 0x83, 0x10, 0x83, 0x10, 0x82, 0x10, 0x82, 0x10, 0x61, 0x08, 0x61, 0x08,
    0x82, 0x10, 0x82, 0x10, 0x82, 0x10, 0x82, 0x10, 0x82, 0x10, 0x82, 0x10, 0x82, 0x10, 0x82, 0x10,
    0x82, 0x10, 0x82, 0x10, 0x82, 0x10, 0x82, 0x10, 0x82, 0x10, 0x82, 0x10, 0x82, 0x10, 0x82, 0x10,
    0x82, 0x10, 0x82, 0x10, 0x82, 0x10, 0x82, 0x10, 0x61, 0x08, 0x61, 0x08, 0x61, 0x08, 0x61, 0x08,
    0x61, 0x08, 0x61, 0x08, 0x61, 0x08, 0x61, 0x08, 0x61, 0x08, 0x82, 0x10, 0x82, 0x10, 0x82, 0x10,
    0x82, 0x10, 0x82, 0x10, 0x83, 0x10, 0x83, 0x10, 0x83, 0x18, 0xa3, 0x18, 0x83, 0x10, 0xa3, 0x18,
    0xa4, 0x20, 0xa4, 0x20, 0xa4, 0x20, 0xa4, 0x20, 0xa4, 0x20, 0xa5, 0x20, 0xa5, 0x20, 0xc5, 0x28,
    0xc5, 0x28, 0xc5, 0x28, 0xa5, 0x28, 0xc5, 0x28, 0xe5, 0x28, 0xc6, 0x30, 0xc6, 0x30, 0xe6, 0x30,
    0xe6, 0x28, 0xc6, 0x30, 0xe6, 0x30, 0xe7, 0x38, 0xe7, 0x38, 0xe8, 0x38, 0x07, 0x39, 0x07, 0x39,
    0x08, 0x41, 0x08, 0x41, 0x08, 0x41, 0x29, 0x49, 0x8d, 0x71, 0x14, 0xa2, 0xba, 0xda, 0x1f, 0xfb,
    0x3f, 0xfb, 0x5f, 0xfb, 0x5f, 0xfb, 0x5f, 0xfb, 0x5f, 0xfb, 0x1f, 0xfb, 0x1f, 0xfb, 0x1f, 0xfb,
    0xba, 0xda, 0x35, 0xaa, 0x8e, 0x71, 0x08, 0x49, 0x07, 0x39, 0xe8, 0x40, 0xe8, 0x38, 0x07, 0x39,
    0x07, 0x39, 0x07, 0x39, 0xe7, 0x38, 0xe7, 0x38, 0xe7, 0x38, 0xe6, 0x30, 0xe6, 0x30, 0xe6, 0x30,
    0xc5, 0x30, 0xc5, 0x30, 0xe5, 0x28, 0xe5, 0x28, 0xc5, 0x28, 0xc5, 0x28, 0xc5, 0x28, 0xc5, 0x28,
    0xa4, 0x20, 0xa4, 0x20, 0xa4, 0x20, 0xa4, 0x20, 0xa4, 0x20, 0xa4, 0x20, 0xa4, 0x18, 0xa4, 0x18,
    0xa4, 0x20, 0xa3, 0x18, 0xa3, 0x18, 0xa3, 0x18, 0x83, 0x18, 0x83, 0x18, 0x83, 0x18, 0x83, 0x18,
    0x83, 0x10, 0x82, 0x10, 0x82, 0x10, 0x82, 0x10, 0x82, 0x10, 0x82, 0x10, 0x82, 0x10, 0x82, 0x10,
    0x82, 0x10, 0x82, 0x10, 0x82, 0x10, 0x82, 0x10, 0x83, 0x10, 0x83, 0x10, 0x83, 0x10, 0x83, 0x10,
    0x83, 0x10, 0x83, 0x10, 0x83, 0x18, 0x83, 0x18, 0x83, 0x18, 0x83, 0x18, 0x83, 0x18, 0xa3, 0x18,
    0xa4, 0x18, 0xa4, 0x18, 0xa4, 0x20, 0xa4, 0x20, 0xa4, 0x20, 0xa4, 0x20, 0xa4, 0x20, 0xc5, 0x28,
    0xc5, 0x28, 0xc5, 0x28, 0xc5, 0x28, 0xc5, 0x28, 0xc5, 0x28, 0xe5, 0x28, 0xc5, 0x30, 0xe6, 0x30,
    0xe6, 0x30, 0xe6, 0x30, 0xe6, 0x30, 0xe6, 0x38, 0xe7, 0x38, 0xe7, 0x38, 0xe8, 0x38, 0x08, 0x41,
    0x08, 0x41, 0x08, 0x41, 0x08, 0x41, 0x4c, 0x61, 0xf2, 0x91, 0xba, 0xd2, 0x1f, 0xfb, 0x1f, 0xfb,
    0x1f, 0xfb, 0xff, 0xfa, 0x3f, 0xfb, 0x1f, 0xfb, 0x5f, 0xfb, 0x1f, 0xfb, 0x1e, 0xf3, 0x78, 0xc2,
    0xd0, 0x81, 0x4b, 0x59, 0x4a, 0x51, 0x49, 0x49, 0x2a, 0x51, 0x4a, 0x49, 0x4a, 0x49, 0x2a, 0x51,
    0x2a, 0x51, 0x2a, 0x51, 0x2a, 0x51, 0x2a, 0x51, 0x2a, 0x51, 0x4a, 0x49, 0x29, 0x49, 0x2a, 0x51,
    0x2a, 0x51, 0x2a, 0x51, 0x2a, 0x51, 0x2a, 0x51, 0x2a, 0x51, 0x29, 0x51, 0x29, 0x49, 0x4b, 0x59,
    0xd2, 0x91, 0x99, 0xca, 0x1e, 0xf3, 0x1f, 0xfb, 0x5f, 0xfb, 0x1f, 0xfb, 0x5f, 0xfb, 0x1f, 0xfb,
    0x5f, 0xfb, 0x5f, 0xfb, 0xfd, 0xe2, 0xb0, 0x79, 0xe8, 0x38, 0xe6, 0x30, 0xe6, 0x30, 0xe6, 0x30,
    0xe5, 0x28, 0xc5, 0x28, 0xc5, 0x28, 0xa4, 0x20, 0xa4, 0x20, 0xa4, 0x20, 0xa3, 0x18, 0x83, 0x18,
    0x83, 0x10, 0x83, 0x10, 0x83, 0x10, 0x83, 0x10, 0x82, 0x10, 0x82, 0x10, 0x61, 0x08, 0x61, 0x08,
    0x82, 0x10, 0x82, 0x10, 0x82, 0x10, 0x82, 0x10, 0x82, 0x10, 0x82, 0x10, 0x82, 0x10, 0x82, 0x10,
    0x82, 0x10, 0x82, 0x10, 0x82, 0x10, 0x82, 0x10, 0x82, 0x10, 0x82, 0x10, 0x82, 0x10, 0x82, 0x10,
    0x82, 0x10, 0x82, 0x10, 0x82, 0x10, 0x82, 0x10, 0x82, 0x10, 0x82, 0x10, 0x82, 0x10, 0x82, 0x10,
    0x82, 0x10, 0x82, 0x10, 0x82, 0x10, 0x61, 0x08, 0x61, 0x08, 0x61, 0x08, 0x61, 0x08, 0x61, 0x08,
    0x82, 0x10, 0x82, 0x10, 0x82, 0x10, 0x82, 0x10, 0x82, 0x10, 0xa3, 0x18, 0x83, 0x10, 0x83, 0x18,
    0xa3, 0x18, 0xa3, 0x18, 0x83, 0x18, 0xa4, 0x20, 0xa4, 0x20, 0xa4, 0x20, 0xa4, 0x20, 0xa4, 0x20,
    0xc4, 0x20, 0xc5, 0x28, 0xc5, 0x28, 0xc5, 0x28, 0xc5, 0x28, 0xc5, 0x28, 0xc5, 0x30, 0xc6, 0x30,
    0xc5, 0x30, 0xe6, 0x30, 0xc6, 0x30, 0xc6, 0x30, 0xe7, 0x38, 0xe7, 0x38, 0xe7, 0x38, 0xe7, 0x38,
    0x07, 0x39, 0x07, 0x39, 0xe7, 0x38, 0x07, 0x41, 0x07, 0x41, 0x08, 0x41, 0x29, 0x49, 0xd0, 0x81,
    0xdb, 0xda, 0x1f, 0xfb, 0xff, 0xfa, 0x3f, 0xfb, 0x3f, 0xfb, 0x5f, 0xfb, 0x1f, 0xfb, 0x5f, 0xfb,
    0x5f, 0xfb, 0xff, 0xfa, 0xfe, 0xfa, 0x99, 0xc2, 0xb0, 0x79, 0x08, 0x41, 0xe7, 0x38, 0x08, 0x41,
    0x08, 0x41, 0x07, 0x41, 0x07, 0x41, 0xe7, 0x38, 0xe7, 0x38, 0xe6, 0x38, 0xe6, 0x38, 0xe7, 0x38,
    0xc6, 0x30, 0xe6, 0x30, 0xe6, 0x30, 0xe6, 0x30, 0xe6, 0x30, 0xc5, 0x30, 0xc5, 0x30, 0xc5, 0x30,
    0xc5, 0x28, 0xc5, 0x28, 0xc5, 0x28, 0xa4, 0x28, 0xa4, 0x28, 0xa4, 0x20, 0xa4, 0x20, 0xa4, 0x20,
    0xa4, 0x20, 0xa4, 0x20, 0xa4, 0x18, 0xa3, 0x18, 0xa3, 0x18, 0xa3, 0x18, 0x83, 0x18, 0x83, 0x18,
    0x83, 0x18, 0x83, 0x10, 0x83, 0x10, 0x83, 0x10, 0x83, 0x10, 0x83, 0x10, 0x83, 0x10, 0x83, 0x10,
    0x83, 0x10, 0x83, 0x10, 0x83, 0x10, 0x83, 0x10, 0x83, 0x10, 0x83, 0x10, 0x83, 0x10, 0x83, 0x10,
    0x83, 0x10, 0x83, 0x10, 0xa3, 0x18, 0xa3, 0x18, 0xa3, 0x18, 0xa4, 0x18, 0xa4, 0x18, 0xa4, 0x20,
    0xa3, 0x20, 0xa4, 0x20, 0xa4, 0x20, 0xa4, 0x20, 0xa4, 0x28, 0xa5, 0x20, 0xc5, 0x28, 0xc5, 0x28,
    0xa5, 0x28, 0xc5, 0x28, 0xe5, 0x28, 0xe6, 0x28, 0xe6, 0x30, 0xe6, 0x30, 0xc6, 0x30, 0xc6, 0x30,
    0xe6, 0x30, 0xe7, 0x30, 0xe7, 0x38, 0x07, 0x39, 0x07, 0x41, 0x08, 0x41, 0x08, 0x41, 0x09, 0x41,
    0x08, 0x41, 0x0a, 0x49, 0xf3, 0x99, 0xfd, 0xe2, 0x3f, 0xfb, 0xff, 0xfa, 0x5f, 0xfb, 0x5f, 0xfb,
    0x1f, 0xfb, 0x5f, 0xfb, 0x3f, 0xfb, 0x5f, 0xfb, 0x1e, 0xf3, 0x98, 0xba, 0x8e, 0x71, 0x09, 0x51,
    0x09, 0x51, 0x09, 0x51, 0x09, 0x51, 0x29, 0x51, 0x4a, 0x51, 0x2a, 0x51, 0x2a, 0x51, 0x2a, 0x51,
    0x2a, 0x51, 0x2a, 0x51, 0x2a, 0x51, 0x2a, 0x51, 0x2a, 0x51, 0x49, 0x49, 0x28, 0x49, 0x2a, 0x49,
    0x29, 0x49, 0x29, 0x49, 0x29, 0x49, 0x2a, 0x49, 0x09, 0x41, 0x4a, 0x51, 0xd0, 0x81, 0xfc, 0xda,
    0x1f, 0xfb, 0x5f, 0xfb, 0x1f, 0xfb, 0xff, 0xfa, 0x5f, 0xfb, 0x5f, 0xfb, 0xff, 0xfa, 0xff, 0xfa,
    0x3e, 0xf3, 0xb8, 0xca, 0x6d, 0x69, 0xe7, 0x30, 0xe6, 0x30, 0xe6, 0x30, 0xe6, 0x30, 0xc5, 0x30,
    0xc5, 0x28, 0xc5, 0x28, 0xa5, 0x20, 0xa4, 0x20, 0xa4, 0x20, 0xa4, 0x18, 0xa3, 0x18, 0x83, 0x18,
    0x83, 0x10, 0x83, 0x10, 0x82, 0x10, 0x82, 0x10, 0x82, 0x10, 0x82, 0x10, 0x61, 0x08, 0x61, 0x08,
    0x82, 0x10, 0x82, 0x10, 0x82, 0x10, 0x82, 0x10, 0x82, 0x10, 0x82, 0x10, 0x82, 0x10, 0x82, 0x10,
    0x82, 0x10, 0x82, 0x10, 0x82, 0x10, 0x82, 0x10, 0x82, 0x10, 0x82, 0x10, 0x82, 0x10, 0x82, 0x10,
    0x82, 0x10, 0x82, 0x10, 0x82, 0x10, 0x82, 0x10, 0x82, 0x10, 0x82, 0x10, 0x82, 0x10, 0x82, 0x10,
    0x82, 0x10, 0x82, 0x10, 0x61, 0x08, 0x61, 0x08, 0x61, 0x08, 0x61, 0x08, 0x61, 0x08, 0x61, 0x08,
    0x82, 0x10, 0x82, 0x10, 0x82, 0x10, 0x82, 0x10, 0x82, 0x10, 0x83, 0x10, 0x83, 0x10, 0x83, 0x10,
    0x83, 0x18, 0xa3, 0x18, 0xa3, 0x18, 0xa3, 0x18, 0xa4, 0x18, 0xa4, 0x20, 0xa4, 0x20, 0xa4, 0x20,
    0xa4, 0x20, 0xa5, 0x20, 0xa5, 0x20, 0xc5, 0x28, 0xc5, 0x28, 0xc5, 0x28, 0xa5, 0x28, 0xc5, 0x28,
    0xc5, 0x30, 0xc5, 0x30, 0xe6, 0x30, 0xe6, 0x30, 0xc6, 0x30, 0xc6, 0x30, 0xe6, 0x38, 0xe7, 0x38,
    0xe7, 0x38, 0xe7, 0x38, 0xe7, 0x38, 0xe7, 0x38, 0x08, 0x41, 0x08, 0x41, 0x08, 0x41, 0x08, 0x41,
    0x0a, 0x49, 0xaf, 0x79, 0x56, 0xb2, 0xfc, 0xe2, 0x1f, 0xfb, 0x5f, 0xfb, 0x5f, 0xfb, 0xff, 0xfa,
    0x5f, 0xfb, 0x1f, 0xfb, 0x1f, 0xfb, 0x5f, 0xfb, 0x1f, 0xfb, 0x9b, 0xd2, 0x13, 0x9a, 0x4c, 0x69,
    0x08, 0x41, 0xe7, 0x38, 0x08, 0x41, 0x07, 0x41, 0x07, 0x39, 0xe7, 0x38, 0xe7, 0x38, 0xc6, 0x30,
    0xe6, 0x30, 0xe6, 0x30, 0xc6, 0x30, 0xc6, 0x30, 0xc6, 0x30, 0xc5, 0x30, 0xc5, 0x30, 0xc5, 0x30,
    0xc5, 0x28, 0xa5, 0x28, 0xc5, 0x28, 0xc5, 0x28, 0xa5, 0x20, 0xa4, 0x28, 0xa4, 0x20, 0xc4, 0x20,
    0xa4, 0x20, 0xa4, 0x20, 0xa4, 0x20, 0xa4, 0x20, 0xa4, 0x18, 0xa3, 0x18, 0xa3, 0x18, 0xa3, 0x18,
    0xa3, 0x18, 0x83, 0x18, 0x83, 0x18, 0x83, 0x18, 0x83, 0x18, 0x83, 0x10, 0x83, 0x10, 0x83, 0x18,
    0x83, 0x18, 0x83, 0x18, 0x83, 0x18, 0x83, 0x18, 0x83, 0x10, 0x83, 0x10, 0x83, 0x18, 0x83, 0x10,
    0x83, 0x18, 0x83, 0x18, 0x84, 0x20, 0xa4, 0x18, 0xa4, 0x18, 0xa4, 0x20, 0xa4, 0x20, 0xa4, 0x20,
    0xa4, 0x20, 0xa4, 0x20, 0xa4, 0x20, 0xa4, 0x28, 0xa4, 0x28, 0xc5, 0x28, 0xa5, 0x28, 0xc5, 0x28,
    0xc5, 0x30, 0xc5, 0x30, 0xe6, 0x30, 0xc5, 0x30, 0xe6, 0x30, 0xc6, 0x30, 0xe7, 0x38, 0xe7, 0x38,
    0xe7, 0x38, 0xe7, 0x38, 0xe8, 0x38, 0x08, 0x39, 0x08, 0x41, 0x08, 0x41, 0x2a, 0x49, 0x6c, 0x61,
    0x13, 0xa2, 0xfc, 0xda, 0x1f, 0xfb, 0x1f, 0xfb, 0xff, 0xfa, 0xff, 0xfa, 0x1f, 0xfb, 0x1f, 0xfb,
    0x5f, 0xfb, 0x1f, 0xfb, 0xdd, 0xe2, 0x56, 0xb2, 0xaf, 0x79, 0x2a, 0x51, 0x4a, 0x49, 0x29, 0x49,
    0x29, 0x49, 0x29, 0x49, 0x29, 0x49, 0x29, 0x49, 0x2a, 0x49, 0x2a, 0x49, 0x2a, 0x49, 0x2a, 0x49,
    0x2a, 0x49, 0x2a, 0x49, 0x4a, 0x49, 0x29, 0x49, 0x4a, 0x49, 0x2a, 0x51, 0x2a, 0x49, 0x29, 0x49,
    0x2a, 0x49, 0x2a, 0x51, 0x29, 0x49, 0x4c, 0x69, 0xf2, 0x99, 0x9a, 0xd2, 0x1f, 0xfb, 0x3f, 0xfb,
    0x1f, 0xfb, 0x1f, 0xfb, 0x5f, 0xfb, 0x3f, 0xfb, 0x3f, 0xfb, 0x5f, 0xfb, 0xfd, 0xea, 0x77, 0xba,
    0xae, 0x79, 0x09, 0x49, 0xe7, 0x38, 0xe7, 0x40, 0xe6, 0x30, 0xe6, 0x30, 0xe6, 0x30, 0xc5, 0x30,
    0xc5, 0x28, 0xc5, 0x28, 0xa4, 0x20, 0xa4, 0x20, 0xa4, 0x20, 0xa4, 0x18, 0x83, 0x18, 0x83, 0x10,
    0x83, 0x10, 0x83, 0x10, 0x82, 0x10, 0x82, 0x10, 0x82, 0x10, 0x82, 0x10, 0x61, 0x08, 0x61, 0x08,
    0x82, 0x10, 0x82, 0x10, 0x82, 0x10, 0x82, 0x10, 0x82, 0x10, 0x82, 0x10, 0x82, 0x10, 0x82, 0x10,
    0x82, 0x10, 0x82, 0x10, 0x82, 0x10, 0x82, 0x10, 0x82, 0x10, 0x82, 0x10, 0x82, 0x10, 0x82, 0x10,
    0x82, 0x10, 0x82, 0x10, 0x82, 0x10, 0x82, 0x10, 0x82, 0x10, 0x82, 0x10, 0x82, 0x10, 0x82, 0x10,
    0x82, 0x10, 0x82, 0x10, 0x61, 0x08, 0x61, 0x08, 0x61, 0x08, 0x61, 0x08, 0x61, 0x08, 0x61, 0x08,
    0x82, 0x10, 0x82, 0x10, 0x82, 0x10, 0x82, 0x10, 0x82, 0x10, 0x83, 0x10, 0x83, 0x10, 0x83, 0x10,
    0x83, 0x10, 0x83, 0x10, 0x83, 0x10, 0x83, 0x18, 0x83, 0x18, 0xa3, 0x18, 0xa4, 0x20, 0xa4, 0x18,
    0xa4, 0x20, 0xa4, 0x20, 0xa4, 0x20, 0xa5, 0x20, 0xa5, 0x20, 0xa5, 0x20, 0xc5, 0x28, 0xc5, 0x28,
    0xc5, 0x28, 0xc5, 0x28, 0xc5, 0x30, 0xc5, 0x30, 0xc5, 0x30, 0xc6, 0x30, 0xe6, 0x30, 0xc6, 0x30,
    0xc6, 0x30, 0xe7, 0x38, 0xe7, 0x38, 0xe7, 0x38, 0xe7, 0x38, 0xe7, 0x38, 0x07, 0x39, 0xe7, 0x38,
    0xe7, 0x38, 0xe7, 0x40, 0xe8, 0x48, 0x4b, 0x59, 0x13, 0xa2, 0xba, 0xda, 0x1f, 0xfb, 0x5f, 0xfb,
    0x1f, 0xfb, 0x5f, 0xfb, 0x1f, 0xfb, 0x5f, 0xfb, 0x1f, 0xfb, 0x1f, 0xfb, 0x3f, 0xfb, 0xfd, 0xe2,
    0x78, 0xc2, 0x8e, 0x71, 0x08, 0x41, 0x07, 0x39, 0x08, 0x41, 0x08, 0x41, 0x08, 0x41, 0xe7, 0x40,
    0xe7, 0x40, 0xe7, 0x38, 0xe7, 0x38, 0xe6, 0x38, 0xe7, 0x38, 0xc6, 0x30, 0xe6, 0x30, 0xe6, 0x30,
    0xc5, 0x30, 0xc5, 0x30, 0xc5, 0x28, 0xa5, 0x28, 0xc5, 0x28, 0xc5, 0x28, 0xc5, 0x28, 0xc5, 0x28,
    0xa5, 0x20, 0xa4, 0x20, 0xa4, 0x20, 0xa4, 0x20, 0xa4, 0x20, 0xa4, 0x20, 0xa4, 0x18, 0xa3, 0x18,
    0xa4, 0x18, 0x83, 0x18, 0x83, 0x18, 0x83, 0x18, 0x83, 0x18, 0x83, 0x18, 0x83, 0x18, 0x83, 0x18,
    0x83, 0x18, 0x83, 0x18, 0x83, 0x18, 0x83, 0x18, 0xa3, 0x18, 0xa3, 0x18, 0x83, 0x18, 0xa3, 0x18,
    0xa3, 0x18, 0xa3, 0x18, 0xa4, 0x20, 0xa4, 0x20, 0xa4, 0x20, 0xa4, 0x20, 0xa4, 0x20, 0xa4, 0x20,
    0xa4, 0x28, 0xa4, 0x28, 0xc5, 0x28, 0xc5, 0x28, 0xc5, 0x28, 0xc5, 0x30, 0xc5, 0x30, 0xc5, 0x30,
    0xe6, 0x30, 0xe6, 0x30, 0xe6, 0x30, 0xc6, 0x30, 0xe7, 0x38, 0xe7, 0x38, 0xe7, 0x38, 0x07, 0x39,
    0x28, 0x39, 0xe7, 0x38, 0x08, 0x41, 0x08, 0x41, 0x08, 0x41, 0x4c, 0x61, 0x56, 0xb2, 0xfd, 0xf2,
    0x1f, 0xfb, 0x1f, 0xfb, 0x5f, 0xfb, 0x1f, 0xfb, 0x5f, 0xfb, 0x1f, 0xfb, 0x1f, 0xfb, 0x1f, 0xfb,
    0xfd, 0xea, 0x14, 0xa2, 0x6c, 0x61, 0x49, 0x49, 0x2a, 0x49, 0x4a, 0x49, 0x2a, 0x49, 0x2a, 0x49,
    0x2a, 0x49, 0x0a, 0x49, 0x2a, 0x49, 0x2a, 0x49, 0x2a, 0x49, 0x2a, 0x49, 0x2a, 0x49, 0x2a, 0x49,
    0x2a, 0x49, 0x0a, 0x49, 0x09, 0x51, 0x2a, 0x49, 0x2a, 0x49, 0x29, 0x49, 0x2a, 0x49, 0x29, 0x49,
    0x28, 0x49, 0x6b, 0x61, 0x14, 0xa2, 0xfc, 0xe2, 0x1f, 0xfb, 0xff, 0xfa, 0x3f, 0xfb, 0x5f, 0xfb,
    0x1f, 0xfb, 0x3f, 0xfb, 0x3f, 0xfb, 0x5f, 0xfb, 0xfd, 0xea, 0x56, 0xb2, 0x4c, 0x61, 0x09, 0x49,
    0x08, 0x39, 0xe7, 0x38, 0xe7, 0x30, 0xe6, 0x30, 0xc6, 0x30, 0xe5, 0x28, 0xe5, 0x28, 0xc5, 0x28,
    0xc5, 0x28, 0xa4, 0x20, 0xa4, 0x20, 0xa4, 0x20, 0xa4, 0x18, 0xa3, 0x18, 0x83, 0x18, 0x83, 0x10,
    0x83, 0x10, 0x83, 0x10, 0x82, 0x10, 0x61, 0x08, 0x61, 0x08, 0x61, 0x08, 0x61, 0x08, 0x61, 0x08,
    0x82, 0x10, 0x82, 0x10, 0x82, 0x10, 0x82, 0x10, 0x82, 0x10, 0x82, 0x10, 0x82, 0x10, 0x82, 0x10,
    0x82, 0x10, 0x82, 0x10, 0x82, 0x10, 0x82, 0x10, 0x82, 0x10, 0x82, 0x10, 0x82, 0x10, 0x82, 0x10,
    0x82, 0x10, 0x82, 0x10, 0x82, 0x10, 0x82, 0x10, 0x82, 0x10, 0x82, 0x10, 0x82, 0x10, 0x82, 0x10,
    0x82, 0x10, 0x82, 0x10, 0x61, 0x08, 0x61, 0x08, 0x61, 0x08, 0x61, 0x08, 0x61, 0x08, 0x61, 0x08,
    0x61, 0x08, 0x61, 0x08, 0x82, 0x10, 0x82, 0x10, 0x82, 0x10, 0x82, 0x10, 0x82, 0x10, 0x83, 0x10,
    0x83, 0x10, 0x83, 0x10, 0x83, 0x10, 0x83, 0x10, 0xa3, 0x18, 0x83, 0x18, 0x83, 0x18, 0xa3, 0x18,
    0xa4, 0x20, 0xa4, 0x20, 0xa4, 0x20, 0xa4, 0x20, 0xa4, 0x20, 0xa4, 0x20, 0xa4, 0x20, 0xa4, 0x20,
    0xa5, 0x20, 0xc5, 0x28, 0xc5, 0x28, 0xc5, 0x28, 0xc5, 0x30, 0xc5, 0x30, 0xe6, 0x30, 0xe6, 0x30,
    0xe6, 0x30, 0xe6, 0x30, 0xe6, 0x30, 0xe6, 0x30, 0xe7, 0x38, 0xe7, 0x38, 0xe7, 0x38, 0xe7, 0x38,
    0xe8, 0x38, 0x07, 0x41, 0x08, 0x41, 0x08, 0x41, 0x07, 0x41, 0x2a, 0x49, 0xb0, 0x89, 0x78, 0xc2,
    0xfd, 0xe2, 0x1f, 0xfb, 0x5f, 0xfb, 0xff, 0xfa, 0x1f, 0xfb, 0x1f, 0xfb, 0xff, 0xfa, 0x3f, 0xfb,
    0x5f, 0xfb, 0x1e, 0xf3, 0x99, 0xca, 0xd1, 0x89, 0x4b, 0x59, 0x08, 0x41, 0x08, 0x41, 0x07, 0x41,
    0x07, 0x39, 0xe7, 0x38, 0xe8, 0x38, 0xe7, 0x38, 0xe7, 0x38, 0xe7, 0x38, 0xe7, 0x38, 0xc6, 0x30,
    0xe6, 0x30, 0xe6, 0x30, 0xe6, 0x30, 0xc5, 0x30, 0xc5, 0x30, 0xc5, 0x30, 0xc5, 0x28, 0xc5, 0x28,
    0xc5, 0x28, 0xc5, 0x28, 0xc5, 0x28, 0xa4, 0x20, 0xa4, 0x20, 0x84, 0x20, 0xa4, 0x20, 0xa4, 0x20,
    0xa4, 0x20, 0xa4, 0x20, 0xa3, 0x18, 0xa3, 0x18, 0x83, 0x18, 0x83, 0x18, 0x83, 0x18, 0xa3, 0x18,
    0x83, 0x18, 0xa3, 0x18, 0xa3, 0x18, 0xa3, 0x18, 0xa3, 0x18, 0xa3, 0x18, 0xa3, 0x18, 0xa4, 0x18,
    0xa4, 0x20, 0xa4, 0x20, 0xa4, 0x20, 0xa4, 0x20, 0xa4, 0x20, 0xa5, 0x20, 0xa5, 0x20, 0xc5, 0x28,
    0xc5, 0x28, 0xc5, 0x28, 0xc5, 0x28, 0xc5, 0x30, 0xc5, 0x30, 0xc5, 0x30, 0xc5, 0x30, 0xc6, 0x30,
    0xc6, 0x30, 0xc6, 0x30, 0xe7, 0x38, 0x08, 0x39, 0xe7, 0x30, 0xe7, 0x38, 0x07, 0x39, 0x08, 0x41,
    0x08, 0x41, 0xe8, 0x40, 0x0a, 0x49, 0x8d, 0x71, 0x77, 0xba, 0xfd, 0xea, 0x5f, 0xfb, 0x5f, 0xfb,
    0x1f, 0xfb, 0x3f, 0xfb, 0x1f, 0xfb, 0x1f, 0xfb, 0x5f, 0xfb, 0x1f, 0xfb, 0x9b, 0xd2, 0x13, 0xa2,
    0x4c, 0x69, 0x2a, 0x49, 0x0a, 0x49, 0x2a, 0x49, 0x2a, 0x49, 0x2a, 0x49, 0x2a, 0x49, 0x0a, 0x49,
    0x2a, 0x49, 0x2a, 0x49, 0x2a, 0x49, 0x2a, 0x49, 0x29, 0x49, 0x09, 0x51, 0x29, 0x49, 0x29, 0x49,
    0x29, 0x49, 0x29, 0x49, 0x29, 0x49, 0x29, 0x49, 0x29, 0x49, 0x29, 0x49, 0x4a, 0x49, 0x6d, 0x69,
    0x14, 0xa2, 0xdd, 0xe2, 0x5f, 0xfb, 0x5f, 0xfb, 0x5f, 0xfb, 0x5f, 0xfb, 0x1f, 0xfb, 0x3f, 0xfb,
    0x1f, 0xfb, 0x1f, 0xfb, 0xfc, 0xda, 0x35, 0xaa, 0x6c, 0x61, 0xe8, 0x38, 0x08, 0x41, 0xe6, 0x38,
    0xe8, 0x38, 0xe6, 0x38, 0xe6, 0x30, 0xc6, 0x30, 0xc6, 0x30, 0xa5, 0x28, 0xc5, 0x28, 0xa5, 0x28,
    0xc5, 0x20, 0xa4, 0x20, 0xa4, 0x20, 0xa4, 0x18, 0x83, 0x18, 0xa3, 0x18, 0x83, 0x10, 0x83, 0x10,
    0x83, 0x10, 0x82, 0x10, 0x82, 0x10, 0x82, 0x10, 0x61, 0x08, 0x61, 0x08, 0x61, 0x08, 0x61, 0x08,
    0x82, 0x10, 0x82, 0x10, 0x82, 0x10, 0x82, 0x10, 0x82, 0x10, 0x82, 0x10, 0x82, 0x10, 0x82, 0x10,
    0x82, 0x10, 0x82, 0x10, 0x82, 0x10, 0x82, 0x10, 0x82, 0x10, 0x82, 0x10, 0x82, 0x10, 0x82, 0x10,
    0x82, 0x10, 0x82, 0x10, 0x82, 0x10, 0x82, 0x10, 0x82, 0x10, 0x82, 0x10, 0x82, 0x10, 0x82, 0x10,
    0x82, 0x10, 0x82, 0x10, 0x82, 0x10, 0x61, 0x08, 0x61, 0x08, 0x61, 0x08, 0x61, 0x08, 0x61, 0x08,
    0x61, 0x08, 0x61, 0x08, 0x61, 0x08, 0x82, 0x10, 0x82, 0x10, 0x82, 0x10, 0x82, 0x10, 0x82, 0x10,
    0x83, 0x10, 0x83, 0x10, 0x83, 0x10, 0x83, 0x10, 0x83, 0x10, 0x83, 0x18, 0x83, 0x18, 0x83, 0x18,
    0x83, 0x18, 0xa3, 0x18, 0xa4, 0x18, 0xa4, 0x18, 0xa4, 0x20, 0xa4, 0x20, 0xa4, 0x20, 0xa4, 0x20,
    0xa4, 0x20, 0xa4, 0x20, 0xa4, 0x28, 0xc5, 0x28, 0xc5, 0x28, 0xa5, 0x28, 0xc5, 0x28, 0xc5, 0x30,
    0xc5, 0x30, 0xc5, 0x30, 0xe6, 0x30, 0xe6, 0x30, 0xe6, 0x30, 0xe6, 0x30, 0xe7, 0x38, 0xe7, 0x38,
    0xe7, 0x38, 0xe7, 0x30, 0xe6, 0x30, 0x08, 0x41, 0x08, 0x41, 0x08, 0x41, 0x08, 0x41, 0x29, 0x49,
    0x6d, 0x69, 0x13, 0xa2, 0xfc, 0xe2, 0x3e, 0xf3, 0xff, 0xfa, 0x1f, 0xfb, 0x1f, 0xfb, 0x1f, 0xfb,
    0x1f, 0xfb, 0xff, 0xfa, 0x5f, 0xfb, 0x3e, 0xf3, 0xdc, 0xe2, 0x35, 0xaa, 0x6d, 0x69, 0x08, 0x41,
    0x08, 0x41, 0x08, 0x41, 0x07, 0x39, 0x08, 0x41, 0x07, 0x41, 0xe7, 0x38, 0xe7, 0x38, 0xe7, 0x38,
    0xe6, 0x38, 0xe7, 0x38, 0xe6, 0x30, 0xe6, 0x30, 0xe6, 0x30, 0xe6, 0x30, 0xc5, 0x30, 0xc5, 0x30,
    0xe5, 0x28, 0xc5, 0x28, 0xc5, 0x28, 0xc5, 0x28, 0xa5, 0x20, 0xa5, 0x20, 0xa4, 0x28, 0xa4, 0x20,
    0xa4, 0x20, 0xa4, 0x20, 0xa4, 0x20, 0xa4, 0x20, 0xa4, 0x20, 0xa4, 0x20, 0xa4, 0x20, 0xa4, 0x20,
    0xa4, 0x20, 0xa4, 0x20, 0xa4, 0x20, 0xa4, 0x20, 0xa4, 0x18, 0xa4, 0x20, 0xa4, 0x20, 0xa4, 0x18,
    0xa4, 0x20, 0xa4, 0x20, 0xa4, 0x20, 0xa5, 0x20, 0xc5, 0x28, 0xc5, 0x28, 0xc5, 0x28, 0xc5, 0x28,
    0xc5, 0x28, 0xc5, 0x30, 0xc5, 0x30, 0xe6, 0x30, 0xe6, 0x30, 0xe6, 0x30, 0xc6, 0x30, 0xe7, 0x38,
    0xe7, 0x38, 0xe7, 0x30, 0x07, 0x39, 0x08, 0x41, 0x07, 0x39, 0x08, 0x41, 0xe8, 0x40, 0xe8, 0x40,
    0x08, 0x41, 0xb0, 0x79, 0xb8, 0xca, 0xfd, 0xea, 0x3f, 0xfb, 0x5f, 0xfb, 0x5f, 0xfb, 0xff, 0xfa,
    0x5f, 0xfb, 0x1f, 0xfb, 0xff, 0xfa, 0x1f, 0xfb, 0xda, 0xd2, 0xd1, 0x89, 0x6b, 0x61, 0x2a, 0x49,
    0x09, 0x41, 0x2a, 0x49, 0x29, 0x49, 0x2a, 0x49, 0x2a, 0x49, 0x29, 0x49, 0x29, 0x49, 0x29, 0x49,
    0x28, 0x49, 0x29, 0x49, 0x28, 0x49, 0x29, 0x49, 0x29, 0x49, 0x29, 0x49, 0x29, 0x49, 0x29, 0x49,
    0x29, 0x49, 0x29, 0x49, 0x09, 0x49, 0x29, 0x49, 0x29, 0x49, 0x8d, 0x71, 0x76, 0xba, 0xfd, 0xf2,
    0x3f, 0xfb, 0x5f, 0xfb, 0x5f, 0xfb, 0x5f, 0xfb, 0x1f, 0xfb, 0x5f, 0xfb, 0x5f, 0xfb, 0xff, 0xfa,
    0x9a, 0xd2, 0xb0, 0x89, 0x6c, 0x59, 0xe8, 0x40, 0x07, 0x41, 0x07, 0x39, 0xe7, 0x38, 0xe7, 0x38,
    0xe6, 0x38, 0xc6, 0x30, 0xc6, 0x30, 0xe6, 0x30, 0xc6, 0x30, 0xc5, 0x28, 0xc5, 0x28, 0xc5, 0x20,
    0xa4, 0x20, 0xa4, 0x20, 0xa4, 0x20, 0xa3, 0x18, 0xa3, 0x18, 0x83, 0x18, 0x83, 0x10, 0x83, 0x10,
    0x83, 0x10, 0x82, 0x10, 0x82, 0x10, 0x82, 0x10, 0x61, 0x08, 0x61, 0x08, 0x61, 0x08, 0x61, 0x08,
    0x82, 0x10, 0x82, 0x10, 0x82, 0x10, 0x82, 0x10, 0x82, 0x10, 0x82, 0x10, 0x82, 0x10, 0x82, 0x10,
    0x82, 0x10, 0x82, 0x10, 0x82, 0x10, 0x82, 0x10, 0x82, 0x10, 0x82, 0x10, 0x82, 0x10, 0x82, 0x10,
    0x82, 0x10, 0x82, 0x10, 0x82, 0x10, 0x82, 0x10, 0x82, 0x10, 0x82, 0x10, 0x82, 0x10, 0x82, 0x10,
    0x82, 0x10, 0x82, 0x10, 0x82, 0x10, 0x61, 0x08, 0x61, 0x08, 0x61, 0x08, 0x61, 0x08, 0x61, 0x08,
    0x61, 0x08, 0x61, 0x08, 0x61, 0x08, 0x82, 0x10, 0x82, 0x10, 0x82, 0x10, 0x82, 0x10, 0x82, 0x10,
    0x82, 0x10, 0x82, 0x18, 0x82, 0x18, 0x83, 0x10, 0x83, 0x10, 0x83, 0x10, 0x83, 0x18, 0x83, 0x18,
    0x83, 0x18, 0xa3, 0x18, 0x83, 0x18, 0xa4, 0x18, 0xa4, 0x18, 0xa4, 0x20, 0xa4, 0x20, 0xa4, 0x20,
    0xa4, 0x20, 0xa4, 0x20, 0xa4, 0x20, 0xa4, 0x20, 0xa4, 0x28, 0xc5, 0x28, 0xa5, 0x28, 0xa5, 0x28,
    0xa5, 0x28, 0xe5, 0x28, 0xe5, 0x28, 0xc5, 0x30, 0xe6, 0x30, 0xe6, 0x30, 0xe6, 0x30, 0xe6, 0x30,
    0xe6, 0x30, 0xc6, 0x30, 0xe7, 0x38, 0xe7, 0x38, 0x08, 0x39, 0xe7, 0x38, 0x07, 0x39, 0x07, 0x39,
    0x08, 0x41, 0x07, 0x41, 0x09, 0x51, 0x13, 0x9a, 0x9b, 0xd2, 0x1e, 0xf3, 0x3f, 0xfb, 0x1f, 0xfb,
    0x1f, 0xfb, 0x5f, 0xfb, 0x5f, 0xfb, 0x5f, 0xfb, 0x5f, 0xfb, 0x3f, 0xfb, 0x1e, 0xf3, 0x78, 0xc2,
    0xaf, 0x79, 0x09, 0x51, 0x08, 0x41, 0x08, 0x41, 0x08, 0x41, 0x07, 0x41, 0xe7, 0x38, 0xe7, 0x38,
    0xe6, 0x38, 0xe7, 0x38, 0xc6, 0x30, 0xe6, 0x30, 0xc6, 0x30, 0xe6, 0x30, 0xe6, 0x30, 0xc5, 0x30,
    0xe5, 0x28, 0xc5, 0x30, 0xe5, 0x28, 0xa5, 0x28, 0xc5, 0x28, 0xc5, 0x28, 0xc5, 0x28, 0xa4, 0x28,
    0xc4, 0x20, 0xa4, 0x20, 0xa3, 0x20, 0xa4, 0x20, 0xa4, 0x20, 0xa4, 0x20, 0xa4, 0x20, 0xa4, 0x20,
    0xa4, 0x20, 0xa4, 0x20, 0xa4, 0x20, 0xa4, 0x18, 0xa4, 0x20, 0xa4, 0x20, 0xa4, 0x20, 0xa4, 0x20,
    0xa4, 0x20, 0xa4, 0x20, 0xc5, 0x28, 0xc5, 0x28, 0xc5, 0x28, 0xc5, 0x28, 0xc5, 0x28, 0xc5, 0x30,
    0xe5, 0x28, 0xc5, 0x30, 0xe6, 0x30, 0xe6, 0x30, 0xe6, 0x30, 0xe7, 0x38, 0xe7, 0x38, 0xe7, 0x38,
    0x08, 0x39, 0x07, 0x39, 0x07, 0x41, 0x08, 0x41, 0x07, 0x39, 0x29, 0x41, 0x0a, 0x51, 0xcf, 0x71,
    0xdc, 0xe2, 0x1e, 0xf3, 0x3f, 0xfb, 0x5f, 0xfb, 0x5f, 0xfb, 0x1f, 0xfb, 0x1f, 0xfb, 0x3f, 0xfb,
    0x5f, 0xfb, 0x1f, 0xfb, 0xba, 0xd2, 0xd0, 0x81, 0x0a, 0x51, 0x29, 0x49, 0x09, 0x51, 0x09, 0x51,
    0x29, 0x49, 0x09, 0x49, 0x29, 0x49, 0x29, 0x49, 0x29, 0x49, 0x28, 0x49, 0x08, 0x49, 0x29, 0x49,
    0x29, 0x49, 0x29, 0x49, 0x28, 0x49, 0x29, 0x49, 0x08, 0x49, 0x28, 0x49, 0x08, 0x49, 0x08, 0x49,
    0x09, 0x49, 0x09, 0x49, 0x29, 0x49, 0x6d, 0x69, 0x77, 0xba, 0x3e, 0xf3, 0x5f, 0xfb, 0xff, 0xfa,
    0x1f, 0xfb, 0x1f, 0xfb, 0x3f, 0xfb, 0x1f, 0xfb, 0x5f, 0xfb, 0xfd, 0xe2, 0xba, 0xd2, 0x6d, 0x69,
    0x28, 0x41, 0x07, 0x41, 0x08, 0x41, 0x07, 0x39, 0xe7, 0x38, 0x08, 0x39, 0xe7, 0x38, 0xe6, 0x38,
    0xe6, 0x28, 0xe6, 0x30, 0xe6, 0x30, 0xc6, 0x30, 0xa5, 0x28, 0xa5, 0x28, 0xa5, 0x20, 0xa5, 0x20,
    0xa4, 0x20, 0xa4, 0x20, 0xa4, 0x18, 0x83, 0x18, 0x83, 0x10, 0x83, 0x18, 0x83, 0x10, 0x83, 0x10,
    0x83, 0x10, 0x82, 0x10, 0x82, 0x10, 0x82, 0x10, 0x61, 0x08, 0x61, 0x08, 0x61, 0x08, 0x61, 0x08,
    0x82, 0x10, 0x82, 0x10, 0x82, 0x10, 0x82, 0x10, 0x82, 0x10, 0x82, 0x10, 0x82, 0x10, 0x82, 0x10,
    0x82, 0x10, 0x82, 0x10, 0x82, 0x10, 0x82, 0x10, 0x82, 0x10, 0x82, 0x10, 0x82, 0x10, 0x82, 0x10,
    0x82, 0x10, 0x82, 0x10, 0x82, 0x10, 0x82, 0x10, 0x82, 0x10, 0x82, 0x10, 0x82, 0x10, 0x82, 0x10,
    0x82, 0x10, 0x82, 0x10, 0x82, 0x10, 0x82, 0x10, 0x82, 0x10, 0x82, 0x10, 0x82, 0x10, 0x82, 0x10,
    0x61, 0x08, 0x61, 0x08, 0x61, 0x08, 0x61, 0x08, 0x61, 0x08, 0x61, 0x08, 0x61, 0x08, 0x61, 0x08,
    0x82, 0x10, 0x82, 0x10, 0x82, 0x10, 0x82, 0x10, 0x82, 0x10, 0x82, 0x10, 0x83, 0x10, 0x83, 0x10,
    0x83, 0x10, 0x83, 0x18, 0x83, 0x18, 0x83, 0x18, 0x83, 0x18, 0x83, 0x18, 0xa3, 0x18, 0xa4, 0x18,
    0xa3, 0x18, 0xa4, 0x20, 0xa4, 0x20, 0xa4, 0x20, 0x84, 0x20, 0xa4, 0x20, 0xa4, 0x20, 0xa5, 0x20,
    0xa5, 0x20, 0xc5, 0x28, 0xc5, 0x28, 0xa5, 0x28, 0xc5, 0x28, 0xc5, 0x30, 0xc5, 0x30, 0xe6, 0x30,
    0xe6, 0x30, 0xe6, 0x30, 0xc6, 0x30, 0xe7, 0x38, 0xe7, 0x38, 0xe7, 0x38, 0xe7, 0x38, 0xe7, 0x38,
    0xe8, 0x38, 0xe8, 0x38, 0x08, 0x41, 0xe8, 0x40, 0x2a, 0x51, 0x8f, 0x71, 0x56, 0xb2, 0xfc, 0xe2,
    0x1f, 0xfb, 0x5f, 0xfb, 0x1f, 0xfb, 0xff, 0xfa, 0x3f, 0xfb, 0x5f, 0xfb, 0x3f, 0xfb, 0x3f, 0xfb,
    0x3e, 0xf3, 0xba, 0xd2, 0xf3, 0x99, 0x4c, 0x69, 0xe8, 0x40, 0x08, 0x41, 0x07, 0x41, 0xe8, 0x38,
    0xe7, 0x38, 0xe7, 0x38, 0xe6, 0x38, 0xe7, 0x38, 0xe7, 0x38, 0xe6, 0x30, 0xe6, 0x30, 0xe6, 0x30,
    0xe6, 0x30, 0xe6, 0x30, 0xc5, 0x30, 0xc5, 0x30, 0xc5, 0x30, 0xc5, 0x28, 0xa5, 0x28, 0xc5, 0x28,
    0xc5, 0x28, 0xc5, 0x28, 0xc5, 0x28, 0xc5, 0x28, 0xa5, 0x20, 0xa5, 0x20, 0xa5, 0x20, 0xa4, 0x20,
    0xa4, 0x20, 0xa4, 0x20, 0xa4, 0x20, 0xa4, 0x20, 0xa4, 0x28, 0xc5, 0x28, 0xa5, 0x20, 0xc5, 0x28,
    0xc5, 0x28, 0xc5, 0x28, 0xc5, 0x28, 0xc5, 0x28, 0xc5, 0x30, 0xc5, 0x30, 0xc5, 0x30, 0xc6, 0x30,
    0xe6, 0x30, 0xe6, 0x30, 0xe6, 0x30, 0xe6, 0x30, 0xe6, 0x30, 0xe7, 0x30, 0xe7, 0x38, 0xe7, 0x38,
    0x07, 0x39, 0x08, 0x41, 0x08, 0x41, 0x08, 0x41, 0x2a, 0x59, 0x13, 0x9a, 0x9a, 0xd2, 0xfe, 0xfa,
    0x5f, 0xfb, 0x5f, 0xfb, 0x5f, 0xfb, 0x1f, 0xfb, 0x1f, 0xfb, 0x5f, 0xfb, 0x5f, 0xfb, 0x1e, 0xf3,
    0x78, 0xc2, 0xb0, 0x79, 0x2a, 0x59, 0x29, 0x49, 0x29, 0x49, 0x29, 0x49, 0x29, 0x49, 0x29, 0x49,
    0x29, 0x49, 0x29, 0x49, 0x29, 0x49, 0x09, 0x49, 0x09, 0x49, 0x09, 0x49, 0x09, 0x49, 0x09, 0x49,
    0x09, 0x49, 0x09, 0x49, 0x09, 0x49, 0x28, 0x41, 0x29, 0x41, 0x09, 0x49, 0x08, 0x41, 0x08, 0x41,
    0x0a, 0x49, 0xd0, 0x81, 0x78, 0xc2, 0xfd, 0xf2, 0x1f, 0xfb, 0x5f, 0xfb, 0x3f, 0xfb, 0x1f, 0xfb,
    0xff, 0xfa, 0x1f, 0xfb, 0x1e, 0xf3, 0x35, 0xaa, 0xd1, 0x89, 0x2a, 0x59, 0xe8, 0x40, 0x07, 0x39,
    0xe7, 0x38, 0x08, 0x41, 0x08, 0x39, 0xe7, 0x38, 0xe7, 0x38, 0xe6, 0x30, 0xe6, 0x30, 0xe6, 0x30,
    0xe6, 0x30, 0xc5, 0x30, 0xe5, 0x28, 0xc5, 0x28, 0xc5, 0x28, 0xa5, 0x20, 0xa4, 0x20, 0xa4, 0x20,
    0xa4, 0x20, 0xa3, 0x18, 0x83, 0x18, 0x83, 0x18, 0x83, 0x10, 0x83, 0x10, 0x82, 0x10, 0x82, 0x10,
    0x82, 0x10, 0x82, 0x10, 0x61, 0x08, 0x61, 0x08, 0x61, 0x08, 0x61, 0x08, 0x61, 0x08, 0x82, 0x10,
    0x82, 0x10, 0x82, 0x10, 0x82, 0x10, 0x82, 0x10, 0x82, 0x10, 0x82, 0x10, 0x82, 0x10, 0x82, 0x10,
    0x82, 0x10, 0x82, 0x10, 0x82, 0x10, 0x82, 0x10, 0x82, 0x10, 0x82, 0x10, 0x82, 0x10, 0x82, 0x10,
    0x82, 0x10, 0x82, 0x10, 0x82, 0x10, 0x82, 0x10, 0x82, 0x10, 0x82, 0x10, 0x82, 0x10, 0x82, 0x10,
    0x82, 0x10, 0x82, 0x10, 0x82, 0x10, 0x82, 0x10, 0x82, 0x10, 0x82, 0x10, 0x82, 0x10, 0x82, 0x10,
    0x82, 0x10, 0x82, 0x10, 0x82, 0x10, 0x82, 0x10, 0x82, 0x10, 0x61, 0x08, 0x61, 0x08, 0x61, 0x08,
    0x61, 0x08, 0x61, 0x08, 0x61, 0x08, 0x82, 0x10, 0x82, 0x10, 0x82, 0x10, 0x82, 0x10, 0x82, 0x10,
    0x83, 0x10, 0x83, 0x10, 0x83, 0x10, 0x83, 0x10, 0x83, 0x10, 0x83, 0x10, 0x83, 0x18, 0xa3, 0x18,
    0x83, 0x18, 0xa3, 0x18, 0xa4, 0x18, 0xa4, 0x18, 0xa4, 0x20, 0xa4, 0x20, 0x84, 0x20, 0xa4, 0x20,
    0xa4, 0x20, 0xc5, 0x28, 0xc5, 0x28, 0xc5, 0x28, 0xc5, 0x28, 0xc5, 0x28, 0xc5, 0x28, 0xc5, 0x30,
    0xe6, 0x30, 0xe6, 0x30, 0xe6, 0x30, 0xe6, 0x30, 0xe6, 0x38, 0xc6, 0x30, 0xe7, 0x38, 0xe7, 0x30,
    0xe7, 0x38, 0xe7, 0x38, 0xe7, 0x38, 0x07, 0x39, 0xe7, 0x38, 0x08, 0x41, 0xe8, 0x40, 0x2b, 0x59,
    0x13, 0x9a, 0xfc, 0xe2, 0x1f, 0xfb, 0x5f, 0xfb, 0x5f, 0xfb, 0x5f, 0xfb, 0x1f, 0xfb, 0x5f, 0xfb,
    0x5f, 0xfb, 0x1f, 0xfb, 0x5f, 0xfb, 0x1e, 0xf3, 0x77, 0xba, 0x4c, 0x61, 0xe7, 0x38, 0x08, 0x41,
    0xe8, 0x40, 0xe7, 0x40, 0x07, 0x39, 0x08, 0x39, 0xe7, 0x38, 0xe6, 0x30, 0xe7, 0x38, 0xe6, 0x30,
    0xe6, 0x30, 0xe6, 0x30, 0xc5, 0x30, 0xe6, 0x30, 0xe6, 0x30, 0xe6, 0x30, 0xc5, 0x30, 0xc5, 0x30,
    0xc5, 0x30, 0xc5, 0x28, 0xc5, 0x28, 0xc5, 0x28, 0xc5, 0x28, 0xc5, 0x28, 0xc5, 0x28, 0xa5, 0x20,
    0xa5, 0x20, 0xa5, 0x20, 0xa5, 0x20, 0xc5, 0x28, 0xc5, 0x28, 0xc5, 0x28, 0xc5, 0x28, 0xc5, 0x28,
    0xa5, 0x28, 0xa5, 0x28, 0xc5, 0x30, 0xe5, 0x28, 0xe6, 0x30, 0xe6, 0x30, 0xe6, 0x30, 0xe6, 0x30,
    0xe6, 0x30, 0x07, 0x39, 0xe7, 0x38, 0xe7, 0x38, 0xe8, 0x38, 0x07, 0x39, 0xe8, 0x48, 0x08, 0x41,
    0x08, 0x41, 0x08, 0x41, 0x29, 0x49, 0x13, 0x9a, 0xfd, 0xf2, 0x1f, 0xfb, 0xff, 0xfa, 0xff, 0xfa,
    0xff, 0xfa, 0x5f, 0xfb, 0x1f, 0xfb, 0x1f, 0xfb, 0x5f, 0xfb, 0xfe, 0xfa, 0x97, 0xba, 0x8d, 0x69,
    0x29, 0x41, 0x29, 0x41, 0x28, 0x49, 0x28, 0x49, 0x29, 0x49, 0x29, 0x49, 0x09, 0x49, 0x09, 0x49,
    0x09, 0x49, 0x28, 0x49, 0x28, 0x49, 0x28, 0x49, 0x28, 0x41, 0x08, 0x41, 0x09, 0x51, 0x09, 0x41,
    0x28, 0x41, 0x08, 0x41, 0x08, 0x41, 0x08, 0x41, 0xe8, 0x40, 0x28, 0x41, 0x08, 0x41, 0xd0, 0x81,
    0xba, 0xda, 0x1e, 0xfb, 0x3f, 0xfb, 0x3f, 0xfb, 0x1f, 0xfb, 0x3f, 0xfb, 0x1f, 0xfb, 0x3f, 0xfb,
    0xdb, 0xe2, 0x8f, 0x71, 0x08, 0x41, 0x08, 0x41, 0x07, 0x39, 0xe8, 0x38, 0x07, 0x39, 0x07, 0x39,
    0xe7, 0x38, 0x08, 0x41, 0xe7, 0x38, 0xe6, 0x30, 0xe6, 0x30, 0xe6, 0x30, 0xe6, 0x28, 0xe6, 0x30,
    0xc5, 0x30, 0xc5, 0x30, 0xc5, 0x28, 0xc5, 0x28, 0xa5, 0x20, 0xa4, 0x20, 0xa4, 0x20, 0xa4, 0x20,
    0xa4, 0x20, 0x83, 0x18, 0x83, 0x18, 0x83, 0x10, 0x83, 0x10, 0x82, 0x10, 0x83, 0x10, 0x82, 0x10,
    0x82, 0x10, 0x82, 0x10, 0x61, 0x08, 0x61, 0x08, 0x61, 0x08, 0x61, 0x08, 0x82, 0x10, 0x82, 0x10,
    0x82, 0x10, 0x82, 0x10, 0x82, 0x10, 0x82, 0x10, 0x82, 0x10, 0x82, 0x10, 0x82, 0x10, 0x82, 0x10,
    0x82, 0x10, 0x82, 0x10, 0x82, 0x10, 0x82, 0x10, 0x82, 0x10, 0x82, 0x10, 0x82, 0x10, 0x82, 0x10,
    0x82, 0x10, 0x82, 0x10, 0x82, 0x10, 0x82, 0x10, 0x82, 0x10, 0x82, 0x10, 0x82, 0x10, 0x82, 0x10,
    0x82, 0x10, 0x82, 0x10, 0x82, 0x10, 0x82, 0x10, 0x82, 0x10, 0x82, 0x10, 0x82, 0x10, 0x82, 0x10,
    0x61, 0x08, 0x82, 0x10, 0x82, 0x10, 0x82, 0x10, 0x82, 0x10, 0x61, 0x08, 0x61, 0x08, 0x61, 0x08,
    0x61, 0x08, 0x61, 0x08, 0x61, 0x08, 0x82, 0x10, 0x82, 0x10, 0x82, 0x10, 0x82, 0x10, 0x82, 0x10,
    0x82, 0x10, 0x82, 0x10, 0x82, 0x10, 0x83, 0x10, 0x83, 0x10, 0x83, 0x10, 0x83, 0x10, 0x83, 0x10,
    0x83, 0x18, 0xa3, 0x18, 0xa3, 0x18, 0xa4, 0x18, 0xa4, 0x20, 0xa4, 0x18, 0xa4, 0x20, 0xa4, 0x20,
    0xa4, 0x20, 0xa5, 0x20, 0xa4, 0x20, 0xa5, 0x20, 0xc5, 0x28, 0xc5, 0x28, 0xc5, 0x28, 0xa5, 0x28,
    0xc5, 0x28, 0xe5, 0x28, 0xc5, 0x30, 0xc5, 0x30, 0xc6, 0x30, 0xc6, 0x30, 0xc6, 0x30, 0xc6, 0x30,
    0xe7, 0x38, 0xe6, 0x30, 0xe7, 0x38, 0xe7, 0x38, 0xe7, 0x38, 0x07, 0x41, 0xe7, 0x40, 0x08, 0x41,
    0x08, 0x41, 0x2b, 0x51, 0xd0, 0x81, 0x78, 0xc2, 0xfd, 0xea, 0x1e, 0xfb, 0x5f, 0xfb, 0x1f, 0xfb,
    0x5f, 0xfb, 0x1f, 0xfb, 0x1f, 0xfb, 0x5f, 0xfb, 0x1f, 0xfb, 0xfe, 0xfa, 0x99, 0xca, 0xd1, 0x89,
    0x2a, 0x59, 0xe8, 0x40, 0x07, 0x41, 0x08, 0x41, 0xe7, 0x38, 0xe8, 0x38, 0xe7, 0x38, 0xe7, 0x38,
    0xe6, 0x30, 0xe7, 0x38, 0xc6, 0x30, 0xc6, 0x30, 0xc6, 0x30, 0xe6, 0x30, 0xe6, 0x30, 0xe6, 0x30,
    0xc5, 0x30, 0xc5, 0x30, 0xc5, 0x30, 0xc5, 0x30, 0xc5, 0x30, 0xc5, 0x28, 0xc5, 0x28, 0xc5, 0x28,
    0xc5, 0x28, 0xc5, 0x28, 0xc5, 0x28, 0xc5, 0x28, 0xa5, 0x28, 0xc5, 0x28, 0xe5, 0x28, 0xc5, 0x30,
    0xc5, 0x30, 0xc5, 0x30, 0xe5, 0x28, 0xe6, 0x30, 0xe6, 0x30, 0xe7, 0x38, 0xe7, 0x38, 0xe7, 0x38,
    0xe7, 0x38, 0xe7, 0x30, 0xe7, 0x38, 0x08, 0x41, 0xe7, 0x38, 0x07, 0x41, 0x08, 0x41, 0x08, 0x41,
    0x8d, 0x71, 0x14, 0xa2, 0xdc, 0xe2, 0x1f, 0xfb, 0x1f, 0xfb, 0x1f, 0xfb, 0x5f, 0xfb, 0x5f, 0xfb,
    0xff, 0xfa, 0x3f, 0xfb, 0x3f, 0xfb, 0xfc, 0xda, 0x35, 0xa2, 0x8e, 0x71, 0x4a, 0x49, 0x29, 0x49,
    0x29, 0x49, 0x28, 0x49, 0x29, 0x49, 0x09, 0x49, 0x09, 0x49, 0x09, 0x49, 0x09, 0x49, 0x09, 0x49,
    0x09, 0x49, 0x28, 0x49, 0x28, 0x41, 0x28, 0x41, 0x08, 0x41, 0x08, 0x41, 0x28, 0x41, 0x08, 0x41,
    0x08, 0x41, 0x08, 0x41, 0x08, 0x41, 0x08, 0x41, 0x4b, 0x59, 0xd1, 0x89, 0xba, 0xd2, 0x3e, 0xf3,
    0x3f, 0xfb, 0x5f, 0xfb, 0x1f, 0xfb, 0x1f, 0xfb, 0x1e, 0xf3, 0x78, 0xc2, 0xf2, 0x99, 0x2a, 0x59,
    0x08, 0x41, 0x08, 0x41, 0x08, 0x41, 0xe7, 0x38, 0xe8, 0x38, 0xe7, 0x38, 0xe7, 0x38, 0xe7, 0x38,
    0xc6, 0x38, 0xe7, 0x30, 0xe6, 0x30, 0xe6, 0x30, 0xe6, 0x30, 0xe6, 0x30, 0xe5, 0x28, 0xe5, 0x28,
    0xa5, 0x28, 0xc5, 0x28, 0xc5, 0x28, 0xa5, 0x20, 0xa4, 0x20, 0xa4, 0x20, 0xa4, 0x20, 0xa4, 0x20,
    0xa3, 0x20, 0x83, 0x18, 0x83, 0x10, 0x83, 0x10, 0x82, 0x10, 0x83, 0x10, 0x82, 0x10, 0x82, 0x10,
    0x82, 0x10, 0x82, 0x10, 0x61, 0x08, 0x61, 0x08, 0x61, 0x08, 0x61, 0x08, 0x82, 0x10, 0x82, 0x10,
    0x82, 0x10, 0x82, 0x10, 0x82, 0x10, 0x82, 0x10, 0x82, 0x10, 0x82, 0x10, 0x82, 0x10, 0x82, 0x10,
    0x82, 0x10, 0x82, 0x10, 0x82, 0x10, 0x82, 0x10, 0x82, 0x10, 0x82, 0x10, 0x82, 0x10, 0x82, 0x10,
    0x82, 0x10, 0x82, 0x10, 0x82, 0x10, 0x82, 0x10, 0x82, 0x10, 0x82, 0x10, 0x82, 0x10, 0x82, 0x10,
    0x82, 0x10, 0x82, 0x10, 0x82, 0x10, 0x82, 0x10, 0x82, 0x10, 0x82, 0x10, 0x82, 0x10, 0x82, 0x10,
    0x82, 0x10, 0x82, 0x10, 0x82, 0x10, 0x82, 0x10, 0x82, 0x10, 0x61, 0x08, 0x61, 0x08, 0x61, 0x08,
    0x61, 0x08, 0x61, 0x08, 0x61, 0x08, 0x61, 0x08, 0x61, 0x08, 0x61, 0x08, 0x82, 0x10, 0x82, 0x10,
    0x82, 0x10, 0x82, 0x10, 0x82, 0x10, 0x82, 0x10, 0x82, 0x10, 0x82, 0x10, 0x83, 0x10, 0x83, 0x10,
    0x83, 0x10, 0x83, 0x18, 0x83, 0x18, 0xa3, 0x18, 0xa3, 0x18, 0xa3, 0x18, 0xa4, 0x18, 0xa4, 0x18,
    0xa4, 0x20, 0xa5, 0x20, 0xa4, 0x20, 0xa4, 0x20, 0xa4, 0x20, 0xa5, 0x20, 0xa5, 0x20, 0xc5, 0x28,
    0xc5, 0x28, 0xc5, 0x28, 0xa5, 0x28, 0xc5, 0x28, 0xc5, 0x30, 0xc5, 0x30, 0xc5, 0x30, 0xc6, 0x30,
    0xe6, 0x30, 0xc6, 0x30, 0xe6, 0x30, 0xe7, 0x38, 0xe7, 0x38, 0xe8, 0x38, 0xe7, 0x38, 0x07, 0x39,
    0xe7, 0x38, 0xe7, 0x38, 0x28, 0x39, 0x2a, 0x49, 0x4c, 0x61, 0x56, 0xb2, 0xfc, 0xe2, 0x1f, 0xfb,
    0x1f, 0xfb, 0x5f, 0xfb, 0x5f, 0xfb, 0xff, 0xfa, 0x5f, 0xfb, 0x5f, 0xfb, 0x3f, 0xfb, 0x3e, 0xf3,
    0xdc, 0xe2, 0x35, 0xaa, 0x4b, 0x59, 0x08, 0x39, 0x08, 0x41, 0x27, 0x41, 0x07, 0x41, 0xe7, 0x38,
    0xe7, 0x38, 0xe7, 0x38, 0xe7, 0x38, 0xe7, 0x38, 0xe7, 0x38, 0xe7, 0x38, 0xc6, 0x30, 0xe6, 0x30,
    0xe6, 0x30, 0xe6, 0x30, 0xe6, 0x30, 0xe6, 0x30, 0xe6, 0x30, 0xe6, 0x30, 0xe6, 0x30, 0xc5, 0x30,
    0xc5, 0x30, 0xc5, 0x30, 0xc5, 0x30, 0xc5, 0x30, 0xe6, 0x30, 0xe6, 0x30, 0xe6, 0x30, 0xc5, 0x30,
    0xe6, 0x30, 0xe6, 0x30, 0xe6, 0x30, 0xe6, 0x30, 0xe7, 0x38, 0xe7, 0x38, 0xe7, 0x38, 0xe7, 0x38,
    0x07, 0x39, 0x07, 0x39, 0x08, 0x41, 0x08, 0x41, 0xe7, 0x38, 0x08, 0x41, 0x4c, 0x69, 0x97, 0xba,
    0xfd, 0xea, 0x5f, 0xfb, 0x5f, 0xfb, 0x5f, 0xfb, 0x1f, 0xfb, 0x3f, 0xfb, 0x1f, 0xfb, 0x5f, 0xfb,
    0x1f, 0xfb, 0xfc, 0xe2, 0x14, 0xa2, 0x4b, 0x59, 0xe8, 0x48, 0x29, 0x49, 0x29, 0x49, 0x29, 0x49,
    0x09, 0x51, 0xe8, 0x40, 0x29, 0x41, 0x08, 0x41, 0x08, 0x41, 0x08, 0x41, 0x08, 0x41, 0x08, 0x41,
    0x08, 0x41, 0x08, 0x41, 0x08, 0x41, 0x08, 0x41, 0xe8, 0x40, 0x08, 0x41, 0x08, 0x41, 0x08, 0x41,
    0x08, 0x41, 0x28, 0x41, 0x0a, 0x49, 0x13, 0x9a, 0x1c, 0xe3, 0x1f, 0xfb, 0x5f, 0xfb, 0x3f, 0xfb,
    0x5f, 0xfb, 0x1f, 0xfb, 0xfd, 0xf2, 0xb0, 0x89, 0x2a, 0x59, 0x08, 0x41, 0x08, 0x39, 0xe6, 0x38,
    0xe8, 0x38, 0xe6, 0x30, 0xe6, 0x30, 0xe7, 0x38, 0xe7, 0x30, 0x07, 0x39, 0xe7, 0x38, 0xe6, 0x30,
    0xc6, 0x30, 0xe6, 0x30, 0xe6, 0x30, 0xc5, 0x30, 0xe5, 0x28, 0xe5, 0x28, 0xc5, 0x28, 0xc5, 0x28,
    0xa5, 0x20, 0xa5, 0x20, 0xa5, 0x20, 0xa4, 0x20, 0xa4, 0x20, 0xa4, 0x20, 0xa3, 0x18, 0xa3, 0x18,
    0x83, 0x18, 0x83, 0x10, 0x83, 0x10, 0x82, 0x18, 0x82, 0x10, 0x82, 0x10, 0x82, 0x10, 0x82, 0x10,
    0x82, 0x10, 0x61, 0x08, 0x61, 0x08, 0x61, 0x08, 0x61, 0x08, 0x61, 0x08, 0x82, 0x10, 0x82, 0x10,
    0x82, 0x10, 0x82, 0x10, 0x82, 0x10, 0x82, 0x10, 0x82, 0x10, 0x82, 0x10, 0x82, 0x10, 0x82, 0x10,
    0x82, 0x10, 0x82, 0x10, 0x82, 0x10, 0x82, 0x10, 0x82, 0x10, 0x82, 0x10, 0x82, 0x10, 0x82, 0x10,
    0x82, 0x10, 0x82, 0x10, 0x82, 0x10, 0x82, 0x10, 0x82, 0x10, 0x82, 0x10, 0x82, 0x10, 0x82, 0x10,
    0x82, 0x10, 0x82, 0x10, 0x82, 0x10, 0x82, 0x10, 0x82, 0x10, 0x82, 0x10, 0x82, 0x10, 0x82, 0x10,
    0x82, 0x10, 0x82, 0x10, 0x82, 0x10, 0x82, 0x10, 0x82, 0x10, 0x82, 0x10, 0x82, 0x10, 0x61, 0x08,
    0x61, 0x08, 0x61, 0x08, 0x61, 0x08, 0x61, 0x08, 0x61, 0x08, 0x82, 0x10, 0x82, 0x10, 0x61, 0x08,
    0x82, 0x10, 0x82, 0x10, 0x82, 0x10, 0x82, 0x10, 0x82, 0x10, 0x82, 0x10, 0x82, 0x10, 0x83, 0x10,
    0x83, 0x10, 0x83, 0x10, 0x83, 0x10, 0x83, 0x10, 0x83, 0x10, 0x83, 0x10, 0xa3, 0x18, 0x83, 0x18,
    0xa4, 0x20, 0xa4, 0x20, 0xa4, 0x20, 0xa4, 0x20, 0xa4, 0x20, 0xa4, 0x20, 0xa4, 0x20, 0xa4, 0x28,
    0xa4, 0x28, 0xc5, 0x28, 0xc4, 0x28, 0xc5, 0x28, 0xa5, 0x28, 0xc5, 0x28, 0xc5, 0x30, 0xc5, 0x30,
    0xc5, 0x30, 0xc6, 0x30, 0xe6, 0x30, 0xc6, 0x30, 0xe6, 0x38, 0xe6, 0x38, 0xe7, 0x38, 0xe7, 0x38,
    0x07, 0x39, 0x07, 0x39, 0x07, 0x39, 0x07, 0x39, 0x07, 0x39, 0x08, 0x41, 0x4c, 0x61, 0x13, 0x9a,
    0xba, 0xd2, 0x3e, 0xf3, 0x1f, 0xfb, 0x1f, 0xfb, 0x3f, 0xfb, 0x5f, 0xfb, 0x1f, 0xfb, 0x5f, 0xfb,
    0x5f, 0xfb, 0x5f, 0xfb, 0xfd, 0xea, 0x76, 0xba, 0xaf, 0x79, 0x2a, 0x59, 0x08, 0x41, 0x08, 0x41,
    0x07, 0x41, 0x07, 0x39, 0xe7, 0x38, 0xe7, 0x38, 0xe7, 0x38, 0xe7, 0x38, 0xe7, 0x38, 0xe7, 0x38,
    0xe7, 0x38, 0xe6, 0x30, 0xe6, 0x30, 0xe6, 0x30, 0xe6, 0x30, 0xe6, 0x30, 0xe6, 0x30, 0xe6, 0x30,
    0xe6, 0x30, 0xe6, 0x30, 0xe6, 0x30, 0xe6, 0x30, 0xe6, 0x30, 0xe6, 0x30, 0xe6, 0x30, 0xc6, 0x30,
    0xc6, 0x30, 0xe7, 0x38, 0xe7, 0x38, 0xe7, 0x38, 0xe7, 0x38, 0x08, 0x39, 0x08, 0x39, 0x07, 0x39,
    0xe8, 0x38, 0x08, 0x41, 0x08, 0x41, 0x0a, 0x49, 0x8e, 0x71, 0x77, 0xba, 0x1e, 0xf3, 0x1f, 0xfb,
    0x1f, 0xfb, 0x1f, 0xfb, 0x5f, 0xfb, 0x5f, 0xfb, 0x1f, 0xfb, 0x1f, 0xfb, 0x3e, 0xf3, 0x9b, 0xd2,
    0x13, 0x9a, 0x4c, 0x61, 0x28, 0x41, 0x29, 0x49, 0x29, 0x49, 0x09, 0x49, 0x28, 0x41, 0x29, 0x41,
    0x09, 0x49, 0x09, 0x49, 0x08, 0x41, 0x08, 0x41, 0x08, 0x41, 0x08, 0x41, 0x08, 0x41, 0x08, 0x41,
    0x08, 0x41, 0x08, 0x41, 0x08, 0x41, 0x08, 0x41, 0x08, 0x41, 0x08, 0x41, 0x08, 0x41, 0x28, 0x41,
    0x2b, 0x59, 0x13, 0xa2, 0xdb, 0xe2, 0x5f, 0xfb, 0xff, 0xfa, 0x5f, 0xfb, 0x1e, 0xfb, 0x1c, 0xe3,
    0x76, 0xba, 0x6d, 0x69, 0x08, 0x41, 0xe7, 0x30, 0xe7, 0x30, 0xe6, 0x38, 0x07, 0x39, 0xe7, 0x38,
    0xc6, 0x30, 0xe7, 0x38, 0xe6, 0x30, 0xc6, 0x30, 0xc6, 0x30, 0xc6, 0x30, 0xe6, 0x30, 0xe6, 0x30,
    0xe6, 0x30, 0xe5, 0x28, 0xe5, 0x28, 0xe5, 0x28, 0xc5, 0x28, 0xc5, 0x28, 0xc5, 0x28, 0xc5, 0x28,
    0xa5, 0x20, 0xa5, 0x20, 0xa4, 0x20, 0xa4, 0x20, 0xa4, 0x20, 0xa3, 0x18, 0x83, 0x18, 0x83, 0x18,
    0x83, 0x18, 0x83, 0x10, 0x83, 0x10, 0x82, 0x10, 0x82, 0x10, 0x82, 0x10, 0x82, 0x10, 0x82, 0x10,
    0x61, 0x08, 0x61, 0x08, 0x61, 0x08, 0x61, 0x08, 0x61, 0x08, 0x82, 0x10, 0x82, 0x10, 0x82, 0x10,
    0x82, 0x10, 0x82, 0x10, 0x82, 0x10, 0x82, 0x10, 0x82, 0x10, 0x82, 0x10, 0x82, 0x10, 0x82, 0x10,
    0x82, 0x10, 0x82, 0x10, 0x82, 0x10, 0x82, 0x10, 0x82, 0x10, 0x82, 0x10, 0x82, 0x10, 0x82, 0x10,
    0x82, 0x10, 0x82, 0x10, 0x82, 0x10, 0x82, 0x10, 0x82, 0x10, 0x82, 0x10, 0x82, 0x10, 0x82, 0x10,
    0x82, 0x10, 0x82, 0x10, 0x82, 0x10, 0x82, 0x10, 0x82, 0x10, 0x82, 0x10, 0x82, 0x10, 0x82, 0x10,
    0x82, 0x10, 0x82, 0x10, 0x82, 0x10, 0x82, 0x10, 0x82, 0x10, 0x82, 0x10, 0x82, 0x10, 0x82, 0x10,
    0x82, 0x10, 0x82, 0x10, 0x82, 0x10, 0x61, 0x08, 0x61, 0x08, 0x82, 0x10, 0x61, 0x08, 0x61, 0x08,
    0x61, 0x08, 0x61, 0x08, 0x61, 0x08, 0x82, 0x10, 0x82, 0x10, 0x82, 0x10, 0x82, 0x10, 0x82, 0x10,
    0x83, 0x10, 0x83, 0x10, 0x83, 0x10, 0x82, 0x10, 0x83, 0x18, 0x83, 0x10, 0x83, 0x18, 0x83, 0x18,
    0x83, 0x18, 0x83, 0x18, 0xa3, 0x18, 0x83, 0x18, 0xa4, 0x18, 0xa4, 0x18, 0xa4, 0x20, 0xa4, 0x20,
    0xa4, 0x20, 0xa4, 0x20, 0xa4, 0x28, 0xa4, 0x28, 0xc5, 0x28, 0xc5, 0x28, 0xc5, 0x28, 0xe5, 0x28,
    0xc5, 0x30, 0xc5, 0x30, 0xc5, 0x30, 0xe6, 0x30, 0xe6, 0x30, 0xc6, 0x30, 0xc6, 0x30, 0xe7, 0x38,
    0xe6, 0x38, 0xe7, 0x38, 0xe7, 0x38, 0x08, 0x39, 0x08, 0x39, 0xe8, 0x38, 0x08, 0x41, 0x08, 0x41,
    0x2a, 0x51, 0x8e, 0x71, 0x56, 0xb2, 0xfd, 0xea, 0x3f, 0xfb, 0x1f, 0xfb, 0x1f, 0xfb, 0x5f, 0xfb,
    0x1f, 0xfb, 0x5f, 0xfb, 0x1f, 0xfb, 0x3f, 0xfb, 0xfd, 0xf2, 0xdb, 0xda, 0x13, 0x9a, 0x4c, 0x61,
    0x08, 0x41, 0x08, 0x41, 0x08, 0x41, 0xe7, 0x40, 0xe7, 0x40, 0x07, 0x39, 0x07, 0x39, 0xe7, 0x30,
    0xe6, 0x38, 0xe7, 0x38, 0xe7, 0x38, 0xe6, 0x30, 0xe6, 0x30, 0xe7, 0x38, 0xe7, 0x38, 0xe6, 0x30,
    0xe6, 0x30, 0xe6, 0x30, 0xe7, 0x30, 0xe6, 0x30, 0xe7, 0x38, 0xe6, 0x38, 0xe7, 0x38, 0xe7, 0x30,
    0xe7, 0x38, 0xe6, 0x38, 0xe7, 0x38, 0x08, 0x39, 0x08, 0x39, 0xe7, 0x38, 0x08, 0x41, 0x08, 0x41,
    0x08, 0x41, 0x2a, 0x49, 0xd1, 0x89, 0x99, 0xca, 0x3e, 0xeb, 0x3f, 0xfb, 0xff, 0xfa, 0x1f, 0xfb,
    0x1f, 0xfb, 0x1f, 0xfb, 0x1f, 0xfb, 0xff, 0xfa, 0x1f, 0xfb, 0x99, 0xca, 0xb0, 0x89, 0x2a, 0x59,
    0x09, 0x49, 0x09, 0x49, 0x09, 0x49, 0x09, 0x49, 0x28, 0x41, 0x28, 0x41, 0x08, 0x41, 0x08, 0x41,
    0x08, 0x41, 0x08, 0x41, 0x08, 0x41, 0x07, 0x41, 0xe8, 0x40, 0x08, 0x41, 0x07, 0x39, 0x08, 0x41,
    0x08, 0x41, 0x08, 0x41, 0x08, 0x41, 0x08, 0x41, 0x07, 0x39, 0x08, 0x41, 0x6c, 0x61, 0x56, 0xb2,
    0xfc, 0xe2, 0x3e, 0xf3, 0xff, 0xfa, 0x3f, 0xfb, 0x5f, 0xfb, 0x78, 0xc2, 0xb0, 0x79, 0x4a, 0x51,
    0xe7, 0x38, 0xe7, 0x38, 0xe6, 0x30, 0xe6, 0x30, 0xe7, 0x38, 0xe6, 0x30, 0xc6, 0x30, 0xe6, 0x30,
    0xe6, 0x28, 0xe6, 0x30, 0xe6, 0x30, 0xe6, 0x30, 0xc5, 0x30, 0xc5, 0x30, 0xc5, 0x30, 0xe5, 0x28,
    0xc5, 0x28, 0xa5, 0x28, 0xc5, 0x28, 0xc5, 0x28, 0xc5, 0x28, 0xa4, 0x28, 0xa4, 0x28, 0xa4, 0x20,
    0xa4, 0x20, 0xa4, 0x20, 0xa4, 0x20, 0xa4, 0x20, 0xa4, 0x18, 0xa3, 0x18, 0x83, 0x18, 0x83, 0x10,
    0x83, 0x18, 0x83, 0x10, 0x82, 0x10, 0x82, 0x10, 0x82, 0x10, 0x61, 0x08, 0x61, 0x08, 0x61, 0x08,
    0x61, 0x08, 0x61, 0x08, 0x82, 0x10, 0x82, 0x10, 0x82, 0x10, 0x82, 0x10, 0x82, 0x10, 0x82, 0x10,
    0x82, 0x10, 0x82, 0x10, 0x82, 0x10, 0x82, 0x10, 0x82, 0x10, 0x82, 0x10, 0x82, 0x10, 0x82, 0x10,
    0x82, 0x10, 0x82, 0x10, 0x82, 0x10, 0x82, 0x10, 0x82, 0x10, 0x82, 0x10, 0x82, 0x10, 0x82, 0x10,
    0x82, 0x10, 0x82, 0x10, 0x82, 0x10, 0x82, 0x10, 0x82, 0x10, 0x82, 0x10, 0x82, 0x10, 0x82, 0x10,
    0x82, 0x10, 0x82, 0x10, 0x82, 0x10, 0x82, 0x10, 0x82, 0x10, 0x82, 0x10, 0x82, 0x10, 0x82, 0x10,
    0x82, 0x10, 0x82, 0x10, 0x82, 0x10, 0x82, 0x10, 0x82, 0x10, 0x82, 0x10, 0x82, 0x10, 0x82, 0x10,
    0x82, 0x10, 0x82, 0x10, 0x82, 0x10, 0x61, 0x08, 0x61, 0x08, 0x61, 0x08, 0x61, 0x08, 0x61, 0x08,
    0x61, 0x08, 0x61, 0x08, 0x82, 0x10, 0x61, 0x08, 0x61, 0x08, 0x61, 0x08, 0x82, 0x10, 0x82, 0x10,
    0x82, 0x10, 0x82, 0x10, 0x83, 0x10, 0x83, 0x10, 0x83, 0x10, 0x83, 0x10, 0x83, 0x18, 0x83, 0x18,
    0x83, 0x18, 0x83, 0x18, 0x83, 0x18, 0x83, 0x18, 0x83, 0x18, 0xa3, 0x18, 0xa3, 0x18, 0xa4, 0x20,
    0xa4, 0x20, 0xa4, 0x20, 0xa4, 0x20, 0xa4, 0x20, 0xa4, 0x28, 0xc5, 0x28, 0xc5, 0x28, 0xc5, 0x28,
    0xe5, 0x28, 0xe5, 0x28, 0xe5, 0x28, 0xe5, 0x28, 0xc5, 0x30, 0xe6, 0x30, 0xe6, 0x30, 0xe6, 0x30,
    0xc6, 0x30, 0xe7, 0x38, 0xe7, 0x38, 0xe7, 0x38, 0x08, 0x39, 0xe8, 0x38, 0xe7, 0x38, 0x07, 0x39,
    0x07, 0x39, 0xe8, 0x40, 0x09, 0x49, 0x4c, 0x61, 0x35, 0xaa, 0xdc, 0xe2, 0x1f, 0xfb, 0x1f, 0xfb,
    0x1f, 0xfb, 0x5f, 0xfb, 0x1f, 0xfb, 0xff, 0xfa, 0x1f, 0xfb, 0x5f, 0xfb, 0x3f, 0xfb, 0xfd, 0xea,
    0x35, 0xaa, 0x4c, 0x69, 0x09, 0x41, 0x08, 0x41, 0xe7, 0x38, 0xe8, 0x40, 0xe7, 0x38, 0x07, 0x39,
    0x07, 0x39, 0xe6, 0x38, 0xe7, 0x38, 0x07, 0x39, 0x07, 0x39, 0xe7, 0x38, 0xe7, 0x38, 0xe7, 0x38,
    0xe7, 0x30, 0xe7, 0x38, 0xe7, 0x38, 0xe7, 0x38, 0xe7, 0x38, 0x07, 0x39, 0x07, 0x39, 0xe7, 0x38,
    0x08, 0x41, 0x07, 0x39, 0x08, 0x41, 0x07, 0x41, 0x07, 0x41, 0x08, 0x41, 0x08, 0x41, 0x4a, 0x49,
    0xb0, 0x79, 0xba, 0xd2, 0x1e, 0xfb, 0x3f, 0xfb, 0x5f, 0xfb, 0x1f, 0xfb, 0x5f, 0xfb, 0x5f, 0xfb,
    0x5f, 0xfb, 0x5f, 0xfb, 0xfd, 0xea, 0xba, 0xd2, 0xd0, 0x81, 0x2a, 0x49, 0x08, 0x41, 0x28, 0x49,
    0x28, 0x41, 0x28, 0x41, 0x08, 0x41, 0x08, 0x41, 0x08, 0x41, 0x08, 0x41, 0x08, 0x41, 0x08, 0x41,
    0x08, 0x41, 0x08, 0x41, 0x08, 0x41, 0x08, 0x49, 0x08, 0x41, 0x08, 0x41, 0x08, 0x41, 0xe8, 0x38,
    0x07, 0x39, 0xe7, 0x38, 0xe7, 0x38, 0x08, 0x41, 0x4c, 0x61, 0x56, 0xaa, 0x1e, 0xf3, 0x3f, 0xfb,
    0x3f, 0xfb, 0x1f, 0xfb, 0xfc, 0xe2, 0x35, 0xaa, 0x2a, 0x49, 0x07, 0x39, 0xe6, 0x30, 0xe7, 0x30,
    0xe7, 0x38, 0xe6, 0x30, 0xe6, 0x30, 0xe6, 0x30, 0xe6, 0x30, 0xe6, 0x30, 0xe6, 0x30, 0xe6, 0x30,
    0xe6, 0x30, 0xe6, 0x30, 0xc5, 0x30, 0xc5, 0x30, 0xc5, 0x30, 0xc5, 0x30, 0xc5, 0x28, 0xa5, 0x28,
    0xc5, 0x28, 0xc5, 0x28, 0xa5, 0x20, 0xa5, 0x20, 0xa5, 0x20, 0xa4, 0x20, 0xa4, 0x20, 0xa4, 0x20,
    0xa4, 0x20, 0xa4, 0x18, 0xa4, 0x18, 0xa4, 0x18, 0xa3, 0x18, 0xa3, 0x18, 0x83, 0x10, 0x83, 0x10,
    0x83, 0x10, 0x82, 0x10, 0x82, 0x10, 0x82, 0x10, 0x82, 0x10, 0x82, 0x10, 0x61, 0x08, 0x61, 0x08,
    0x61, 0x08, 0x82, 0x10, 0x82, 0x10, 0x82, 0x10, 0x82, 0x10, 0x82, 0x10, 0x82, 0x10, 0x82, 0x10,
    0x82, 0x10, 0x82, 0x10, 0x82, 0x10, 0x82, 0x10, 0x82, 0x10, 0x82, 0x10, 0x82, 0x10, 0x82, 0x10,
    0x82, 0x10, 0x82, 0x10, 0x82, 0x10, 0x82, 0x10, 0x82, 0x10, 0x82, 0x10, 0x82, 0x10, 0x82, 0x10,
    0x82, 0x10, 0x82, 0x10, 0x82, 0x10, 0x82, 0x10, 0x82, 0x10, 0x82, 0x10, 0x82, 0x10, 0x82, 0x10,
    0x82, 0x10, 0x82, 0x10, 0x82, 0x10, 0x82, 0x10, 0x82, 0x10, 0x82, 0x10, 0x82, 0x10, 0x82, 0x10,
    0x82, 0x10, 0x82, 0x10, 0x82, 0x10, 0x82, 0x10, 0x82, 0x10, 0x82, 0x10, 0x82, 0x10, 0x82, 0x10,
    0x82, 0x10, 0x82, 0x10, 0x82, 0x10, 0x82, 0x10, 0x82, 0x10, 0x82, 0x10, 0x82, 0x10, 0x82, 0x10,
    0x61, 0x08, 0x61, 0x08, 0x61, 0x08, 0x61, 0x08, 0x61, 0x08, 0x61, 0x08, 0x61, 0x08, 0x82, 0x10,
    0x82, 0x10, 0x82, 0x10, 0x82, 0x10, 0x82, 0x10, 0x83, 0x10, 0x83, 0x10, 0x83, 0x10, 0x83, 0x10,
    0x83, 0x10, 0x83, 0x10, 0x83, 0x10, 0x83, 0x10, 0x83, 0x10, 0xa3, 0x18, 0xa3, 0x18, 0x83, 0x18,
    0xa4, 0x20, 0xa4, 0x18, 0xa4, 0x20, 0xa4, 0x20, 0xa4, 0x20, 0xa4, 0x20, 0xa4, 0x20, 0xa5, 0x20,
    0xc5, 0x28, 0xc5, 0x28, 0xc5, 0x28, 0xc5, 0x28, 0xe5, 0x28, 0xc5, 0x30, 0xc5, 0x30, 0xc6, 0x30,
    0xc6, 0x30, 0xe6, 0x30, 0xe6, 0x38, 0xe7, 0x38, 0xe7, 0x38, 0xe7, 0x38, 0xe7, 0x38, 0xe7, 0x38,
    0x07, 0x39, 0x07, 0x39, 0x07, 0x39, 0x08, 0x41, 0x08, 0x41, 0x4b, 0x59, 0xb0, 0x89, 0x99, 0xca,
    0x3e, 0xf3, 0x3f, 0xfb, 0x3f, 0xfb, 0x1f, 0xfb, 0x5f, 0xfb, 0xff, 0xfa, 0x5f, 0xfb, 0x5f, 0xfb,
    0x1f, 0xfb, 0xfd, 0xe2, 0x97, 0xba, 0xd0, 0x81, 0x2b, 0x59, 0x08, 0x41, 0x08, 0x41, 0xe8, 0x40,
    0xe8, 0x40, 0x08, 0x41, 0xe7, 0x38, 0xe7, 0x38, 0x07, 0x41, 0xe8, 0x38, 0xe8, 0x38, 0x08, 0x39,
    0x08, 0x39, 0x08, 0x39, 0x07, 0x39, 0x08, 0x39, 0x08, 0x39, 0x07, 0x41, 0xe7, 0x38, 0x07, 0x41,
    0xe7, 0x38, 0x08, 0x41, 0x08, 0x41, 0x08, 0x41, 0x08, 0x41, 0x2b, 0x59, 0x13, 0x9a, 0xdb, 0xda,
    0x3e, 0xf3, 0x5f, 0xfb, 0x1f, 0xfb, 0x1f, 0xfb, 0x5f, 0xfb, 0x5f, 0xfb, 0x1f, 0xfb, 0x1f, 0xfb,
    0xfd, 0xea, 0x56, 0xb2, 0xaf, 0x79, 0x4a, 0x51, 0x08, 0x41, 0x08, 0x49, 0x08, 0x41, 0x08, 0x41,
    0x08, 0x41, 0x08, 0x41, 0x08, 0x41, 0x08, 0x41, 0x08, 0x41, 0x08, 0x41, 0x08, 0x41, 0x08, 0x41,
    0x07, 0x41, 0x08, 0x41, 0x07, 0x41, 0x07, 0x39, 0xe6, 0x38, 0x07, 0x41, 0xe8, 0x38, 0xe7, 0x38,
    0xe7, 0x38, 0x08, 0x41, 0xaf, 0x79, 0x77, 0xba, 0xfd, 0xea, 0x1f, 0xfb, 0x3f, 0xfb, 0xfd, 0xea,
    0x56, 0xb2, 0x8e, 0x71, 0x09, 0x49, 0xe7, 0x38, 0xe7, 0x38, 0xe6, 0x30, 0xe6, 0x30, 0xe6, 0x30,
    0xc6, 0x30, 0xc6, 0x30, 0xe6, 0x30, 0xe6, 0x30, 0xc5, 0x30, 0xc5, 0x30, 0xe6, 0x30, 0xe5, 0x28,
    0xe5, 0x28, 0xc5, 0x30, 0xc5, 0x30, 0xc5, 0x28, 0xc5, 0x28, 0xa5, 0x28, 0xa5, 0x28, 0xc5, 0x28,
    0xa4, 0x28, 0xa4, 0x28, 0xa4, 0x20, 0x84, 0x20, 0x84, 0x20, 0xa4, 0x20, 0xa4, 0x20, 0xa3, 0x20,
    0xa3, 0x18, 0xa3, 0x18, 0x83, 0x18, 0x83, 0x18, 0x83, 0x18, 0x83, 0x18, 0x83, 0x10, 0x83, 0x10,
    0x83, 0x10, 0x82, 0x10, 0x82, 0x10, 0x61, 0x08, 0x61, 0x08, 0x61, 0x08, 0x61, 0x08, 0x61, 0x08,
    0x61, 0x08, 0x82, 0x10, 0x82, 0x10, 0x82, 0x10, 0x82, 0x10, 0x82, 0x10, 0x82, 0x10, 0x82, 0x10,
    0x82, 0x10, 0x82, 0x10, 0x82, 0x10, 0x82, 0x10, 0x82, 0x10, 0x82, 0x10, 0x82, 0x10, 0x82, 0x10,
    0x82, 0x10, 0x82, 0x10, 0x82, 0x10, 0x82, 0x10, 0x82, 0x10, 0x82, 0x10, 0x82, 0x10, 0x82, 0x10,
    0x82, 0x10, 0x82, 0x10, 0x82, 0x10, 0x82, 0x10, 0x82, 0x10, 0x82, 0x10, 0x82, 0x10, 0x82, 0x10,
    0x82, 0x10, 0x82, 0x10, 0x82, 0x10, 0x82, 0x10, 0x82, 0x10, 0x82, 0x10, 0x82, 0x10, 0x82, 0x10,
    0x82, 0x10, 0x82, 0x10, 0x82, 0x10, 0x82, 0x10, 0x82, 0x10, 0x82, 0x10, 0x82, 0x10, 0x82, 0x10,
    0x82, 0x10, 0x82, 0x10, 0x82, 0x10, 0x82, 0x10, 0x82, 0x10, 0x82, 0x10, 0x82, 0x10, 0x82, 0x10,
    0x61, 0x08, 0x61, 0x08, 0x61, 0x08, 0x61, 0x08, 0x61, 0x08, 0x61, 0x08, 0x61, 0x08, 0x61, 0x08,
    0x82, 0x10, 0x82, 0x10, 0x82, 0x10, 0x82, 0x10, 0x82, 0x10, 0x82, 0x10, 0x83, 0x10, 0x83, 0x10,
    0x83, 0x10, 0x83, 0x10, 0x83, 0x10, 0x83, 0x10, 0x83, 0x18, 0x83, 0x10, 0x83, 0x10, 0x83, 0x10,
    0xa3, 0x18, 0x83, 0x18, 0xa3, 0x18, 0xa4, 0x18, 0xa4, 0x20, 0xa4, 0x20, 0xa4, 0x20, 0xa4, 0x20,
    0xa4, 0x20, 0xa4, 0x20, 0xc5, 0x28, 0xc5, 0x28, 0xc5, 0x28, 0xc5, 0x28, 0xc5, 0x28, 0xc5, 0x30,
    0xe6, 0x30, 0xc5, 0x30, 0xe6, 0x30, 0xe6, 0x30, 0xe6, 0x30, 0xe6, 0x30, 0xc6, 0x30, 0xe7, 0x38,
    0xe7, 0x38, 0xe7, 0x38, 0xe7, 0x38, 0x07, 0x39, 0x08, 0x41, 0xe7, 0x40, 0xe7, 0x38, 0xe8, 0x40,
    0x4c, 0x69, 0x96, 0xb2, 0xfd, 0xe2, 0x1f, 0xfb, 0x5f, 0xfb, 0x1f, 0xfb, 0x1f, 0xfb, 0xff, 0xfa,
    0x1f, 0xfb, 0x1f, 0xfb, 0x1f, 0xfb, 0x1f, 0xfb, 0xfd, 0xea, 0x13, 0x9a, 0x2a, 0x51, 0x28, 0x41,
    0x08, 0x39, 0xe8, 0x40, 0x08, 0x41, 0xe7, 0x38, 0x08, 0x41, 0x08, 0x41, 0x08, 0x41, 0x08, 0x41,
    0x08, 0x41, 0x08, 0x39, 0x08, 0x41, 0x08, 0x41, 0x08, 0x41, 0xe7, 0x38, 0x28, 0x41, 0x08, 0x41,
    0x28, 0x41, 0xe7, 0x40, 0x08, 0x41, 0x0a, 0x51, 0xf3, 0x99, 0xfd, 0xea, 0x1f, 0xfb, 0xff, 0xfa,
    0x5f, 0xfb, 0x1f, 0xfb, 0x1f, 0xfb, 0x5f, 0xfb, 0x5f, 0xfb, 0x5f, 0xfb, 0x1e, 0xf3, 0x96, 0xb2,
    0x6c, 0x61, 0x07, 0x41, 0x08, 0x41, 0x08, 0x41, 0x09, 0x51, 0x28, 0x41, 0xe7, 0x40, 0x08, 0x41,
    0x08, 0x41, 0x08, 0x41, 0x08, 0x41, 0x08, 0x41, 0x08, 0x41, 0x08, 0x41, 0x07, 0x41, 0xe7, 0x38,
    0xe7, 0x38, 0x07, 0x39, 0xe7, 0x38, 0xe8, 0x40, 0xe8, 0x38, 0xc6, 0x38, 0xe6, 0x30, 0x08, 0x39,
    0x8e, 0x71, 0xba, 0xd2, 0x3f, 0xfb, 0xff, 0xfa, 0x5f, 0xfb, 0xdb, 0xe2, 0xb0, 0x89, 0x08, 0x41,
    0x06, 0x31, 0xe6, 0x38, 0xe6, 0x38, 0xe6, 0x28, 0xe5, 0x28, 0xe6, 0x30, 0xc6, 0x30, 0xe6, 0x30,
    0xe5, 0x28, 0xe6, 0x28, 0xc5, 0x30, 0xc5, 0x30, 0xc5, 0x30, 0xc5, 0x28, 0xc5, 0x28, 0xc5, 0x28,
    0xc5, 0x28, 0xc5, 0x28, 0xc5, 0x28, 0xc5, 0x28, 0xc5, 0x28, 0xa4, 0x28, 0xa4, 0x28, 0xa4, 0x20,
    0xa4, 0x20, 0xa4, 0x20, 0xa4, 0x20, 0xa4, 0x20, 0xa4, 0x20, 0xa4, 0x18, 0x83, 0x18, 0x83, 0x18,
    0xa3, 0x18, 0x83, 0x18, 0x83, 0x18, 0x83, 0x18, 0x83, 0x10, 0x83, 0x10, 0x83, 0x10, 0x83, 0x10,
    0x82, 0x10, 0x82, 0x10, 0x82, 0x10, 0x82, 0x10, 0x82, 0x10, 0x61, 0x08, 0x61, 0x08, 0x61, 0x08,
    0x61, 0x08, 0x82, 0x10, 0x82, 0x10, 0x82, 0x10, 0x82, 0x10, 0x82, 0x10, 0x82, 0x10, 0x82, 0x10,
    0x82, 0x10, 0x82, 0x10, 0x82, 0x10, 0x82, 0x10, 0x82, 0x10, 0x82, 0x10, 0x82, 0x10, 0x82, 0x10,
    0x82, 0x10, 0x82, 0x10, 0x82, 0x10, 0x82, 0x10, 0x82, 0x10, 0x82, 0x10, 0x82, 0x10, 0x82, 0x10,
    0x82, 0x10, 0x82, 0x10, 0x82, 0x10, 0x82, 0x10, 0x82, 0x10, 0x82, 0x10, 0x82, 0x10, 0x82, 0x10,
    0x82, 0x10, 0x82, 0x10, 0x82, 0x10, 0x82, 0x10, 0x82, 0x10, 0x82, 0x10, 0x82, 0x10, 0x82, 0x10,
    0x82, 0x10, 0x82, 0x10, 0x82, 0x10, 0x82, 0x10, 0x82, 0x10, 0x82, 0x10, 0x82, 0x10, 0x82, 0x10,
    0x82, 0x10, 0x82, 0x10, 0x82, 0x10, 0x82, 0x10, 0x82, 0x10, 0x82, 0x10, 0x82, 0x10, 0x82, 0x10,
    0x61, 0x08, 0x61, 0x08, 0x61, 0x08, 0x61, 0x08, 0x61, 0x08, 0x61, 0x08, 0x61, 0x08, 0x61, 0x08,
    0x61, 0x08, 0x61, 0x08, 0x82, 0x10, 0x82, 0x10, 0x82, 0x10, 0x82, 0x10, 0x82, 0x10, 0x82, 0x10,
    0x82, 0x10, 0x82, 0x10, 0x82, 0x10, 0x82, 0x10, 0x83, 0x10, 0x83, 0x10, 0x83, 0x10, 0x83, 0x10,
    0x83, 0x10, 0x83, 0x18, 0xa3, 0x18, 0xa3, 0x18, 0xa3, 0x18, 0xa4, 0x18, 0xa4, 0x20, 0xa4, 0x18,
    0xa4, 0x20, 0xa4, 0x20, 0xa4, 0x20, 0xa4, 0x20, 0xa5, 0x20, 0xa5, 0x20, 0xc5, 0x28, 0xa5, 0x28,
    0xc5, 0x28, 0xc5, 0x28, 0xc5, 0x30, 0xe6, 0x30, 0xe6, 0x30, 0xe6, 0x30, 0xe6, 0x30, 0xe6, 0x30,
    0xe6, 0x30, 0xe7, 0x38, 0xe7, 0x38, 0xe7, 0x38, 0x07, 0x39, 0x07, 0x39, 0xe7, 0x38, 0x08, 0x41,
    0x08, 0x41, 0x08, 0x41, 0x6c, 0x61, 0x13, 0x9a, 0x9a, 0xd2, 0xfe, 0xfa, 0xff, 0xfa, 0x5f, 0xfb,
    0x1f, 0xfb, 0x5f, 0xfb, 0x5f, 0xfb, 0x5f, 0xfb, 0x5f, 0xfb, 0x1f, 0xfb, 0xfd, 0xea, 0x56, 0xaa,
    0xb0, 0x79, 0x29, 0x51, 0x08, 0x41, 0x08, 0x41, 0xe8, 0x40, 0xe8, 0x40, 0x08, 0x41, 0x08, 0x41,
    0x08, 0x41, 0x08, 0x41, 0x08, 0x41, 0x08, 0x41, 0x08, 0x41, 0x28, 0x41, 0x08, 0x41, 0x08, 0x41,
    0x09, 0x51, 0x6c, 0x61, 0x14, 0xa2, 0xdc, 0xe2, 0x1f, 0xfb, 0x5f, 0xfb, 0x5f, 0xfb, 0x1f, 0xfb,
    0xff, 0xfa, 0x5f, 0xfb, 0x5f, 0xfb, 0x3e, 0xf3, 0xdc, 0xe2, 0x14, 0xa2, 0x6d, 0x69, 0x09, 0x49,
    0x08, 0x41, 0x28, 0x41, 0x08, 0x41, 0x08, 0x41, 0x08, 0x41, 0x08, 0x41, 0x08, 0x41, 0xe7, 0x40,
    0x08, 0x41, 0x07, 0x41, 0xe8, 0x38, 0x07, 0x41, 0x07, 0x39, 0xe8, 0x38, 0xe7, 0x38, 0x08, 0x39,
    0xe7, 0x30, 0xe7, 0x38, 0xe7, 0x38, 0xe8, 0x38, 0xe7, 0x38, 0x29, 0x49, 0xd1, 0x89, 0x99, 0xca,
    0x3e, 0xf3, 0x3f, 0xfb, 0xdb, 0xe2, 0x35, 0xaa, 0x8e, 0x71, 0xe8, 0x40, 0xc6, 0x30, 0xe5, 0x28,
    0xe6, 0x30, 0xe6, 0x30, 0xe6, 0x28, 0xe6, 0x30, 0xe6, 0x30, 0xc5, 0x30, 0xe6, 0x28, 0xc5, 0x28,
    0xc6, 0x30, 0xc5, 0x28, 0xc5, 0x28, 0xc5, 0x28, 0xc5, 0x28, 0xc5, 0x28, 0xc5, 0x28, 0xc5, 0x28,
    0xc5, 0x28, 0xa5, 0x20, 0xa5, 0x20, 0xa5, 0x20, 0xa5, 0x20, 0xa4, 0x20, 0xa4, 0x20, 0xa4, 0x20,
    0xa4, 0x20, 0xa4, 0x20, 0xa4, 0x20, 0xa4, 0x18, 0xa3, 0x18, 0xa3, 0x18, 0xa3, 0x18, 0xa3, 0x18,
    0x83, 0x18, 0x83, 0x18, 0x83, 0x10, 0x83, 0x10, 0x82, 0x10, 0x83, 0x10, 0x82, 0x10, 0x82, 0x10,
    0x82, 0x10, 0x82, 0x10, 0x82, 0x10, 0x61, 0x08, 0x61, 0x08, 0x61, 0x08, 0x61, 0x08, 0x61, 0x08,
    0x61, 0x08, 0x82, 0x10, 0x82, 0x10, 0x82, 0x10, 0x82, 0x10, 0x82, 0x10, 0x82, 0x10, 0x82, 0x10,
    0x82, 0x10, 0x82, 0x10, 0x82, 0x10, 0x82, 0x10, 0x82, 0x10, 0x82, 0x10, 0x82, 0x10, 0x82, 0x10,
    0x82, 0x10, 0x82, 0x10, 0x82, 0x10, 0x82, 0x10, 0x82, 0x10, 0x82, 0x10, 0x82, 0x10, 0x82, 0x10,
    0x82, 0x10, 0x82, 0x10, 0x82, 0x10, 0x82, 0x10, 0x82, 0x10, 0x82, 0x10, 0x82, 0x10, 0x82, 0x10,
    0x82, 0x10, 0x82, 0x10, 0x82, 0x10, 0x82, 0x10, 0x82, 0x10, 0x82, 0x10, 0x82, 0x10, 0x82, 0x10,
    0x82, 0x10, 0x82, 0x10, 0x82, 0x10, 0x82, 0x10, 0x82, 0x10, 0x82, 0x10, 0x82, 0x10, 0x82, 0x10,
    0x82, 0x10, 0x82, 0x10, 0x82, 0x10, 0x82, 0x10, 0x82, 0x10, 0x82, 0x10, 0x82, 0x10, 0x82, 0x10,
    0x61, 0x08, 0x61, 0x08, 0x61, 0x08, 0x61, 0x08, 0x61, 0x08, 0x61, 0x08, 0x61, 0x08, 0x61, 0x08,
    0x61, 0x08, 0x61, 0x08, 0x61, 0x08, 0x61, 0x08, 0x61, 0x08, 0x82, 0x10, 0x82, 0x10, 0x82, 0x10,
    0x82, 0x10, 0x82, 0x18, 0x82, 0x10, 0x82, 0x10, 0x82, 0x10, 0x82, 0x18, 0x82, 0x18, 0x83, 0x10,
    0x83, 0x10, 0x83, 0x10, 0xa3, 0x18, 0x83, 0x18, 0xa3, 0x18, 0xa3, 0x18, 0xa3, 0x18, 0xa4, 0x18,
    0xa4, 0x18, 0xa4, 0x20, 0xa4, 0x20, 0xa4, 0x20, 0xa4, 0x20, 0xa4, 0x20, 0xa5, 0x20, 0xc5, 0x28,
    0xc5, 0x28, 0xc5, 0x28, 0xc5, 0x28, 0xc5, 0x30, 0xc5, 0x30, 0xc6, 0x30, 0xe6, 0x28, 0xe6, 0x30,
    0xe6, 0x30, 0xe6, 0x30, 0xe6, 0x30, 0xe7, 0x38, 0xe7, 0x38, 0xe7, 0x38, 0xe6, 0x38, 0xe7, 0x38,
    0xe8, 0x38, 0x08, 0x41, 0x08, 0x41, 0x08, 0x41, 0x0a, 0x49, 0x6c, 0x61, 0xb8, 0xca, 0x3e, 0xf3,
    0x1f, 0xfb, 0x5f, 0xfb, 0x1f, 0xfb, 0x1f, 0xfb, 0x5f, 0xfb, 0x1f, 0xfb, 0xff, 0xfa, 0x5f, 0xfb,
    0x1f, 0xfb, 0xba, 0xd2, 0xf1, 0x91, 0x0a, 0x49, 0x08, 0x41, 0x08, 0x41, 0x08, 0x41, 0x08, 0x41,
    0x08, 0x41, 0x08, 0x41, 0x08, 0x41, 0x08, 0x41, 0x08, 0x41, 0x08, 0x41, 0x08, 0x41, 0x6d, 0x69,
    0x76, 0xba, 0xfd, 0xf2, 0x5f, 0xfb, 0x5f, 0xfb, 0x5f, 0xfb, 0x1f, 0xfb, 0x1f, 0xfb, 0x1f, 0xfb,
    0x5f, 0xfb, 0x3f, 0xfb, 0xdb, 0xea, 0x13, 0x9a, 0x4b, 0x59, 0x29, 0x41, 0x08, 0x41, 0xe7, 0x40,
    0x07, 0x41, 0x08, 0x41, 0x07, 0x41, 0x07, 0x41, 0x08, 0x41, 0x07, 0x39, 0x07, 0x39, 0xe7, 0x40,
    0xe7, 0x38, 0xe7, 0x38, 0xe7, 0x38, 0xe7, 0x38, 0xe7, 0x38, 0xe7, 0x38, 0xe6, 0x30, 0xe7, 0x38,
    0xe6, 0x30, 0xc6, 0x30, 0xe6, 0x30, 0x08, 0x41, 0xf2, 0x99, 0xba, 0xda, 0x1f, 0xfb, 0x3f, 0xfb,
    0x9b, 0xd2, 0xb0, 0x79, 0x08, 0x41, 0xe7, 0x38, 0xc5, 0x30, 0x06, 0x31, 0xe6, 0x28, 0xc5, 0x28,
    0xe6, 0x30, 0xe5, 0x28, 0xe5, 0x28, 0xc5, 0x30, 0xc6, 0x30, 0xa5, 0x28, 0xa5, 0x28, 0xc5, 0x28,
    0xa5, 0x28, 0xc5, 0x20, 0xc5, 0x28, 0xc5, 0x28, 0xc5, 0x28, 0xc5, 0x28, 0xc5, 0x28, 0xa5, 0x20,
    0xc5, 0x28, 0xa5, 0x20, 0xa5, 0x20, 0xa5, 0x20, 0xa5, 0x20, 0xa4, 0x20, 0xa4, 0x20, 0xa4, 0x20,
    0xa3, 0x18, 0xa3, 0x18, 0xa3, 0x18, 0xa3, 0x18, 0xa3, 0x18, 0x83, 0x18, 0x83, 0x10, 0x83, 0x10,
    0x83, 0x10, 0x83, 0x10, 0x83, 0x10, 0x83, 0x10, 0x82, 0x10, 0x82, 0x10, 0x82, 0x10, 0x82, 0x10,
    0x61, 0x08, 0x61, 0x08, 0x61, 0x08, 0x61, 0x08, 0x61, 0x08, 0x61, 0x08, 0x61, 0x08, 0x82, 0x10,
    0x82, 0x10, 0x82, 0x10, 0x82, 0x10, 0x82, 0x10, 0x82, 0x10, 0x82, 0x10, 0x82, 0x10, 0x82, 0x10,
    0x82, 0x10, 0x82, 0x10, 0x82, 0x10, 0x82, 0x10, 0x82, 0x10, 0x82, 0x10, 0x82, 0x10, 0x82, 0x10,
    0x82, 0x10, 0x82, 0x10, 0x82, 0x10, 0x82, 0x10, 0x82, 0x10, 0x82, 0x10, 0x82, 0x10, 0x82, 0x10,
    0x82, 0x10, 0x82, 0x10, 0x82, 0x10, 0x82, 0x10, 0x82, 0x10, 0x82, 0x10, 0x82, 0x10, 0x82, 0x10,
    0x82, 0x10, 0x82, 0x10, 0x82, 0x10, 0x82, 0x10, 0x82, 0x10, 0x82, 0x10, 0x82, 0x10, 0x82, 0x10,
    0x82, 0x10, 0x82, 0x10, 0x82, 0x10, 0x82, 0x10, 0x82, 0x10, 0x82, 0x10, 0x82, 0x10, 0x82, 0x10,
    0x82, 0x10, 0x82, 0x10, 0x82, 0x10, 0x82, 0x10, 0x82, 0x10, 0x82, 0x10, 0x82, 0x10, 0x82, 0x10,
    0x82, 0x10, 0x82, 0x10, 0x82, 0x10, 0x82, 0x10, 0x82, 0x10, 0x82, 0x10, 0x82, 0x10, 0x82, 0x10,
    0x82, 0x10, 0x82, 0x10, 0x82, 0x10, 0x61, 0x08, 0x61, 0x08, 0x61, 0x08, 0x61, 0x08, 0x61, 0x08,
    0x61, 0x08, 0x82, 0x10, 0x82, 0x10, 0x82, 0x10, 0x82, 0x10, 0x82, 0x10, 0x82, 0x10, 0x82, 0x10,
    0x83, 0x10, 0x83, 0x10, 0x83, 0x10, 0x83, 0x10, 0x83, 0x18, 0x83, 0x18, 0x83, 0x18, 0xa3, 0x18,
    0xa3, 0x18, 0xa3, 0x18, 0xa4, 0x20, 0xa4, 0x20, 0xa4, 0x20, 0xa4, 0x20, 0xa4, 0x20, 0xa4, 0x20,
    0xa4, 0x20, 0xa4, 0x28, 0xc5, 0x28, 0xa5, 0x20, 0xc5, 0x28, 0xc5, 0x28, 0xa5, 0x28, 0xc6, 0x30,
    0xc5, 0x30, 0xe6, 0x30, 0xe6, 0x30, 0xe6, 0x30, 0xe6, 0x30, 0xe7, 0x38, 0xe7, 0x38, 0xe7, 0x38,
    0xe7, 0x38, 0xe7, 0x38, 0xe7, 0x38, 0xe8, 0x38, 0x08, 0x41, 0x08, 0x41, 0x08, 0x41, 0x6d, 0x69,
    0x35, 0xaa, 0xfc, 0xda, 0xfe, 0xfa, 0x3f, 0xfb, 0x1f, 0xfb, 0x1f, 0xfb, 0x1f, 0xfb, 0x5f, 0xfb,
    0x1f, 0xfb, 0x3f, 0xfb, 0x1f, 0xfb, 0xfd, 0xea, 0x14, 0xa2, 0x6d, 0x69, 0x4a, 0x49, 0x28, 0x41,
    0x09, 0x49, 0x28, 0x41, 0x09, 0x49, 0x09, 0x49, 0x2a, 0x59, 0xaf, 0x79, 0x77, 0xba, 0x1e, 0xf3,
    0xff, 0xfa, 0x1f, 0xfb, 0x1f, 0xfb, 0x5f, 0xfb, 0x5f, 0xfb, 0x1f, 0xfb, 0xff, 0xfa, 0x3e, 0xf3,
    0xda, 0xd2, 0x13, 0x9a, 0x2a, 0x59, 0x08, 0x41, 0x28, 0x41, 0x08, 0x41, 0x08, 0x41, 0x08, 0x41,
    0x08, 0x41, 0x08, 0x41, 0x08, 0x41, 0x07, 0x39, 0x07, 0x39, 0x07, 0x39, 0xe7, 0x38, 0xe7, 0x38,
    0x08, 0x39, 0xe7, 0x38, 0xe7, 0x38, 0xe7, 0x38, 0xe7, 0x38, 0xc6, 0x30, 0xe6, 0x30, 0xc5, 0x30,
    0xe7, 0x38, 0x4a, 0x51, 0xf2, 0x91, 0xfc, 0xda, 0x3e, 0xf3, 0xdc, 0xe2, 0x56, 0xb2, 0x8d, 0x71,
    0xe6, 0x38, 0xe5, 0x28, 0xe5, 0x28, 0xe5, 0x28, 0xc5, 0x28, 0xc5, 0x28, 0xc5, 0x28, 0xc5, 0x28,
    0xc5, 0x28, 0xc5, 0x28, 0xc5, 0x28, 0xc5, 0x28, 0xc4, 0x28, 0xc4, 0x28, 0xc4, 0x28, 0xc4, 0x28,
    0xa5, 0x20, 0xc4, 0x28, 0xc4, 0x20, 0xc5, 0x20, 0xa4, 0x20, 0xa4, 0x20, 0xa4, 0x20, 0xa4, 0x20,
    0xa4, 0x20, 0xa4, 0x20, 0xa4, 0x20, 0xa4, 0x20, 0xa4, 0x20, 0xa3, 0x18, 0xa3, 0x18, 0xa3, 0x18,
    0xa3, 0x18, 0x83, 0x18, 0x83, 0x18, 0x83, 0x18, 0x83, 0x18, 0x83, 0x18, 0x83, 0x18, 0x83, 0x10,
    0x83, 0x10, 0x83, 0x10, 0x83, 0x10, 0x82, 0x10, 0x82, 0x10, 0x82, 0x10, 0x61, 0x08, 0x82, 0x10,
    0x61, 0x08, 0x61, 0x08, 0x61, 0x08, 0x82, 0x10, 0x82, 0x10, 0x82, 0x10, 0x82, 0x10, 0x82, 0x10,
    0x82, 0x10, 0x82, 0x10, 0x82, 0x10, 0x82, 0x10, 0x82, 0x10, 0x82, 0x10, 0x82, 0x10, 0x82, 0x10,
    0x82, 0x10, 0x82, 0x10, 0x82, 0x10, 0x82, 0x10, 0x82, 0x10, 0x82, 0x10, 0x82, 0x10, 0x82, 0x10,
    0x82, 0x10, 0x82, 0x10, 0x82, 0x10, 0x82, 0x10, 0x82, 0x10, 0x82, 0x10, 0x82, 0x10, 0x82, 0x10,
    0x82, 0x10, 0x82, 0x10, 0x82, 0x10, 0x82, 0x10, 0x82, 0x10, 0x82, 0x10, 0x82, 0x10, 0x82, 0x10,
    0x82, 0x10, 0x82, 0x10, 0x82, 0x10, 0x82, 0x10, 0x82, 0x10, 0x82, 0x10, 0x82, 0x10, 0x82, 0x10,
    0x82, 0x10, 0x82, 0x10, 0x82, 0x10, 0x82, 0x10, 0x82, 0x10, 0x82, 0x10, 0x82, 0x10, 0x82, 0x10,
    0x82, 0x10, 0x82, 0x10, 0x82, 0x10, 0x82, 0x10, 0x82, 0x10, 0x82, 0x10, 0x82, 0x10, 0x82, 0x10,
    0x82, 0x10, 0x82, 0x10, 0x82, 0x10, 0x82, 0x10, 0x82, 0x10, 0x82, 0x10, 0x82, 0x10, 0x61, 0x08,
    0x82, 0x10, 0x82, 0x10, 0x82, 0x10, 0x61, 0x08, 0x61, 0x08, 0x61, 0x08, 0x61, 0x08, 0x61, 0x08,
    0x61, 0x08, 0x82, 0x10, 0x82, 0x10, 0x61, 0x08, 0x82, 0x10, 0x82, 0x10, 0x82, 0x10, 0x82, 0x10,
    0x82, 0x10, 0x83, 0x10, 0x83, 0x10, 0x83, 0x10, 0x83, 0x10, 0x83, 0x10, 0x83, 0x10, 0xa3, 0x18,
    0xa2, 0x18, 0xa3, 0x18, 0x83, 0x18, 0xa3, 0x18, 0xa4, 0x20, 0xa4, 0x20, 0xa4, 0x20, 0xa4, 0x20,
    0xa4, 0x20, 0xa4, 0x20, 0xa4, 0x20, 0xa4, 0x28, 0xa5, 0x20, 0xc5, 0x28, 0xc5, 0x28, 0xc5, 0x28,
    0xe5, 0x28, 0xe5, 0x28, 0xe5, 0x28, 0xe6, 0x30, 0xe6, 0x28, 0xe6, 0x30, 0xe6, 0x30, 0xe6, 0x30,
    0xe6, 0x30, 0xe7, 0x38, 0xe7, 0x38, 0xe7, 0x38, 0x07, 0x39, 0x07, 0x39, 0x08, 0x41, 0x08, 0x41,
    0x28, 0x41, 0x4b, 0x59, 0xd0, 0x81, 0xb8, 0xca, 0x3e, 0xeb, 0x1f, 0xfb, 0x1f, 0xfb, 0x5f, 0xfb,
    0x1f, 0xfb, 0x1f, 0xfb, 0x1f, 0xfb, 0x5f, 0xfb, 0x1f, 0xfb, 0xfd, 0xf2, 0x99, 0xca, 0xf2, 0x89,
    0x2b, 0x51, 0x08, 0x41, 0x2a, 0x51, 0xf2, 0x89, 0xba, 0xd2, 0x1e, 0xf3, 0x5f, 0xfb, 0x1f, 0xfb,
    0x1f, 0xfb, 0x5f, 0xfb, 0xff, 0xfa, 0x5f, 0xfb, 0x3f, 0xfb, 0x1f, 0xfb, 0x99, 0xca, 0xb0, 0x79,
    0x2a, 0x59, 0x28, 0x41, 0x08, 0x41, 0x08, 0x41, 0x07, 0x39, 0x08, 0x41, 0x08, 0x41, 0x08, 0x41,
    0x08, 0x41, 0x08, 0x41, 0x07, 0x39, 0xe7, 0x38, 0xe7, 0x30, 0xe7, 0x38, 0xe7, 0x38, 0xe7, 0x38,
    0xe7, 0x30, 0xe6, 0x30, 0xe6, 0x30, 0xc6, 0x30, 0xc6, 0x38, 0xe6, 0x30, 0xe6, 0x30, 0x2a, 0x59,
    0x34, 0xaa, 0xfc, 0xe2, 0xfe, 0xfa, 0xba, 0xd2, 0xd1, 0x81, 0x29, 0x49, 0xe6, 0x30, 0xc5, 0x30,
    0xc5, 0x30, 0xc5, 0x28, 0xc5, 0x28, 0xc5, 0x28, 0xc5, 0x28, 0xc5, 0x28, 0xc5, 0x28, 0xc5, 0x28,
    0xc5, 0x28, 0xa5, 0x28, 0xc5, 0x28, 0xa5, 0x28, 0xa4, 0x28, 0xc4, 0x20, 0xa4, 0x28, 0xa4, 0x20,
    0xa4, 0x20, 0xa4, 0x20, 0xa4, 0x20, 0xa4, 0x20, 0xa4, 0x20, 0xa4, 0x20, 0xa4, 0x20, 0xa4, 0x20,
    0xa4, 0x20, 0xa4, 0x20, 0xa4, 0x18, 0xa3, 0x18, 0xa4, 0x18, 0xa3, 0x18, 0xa3, 0x18, 0xa3, 0x18,
    0x83, 0x18, 0x83, 0x10, 0x83, 0x10, 0x83, 0x10, 0x83, 0x10, 0x83, 0x10, 0x83, 0x10, 0x83, 0x10,
    0x82, 0x10, 0x82, 0x10, 0x82, 0x10, 0x82, 0x10, 0x82, 0x10, 0x82, 0x10, 0x61, 0x08, 0x61, 0x08,
    0x61, 0x08, 0x61, 0x08, 0x61, 0x08, 0x82, 0x10, 0x82, 0x10, 0x82, 0x10, 0x82, 0x10, 0x82, 0x10,
    0x82, 0x10, 0x82, 0x10, 0x82, 0x10, 0x82, 0x10, 0x82, 0x10, 0x82, 0x10, 0x82, 0x10, 0x82, 0x10,
    0x82, 0x10, 0x82, 0x10, 0x82, 0x10, 0x82, 0x10, 0x82, 0x10, 0x82, 0x10, 0x82, 0x10, 0x82, 0x10,
    0x82, 0x10, 0x82, 0x10, 0x82, 0x10, 0x82, 0x10, 0x82, 0x10, 0x82, 0x10, 0x82, 0x10, 0x82, 0x10,
    0x82, 0x10, 0x82, 0x10, 0x82, 0x10, 0x82, 0x10, 0x82, 0x10, 0x82, 0x10, 0x82, 0x10, 0x82, 0x10,
    0x82, 0x10, 0x82, 0x10, 0x82, 0x10, 0x82, 0x10, 0x82, 0x10, 0x82, 0x10, 0x82, 0x10, 0x82, 0x10,
    0x82, 0x10, 0x82, 0x10, 0x82, 0x10, 0x82, 0x10, 0x82, 0x10, 0x82, 0x10, 0x82, 0x10, 0x82, 0x10,
    0x82, 0x10, 0x82, 0x10, 0x82, 0x10, 0x82, 0x10, 0x82, 0x10, 0x82, 0x10, 0x82, 0x10, 0x82, 0x10,
    0x82, 0x10, 0x82, 0x10, 0x82, 0x10, 0x82, 0x10, 0x82, 0x10, 0x82, 0x10, 0x82, 0x10, 0x82, 0x10,
    0x82, 0x10, 0x82, 0x10, 0x82, 0x10, 0x82, 0x10, 0x61, 0x08, 0x61, 0x08, 0x61, 0x08, 0x61, 0x08,
    0x61, 0x08, 0x82, 0x10, 0x82, 0x10, 0x61, 0x08, 0x82, 0x10, 0x82, 0x10, 0x82, 0x10, 0x82, 0x10,
    0x83, 0x10, 0x82, 0x10, 0x83, 0x10, 0x83, 0x10, 0x83, 0x10, 0x83, 0x10, 0x83, 0x10, 0x83, 0x10,
    0x83, 0x10, 0x83, 0x10, 0x83, 0x18, 0x83, 0x18, 0x83, 0x18, 0xa4, 0x20, 0xa4, 0x20, 0xa4, 0x20,
    0xa4, 0x20, 0xa4, 0x20, 0xa4, 0x20, 0xa4, 0x20, 0xa4, 0x20, 0xa5, 0x20, 0xa5, 0x20, 0xc5, 0x28,
    0xc5, 0x28, 0xc5, 0x28, 0xc5, 0x28, 0xe5, 0x28, 0xc6, 0x30, 0xe6, 0x30, 0xe6, 0x30, 0xe6, 0x30,
    0xc6, 0x30, 0xc6, 0x30, 0xe6, 0x30, 0xe7, 0x38, 0xe7, 0x38, 0xe7, 0x38, 0xe7, 0x38, 0x07, 0x39,
    0x07, 0x39, 0x08, 0x41, 0x08, 0x41, 0x09, 0x49, 0xcf, 0x71, 0x78, 0xc2, 0xfd, 0xea, 0xff, 0xfa,
    0x1f, 0xfb, 0x1f, 0xfb, 0x5f, 0xfb, 0x1f, 0xfb, 0x1f, 0xfb, 0x5f, 0xfb, 0x1f, 0xfb, 0x1f, 0xfb,
    0xfd, 0xf2, 0xfc, 0xda, 0xfd, 0xf2, 0x1f, 0xfb, 0x5f, 0xfb, 0xff, 0xfa, 0x1f, 0xfb, 0x1f, 0xfb,
    0x5f, 0xfb, 0x5f, 0xfb, 0x1f, 0xfb, 0x3e, 0xf3, 0x99, 0xca, 0xaf, 0x81, 0x09, 0x49, 0x08, 0x41,
    0x28, 0x41, 0x08, 0x41, 0xe7, 0x38, 0x08, 0x41, 0xe8, 0x40, 0x07, 0x41, 0x07, 0x41, 0x07, 0x41,
    0x07, 0x39, 0x07, 0x39, 0xe7, 0x38, 0xe7, 0x38, 0xe7, 0x38, 0xe7, 0x38, 0xe7, 0x38, 0xe6, 0x30,
    0xc6, 0x30, 0xe6, 0x38, 0xe6, 0x30, 0xe5, 0x28, 0xe8, 0x38, 0x4b, 0x59, 0x34, 0xaa, 0xfd, 0xea,
    0x3e, 0xeb, 0xb8, 0xca, 0x6d, 0x69, 0xe6, 0x30, 0xa5, 0x28, 0xc5, 0x30, 0xc4, 0x28, 0xc5, 0x28,
    0xa5, 0x28, 0xc5, 0x28, 0xc5, 0x28, 0xc5, 0x28, 0xc5, 0x28, 0xc5, 0x28, 0xa5, 0x20, 0xa4, 0x28,
    0xa4, 0x28, 0xa4, 0x28, 0xa4, 0x20, 0xa4, 0x20, 0xa4, 0x20, 0xa4, 0x20, 0xa4, 0x20, 0xa4, 0x20,
    0xa4, 0x20, 0xa4, 0x20, 0xa4, 0x20, 0xa4, 0x20, 0xa4, 0x20, 0xa4, 0x20, 0xa4, 0x20, 0xa4, 0x20,
    0xa4, 0x20, 0xa3, 0x18, 0xa3, 0x18, 0x83, 0x18, 0x83, 0x18, 0x83, 0x10, 0x83, 0x10, 0x83, 0x10,
    0x83, 0x10, 0x83, 0x18, 0x83, 0x10, 0x83, 0x10, 0x83, 0x10, 0x83, 0x10, 0x83, 0x10, 0x83, 0x10,
    0x82, 0x10, 0x82, 0x10, 0x82, 0x10, 0x82, 0x10, 0x82, 0x10, 0x82, 0x10, 0x61, 0x08, 0x61, 0x08,
    0x61, 0x08, 0x61, 0x08, 0x61, 0x08, 0x82, 0x10, 0x82, 0x10, 0x82, 0x10, 0x82, 0x10, 0x82, 0x10,
    0x82, 0x10, 0x82, 0x10, 0x82, 0x10, 0x82, 0x10, 0x82, 0x10, 0x82, 0x10, 0x82, 0x10, 0x82, 0x10,
    0x82, 0x10, 0x82, 0x10, 0x82, 0x10, 0x82, 0x10, 0x82, 0x10, 0x82, 0x10, 0x82, 0x10, 0x82, 0x10,
    0x82, 0x10, 0x82, 0x10, 0x82, 0x10, 0x82, 0x10, 0x82, 0x10, 0x82, 0x10, 0x82, 0x10, 0x82, 0x10,
    0x82, 0x10, 0x82, 0x10, 0x82, 0x10, 0x82, 0x10, 0x82, 0x10, 0x82, 0x10, 0x82, 0x10, 0x82, 0x10,
    0x82, 0x10, 0x82, 0x10, 0x82, 0x10, 0x82, 0x10, 0x82, 0x10, 0x82, 0x10, 0x82, 0x10, 0x82, 0x10,
    0x82, 0x10, 0x82, 0x10, 0x82, 0x10, 0x82, 0x10, 0x82, 0x10, 0x82, 0x10, 0x82, 0x10, 0x82, 0x10,
    0x82, 0x10, 0x82, 0x10, 0x82, 0x10, 0x82, 0x10, 0x82, 0x10, 0x82, 0x10, 0x82, 0x10, 0x82, 0x10,
    0x82, 0x10, 0x82, 0x10, 0x82, 0x10, 0x82, 0x10, 0x82, 0x10, 0x82, 0x10, 0x82, 0x10, 0x82, 0x10,
    0x82, 0x10, 0x82, 0x10, 0x82, 0x10, 0x82, 0x10, 0x61, 0x08, 0x61, 0x08, 0x61, 0x08, 0x61, 0x08,
    0x61, 0x08, 0x61, 0x08, 0x61, 0x08, 0x61, 0x08, 0x61, 0x08, 0x61, 0x08, 0x61, 0x08, 0x82, 0x10,
    0x82, 0x10, 0x82, 0x10, 0x82, 0x10, 0x82, 0x10, 0x82, 0x10, 0x82, 0x10, 0x83, 0x10, 0x83, 0x10,
    0x83, 0x10, 0x83, 0x10, 0x83, 0x10, 0x83, 0x18, 0x83, 0x18, 0x83, 0x18, 0x83, 0x18, 0xa3, 0x18,
    0xa3, 0x18, 0xa3, 0x18, 0xa4, 0x18, 0xa4, 0x18, 0xa4, 0x20, 0xa4, 0x20, 0xa4, 0x20, 0xa4, 0x20,
    0xa5, 0x20, 0xa4, 0x28, 0xc5, 0x28, 0xc5, 0x28, 0xc5, 0x28, 0xc5, 0x28, 0xc5, 0x30, 0xc5, 0x30,
    0xe6, 0x30, 0xe6, 0x30, 0xc6, 0x30, 0xc6, 0x30, 0xc6, 0x30, 0xe7, 0x38, 0xe7, 0x38, 0x07, 0x39,
    0x07, 0x39, 0x07, 0x39, 0x07, 0x39, 0x07, 0x39, 0x08, 0x41, 0x09, 0x49, 0x6c, 0x61, 0xf3, 0x99,
    0x9a, 0xd2, 0x1f, 0xfb, 0x5f, 0xfb, 0x1f, 0xfb, 0x1f, 0xfb, 0x1f, 0xfb, 0x1f, 0xfb, 0x1f, 0xfb,
    0x5f, 0xfb, 0x3f, 0xfb, 0x3f, 0xfb, 0x1f, 0xfb, 0xff, 0xfa, 0x5f, 0xfb, 0x5f, 0xfb, 0x1f, 0xfb,
    0x3f, 0xfb, 0xfd, 0xea, 0x56, 0xb2, 0xaf, 0x79, 0x09, 0x51, 0x08, 0x41, 0x08, 0x41, 0x07, 0x39,
    0x07, 0x39, 0x08, 0x41, 0x07, 0x39, 0xe6, 0x30, 0x07, 0x39, 0xe7, 0x38, 0xe7, 0x38, 0xe7, 0x38,
    0xe7, 0x38, 0xe7, 0x38, 0xe6, 0x30, 0xc6, 0x30, 0xc6, 0x30, 0xc6, 0x30, 0xe6, 0x30, 0xe6, 0x30,
    0xe6, 0x30, 0xe5, 0x28, 0xe7, 0x38, 0x8d, 0x71, 0x56, 0xb2, 0xfd, 0xea, 0x9a, 0xd2, 0xf1, 0x91,
    0x4b, 0x59, 0xe6, 0x28, 0xc5, 0x28, 0xc5, 0x28, 0xc5, 0x28, 0xa5, 0x28, 0xc5, 0x28, 0xc5, 0x28,
    0xc4, 0x28, 0xc4, 0x20, 0xc4, 0x20, 0xc4, 0x20, 0xc5, 0x20, 0xa4, 0x20, 0xa4, 0x20, 0xa4, 0x20,
    0xa4, 0x20, 0xa4, 0x20, 0xa4, 0x20, 0xa4, 0x20, 0xa4, 0x20, 0xa4, 0x20, 0xa3, 0x20, 0xa3, 0x20,
    0xa4, 0x20, 0xa4, 0x20, 0xa4, 0x18, 0xa4, 0x18, 0xa4, 0x18, 0xa4, 0x18, 0xa4, 0x18, 0x83, 0x18,
    0x83, 0x18, 0x83, 0x18, 0x83, 0x18, 0x83, 0x18, 0x83, 0x18, 0x83, 0x10, 0x83, 0x10, 0x83, 0x10,
    0x82, 0x10, 0x82, 0x10, 0x83, 0x10, 0x82, 0x10, 0x82, 0x10, 0x82, 0x10, 0x82, 0x10, 0x82, 0x10,
    0x82, 0x10, 0x82, 0x10, 0x61, 0x08, 0x61, 0x08, 0x61, 0x08, 0x61, 0x08, 0x61, 0x08, 0x61, 0x08,
    0x61, 0x08, 0x61, 0x08, 0x61, 0x08, 0x82, 0x10, 0x82, 0x10, 0x82, 0x10, 0x82, 0x10, 0x82, 0x10,
    0x82, 0x10, 0x82, 0x10, 0x82, 0x10, 0x82, 0x10, 0x82, 0x10, 0x82, 0x10, 0x82, 0x10, 0x82, 0x10,
    0x82, 0x10, 0x82, 0x10, 0x82, 0x10, 0x82, 0x10, 0x82, 0x10, 0x82, 0x10, 0x82, 0x10, 0x82, 0x10,
    0x82, 0x10, 0x82, 0x10, 0x82, 0x10, 0x82, 0x10, 0x82, 0x10, 0x82, 0x10, 0x82, 0x10, 0x82, 0x10,
    0x82, 0x10, 0x82, 0x10, 0x82, 0x10, 0x82, 0x10, 0x82, 0x10, 0x82, 0x10, 0x82, 0x10, 0x82, 0x10,
    0x82, 0x10, 0x82, 0x10, 0x82, 0x10, 0x82, 0x10, 0x82, 0x10, 0x82, 0x10, 0x82, 0x10, 0x82, 0x10,
    0x82, 0x10, 0x82, 0x10, 0x82, 0x10, 0x82, 0x10, 0x82, 0x10, 0x82, 0x10, 0x82, 0x10, 0x82, 0x10,
    0x82, 0x10, 0x82, 0x10, 0x82, 0x10, 0x82, 0x10, 0x82, 0x10, 0x82, 0x10, 0x82, 0x10, 0x82, 0x10,
    0x82, 0x10, 0x82, 0x10, 0x82, 0x10, 0x82, 0x10, 0x82, 0x10, 0x82, 0x10, 0x82, 0x10, 0x82, 0x10,
    0x82, 0x10, 0x82, 0x10, 0x82, 0x10, 0x82, 0x10, 0x82, 0x10, 0x82, 0x10, 0x82, 0x10, 0x82, 0x10,
    0x82, 0x10, 0x82, 0x10, 0x82, 0x10, 0x82, 0x10, 0x82, 0x10, 0x82, 0x10, 0x82, 0x10, 0x82, 0x10,
    0x82, 0x10, 0x82, 0x10, 0x82, 0x10, 0x82, 0x10, 0x82, 0x10, 0x82, 0x10, 0x82, 0x10, 0x82, 0x10,
    0x82, 0x10, 0x82, 0x10, 0x83, 0x10, 0x83, 0x10, 0x83, 0x10, 0x83, 0x10, 0xa3, 0x18, 0x83, 0x10,
    0x83, 0x10, 0xa3, 0x18, 0xa3, 0x18, 0xa4, 0x18, 0xa4, 0x18, 0xa4, 0x20, 0xa4, 0x20, 0xa4, 0x20,
    0xa4, 0x20, 0xa4, 0x20, 0xc5, 0x28, 0xc5, 0x28, 0xc5, 0x28, 0xc5, 0x28, 0xc5, 0x28, 0xc5, 0x28,
    0xc5, 0x30, 0xc5, 0x30, 0xc6, 0x30, 0xc6, 0x30, 0xe6, 0x30, 0xc6, 0x30, 0xe6, 0x38, 0xe6, 0x30,
    0x06, 0x31, 0x07, 0x39, 0xe7, 0x38, 0x07, 0x39, 0xe8, 0x40, 0xe8, 0x40, 0x08, 0x41, 0x08, 0x41,
    0x08, 0x41, 0xd1, 0x89, 0x9a, 0xd2, 0xfe, 0xfa, 0x5f, 0xfb, 0x1f, 0xfb, 0x1f, 0xfb, 0x1f, 0xfb,
    0x1f, 0xfb, 0x5f, 0xfb, 0x1f, 0xfb, 0x1f, 0xfb, 0x3f, 0xfb, 0x1f, 0xfb, 0x3f, 0xfb, 0xfd, 0xf2,
    0x56, 0xb2, 0x6d, 0x61, 0x08, 0x41, 0xe8, 0x40, 0x08, 0x41, 0xe8, 0x40, 0x08, 0x41, 0x28, 0x41,
    0x07, 0x39, 0xe7, 0x38, 0xe7, 0x38, 0xe7, 0x38, 0xe7, 0x38, 0xe7, 0x38, 0xc6, 0x30, 0xe6, 0x30,
    0xe6, 0x30, 0xe6, 0x30, 0xe6, 0x30, 0xe6, 0x30, 0xe6, 0x30, 0xe6, 0x30, 0xe6, 0x30, 0xc5, 0x30,
    0xc5, 0x30, 0x6d, 0x69, 0x78, 0xc2, 0xfd, 0xea, 0xda, 0xd2, 0x6d, 0x69, 0xe6, 0x30, 0xe5, 0x28,
    0xc5, 0x28, 0xc5, 0x30, 0xa5, 0x28, 0xa4, 0x28, 0xc5, 0x28, 0xc5, 0x20, 0xc5, 0x20, 0xa5, 0x28,
    0xa4, 0x20, 0xa4, 0x20, 0xa4, 0x20, 0xa4, 0x20, 0xa4, 0x20, 0xa4, 0x20, 0xa4, 0x20, 0xa4, 0x20,
    0xa4, 0x20, 0xa4, 0x20, 0xa4, 0x20, 0xa4, 0x20, 0xa4, 0x18, 0xa4, 0x18, 0xa4, 0x18, 0xa4, 0x18,
    0xa3, 0x18, 0xa4, 0x20, 0x83, 0x18, 0xa3, 0x18, 0x83, 0x18, 0x83, 0x18, 0x83, 0x18, 0x83, 0x18,
    0x83, 0x10, 0x83, 0x10, 0x83, 0x10, 0x83, 0x10, 0x83, 0x10, 0x83, 0x10, 0x82, 0x18, 0x82, 0x18,
    0x82, 0x10, 0x82, 0x10, 0x82, 0x10, 0x82, 0x10, 0x82, 0x10, 0x82, 0x10, 0x82, 0x10, 0x82, 0x10,
    0x82, 0x10, 0x61, 0x08, 0x61, 0x08, 0x61, 0x08, 0x61, 0x08, 0x61, 0x08, 0x61, 0x08, 0x61, 0x08,
    0x61, 0x08, 0x61, 0x08, 0x82, 0x10, 0x82, 0x10, 0x82, 0x10, 0x82, 0x10, 0x82, 0x10, 0x82, 0x10,
    0x82, 0x10, 0x82, 0x10, 0x82, 0x10, 0x82, 0x10, 0x82, 0x10, 0x82, 0x10, 0x82, 0x10, 0x82, 0x10,
    0x82, 0x10, 0x82, 0x10, 0x82, 0x10, 0x82, 0x10, 0x82, 0x10, 0x82, 0x10, 0x82, 0x10, 0x82, 0x10,
    0x82, 0x10, 0x82, 0x10, 0x82, 0x10, 0x82, 0x10, 0x82, 0x10, 0x82, 0x10, 0x82, 0x10, 0x82, 0x10,
    0x82, 0x10, 0x82, 0x10, 0x82, 0x10, 0x82, 0x10, 0x82, 0x10, 0x82, 0x10, 0x82, 0x10, 0x82, 0x10,
    0x82, 0x10, 0x82, 0x10, 0x82, 0x10, 0x82, 0x10, 0x82, 0x10, 0x82, 0x10, 0x82, 0x10, 0x82, 0x10,
    0x82, 0x10, 0x82, 0x10, 0x82, 0x10, 0x82, 0x10, 0x82, 0x10, 0x82, 0x10, 0x82, 0x10, 0x82, 0x10,
    0x82, 0x10, 0x82, 0x10, 0x82, 0x10, 0x82, 0x10, 0x82, 0x10, 0x82, 0x10, 0x82, 0x10, 0x82, 0x10,
    0x82, 0x10, 0x82, 0x10, 0x82, 0x10, 0x82, 0x10, 0x82, 0x10, 0x82, 0x10, 0x82, 0x10, 0x82, 0x10,
    0x82, 0x10, 0x82, 0x10, 0x82, 0x10, 0x82, 0x10, 0x82, 0x10, 0x82, 0x10, 0x82, 0x10, 0x82, 0x10,
    0x82, 0x10, 0x82, 0x10, 0x82, 0x10, 0x82, 0x10, 0x82, 0x10, 0x82, 0x10, 0x82, 0x10, 0x82, 0x10,
    0x61, 0x08, 0x61, 0x08, 0x82, 0x10, 0x82, 0x10, 0x82, 0x10, 0x82, 0x10, 0x82, 0x10, 0x82, 0x10,
    0x82, 0x10, 0x82, 0x10, 0x83, 0x10, 0x83, 0x10, 0x82, 0x10, 0x83, 0x10, 0x83, 0x10, 0x83, 0x10,
    0x83, 0x10, 0x83, 0x18, 0x83, 0x18, 0xa3, 0x18, 0x83, 0x18, 0xa4, 0x20, 0xa4, 0x18, 0xa4, 0x20,
    0xa4, 0x20, 0xa3, 0x20, 0xa4, 0x20, 0xa5, 0x20, 0xa5, 0x20, 0xa5, 0x20, 0xc5, 0x28, 0xc5, 0x28,
    0xa5, 0x28, 0xc5, 0x28, 0xe5, 0x28, 0xc5, 0x30, 0xe6, 0x30, 0xe6, 0x30, 0xe6, 0x30, 0xe7, 0x38,
    0xe7, 0x38, 0xe6, 0x30, 0xe7, 0x38, 0x07, 0x39, 0x07, 0x39, 0xe7, 0x38, 0x07, 0x39, 0x08, 0x41,
    0x08, 0x41, 0x08, 0x41, 0x29, 0x49, 0x8e, 0x71, 0x35, 0xaa, 0xfc, 0xda, 0x1f, 0xfb, 0x5f, 0xfb,
    0x5f, 0xfb, 0x5f, 0xfb, 0x5f, 0xfb, 0x5f, 0xfb, 0x1f, 0xfb, 0xba, 0xda, 0x13, 0xa2, 0x6d, 0x69,
    0x09, 0x49, 0x08, 0x41, 0x08, 0x41, 0x08, 0x41, 0x07, 0x41, 0x07, 0x41, 0x07, 0x39, 0xe7, 0x38,
    0xe7, 0x38, 0xe6, 0x38, 0xe7, 0x38, 0xe6, 0x30, 0xe6, 0x30, 0xe7, 0x38, 0xe6, 0x30, 0xe6, 0x30,
    0xe6, 0x30, 0xe6, 0x30, 0xc6, 0x30, 0xe6, 0x30, 0xc5, 0x30, 0xc5, 0x30, 0x08, 0x41, 0xaf, 0x79,
    0x99, 0xc2, 0xb8, 0xca, 0x35, 0xa2, 0x4c, 0x61, 0xe6, 0x30, 0xa5, 0x28, 0xa4, 0x28, 0xc4, 0x28,
    0xc5, 0x28, 0xc5, 0x20, 0xa4, 0x20, 0xa4, 0x28, 0xa4, 0x28, 0xa5, 0x20, 0xa4, 0x20, 0xc4, 0x20,
    0xa4, 0x20, 0xa4, 0x20, 0xa4, 0x20, 0xa4, 0x20, 0xa4, 0x20, 0xa4, 0x20, 0xa4, 0x20, 0xa4, 0x20,
    0xa4, 0x20, 0xa4, 0x20, 0xa4, 0x20, 0xa4, 0x20, 0xa3, 0x18, 0xa3, 0x18, 0xa3, 0x18, 0x83, 0x18,
    0x83, 0x18, 0x83, 0x18, 0x83, 0x18, 0x83, 0x18, 0x83, 0x18, 0x83, 0x18, 0x83, 0x18, 0x83, 0x10,
    0x83, 0x10, 0x83, 0x10, 0x83, 0x10, 0x83, 0x10, 0x83, 0x10, 0x82, 0x10, 0x82, 0x10, 0x82, 0x10,
    0x82, 0x10, 0x82, 0x10, 0x82, 0x10, 0x61, 0x08, 0x61, 0x08, 0x61, 0x08, 0x61, 0x08, 0x61, 0x08,
    0x82, 0x10, 0x61, 0x08, 0x61, 0x08, 0x61, 0x08, 0x61, 0x08, 0x61, 0x08, 0x61, 0x08, 0x61, 0x08,
    0x61, 0x08, 0x82, 0x10, 0x82, 0x10, 0x82, 0x10, 0x82, 0x10, 0x82, 0x10, 0x82, 0x10, 0x82, 0x10,
    0x82, 0x10, 0x82, 0x10, 0x82, 0x10, 0x82, 0x10, 0x82, 0x10, 0x82, 0x10, 0x82, 0x10, 0x82, 0x10,
    0x82, 0x10, 0x82, 0x10, 0x82, 0x10, 0x82, 0x10, 0x82, 0x10, 0x82, 0x10, 0x82, 0x10, 0x82, 0x10,
    0x82, 0x10, 0x82, 0x10, 0x82, 0x10, 0x82, 0x10, 0x82, 0x10, 0x82, 0x10, 0x82, 0x10, 0x82, 0x10,
    0x82, 0x10, 0x82, 0x10, 0x82, 0x10, 0x82, 0x10, 0x82, 0x10, 0x82, 0x10, 0x82, 0x10, 0x82, 0x10,
    0x82, 0x10, 0x82, 0x10, 0x82, 0x10, 0x82, 0x10, 0x82, 0x10, 0x82, 0x10, 0x82, 0x10, 0x82, 0x10,
    0x82, 0x10, 0x82, 0x10, 0x82, 0x10, 0x82, 0x10, 0x82, 0x10, 0x82, 0x10, 0x82, 0x10, 0x82, 0x10,
    0x82, 0x10, 0x82, 0x10, 0x82, 0x10, 0x82, 0x10, 0x82, 0x10, 0x82, 0x10, 0x82, 0x10, 0x82, 0x10,
    0x82, 0x10, 0x82, 0x10, 0x82, 0x10, 0x82, 0x10, 0x82, 0x10, 0x82, 0x10, 0x82, 0x10, 0x82, 0x10,
    0x82, 0x10, 0x82, 0x10, 0x82, 0x10, 0x82, 0x10, 0x82, 0x10, 0x82, 0x10, 0x82, 0x10, 0x82, 0x10,
    0x82, 0x10, 0x82, 0x10, 0x82, 0x10, 0x82, 0x10, 0x82, 0x10, 0x82, 0x10, 0x82, 0x10, 0x61, 0x08,
    0x61, 0x08, 0x61, 0x08, 0x61, 0x08, 0x61, 0x08, 0x61, 0x08, 0x61, 0x08, 0x61, 0x08, 0x61, 0x08,
    0x82, 0x10, 0x82, 0x10, 0x82, 0x10, 0x82, 0x10, 0x82, 0x10, 0x83, 0x10, 0x83, 0x10, 0x83, 0x10,
    0x83, 0x10, 0x83, 0x10, 0x83, 0x18, 0x83, 0x18, 0x83, 0x18, 0xa4, 0x18, 0xa4, 0x18, 0xa4, 0x18,
    0xa4, 0x18, 0xa4, 0x20, 0xa4, 0x20, 0xa4, 0x20, 0xa4, 0x20, 0xa4, 0x20, 0xa5, 0x20, 0xc5, 0x20,
    0xa4, 0x28, 0xc5, 0x28, 0xc5, 0x28, 0xc5, 0x28, 0xc5, 0x30, 0xc5, 0x30, 0xc5, 0x30, 0xe6, 0x30,
    0xe6, 0x30, 0xc6, 0x30, 0xc6, 0x30, 0xe7, 0x38, 0xe7, 0x38, 0xe7, 0x38, 0xe7, 0x38, 0xe8, 0x38,
    0x08, 0x39, 0x07, 0x39, 0x07, 0x41, 0x07, 0x39, 0x08, 0x41, 0x0a, 0x51, 0xd1, 0x89, 0x9b, 0xd2,
    0x3e, 0xf3, 0x1f, 0xfb, 0x3e, 0xf3, 0xdc, 0xe2, 0xd1, 0x89, 0x0a, 0x51, 0x08, 0x41, 0x07, 0x41,
    0x08, 0x41, 0x07, 0x39, 0x07, 0x39, 0xe7, 0x38, 0x07, 0x39, 0xe7, 0x38, 0xe7, 0x38, 0xe7, 0x38,
    0xe7, 0x30, 0xe6, 0x30, 0xe6, 0x30, 0xc6, 0x30, 0xe6, 0x30, 0xc5, 0x30, 0xe6, 0x30, 0xe5, 0x28,
    0xe6, 0x30, 0xc5, 0x30, 0xc5, 0x30, 0xe5, 0x28, 0xe6, 0x30, 0xd0, 0x81, 0xdb, 0xda, 0xba, 0xd2,
    0x8d, 0x61, 0xe8, 0x40, 0xc4, 0x28, 0xc5, 0x28, 0xa5, 0x20, 0xc4, 0x28, 0xc4, 0x20, 0xa4, 0x28,
    0xc4, 0x20, 0xa4, 0x20, 0xa4, 0x20, 0xa4, 0x20, 0xa4, 0x20, 0xa4, 0x20, 0xa4, 0x20, 0xa4, 0x20,
    0xa4, 0x20, 0xa4, 0x20, 0xa4, 0x20, 0xa4, 0x20, 0xa4, 0x20, 0xa4, 0x20, 0xa4, 0x18, 0xa4, 0x18,
    0xa4, 0x18, 0xa4, 0x18, 0xa4, 0x18, 0xa4, 0x18, 0x83, 0x18, 0x83, 0x18, 0x83, 0x18, 0x83, 0x18,
    0x83, 0x18, 0x83, 0x18, 0x83, 0x18, 0x83, 0x18, 0x83, 0x10, 0x83, 0x10, 0x83, 0x10, 0x82, 0x10,
    0x82, 0x10, 0x82, 0x10, 0x82, 0x10, 0x82, 0x10, 0x82, 0x10, 0x82, 0x10, 0x82, 0x10, 0x82, 0x10,
    0x82, 0x10, 0x82, 0x10, 0x61, 0x08, 0x61, 0x08, 0x61, 0x08, 0x61, 0x08, 0x61, 0x08, 0x61, 0x08,
    0x82, 0x10, 0x82, 0x10, 0x82, 0x10, 0x82, 0x10, 0x82, 0x10, 0x82, 0x10, 0x82, 0x10, 0x82, 0x10,
    0x82, 0x10, 0x82, 0x10, 0x82, 0x10, 0x82, 0x10, 0x82, 0x10, 0x82, 0x10, 0x82, 0x10, 0x82, 0x10,
    0x82, 0x10, 0x82, 0x10, 0x82, 0x10, 0x82, 0x10, 0x82, 0x10, 0x82, 0x10, 0x82, 0x10, 0x82, 0x10,
    0x82, 0x10, 0x82, 0x10, 0x82, 0x10, 0x82, 0x10, 0x82, 0x10, 0x82, 0x10, 0x82, 0x10, 0x82, 0x10,
    0x82, 0x10, 0x82, 0x10, 0x82, 0x10, 0x82, 0x10, 0x82, 0x10, 0x82, 0x10, 0x82, 0x10, 0x82, 0x10,
    0x82, 0x10, 0x82, 0x10, 0x82, 0x10, 0x82, 0x10, 0x82, 0x10, 0x82, 0x10, 0x82, 0x10, 0x82, 0x10,
    0x82, 0x10, 0x82, 0x10, 0x82, 0x10, 0x82, 0x10, 0x82, 0x10, 0x82, 0x10, 0x82, 0x10, 0x82, 0x10,
    0x82, 0x10, 0x82, 0x10, 0x82, 0x10, 0x82, 0x10, 0x82, 0x10, 0x82, 0x10, 0x82, 0x10, 0x82, 0x10,
    0x82, 0x10, 0x82, 0x10, 0x82, 0x10, 0x82, 0x10, 0x82, 0x10, 0x82, 0x10, 0x82, 0x10, 0x82, 0x10,
    0x82, 0x10, 0x82, 0x10, 0x82, 0x10, 0x82, 0x10, 0x82, 0x10, 0x82, 0x10, 0x82, 0x10, 0x82, 0x10,
    0x82, 0x10, 0x82, 0x10, 0x82, 0x10, 0x82, 0x10, 0x82, 0x10, 0x82, 0x10, 0x82, 0x10, 0x82, 0x10,
    0x82, 0x10, 0x82, 0x10, 0x82, 0x10, 0x82, 0x10, 0x82, 0x10, 0x82, 0x10, 0x82, 0x10, 0x82, 0x10,
    0x82, 0x10, 0x82, 0x10, 0x82, 0x10, 0x82, 0x10, 0x61, 0x08, 0x61, 0x08, 0x61, 0x08, 0x61, 0x08,
    0x61, 0x08, 0x61, 0x08, 0x82, 0x10, 0x82, 0x10, 0x82, 0x10, 0x82, 0x10, 0x82, 0x10, 0x83, 0x10,
    0x83, 0x10, 0x83, 0x10, 0x83, 0x10, 0x83, 0x10, 0x83, 0x10, 0xa3, 0x18, 0xa3, 0x18, 0xa3, 0x18,
    0xa3, 0x18, 0xa3, 0x18, 0xa4, 0x18, 0xa3, 0x20, 0xa4, 0x20, 0xa4, 0x20, 0xa4, 0x20, 0xa4, 0x20,
    0xc4, 0x20, 0xa4, 0x28, 0xa4, 0x28, 0xc5, 0x28, 0xc5, 0x28, 0xc5, 0x28, 0xc5, 0x28, 0xc5, 0x30,
    0xc5, 0x30, 0xe6, 0x30, 0xe6, 0x30, 0xe6, 0x30, 0xc6, 0x30, 0xc6, 0x30, 0xe7, 0x38, 0xe7, 0x38,
    0xe7, 0x38, 0xe7, 0x38, 0x08, 0x39, 0x08, 0x39, 0x07, 0x39, 0x07, 0x39, 0xe7, 0x38, 0x09, 0x51,
    0x6d, 0x61, 0xb0, 0x79, 0x8d, 0x71, 0x0a, 0x49, 0x08, 0x41, 0xe7, 0x40, 0x07, 0x39, 0x08, 0x39,
    0x08, 0x39, 0x07, 0x39, 0xe7, 0x38, 0xe7, 0x38, 0xe7, 0x38, 0xe6, 0x30, 0xc6, 0x30, 0xe6, 0x30,
    0xe6, 0x30, 0xe6, 0x30, 0xe6, 0x30, 0xc5, 0x30, 0xe5, 0x28, 0xe6, 0x30, 0xe6, 0x30, 0xe6, 0x30,
    0xa5, 0x28, 0xc6, 0x30, 0x4a, 0x49, 0xd0, 0x81, 0x56, 0xb2, 0x35, 0xaa, 0x4c, 0x61, 0xc6, 0x30,
    0xa5, 0x28, 0xa4, 0x28, 0xa5, 0x20, 0xc5, 0x28, 0xa4, 0x28, 0xa3, 0x20, 0xa4, 0x20, 0xa4, 0x20,
    0xa4, 0x20, 0xa4, 0x20, 0xa4, 0x20, 0xa4, 0x20, 0xa4, 0x20, 0xa4, 0x20, 0xa4, 0x20, 0xa4, 0x20,
    0xa4, 0x20, 0xa4, 0x20, 0xa4, 0x20, 0xa4, 0x20, 0xa3, 0x18, 0xa3, 0x18, 0x83, 0x18, 0xa3, 0x18,
    0xa3, 0x18, 0xa3, 0x18, 0xa3, 0x18, 0xa3, 0x18, 0xa3, 0x18, 0xa3, 0x18, 0x83, 0x10, 0x83, 0x10,
    0x83, 0x10, 0x83, 0x10, 0x83, 0x10, 0x83, 0x10, 0x83, 0x10, 0x83, 0x10, 0x83, 0x10, 0x82, 0x10,
    0x82, 0x10, 0x82, 0x10, 0x82, 0x10, 0x82, 0x10, 0x82, 0x10, 0x82, 0x10, 0x82, 0x10, 0x82, 0x10,
    0x82, 0x10, 0x82, 0x10, 0x61, 0x08, 0x61, 0x08, 0x61, 0x08, 0x61, 0x08, 0x61, 0x08, 0x61, 0x08,
    0x82, 0x10, 0x82, 0x10, 0x82, 0x10, 0x82, 0x10, 0x82, 0x10, 0x82, 0x10, 0x82, 0x10, 0x82, 0x10,
    0x82, 0x10, 0x82, 0x10, 0x82, 0x10, 0x82, 0x10, 0x82, 0x10, 0x82, 0x10, 0x82, 0x10, 0x82, 0x10,
    0x82, 0x10, 0x82, 0x10, 0x82, 0x10, 0x82, 0x10, 0x82, 0x10, 0x82, 0x10, 0x82, 0x10, 0x82, 0x10,
    0x82, 0x10, 0x82, 0x10, 0x82, 0x10, 0x82, 0x10, 0x82, 0x10, 0x82, 0x10, 0x82, 0x10, 0x82, 0x10,
    0x82, 0x10, 0x82, 0x10, 0x82, 0x10, 0x82, 0x10, 0x82, 0x10, 0x82, 0x10, 0x82, 0x10, 0x82, 0x10,
    0x82, 0x10, 0x82, 0x10, 0x82, 0x10, 0x82, 0x10, 0x82, 0x10, 0x82, 0x10, 0x82, 0x10, 0x82, 0x10,
    0x82, 0x10, 0x82, 0x10, 0x82, 0x10, 0x82, 0x10, 0x82, 0x10, 0x82, 0x10, 0x82, 0x10, 0x82, 0x10,
    0x82, 0x10, 0x82, 0x10, 0x82, 0x10, 0x82, 0x10, 0x82, 0x10, 0x82, 0x10, 0x82, 0x10, 0x82, 0x10,
    0x82, 0x10, 0x82, 0x10, 0x82, 0x10, 0x82, 0x10, 0x82, 0x10, 0x82, 0x10, 0x82, 0x10, 0x82, 0x10,
    0x82, 0x10, 0x82, 0x10, 0x82, 0x10, 0x82, 0x10, 0x82, 0x10, 0x82, 0x10, 0x82, 0x10, 0x82, 0x10,
    0x82, 0x10, 0x82, 0x10, 0x82, 0x10, 0x82, 0x10, 0x82, 0x10, 0x82, 0x10, 0x82, 0x10, 0x82, 0x10,
    0x82, 0x10, 0x82, 0x10, 0x82, 0x10, 0x82, 0x10, 0x82, 0x10, 0x82, 0x10, 0x82, 0x10, 0x82, 0x10,
    0x82, 0x10, 0x82, 0x10, 0x82, 0x10, 0x82, 0x10, 0x61, 0x08, 0x61, 0x08, 0x61, 0x08, 0x61, 0x08,
    0x61, 0x08, 0x61, 0x08, 0x61, 0x08, 0x61, 0x08, 0x82, 0x10, 0x82, 0x10, 0x82, 0x10, 0x82, 0x10,
    0x82, 0x10, 0x82, 0x10, 0x83, 0x10, 0x83, 0x10, 0x83, 0x10, 0x83, 0x10, 0x83, 0x10, 0x83, 0x18,
    0xa3, 0x18, 0x83, 0x18, 0xa3, 0x18, 0x83, 0x18, 0xa4, 0x18, 0xa4, 0x20, 0xa4, 0x20, 0xa4, 0x20,
    0xa4, 0x20, 0xa4, 0x20, 0xa4, 0x20, 0xa4, 0x28, 0xc4, 0x20, 0xa4, 0x28, 0xc5, 0x28, 0xc5, 0x28,
    0xa5, 0x28, 0xc5, 0x28, 0xc5, 0x28, 0xc5, 0x30, 0xe6, 0x30, 0xe6, 0x30, 0xe6, 0x30, 0xe7, 0x38,
    0xe6, 0x30, 0xe6, 0x30, 0xe6, 0x38, 0xe7, 0x38, 0xe7, 0x38, 0x08, 0x39, 0xe7, 0x38, 0x07, 0x41,
    0x07, 0x41, 0xe7, 0x38, 0x07, 0x39, 0x08, 0x39, 0xe8, 0x38, 0xe7, 0x38, 0xe7, 0x38, 0x08, 0x39,
    0xe7, 0x38, 0xe7, 0x38, 0xe6, 0x30, 0xe6, 0x30, 0xe6, 0x30, 0xe6, 0x30, 0xe6, 0x30, 0xc6, 0x30,
    0xc5, 0x30, 0xe6, 0x30, 0xc5, 0x28, 0xc5, 0x28, 0xe5, 0x28, 0xa5, 0x28, 0xa5, 0x28, 0xc4, 0x20,
    0x09, 0x51, 0xf2, 0x99, 0x35, 0xaa, 0xb0, 0x79, 0x09, 0x41, 0xc5, 0x30, 0xa5, 0x20, 0xa5, 0x20,
    0xc4, 0x20, 0xa4, 0x20, 0xa4, 0x20, 0x84, 0x20, 0xa4, 0x20, 0xa4, 0x20, 0xa4, 0x20, 0xa4, 0x20,
    0xa4, 0x20, 0xa4, 0x20, 0xa4, 0x20, 0xa4, 0x20, 0xa4, 0x20, 0xa4, 0x20, 0xa4, 0x20, 0xa4, 0x20,
    0xa4, 0x20, 0x83, 0x18, 0x83, 0x18, 0x83, 0x18, 0x83, 0x18, 0x83, 0x18, 0x83, 0x18, 0x83, 0x18,
    0x83, 0x18, 0x83, 0x10, 0x83, 0x18, 0x83, 0x18, 0x83, 0x10, 0x83, 0x10, 0x83, 0x10, 0x83, 0x10,
    0x83, 0x10, 0x83, 0x10, 0x83, 0x10, 0x83, 0x10, 0x83, 0x10, 0x82, 0x10, 0x82, 0x10, 0x82, 0x10,
    0x82, 0x10, 0x82, 0x10, 0x82, 0x10, 0x82, 0x10, 0x82, 0x10, 0x61, 0x08, 0x61, 0x08, 0x61, 0x08,
    0x61, 0x08, 0x61, 0x08, 0x61, 0x08, 0x61, 0x08, 0x61, 0x08, 0x61, 0x08, 0x61, 0x08, 0x61, 0x08,
    0x82, 0x10, 0x82, 0x10, 0x82, 0x10, 0x82, 0x10, 0x82, 0x10, 0x82, 0x10, 0x82, 0x10, 0x82, 0x10,
    0x82, 0x10, 0x82, 0x10, 0x82, 0x10, 0x82, 0x10, 0x82, 0x10, 0x82, 0x10, 0x82, 0x10, 0x82, 0x10,
    0x82, 0x10, 0x82, 0x10, 0x82, 0x10, 0x82, 0x10, 0x82, 0x10, 0x82, 0x10, 0x82, 0x10, 0x82, 0x10,
    0x82, 0x10, 0x82, 0x10, 0x82, 0x10, 0x82, 0x10, 0x82, 0x10, 0x82, 0x10, 0x82, 0x10, 0x82, 0x10,
    0x82, 0x10, 0x82, 0x10, 0x82, 0x10, 0x82, 0x10, 0x82, 0x10, 0x82, 0x10, 0x82, 0x10, 0x82, 0x10,
    0x82, 0x10, 0x82, 0x10, 0x82, 0x10, 0x82, 0x10, 0x82, 0x10, 0x82, 0x10, 0x82, 0x10, 0x82, 0x10,
    0x82, 0x10, 0x82, 0x10, 0x82, 0x10, 0x82, 0x10, 0x82, 0x10, 0x82, 0x10, 0x82, 0x10, 0x82, 0x10,
    0x82, 0x10, 0x82, 0x10, 0x82, 0x10, 0x82, 0x10, 0x82, 0x10, 0x82, 0x10, 0x82, 0x10, 0x82, 0x10,
    0x82, 0x10, 0x82, 0x10, 0x82, 0x10, 0x82, 0x10, 0x82, 0x10, 0x82, 0x10, 0x82, 0x10, 0x82, 0x10,
    0x82, 0x10, 0x82, 0x10, 0x82, 0x10, 0x82, 0x10, 0x82, 0x10, 0x82, 0x10, 0x82, 0x10, 0x82, 0x10,
    0x82, 0x10, 0x82, 0x10, 0x82, 0x10, 0x82, 0x10, 0x82, 0x10, 0x82, 0x10, 0x82, 0x10, 0x82, 0x10,
    0x82, 0x10, 0x82, 0x10, 0x82, 0x10, 0x82, 0x10, 0x82, 0x10, 0x82, 0x10, 0x82, 0x10, 0x82, 0x10,
    0x82, 0x10, 0x82, 0x10, 0x82, 0x10, 0x82, 0x10, 0x61, 0x08, 0x61, 0x08, 0x61, 0x08, 0x61, 0x08,
    0x61, 0x08, 0x61, 0x08, 0x61, 0x08, 0x61, 0x08, 0x82, 0x10, 0x82, 0x10, 0x82, 0x10, 0x82, 0x10,
    0x82, 0x10, 0x82, 0x10, 0x82, 0x10, 0x82, 0x10, 0x83, 0x10, 0x83, 0x10, 0x83, 0x10, 0x83, 0x10,
    0x83, 0x10, 0x83, 0x18, 0x83, 0x10, 0x83, 0x18, 0xa3, 0x18, 0x83, 0x18, 0xa4, 0x18, 0xa4, 0x18,
    0xa4, 0x20, 0xa4, 0x20, 0xa4, 0x20, 0xa4, 0x20, 0xa4, 0x20, 0xa4, 0x20, 0xa5, 0x20, 0xa5, 0x20,
    0xc5, 0x28, 0xa5, 0x28, 0xa5, 0x28, 0xe5, 0x28, 0xe5, 0x28, 0xe5, 0x28, 0xe6, 0x28, 0xe6, 0x30,
    0xe6, 0x30, 0xe6, 0x30, 0xe6, 0x30, 0xe7, 0x30, 0xc6, 0x30, 0xe6, 0x30, 0xe7, 0x38, 0xe7, 0x38,
    0xe7, 0x30, 0xe6, 0x30, 0xe7, 0x38, 0xe7, 0x38, 0xc6, 0x30, 0xe6, 0x38, 0xe7, 0x38, 0xc6, 0x30,
    0xe7, 0x38, 0xc6, 0x30, 0xe6, 0x30, 0xe6, 0x30, 0xe6, 0x30, 0xe5, 0x28, 0xe5, 0x28, 0xc5, 0x28,
    0xc5, 0x30, 0xc5, 0x28, 0xc5, 0x28, 0xc5, 0x28, 0xc6, 0x30, 0xc6, 0x30, 0x28, 0x49, 0xd1, 0x89,
    0x13, 0xa2, 0x6c, 0x61, 0xe6, 0x30, 0x84, 0x20, 0x84, 0x20, 0xa4, 0x20, 0xa4, 0x18, 0xa4, 0x20,
    0xa4, 0x20, 0x84, 0x20, 0xa5, 0x20, 0xa3, 0x18, 0xa4, 0x20, 0xa3, 0x20, 0xa4, 0x18, 0xa4, 0x18,
    0xa4, 0x18, 0xa4, 0x18, 0xa4, 0x18, 0xa3, 0x18, 0xa3, 0x18, 0xa4, 0x18, 0xa4, 0x18, 0xa3, 0x18,
    0xa3, 0x18, 0x83, 0x18, 0x83, 0x18, 0x83, 0x18, 0x83, 0x18, 0x83, 0x18, 0x83, 0x18, 0x83, 0x18,
    0x83, 0x18, 0x83, 0x10, 0x83, 0x10, 0x83, 0x10, 0x83, 0x10, 0x83, 0x10, 0x83, 0x10, 0x83, 0x10,
    0x82, 0x10, 0x82, 0x10, 0x83, 0x10, 0x83, 0x10, 0x82, 0x10, 0x82, 0x10, 0x82, 0x10, 0x61, 0x08,
    0x61, 0x08, 0x61, 0x08, 0x61, 0x08, 0x61, 0x08, 0x61, 0x08, 0x61, 0x08, 0x61, 0x08, 0x61, 0x08,
    0x61, 0x08, 0x61, 0x08, 0x61, 0x08, 0x61, 0x08, 0x61, 0x08, 0x61, 0x08, 0x61, 0x08, 0x61, 0x08,
    0x82, 0x10, 0x82, 0x10, 0x82, 0x10, 0x82, 0x10, 0x82, 0x10, 0x82, 0x10, 0x82, 0x10, 0x82, 0x10,
    0x82, 0x10, 0x82, 0x10, 0x82, 0x10, 0x82, 0x10, 0x82, 0x10, 0x82, 0x10, 0x82, 0x10, 0x82, 0x10,
    0x82, 0x10, 0x82, 0x10, 0x82, 0x10, 0x82, 0x10, 0x82, 0x10, 0x82, 0x10, 0x82, 0x10, 0x82, 0x10,
    0x82, 0x10, 0x82, 0x10, 0x82, 0x10, 0x82, 0x10, 0x82, 0x10, 0x82, 0x10, 0x82, 0x10, 0x82, 0x10,
    0x82, 0x10, 0x82, 0x10, 0x82, 0x10, 0x82, 0x10, 0x82, 0x10, 0x82, 0x10, 0x82, 0x10, 0x82, 0x10,
    0x82, 0x10, 0x82, 0x10, 0x82, 0x10, 0x82, 0x10, 0x82, 0x10, 0x82, 0x10, 0x82, 0x10, 0x82, 0x10,
    0x82, 0x10, 0x82, 0x10, 0x82, 0x10, 0x82, 0x10, 0x82, 0x10, 0x82, 0x10, 0x82, 0x10, 0x82, 0x10,
    0x82, 0x10, 0x82, 0x10, 0x82, 0x10, 0x82, 0x10, 0x82, 0x10, 0x82, 0x10, 0x82, 0x10, 0x82, 0x10,
    0x82, 0x10, 0x82, 0x10, 0x82, 0x10, 0x82, 0x10, 0x82, 0x10, 0x82, 0x10, 0x82, 0x10, 0x82, 0x10,
    0x82, 0x10, 0x82, 0x10, 0x82, 0x10, 0x82, 0x10, 0x82, 0x10, 0x82, 0x10, 0x82, 0x10, 0x82, 0x10,
    0x82, 0x10, 0x82, 0x10, 0x82, 0x10, 0x82, 0x10, 0x82, 0x10, 0x82, 0x10, 0x82, 0x10, 0x82, 0x10,
    0x82, 0x10, 0x82, 0x10, 0x82, 0x10, 0x82, 0x10, 0x82, 0x10, 0x82, 0x10, 0x82, 0x10, 0x82, 0x10,
    0x82, 0x10, 0x82, 0x10, 0x82, 0x10, 0x82, 0x10, 0x82, 0x10, 0x82, 0x10, 0x82, 0x10, 0x61, 0x08,
    0x61, 0x08, 0x61, 0x08, 0x61, 0x08, 0x61, 0x08, 0x61, 0x08, 0x82, 0x10, 0x61, 0x08, 0x61, 0x08,
    0x61, 0x08, 0x82, 0x10, 0x82, 0x10, 0x82, 0x10, 0x82, 0x10, 0x83, 0x10, 0x83, 0x10, 0x83, 0x10,
    0x83, 0x10, 0x83, 0x10, 0x83, 0x10, 0x83, 0x10, 0x83, 0x18, 0x83, 0x18, 0xa3, 0x18, 0xa3, 0x18,
    0xa3, 0x18, 0xa4, 0x20, 0xa4, 0x20, 0xa4, 0x20, 0xa4, 0x20, 0xa4, 0x20, 0xa4, 0x20, 0xa4, 0x20,
    0xa4, 0x28, 0xc5, 0x28, 0xc5, 0x28, 0xc5, 0x28, 0xc5, 0x28, 0xc5, 0x28, 0xe5, 0x28, 0xe5, 0x28,
    0xc6, 0x30, 0xe6, 0x30, 0xe6, 0x30, 0xe6, 0x30, 0xe6, 0x30, 0xe6, 0x30, 0xe6, 0x30, 0xc6, 0x30,
    0xe6, 0x30, 0xc6, 0x30, 0xc6, 0x30, 0xe6, 0x30, 0xc6, 0x30, 0xe6, 0x30, 0xe6, 0x30, 0xe6, 0x30,
    0xe6, 0x30, 0xc6, 0x30, 0xc5, 0x30, 0xc5, 0x30, 0xe5, 0x28, 0xc5, 0x28, 0xa5, 0x28, 0xa5, 0x28,
    0xc5, 0x28, 0xa4, 0x28, 0xe5, 0x28, 0xa5, 0x28, 0x28, 0x49, 0x8f, 0x71, 0x8e, 0x71, 0x09, 0x51,
    0xc5, 0x30, 0xa4, 0x20, 0xa4, 0x20, 0xa4, 0x20, 0xa4, 0x20, 0xa4, 0x20, 0xa4, 0x20, 0xa4, 0x18,
    0xa4, 0x20, 0xa4, 0x20, 0x84, 0x20, 0xa4, 0x18, 0xa4, 0x18, 0xa4, 0x20, 0xa3, 0x18, 0xa3, 0x18,
    0x83, 0x18, 0x83, 0x18, 0xa3, 0x18, 0xa3, 0x18, 0x83, 0x18, 0xa3, 0x20, 0x83, 0x18, 0x83, 0x18,
    0x83, 0x18, 0x83, 0x10, 0x83, 0x10, 0x83, 0x10, 0xa3, 0x18, 0x83, 0x10, 0x83, 0x10, 0x83, 0x10,
    0x83, 0x10, 0x83, 0x10, 0x83, 0x10, 0x83, 0x10, 0x82, 0x10, 0x82, 0x10, 0x82, 0x10, 0x82, 0x10,
    0x82, 0x10, 0x82, 0x10, 0x82, 0x10, 0x82, 0x10, 0x82, 0x10, 0x82, 0x10, 0x82, 0x10, 0x82, 0x10,
    0x61, 0x08, 0x61, 0x08, 0x61, 0x08, 0x61, 0x08, 0x61, 0x08, 0x61, 0x08, 0x82, 0x10, 0x82, 0x10,
    0x82, 0x10, 0x82, 0x10, 0x82, 0x10, 0x82, 0x10, 0x82, 0x10, 0x82, 0x10, 0x82, 0x10, 0x82, 0x10,
    0x82, 0x10, 0x82, 0x10, 0x82, 0x10, 0x82, 0x10, 0x82, 0x10, 0x82, 0x10, 0x82, 0x10, 0x82, 0x10,
    0x82, 0x10, 0x82, 0x10, 0x82, 0x10, 0x82, 0x10, 0x82, 0x10, 0x82, 0x10, 0x82, 0x10, 0x82, 0x10,
    0x82, 0x10, 0x82, 0x10, 0x82, 0x10, 0x82, 0x10, 0x82, 0x10, 0x82, 0x10, 0x82, 0x10, 0x82, 0x10,
    0x82, 0x10, 0x82, 0x10, 0x82, 0x10, 0x82, 0x10, 0x82, 0x10, 0x82, 0x10, 0x82, 0x10, 0x82, 0x10,
    0x82, 0x10, 0x82, 0x10, 0x82, 0x10, 0x82, 0x10, 0x82, 0x10, 0x82, 0x10, 0x82, 0x10, 0x82, 0x10,
    0x82, 0x10, 0x82, 0x10, 0x82, 0x10, 0x82, 0x10, 0x82, 0x10, 0x82, 0x10, 0x82, 0x10, 0x82, 0x10,
    0x82, 0x10, 0x82, 0x10, 0x82, 0x10, 0x82, 0x10, 0x82, 0x10, 0x82, 0x10, 0x82, 0x10, 0x82, 0x10,
    0x82, 0x10, 0x82, 0x10, 0x82, 0x10, 0x82, 0x10, 0x82, 0x10, 0x82, 0x10, 0x82, 0x10, 0x82, 0x10,
    0x82, 0x10, 0x82, 0x10, 0x82, 0x10, 0x82, 0x10, 0x82, 0x10, 0x82, 0x10, 0x82, 0x10, 0x82, 0x10,
    0x82, 0x10, 0x82, 0x10, 0x82, 0x10, 0x82, 0x10, 0x82, 0x10, 0x82, 0x10, 0x82, 0x10, 0x82, 0x10,
    0x82, 0x10, 0x82, 0x10, 0x82, 0x10, 0x82, 0x10, 0x82, 0x10, 0x82, 0x10, 0x82, 0x10, 0x82, 0x10,
    0x82, 0x10, 0x82, 0x10, 0x82, 0x10, 0x82, 0x10, 0x82, 0x10, 0x82, 0x10, 0x82, 0x10, 0x82, 0x10,
    0x82, 0x10, 0x82, 0x10, 0x82, 0x10, 0x82, 0x10, 0x82, 0x10, 0x82, 0x10, 0x82, 0x10, 0x82, 0x10,
    0x82, 0x10, 0x82, 0x10, 0x61, 0x08, 0x61, 0x08, 0x61, 0x08, 0x61, 0x08, 0x61, 0x08, 0x61, 0x08,
    0x61, 0x08, 0x61, 0x08, 0x61, 0x08, 0x61, 0x08, 0x61, 0x08, 0x82, 0x10, 0x82, 0x10, 0x82, 0x10,
    0x82, 0x10, 0x82, 0x10, 0x82, 0x10, 0x82, 0x10, 0x83, 0x10, 0x83, 0x10, 0x83, 0x10, 0x83, 0x10,
    0x83, 0x18, 0x83, 0x18, 0xa3, 0x18, 0xa4, 0x18, 0xa4, 0x18, 0xa3, 0x18, 0xa4, 0x20, 0xa3, 0x20,
    0xa4, 0x20, 0xa4, 0x20, 0xa4, 0x20, 0xc4, 0x20, 0xc5, 0x28, 0xc5, 0x28, 0xc5, 0x28, 0xc5, 0x28,
    0xc5, 0x28, 0xe5, 0x28, 0xe5, 0x28, 0xe5, 0x28, 0xe5, 0x28, 0xc6, 0x30, 0xe6, 0x30, 0xe6, 0x30,
    0xe6, 0x30, 0xe6, 0x30, 0xe6, 0x30, 0xe6, 0x30, 0xe5, 0x28, 0xe5, 0x28, 0xe5, 0x28, 0xe5, 0x28,
    0xe5, 0x28, 0xe5, 0x28, 0xa5, 0x28, 0xc5, 0x28, 0xc5, 0x28, 0xc4, 0x28, 0xc5, 0x28, 0xa5, 0x20,
    0xc5, 0x28, 0xc5, 0x20, 0xa5, 0x20, 0xc5, 0x30, 0x27, 0x41, 0xa4, 0x20, 0xa4, 0x20, 0xa4, 0x20,
    0xa4, 0x20, 0xa4, 0x20, 0xa4, 0x20, 0xa4, 0x18, 0xa4, 0x18, 0xa4, 0x18, 0xa4, 0x18, 0xa4, 0x18,
    0xa4, 0x18, 0xa4, 0x18, 0xa4, 0x18, 0xa4, 0x18, 0xa4, 0x18, 0xa3, 0x18, 0xa3, 0x18, 0x83, 0x18,
    0x83, 0x18, 0x83, 0x18, 0x83, 0x18, 0x83, 0x10, 0x83, 0x10, 0x83, 0x10, 0x83, 0x10, 0x83, 0x10,
    0x83, 0x10, 0x83, 0x10, 0x83, 0x10, 0x83, 0x10, 0x83, 0x10, 0x83, 0x10, 0x83, 0x10, 0x82, 0x10,
    0x82, 0x10, 0x82, 0x10, 0x82, 0x10, 0x82, 0x10, 0x82, 0x10, 0x82, 0x10, 0x82, 0x10, 0x82, 0x10,
    0x82, 0x10, 0x82, 0x10, 0x61, 0x08, 0x61, 0x08, 0x61, 0x08, 0x61, 0x08, 0x61, 0x08, 0x61, 0x08,
    0x61, 0x08, 0x61, 0x08, 0x61, 0x08, 0x61, 0x08, 0x61, 0x08, 0x82, 0x10, 0x82, 0x10, 0x82, 0x10,
    0x82, 0x10, 0x82, 0x10, 0x82, 0x10, 0x82, 0x10, 0x82, 0x10, 0x82, 0x10, 0x82, 0x10, 0x82, 0x10,
    0x82, 0x10, 0x82, 0x10, 0x82, 0x10, 0x82, 0x10, 0x82, 0x10, 0x82, 0x10, 0x82, 0x10, 0x82, 0x10,
    0x82, 0x10, 0x82, 0x10, 0x82, 0x10, 0x82, 0x10, 0x82, 0x10, 0x82, 0x10, 0x82, 0x10, 0x82, 0x10,
    0x82, 0x10, 0x82, 0x10, 0x82, 0x10, 0x82, 0x10, 0x82, 0x10, 0x82, 0x10, 0x82, 0x10, 0x82, 0x10,
    0x82, 0x10, 0x82, 0x10, 0x82, 0x10, 0x82, 0x10, 0x82, 0x10, 0x82, 0x10, 0x82, 0x10, 0x82, 0x10,
    0x82, 0x10, 0x82, 0x10, 0x82, 0x10, 0x82, 0x10, 0x82, 0x10, 0x82, 0x10, 0x82, 0x10, 0x82, 0x10,
    0x82, 0x10, 0x82, 0x10, 0x82, 0x10, 0x82, 0x10, 0x82, 0x10, 0x82, 0x10, 0x82, 0x10, 0x82, 0x10,
    0x82, 0x10, 0x82, 0x10, 0x82, 0x10, 0x82, 0x10, 0x82, 0x10, 0x82, 0x10, 0x82, 0x10, 0x82, 0x10,
    0x82, 0x10, 0x82, 0x10, 0x82, 0x10, 0x82, 0x10, 0x82, 0x10, 0x82, 0x10, 0x82, 0x10, 0x82, 0x10,
    0x82, 0x10, 0x82, 0x10, 0x82, 0x10, 0x82, 0x10, 0x82, 0x10, 0x82, 0x10, 0x82, 0x10, 0x82, 0x10,
    0x82, 0x10, 0x82, 0x10, 0x82, 0x10, 0x82, 0x10, 0x82, 0x10, 0x82, 0x10, 0x82, 0x10, 0x82, 0x10,
    0x82, 0x10, 0x82, 0x10, 0x82, 0x10, 0x82, 0x10, 0x82, 0x10, 0x82, 0x10, 0x82, 0x10, 0x82, 0x10,
    0x82, 0x10, 0x82, 0x10, 0x82, 0x10, 0x82, 0x10, 0x82, 0x10, 0x82, 0x10, 0x82, 0x10, 0x82, 0x10,
    0x82, 0x10, 0x82, 0x10, 0x82, 0x10, 0x82, 0x10, 0x82, 0x10, 0x82, 0x10, 0x82, 0x10, 0x82, 0x10,
    0x82, 0x10, 0x82, 0x10, 0x61, 0x08, 0x61, 0x08, 0x61, 0x08, 0x61, 0x08, 0x61, 0x08, 0x61, 0x08,
    0x61, 0x08, 0x61, 0x08, 0x61, 0x08, 0x61, 0x08, 0x61, 0x08, 0x82, 0x10, 0x82, 0x10, 0x82, 0x10,
    0x82, 0x10, 0x82, 0x10, 0x82, 0x10, 0x82, 0x10, 0x83, 0x10, 0x83, 0x10, 0x83, 0x10, 0x83, 0x10,
    0x83, 0x18, 0x83, 0x18, 0x83, 0x18, 0x83, 0x18, 0xa3, 0x18, 0xa3, 0x18, 0xa4, 0x18, 0xa4, 0x18,
    0xa4, 0x20, 0xa4, 0x20, 0xa4, 0x20, 0xa4, 0x20, 0xa5, 0x20, 0xa5, 0x20, 0xa5, 0x20, 0xc5, 0x28,
    0xa5, 0x28, 0xc5, 0x28, 0xc5, 0x28, 0xe5, 0x28, 0xe5, 0x28, 0xe5, 0x28, 0xe5, 0x28, 0xc5, 0x30,
    0xc5, 0x30, 0xc5, 0x30, 0xc5, 0x30, 0xc5, 0x30, 0xe5, 0x28, 0xe5, 0x28, 0xe5, 0x28, 0xc5, 0x28,
    0xc5, 0x28, 0xa5, 0x28, 0xc5, 0x28, 0xc5, 0x28, 0xc5, 0x28, 0xc5, 0x28, 0xa5, 0x20, 0xa4, 0x28,
    0xa4, 0x20, 0xa4, 0x20, 0xa4, 0x20, 0xa4, 0x20, 0x84, 0x20, 0xa4, 0x20, 0xa4, 0x20, 0xa4, 0x20,
    0xa4, 0x20, 0xa4, 0x20, 0xa4, 0x18, 0xa4, 0x18, 0xa3, 0x18, 0xa4, 0x18, 0xa3, 0x18, 0xa3, 0x18,
    0xa4, 0x18, 0xa4, 0x18, 0xa3, 0x18, 0xa3, 0x18, 0xa3, 0x18, 0xa3, 0x18, 0x83, 0x18, 0x83, 0x18,
    0x83, 0x18, 0x83, 0x18, 0x83, 0x18, 0x83, 0x10, 0x83, 0x10, 0x83, 0x10, 0x83, 0x10, 0x83, 0x10,
    0x83, 0x10, 0x83, 0x10, 0x83, 0x10, 0x83, 0x10, 0x83, 0x10, 0x82, 0x10, 0x82, 0x10, 0x82, 0x10,
    0x82, 0x10, 0x82, 0x10, 0x82, 0x10, 0x82, 0x10, 0x82, 0x10, 0x82, 0x10, 0x82, 0x10, 0x82, 0x10,
    0x82, 0x10, 0x61, 0x08, 0x61, 0x08, 0x61, 0x08, 0x61, 0x08, 0x61, 0x08, 0x61, 0x08, 0x61, 0x08,
    0x61, 0x08, 0x61, 0x08, 0x61, 0x08, 0x61, 0x08, 0x61, 0x08, 0x82, 0x10, 0x82, 0x10, 0x82, 0x10,
    0x82, 0x10, 0x82, 0x10, 0x82, 0x10, 0x82, 0x10, 0x82, 0x10, 0x82, 0x10, 0x82, 0x10, 0x82, 0x10,
    0x82, 0x10, 0x82, 0x10, 0x82, 0x10, 0x82, 0x10, 0x82, 0x10, 0x82, 0x10, 0x82, 0x10, 0x82, 0x10,
    0x82, 0x10, 0x82, 0x10, 0x82, 0x10, 0x82, 0x10, 0x82, 0x10, 0x82, 0x10, 0x82, 0x10, 0x82, 0x10,
    0x82, 0x10, 0x82, 0x10, 0x82, 0x10, 0x82, 0x10, 0x82, 0x10, 0x82, 0x10, 0x82, 0x10, 0x82, 0x10,
    0x82, 0x10, 0x82, 0x10, 0x82, 0x10, 0x82, 0x10, 0x82, 0x10, 0x82, 0x10, 0x82, 0x10, 0x82, 0x10,
    0x82, 0x10, 0x82, 0x10, 0x82, 0x10, 0x82, 0x10, 0x82, 0x10, 0x82, 0x10, 0x82, 0x10, 0x82, 0x10,
    0x82, 0x10, 0x82, 0x10, 0x82, 0x10, 0x82, 0x10, 0x82, 0x10, 0x82, 0x10, 0x82, 0x10, 0x82, 0x10,
    0x82, 0x10, 0x82, 0x10, 0x82, 0x10, 0x82, 0x10, 0x82, 0x10, 0x82, 0x10, 0x82, 0x10, 0x82, 0x10,
    0x82, 0x10, 0x82, 0x10, 0x82, 0x10, 0x82, 0x10, 0x82, 0x10, 0x82, 0x10, 0x82, 0x10, 0x82, 0x10,
    0x82, 0x10, 0x82, 0x10, 0x82, 0x10, 0x82, 0x10, 0x82, 0x10, 0x82, 0x10, 0x82, 0x10, 0x82, 0x10,
    0x82, 0x10, 0x82, 0x10, 0x82, 0x10, 0x82, 0x10, 0x82, 0x10, 0x82, 0x10, 0x82, 0x10, 0x82, 0x10,
    0x82, 0x10, 0x82, 0x10, 0x82, 0x10, 0x82, 0x10, 0x82, 0x10, 0x82, 0x10, 0x82, 0x10, 0x82, 0x10,
    0x82, 0x10, 0x82, 0x10, 0x82, 0x10, 0x82, 0x10, 0x82, 0x10, 0x82, 0x10, 0x82, 0x10, 0x82, 0x10,
    0x82, 0x10, 0x82, 0x10, 0x82, 0x10, 0x82, 0x10, 0x82, 0x10, 0x82, 0x10, 0x82, 0x10, 0x82, 0x10,
    0x82, 0x10, 0x82, 0x10, 0x82, 0x10, 0x82, 0x10, 0x82, 0x10, 0x82, 0x10, 0x82, 0x10, 0x61, 0x08,
    0x61, 0x08, 0x61, 0x08, 0x61, 0x08, 0x61, 0x08, 0x61, 0x08, 0x61, 0x08, 0x82, 0x10, 0x82, 0x10,
    0x82, 0x10, 0x82, 0x10, 0x82, 0x10, 0x82, 0x10, 0x82, 0x10, 0x82, 0x10, 0x83, 0x10, 0x83, 0x10,
    0x83, 0x10, 0x83, 0x10, 0x83, 0x10, 0x83, 0x10, 0xa3, 0x18, 0xa3, 0x18, 0xa3, 0x18, 0xa3, 0x18,
    0xa3, 0x18, 0xa3, 0x20, 0xa4, 0x20, 0xa4, 0x20, 0xa4, 0x20, 0xa4, 0x20, 0xa4, 0x20, 0xa5, 0x20,
    0xa5, 0x20, 0xc5, 0x28, 0xc5, 0x28, 0xc5, 0x28, 0xc5, 0x28, 0xc5, 0x28, 0xc5, 0x28, 0xc5, 0x28,
    0xc5, 0x28, 0xc5, 0x28, 0xc5, 0x28, 0xc5, 0x28, 0xc5, 0x28, 0xc5, 0x28, 0xc5, 0x28, 0xc5, 0x28,
    0xa5, 0x20, 0xc5, 0x28, 0xa5, 0x20, 0xa5, 0x20, 0xa4, 0x20, 0xa4, 0x20, 0xa4, 0x20, 0xa4, 0x20,
    0xa4, 0x20, 0xa4, 0x18, 0xa4, 0x18, 0xa3, 0x18, 0xa4, 0x18, 0xa4, 0x18, 0xa3, 0x18, 0xa4, 0x18,
    0xa4, 0x20, 0xa3, 0x18, 0xa3, 0x18, 0xa3, 0x18, 0xa3, 0x18, 0xa3, 0x18, 0xa3, 0x18, 0xa3, 0x18,
    0xa3, 0x18, 0xa3, 0x18, 0xa3, 0x18, 0xa3, 0x18, 0x83, 0x18, 0x83, 0x18, 0x83, 0x10, 0x83, 0x10,
    0x83, 0x10, 0x83, 0x10, 0x83, 0x10, 0x83, 0x10, 0x83, 0x10, 0x83, 0x10, 0x83, 0x10, 0x83, 0x10,
    0x83, 0x10, 0x83, 0x10, 0x82, 0x18, 0x82, 0x10, 0x82, 0x10, 0x82, 0x10, 0x82, 0x10, 0x82, 0x10,
    0x82, 0x10, 0x82, 0x10, 0x82, 0x10, 0x82, 0x10, 0x61, 0x08, 0x61, 0x08, 0x61, 0x08, 0x61, 0x08,
    0x61, 0x08, 0x61, 0x08, 0x61, 0x08, 0x61, 0x08, 0x61, 0x08, 0x61, 0x08, 0x82, 0x10, 0x82, 0x10,
    0x82, 0x10, 0x82, 0x10, 0x82, 0x10, 0x82, 0x10, 0x82, 0x10, 0x82, 0x10, 0x82, 0x10, 0x82, 0x10,
    0x82, 0x10, 0x82, 0x10, 0x82, 0x10, 0x82, 0x10, 0x82, 0x10, 0x82, 0x10, 0x82, 0x10, 0x82, 0x10,
    0x82, 0x10, 0x82, 0x10, 0x82, 0x10, 0x82, 0x10, 0x82, 0x10, 0x82, 0x10, 0x82, 0x10, 0x82, 0x10,
    0x82, 0x10, 0x82, 0x10, 0x82, 0x10, 0x82, 0x10, 0x82, 0x10, 0x82, 0x10, 0x82, 0x10, 0x82, 0x10,
    0x82, 0x10, 0x82, 0x10, 0x82, 0x10, 0x82, 0x10, 0x82, 0x10, 0x82, 0x10, 0x82, 0x10, 0x82, 0x10,
    0x82, 0x10, 0x82, 0x10, 0x82, 0x10, 0x82, 0x10, 0x82, 0x10, 0x82, 0x10, 0x82, 0x10, 0x82, 0x10,
    0x82, 0x10, 0x82, 0x10, 0x82, 0x10, 0x82, 0x10, 0x82, 0x10, 0x82, 0x10, 0x82, 0x10, 0x82, 0x10,
    0x82, 0x10, 0x82, 0x10, 0x82, 0x10, 0x82, 0x10, 0x82, 0x10, 0x82, 0x10, 0x82, 0x10, 0x82, 0x10,
    0x82, 0x10, 0x82, 0x10, 0x82, 0x10, 0x82, 0x10, 0x82, 0x10, 0x82, 0x10, 0x82, 0x10, 0x82, 0x10,
    0x82, 0x10, 0x82, 0x10, 0x82, 0x10, 0x82, 0x10, 0x82, 0x10, 0x82, 0x10, 0x82, 0x10, 0x82, 0x10,
    0x82, 0x10, 0x82, 0x10, 0x82, 0x10, 0x82, 0x10, 0x82, 0x10, 0x82, 0x10, 0x82, 0x10, 0x82, 0x10,
    0x82, 0x10, 0x82, 0x10, 0x82, 0x10, 0x82, 0x10, 0x82, 0x10, 0x82, 0x10, 0x82, 0x10, 0x82, 0x10,
    0x82, 0x10, 0x82, 0x10, 0x82, 0x10, 0x82, 0x10, 0x82, 0x10, 0x82, 0x10, 0x82, 0x10, 0x82, 0x10,
    0x82, 0x10, 0x82, 0x10, 0x82, 0x10, 0x82, 0x10, 0x82, 0x10, 0x82, 0x10, 0x82, 0x10, 0x82, 0x10,
    0x82, 0x10, 0x82, 0x10, 0x82, 0x10, 0x82, 0x10, 0x82, 0x10, 0x82, 0x10, 0x82, 0x10, 0x82, 0x10,
    0x82, 0x10, 0x61, 0x08, 0x82, 0x10, 0x82, 0x10, 0x82, 0x10, 0x82, 0x10, 0x82, 0x10, 0x61, 0x08,
    0x61, 0x08, 0x61, 0x08, 0x61, 0x08, 0x61, 0x08, 0x61, 0x08, 0x61, 0x08, 0x82, 0x10, 0x82, 0x10,
    0x82, 0x10, 0x82, 0x10, 0x82, 0x10, 0x82, 0x10, 0x82, 0x10, 0x82, 0x10, 0x82, 0x10, 0x82, 0x10,
    0x82, 0x10, 0x82, 0x10, 0x83, 0x10, 0x83, 0x10, 0x83, 0x10, 0x83, 0x10, 0x83, 0x18, 0x83, 0x10,
    0x83, 0x18, 0xa3, 0x18, 0xa4, 0x18, 0xa4, 0x18, 0xa4, 0x20, 0xa4, 0x20, 0xa4, 0x20, 0xa4, 0x20,
    0xa4, 0x20, 0xa5, 0x20, 0xa5, 0x20, 0xa5, 0x20, 0xa5, 0x20, 0xc4, 0x20, 0xc5, 0x28, 0xa5, 0x20,
    0xc5, 0x28, 0xa5, 0x20, 0xa5, 0x20, 0xa5, 0x20, 0xa5, 0x20, 0xa5, 0x20, 0xa5, 0x20, 0xa5, 0x20,
    0xa5, 0x20, 0xa5, 0x20, 0xa4, 0x20, 0xa4, 0x20, 0xa4, 0x20, 0xa4, 0x20, 0xa4, 0x20, 0xa4, 0x18,
    0xa4, 0x20, 0xa4, 0x18, 0xa3, 0x18, 0xa3, 0x18, 0xa3, 0x18, 0xa3, 0x18, 0xa3, 0x18, 0xa3, 0x18,
    0x83, 0x18, 0x83, 0x18, 0xa3, 0x18, 0xa3, 0x18, 0xa3, 0x18, 0x83, 0x18, 0x83, 0x18, 0x83, 0x18,
    0x83, 0x18, 0x83, 0x18, 0x83, 0x18, 0x83, 0x18, 0x83, 0x18, 0x83, 0x18, 0x83, 0x10, 0x83, 0x10,
    0xa2, 0x18, 0x83, 0x10, 0x83, 0x10, 0x83, 0x10, 0x83, 0x10, 0x83, 0x10, 0x83, 0x10, 0x82, 0x10,
    0x82, 0x10, 0x82, 0x10, 0x82, 0x10, 0x82, 0x10, 0x82, 0x10, 0x82, 0x10, 0x82, 0x10, 0x82, 0x10,
    0x82, 0x10, 0x82, 0x10, 0x82, 0x10, 0x61, 0x08, 0x61, 0x08, 0x61, 0x08, 0x61, 0x08, 0x61, 0x08,
    0x61, 0x08, 0x61, 0x08, 0x61, 0x08, 0x61, 0x08, 0x61, 0x08, 0x61, 0x08, 0x61, 0x08, 0x82, 0x10,
    0x82, 0x10, 0x82, 0x10, 0x82, 0x10, 0x82, 0x10, 0x82, 0x10, 0x82, 0x10, 0x82, 0x10, 0x82, 0x10,
    0x82, 0x10, 0x82, 0x10, 0x82, 0x10, 0x82, 0x10, 0x82, 0x10, 0x82, 0x10, 0x82, 0x10, 0x82, 0x10,
    0x82, 0x10, 0x82, 0x10, 0x82, 0x10, 0x82, 0x10, 0x82, 0x10, 0x82, 0x10, 0x82, 0x10, 0x82, 0x10,
    0x82, 0x10, 0x82, 0x10, 0x82, 0x10, 0x82, 0x10, 0x82, 0x10, 0x82, 0x10, 0x82, 0x10, 0x82, 0x10,
    0x82, 0x10, 0x82, 0x10, 0x82, 0x10, 0x82, 0x10, 0x82, 0x10, 0x82, 0x10, 0x82, 0x10, 0x82, 0x10,
    0x82, 0x10, 0x82, 0x10, 0x82, 0x10, 0x82, 0x10, 0x82, 0x10, 0x82, 0x10, 0x82, 0x10, 0x82, 0x10,
    0x82, 0x10, 0x82, 0x10, 0x82, 0x10, 0x82, 0x10, 0x82, 0x10, 0x82, 0x10, 0x82, 0x10, 0x82, 0x10,
    0x82, 0x10, 0x82, 0x10, 0x82, 0x10, 0x82, 0x10, 0x82, 0x10, 0x82, 0x10, 0x82, 0x10, 0x82, 0x10,
    0x82, 0x10, 0x82, 0x10, 0x82, 0x10, 0x82, 0x10, 0x82, 0x10, 0x82, 0x10, 0x82, 0x10, 0x82, 0x10,
    0x82, 0x10, 0x82, 0x10, 0x82, 0x10, 0x82, 0x10, 0x82, 0x10, 0x82, 0x10, 0x82, 0x10, 0x82, 0x10,
    0x82, 0x10, 0x82, 0x10, 0x82, 0x10, 0x82, 0x10, 0x82, 0x10, 0x82, 0x10, 0x82, 0x10, 0x82, 0x10,
    0x82, 0x10, 0x82, 0x10, 0x82, 0x10, 0x82, 0x10, 0x82, 0x10, 0x82, 0x10, 0x82, 0x10, 0x82, 0x10,
    0x82, 0x10, 0x82, 0x10, 0x82, 0x10, 0x82, 0x10, 0x82, 0x10, 0x82, 0x10, 0x82, 0x10, 0x82, 0x10,
    0x82, 0x10, 0x82, 0x10, 0x82, 0x10, 0x82, 0x10, 0x82, 0x10, 0x82, 0x10, 0x82, 0x10, 0x82, 0x10,
    0x82, 0x10, 0x82, 0x10, 0x82, 0x10, 0x82, 0x10, 0x82, 0x10, 0x82, 0x10, 0x82, 0x10, 0x82, 0x10,
    0x82, 0x10, 0x82, 0x10, 0x82, 0x10, 0x82, 0x10, 0x82, 0x10, 0x82, 0x10, 0x82, 0x10, 0x82, 0x10,
    0x61, 0x08, 0x61, 0x08, 0x61, 0x08, 0x61, 0x08, 0x61, 0x08, 0x61, 0x08, 0x61, 0x08, 0x61, 0x08,
    0x82, 0x10, 0x82, 0x10, 0x82, 0x10, 0x61, 0x08, 0x61, 0x08, 0x82, 0x10, 0x82, 0x10, 0x82, 0x10,
    0x82, 0x10, 0x82, 0x10, 0x82, 0x10, 0x82, 0x18, 0x82, 0x18, 0x82, 0x18, 0x83, 0x10, 0xa2, 0x18,
    0x83, 0x10, 0x83, 0x18, 0x83, 0x18, 0xa3, 0x18, 0x83, 0x18, 0xa4, 0x18, 0xa4, 0x18, 0xa4, 0x20,
    0xa4, 0x20, 0xa4, 0x20, 0xa4, 0x20, 0xa4, 0x20, 0xa4, 0x20, 0xa4, 0x20, 0xa4, 0x20, 0xa4, 0x20,
    0xa4, 0x20, 0xa4, 0x20, 0xa4, 0x20, 0xa4, 0x20, 0xa4, 0x20, 0xa4, 0x20, 0xa4, 0x20, 0xa4, 0x20,
    0xa4, 0x20, 0xa4, 0x20, 0xa4, 0x20, 0xa4, 0x20, 0xa4, 0x20, 0xa3, 0x18, 0xa3, 0x18, 0xa3, 0x18,
    0xa3, 0x18, 0xa3, 0x18, 0xa4, 0x18, 0xa3, 0x18, 0xa3, 0x18, 0x83, 0x18, 0x83, 0x18, 0x83, 0x18,
    0x83, 0x10, 0x83, 0x18, 0xa3, 0x18, 0xa3, 0x18, 0xa3, 0x18, 0x83, 0x10, 0x83, 0x10, 0xa2, 0x18,
    0x83, 0x10, 0x83, 0x10, 0x83, 0x10, 0x83, 0x10, 0x83, 0x10, 0x83, 0x10, 0x82, 0x18, 0x82, 0x18,
    0x82, 0x18, 0x82, 0x18, 0x82, 0x18, 0x83, 0x10, 0x82, 0x10, 0x82, 0x10, 0x82, 0x10, 0x82, 0x10,
    0x82, 0x10, 0x82, 0x10, 0x82, 0x10, 0x82, 0x10, 0x61, 0x08, 0x61, 0x08, 0x61, 0x08, 0x61, 0x08,
    0x61, 0x08, 0x61, 0x08, 0x61, 0x08, 0x61, 0x08, 0x61, 0x08, 0x61, 0x08, 0x61, 0x08, 0x61, 0x08,
    0x61, 0x08, 0x61, 0x08, 0x61, 0x08, 0x61, 0x08, 0x61, 0x08, 0x61, 0x08, 0x82, 0x10, 0x82, 0x10,
    0x82, 0x10, 0x82, 0x10, 0x82, 0x10, 0x82, 0x10, 0x82, 0x10, 0x82, 0x10, 0x82, 0x10, 0x82, 0x10,
    0x82, 0x10, 0x82, 0x10, 0x82, 0x10, 0x82, 0x10, 0x82, 0x10, 0x82, 0x10, 0x82, 0x10, 0x82, 0x10,
    0x82, 0x10, 0x82, 0x10, 0x82, 0x10, 0x82, 0x10, 0x82, 0x10, 0x82, 0x10, 0x82, 0x10, 0x82, 0x10,
    0x82, 0x10, 0x82, 0x10, 0x82, 0x10, 0x82, 0x10, 0x82, 0x10, 0x82, 0x10, 0x82, 0x10, 0x82, 0x10,
    0x82, 0x10, 0x82, 0x10, 0x82, 0x10, 0x82, 0x10, 0x82, 0x10, 0x82, 0x10, 0x82, 0x10, 0x82, 0x10,
    0x82, 0x10, 0x82, 0x10, 0x82, 0x10, 0x82, 0x10, 0x82, 0x10, 0x82, 0x10, 0x82, 0x10, 0x82, 0x10,
    0x82, 0x10, 0x82, 0x10, 0x82, 0x10, 0x82, 0x10, 0x82, 0x10, 0x82, 0x10, 0x82, 0x10, 0x82, 0x10,
    0x82, 0x10, 0x82, 0x10, 0x82, 0x10, 0x82, 0x10, 0x82, 0x10, 0x82, 0x10, 0x82, 0x10, 0x82, 0x10,
    0x82, 0x10, 0x82, 0x10, 0x82, 0x10, 0x82, 0x10, 0x82, 0x10, 0x82, 0x10, 0x82, 0x10, 0x82, 0x10,
    0x82, 0x10, 0x82, 0x10, 0x82, 0x10, 0x82, 0x10, 0x82, 0x10, 0x82, 0x10, 0x82, 0x10, 0x82, 0x10,
    0x82, 0x10, 0x82, 0x10, 0x82, 0x10, 0x82, 0x10, 0x82, 0x10, 0x82, 0x10, 0x82, 0x10, 0x82, 0x10,
    0x82, 0x10, 0x82, 0x10, 0x82, 0x10, 0x82, 0x10, 0x82, 0x10, 0x82, 0x10, 0x82, 0x10, 0x82, 0x10,
    0x82, 0x10, 0x82, 0x10, 0x82, 0x10, 0x82, 0x10, 0x82, 0x10, 0x82, 0x10, 0x82, 0x10, 0x82, 0x10,
    0x82, 0x10, 0x82, 0x10, 0x82, 0x10, 0x82, 0x10, 0x82, 0x10, 0x82, 0x10, 0x82, 0x10, 0x82, 0x10,
    0x82, 0x10, 0x82, 0x10, 0x82, 0x10, 0x82, 0x10, 0x82, 0x10, 0x82, 0x10, 0x82, 0x10, 0x82, 0x10,
    0x82, 0x10, 0x82, 0x10, 0x82, 0x10, 0x82, 0x10, 0x82, 0x10, 0x82, 0x10, 0x82, 0x10, 0x82, 0x10,
    0x61, 0x08, 0x61, 0x08, 0x61, 0x08, 0x61, 0x08, 0x61, 0x08, 0x61, 0x08, 0x61, 0x08, 0x61, 0x08,
    0x61, 0x08, 0x82, 0x10, 0x82, 0x10, 0x61, 0x08, 0x61, 0x08, 0x61, 0x08, 0x82, 0x10, 0x82, 0x10,
    0x82, 0x10, 0x82, 0x10, 0x82, 0x10, 0x82, 0x18, 0x82, 0x18, 0x82, 0x18, 0x83, 0x10, 0x83, 0x10,
    0x83, 0x10, 0x83, 0x18, 0x83, 0x18, 0x83, 0x18, 0xa3, 0x18, 0x83, 0x18, 0xa3, 0x18, 0xa3, 0x18,
    0xa4, 0x18, 0xa4, 0x20, 0xa4, 0x20, 0xa4, 0x20, 0xa4, 0x20, 0xa4, 0x20, 0xa4, 0x20, 0xa4, 0x20,
    0xa4, 0x20, 0xa4, 0x20, 0xa4, 0x20, 0xa4, 0x20, 0xa4, 0x20, 0xa4, 0x20, 0xa4, 0x20, 0xa4, 0x20,
    0xa4, 0x20, 0xa4, 0x20, 0xa4, 0x18, 0xa4, 0x18, 0xa3, 0x18, 0xa3, 0x18, 0x83, 0x18, 0x83, 0x18,
    0x83, 0x18, 0xa3, 0x18, 0x83, 0x18, 0x83, 0x18, 0x83, 0x10, 0x83, 0x18, 0x83, 0x10, 0x83, 0x10,
    0x83, 0x10, 0x83, 0x10, 0x83, 0x10, 0x83, 0x10, 0x83, 0x10, 0x83, 0x10, 0x83, 0x10, 0x83, 0x10,
    0x83, 0x10, 0x83, 0x10, 0x83, 0x10, 0x83, 0x10, 0x83, 0x10, 0x82, 0x10, 0x82, 0x18, 0x82, 0x18,
    0x82, 0x18, 0x82, 0x18, 0x82, 0x10, 0x82, 0x10, 0x82, 0x10, 0x82, 0x10, 0x82, 0x10, 0x82, 0x10,
    0x82, 0x10, 0x82, 0x10, 0x82, 0x10, 0x61, 0x08, 0x61, 0x08, 0x61, 0x08, 0x61, 0x08, 0x61, 0x08,
    0x61, 0x08, 0x82, 0x10, 0x61, 0x08, 0x61, 0x08, 0x61, 0x08, 0x61, 0x08, 0x61, 0x08, 0x61, 0x08,
    0x61, 0x08, 0x61, 0x08, 0x61, 0x08, 0x61, 0x08, 0x61, 0x08, 0x61, 0x08, 0x61, 0x08, 0x82, 0x10,
    0x82, 0x10, 0x82, 0x10, 0x82, 0x10, 0x82, 0x10, 0x82, 0x10, 0x82, 0x10, 0x82, 0x10, 0x82, 0x10,
    0x82, 0x10, 0x82, 0x10, 0x82, 0x10, 0x82, 0x10, 0x82, 0x10, 0x82, 0x10, 0x82, 0x10, 0x82, 0x10,
    0x82, 0x10, 0x82, 0x10, 0x82, 0x10, 0x82, 0x10, 0x82, 0x10, 0x82, 0x10, 0x82, 0x10, 0x82, 0x10,
    0x82, 0x10, 0x82, 0x10, 0x82, 0x10, 0x82, 0x10, 0x82, 0x10, 0x82, 0x10, 0x82, 0x10, 0x82, 0x10,
    0x82, 0x10, 0x82, 0x10, 0x82, 0x10, 0x82, 0x10, 0x82, 0x10, 0x82, 0x10, 0x82, 0x10, 0x82, 0x10,
    0x82, 0x10, 0x82, 0x10, 0x82, 0x10, 0x82, 0x10, 0x82, 0x10, 0x82, 0x10, 0x82, 0x10, 0x82, 0x10,
    0x82, 0x10, 0x82, 0x10, 0x82, 0x10, 0x82, 0x10, 0x82, 0x10, 0x82, 0x10, 0x82, 0x10, 0x82, 0x10,
    0x82, 0x10, 0x82, 0x10, 0x82, 0x10, 0x82, 0x10, 0x82, 0x10, 0x82, 0x10, 0x82, 0x10, 0x82, 0x10,
    0x82, 0x10, 0x82, 0x10, 0x82, 0x10, 0x82, 0x10, 0x82, 0x10, 0x82, 0x10, 0x82, 0x10, 0x82, 0x10,
    0x82, 0x10, 0x82, 0x10, 0x82, 0x10, 0x82, 0x10, 0x82, 0x10, 0x82, 0x10, 0x82, 0x10, 0x82, 0x10,
    0x82, 0x10, 0x82, 0x10, 0x82, 0x10, 0x82, 0x10, 0x82, 0x10, 0x82, 0x10, 0x82, 0x10, 0x82, 0x10,
    0x82, 0x10, 0x82, 0x10, 0x82, 0x10, 0x82, 0x10, 0x82, 0x10, 0x82, 0x10, 0x82, 0x10, 0x82, 0x10,
    0x82, 0x10, 0x82, 0x10, 0x82, 0x10, 0x82, 0x10, 0x82, 0x10, 0x82, 0x10, 0x82, 0x10, 0x82, 0x10,
    0x82, 0x10, 0x82, 0x10, 0x82, 0x10, 0x82, 0x10, 0x82, 0x10, 0x82, 0x10, 0x82, 0x10, 0x82, 0x10,
    0x82, 0x10, 0x82, 0x10, 0x82, 0x10, 0x82, 0x10, 0x82, 0x10, 0x82, 0x10, 0x82, 0x10, 0x82, 0x10,
    0x82, 0x10, 0x82, 0x10, 0x82, 0x10, 0x82, 0x10, 0x82, 0x10, 0x82, 0x10, 0x82, 0x10, 0x82, 0x10,
    0x82, 0x10, 0x82, 0x10, 0x82, 0x10, 0x82, 0x10, 0x82, 0x10, 0x82, 0x10, 0x82, 0x10, 0x82, 0x10,
    0x82, 0x10, 0x82, 0x10, 0x82, 0x10, 0x61, 0x08, 0x61, 0x08, 0x61, 0x08, 0x61, 0x08, 0x61, 0x08,
    0x82, 0x10, 0x82, 0x10, 0x82, 0x10, 0x82, 0x10, 0x82, 0x10, 0x82, 0x10, 0x83, 0x10, 0x83, 0x10,
    0x83, 0x10, 0x83, 0x10, 0x83, 0x10, 0x83, 0x18, 0x83, 0x18, 0x83, 0x18, 0x83, 0x18, 0x83, 0x18,
    0xa3, 0x18, 0xa4, 0x18, 0xa4, 0x18, 0xa4, 0x18, 0xa4, 0x18, 0xa4, 0x18, 0xa4, 0x20, 0xa4, 0x18,
    0xa4, 0x18, 0xa4, 0x18, 0xa4, 0x18, 0xa4, 0x18, 0xa4, 0x18, 0xa4, 0x18, 0xa4, 0x18, 0xa4, 0x18,
    0xa4, 0x18, 0xa4, 0x20, 0xa3, 0x18, 0x83, 0x18, 0x83, 0x18, 0x83, 0x18, 0x83, 0x18, 0x83, 0x10,
    0x83, 0x10, 0x83, 0x10, 0x83, 0x10, 0x83, 0x10, 0x83, 0x10, 0x83, 0x10, 0x82, 0x10, 0x83, 0x10,
    0x83, 0x10, 0x83, 0x10, 0x83, 0x10, 0x83, 0x10, 0x83, 0x10, 0x83, 0x10, 0x83, 0x10, 0x83, 0x10,
    0x82, 0x10, 0x82, 0x10, 0x82, 0x10, 0x82, 0x10, 0x82, 0x10, 0x82, 0x10, 0x82, 0x10, 0x82, 0x10,
    0x82, 0x10, 0x82, 0x10, 0x82, 0x10, 0x82, 0x10, 0x82, 0x10, 0x82, 0x10, 0x82, 0x10, 0x82, 0x10,
    0x82, 0x10, 0x61, 0x08, 0x61, 0x08, 0x61, 0x08, 0x61, 0x08, 0x61, 0x08, 0x61, 0x08, 0x82, 0x10,
    0x61, 0x08, 0x61, 0x08, 0x61, 0x08, 0x61, 0x08, 0x82, 0x10, 0x82, 0x10, 0x82, 0x10, 0x82, 0x10,
    0x82, 0x10, 0x82, 0x10, 0x82, 0x10, 0x82, 0x10, 0x82, 0x10, 0x82, 0x10, 0x82, 0x10, 0x82, 0x10,
    0x82, 0x10, 0x82, 0x10, 0x82, 0x10, 0x82, 0x10, 0x82, 0x10, 0x82, 0x10, 0x82, 0x10, 0x82, 0x10,
    0x82, 0x10, 0x82, 0x10, 0x82, 0x10, 0x82, 0x10, 0x82, 0x10, 0x82, 0x10, 0x82, 0x10, 0x82, 0x10,
    0x82, 0x10, 0x82, 0x10, 0x82, 0x10, 0x82, 0x10, 0x82, 0x10, 0x82, 0x10, 0x82, 0x10, 0x82, 0x10,
    0x82, 0x10, 0x82, 0x10, 0x82, 0x10, 0x82, 0x10, 0x82, 0x10, 0x82, 0x10, 0x82, 0x10, 0x82, 0x10,
    0x82, 0x10, 0x82, 0x10, 0x82, 0x10, 0x82, 0x10, 0x82, 0x10, 0x82, 0x10, 0x82, 0x10, 0x82, 0x10,
    0x82, 0x10, 0x82, 0x10, 0x82, 0x10, 0x82, 0x10, 0x82, 0x10, 0x82, 0x10, 0x82, 0x10, 0x82, 0x10,
    0x82, 0x10, 0x82, 0x10, 0x82, 0x10, 0x82, 0x10, 0x82, 0x10, 0x82, 0x10, 0x82, 0x10, 0x82, 0x10,
    0x82, 0x10, 0x82, 0x10, 0x82, 0x10, 0x82, 0x10, 0x82, 0x10, 0x82, 0x10, 0x82, 0x10, 0x82, 0x10,
    0x82, 0x10, 0x82, 0x10, 0x82, 0x10, 0x82, 0x10, 0x82, 0x10, 0x82, 0x10, 0x82, 0x10, 0x82, 0x10,
    0x82, 0x10, 0x82, 0x10, 0x82, 0x10, 0x82, 0x10, 0x82, 0x10, 0x82, 0x10, 0x82, 0x10, 0x82, 0x10,
    0x82, 0x10, 0x82, 0x10, 0x82, 0x10, 0x82, 0x10, 0x82, 0x10, 0x82, 0x10, 0x82, 0x10, 0x82, 0x10,
    0x82, 0x10, 0x82, 0x10, 0x82, 0x10, 0x82, 0x10, 0x82, 0x10, 0x82, 0x10, 0x82, 0x10, 0x82, 0x10,
    0x82, 0x10, 0x82, 0x10, 0x82, 0x10, 0x82, 0x10, 0x82, 0x10, 0x82, 0x10, 0x82, 0x10, 0x82, 0x10,
    0x82, 0x10, 0x82, 0x10, 0x82, 0x10, 0x82, 0x10, 0x82, 0x10, 0x82, 0x10, 0x82, 0x10, 0x82, 0x10,
    0x82, 0x10, 0x82, 0x10, 0x82, 0x10, 0x82, 0x10, 0x82, 0x10, 0x82, 0x10, 0x82, 0x10, 0x82, 0x10,
    0x82, 0x10, 0x82, 0x10, 0x82, 0x10, 0x82, 0x10, 0x82, 0x10, 0x82, 0x10, 0x82, 0x10, 0x82, 0x10,
    0x82, 0x10, 0x82, 0x10, 0x82, 0x10, 0x82, 0x10, 0x82, 0x10, 0x82, 0x10, 0x82, 0x10, 0x82, 0x10,
    0x82, 0x10, 0x82, 0x10, 0x82, 0x10, 0x61, 0x08, 0x61, 0x08, 0x61, 0x08, 0x61, 0x08, 0x61, 0x08,
    0x82, 0x10, 0x82, 0x10, 0x82, 0x10, 0x82, 0x10, 0x82, 0x10, 0x82, 0x10, 0x82, 0x10, 0x82, 0x10,
    0x83, 0x10, 0x83, 0x10, 0x83, 0x10, 0x83, 0x10, 0x83, 0x10, 0x83, 0x10, 0x83, 0x10, 0x83, 0x10,
    0xa3, 0x18, 0xa3, 0x18, 0xa3, 0x18, 0xa3, 0x18, 0xa3, 0x18, 0xa4, 0x18, 0xa3, 0x18, 0xa3, 0x18,
    0xa3, 0x18, 0xa3, 0x18, 0xa3, 0x18, 0xa3, 0x18, 0xa3, 0x18, 0xa3, 0x18, 0xa3, 0x18, 0xa3, 0x18,
    0xa3, 0x18, 0xa3, 0x18, 0xa3, 0x18, 0x83, 0x10, 0x83, 0x10, 0x83, 0x10, 0x83, 0x10, 0x83, 0x10,
    0x83, 0x10, 0x83, 0x10, 0x83, 0x10, 0x83, 0x10, 0x83, 0x10, 0x83, 0x10, 0x83, 0x10, 0x83, 0x10,
    0x83, 0x10, 0x83, 0x10, 0x83, 0x10, 0x82, 0x10, 0x82, 0x10, 0x83, 0x10, 0x82, 0x10, 0x82, 0x10,
    0x82, 0x10, 0x82, 0x10, 0x82, 0x10, 0x82, 0x10, 0x82, 0x10, 0x82, 0x10, 0x82, 0x10, 0x82, 0x10,
    0x82, 0x10, 0x82, 0x10, 0x82, 0x10, 0x61, 0x08, 0x61, 0x08, 0x61, 0x08, 0x61, 0x08, 0x61, 0x08,
    0x61, 0x08, 0x61, 0x08, 0x61, 0x08, 0x61, 0x08, 0x61, 0x08, 0x61, 0x08, 0x61, 0x08, 0x82, 0x10,
    0x82, 0x10, 0x82, 0x10, 0x82, 0x10, 0x82, 0x10, 0x82, 0x10, 0x82, 0x10, 0x82, 0x10, 0x82, 0x10,
    0x82, 0x10, 0x82, 0x10, 0x82, 0x10, 0x82, 0x10, 0x82, 0x10, 0x82, 0x10, 0x82, 0x10, 0x82, 0x10,
    0x82, 0x10, 0x82, 0x10, 0x82, 0x10, 0x82, 0x10, 0x82, 0x10, 0x82, 0x10, 0x82, 0x10, 0x82, 0x10,
    0x82, 0x10, 0x82, 0x10, 0x82, 0x10, 0x82, 0x10, 0x82, 0x10, 0x82, 0x10, 0x82, 0x10, 0x82, 0x10,
    0x82, 0x10, 0x82, 0x10, 0x82, 0x10, 0x82, 0x10, 0x82, 0x10, 0x82, 0x10, 0x82, 0x10, 0x82, 0x10,
    0x82, 0x10, 0x82, 0x10, 0x82, 0x10, 0x82, 0x10, 0x82, 0x10, 0x82, 0x10, 0x82, 0x10, 0x82, 0x10,
    0x82, 0x10, 0x82, 0x10, 0x82, 0x10, 0x82, 0x10, 0x82, 0x10, 0x82, 0x10, 0x82, 0x10, 0x82, 0x10,
    0x82, 0x10, 0x82, 0x10, 0x82, 0x10, 0x82, 0x10, 0x82, 0x10, 0x82, 0x10, 0x82, 0x10, 0x82, 0x10,
    0x82, 0x10, 0x82, 0x10, 0x82, 0x10, 0x82, 0x10, 0x82, 0x10, 0x82, 0x10, 0x82, 0x10, 0x82, 0x10,
    0x82, 0x10, 0x82, 0x10, 0x82, 0x10, 0x82, 0x10, 0x82, 0x10, 0x82, 0x10, 0x82, 0x10, 0x82, 0x10,
    0x82, 0x10, 0x82, 0x10, 0x82, 0x10, 0x82, 0x10, 0x82, 0x10, 0x82, 0x10, 0x82, 0x10, 0x82, 0x10,
    0x82, 0x10, 0x82, 0x10, 0x82, 0x10, 0x82, 0x10, 0x82, 0x10, 0x82, 0x10, 0x82, 0x10, 0x82, 0x10,
    0x82, 0x10, 0x82, 0x10, 0x82, 0x10, 0x82, 0x10, 0x82, 0x10, 0x82, 0x10, 0x82, 0x10, 0x82, 0x10,
    0x82, 0x10, 0x82, 0x10, 0x82, 0x10, 0x82, 0x10, 0x82, 0x10, 0x82, 0x10, 0x82, 0x10, 0x82, 0x10,
    0x82, 0x10, 0x82, 0x10, 0x82, 0x10, 0x82, 0x10, 0x82, 0x10, 0x82, 0x10, 0x82, 0x10, 0x82, 0x10,
    0x82, 0x10, 0x82, 0x10, 0x82, 0x10, 0x82, 0x10, 0x82, 0x10, 0x82, 0x10, 0x82, 0x10, 0x82, 0x10,
    0x82, 0x10, 0x82, 0x10, 0x82, 0x10, 0x82, 0x10, 0x82, 0x10, 0x82, 0x10, 0x82, 0x10, 0x82, 0x10,
    0x82, 0x10, 0x82, 0x10, 0x82, 0x10, 0x82, 0x10, 0x82, 0x10, 0x82, 0x10, 0x82, 0x10, 0x82, 0x10,
    0x82, 0x10, 0x82, 0x10, 0x82, 0x10, 0x82, 0x10, 0x82, 0x10, 0x82, 0x10, 0x82, 0x10, 0x82, 0x10,
    0x82, 0x10, 0x82, 0x10, 0x82, 0x10, 0x61, 0x08, 0x61, 0x08, 0x61, 0x08, 0x61, 0x08, 0x61, 0x08,
    0x82, 0x10, 0x82, 0x10, 0x82, 0x10, 0x82, 0x10, 0x82, 0x10, 0x82, 0x10, 0x82, 0x10, 0x82, 0x10,
    0x82, 0x10, 0x82, 0x10, 0x82, 0x10, 0x83, 0x10, 0x83, 0x10, 0x83, 0x10, 0x83, 0x10, 0x83, 0x10,
    0x83, 0x10, 0x83, 0x18, 0xa3, 0x18, 0x83, 0x18, 0x83, 0x18, 0x83, 0x18, 0x83, 0x18, 0x83, 0x18,
    0x83, 0x18, 0x83, 0x18, 0x83, 0x18, 0x83, 0x18, 0x83, 0x18, 0x83, 0x18, 0x83, 0x18, 0x83, 0x18,
    0x83, 0x10, 0x83, 0x18, 0x83, 0x10, 0x83, 0x10, 0x83, 0x10, 0x82, 0x10, 0x83, 0x10, 0x82, 0x10,
    0x82, 0x10, 0x82, 0x10, 0x82, 0x10, 0x82, 0x10, 0x82, 0x10, 0x82, 0x10, 0x82, 0x10, 0x82, 0x10,
    0x82, 0x10, 0x82, 0x10, 0x82, 0x10, 0x82, 0x10, 0x82, 0x10, 0x82, 0x10, 0x82, 0x10, 0x82, 0x10,
    0x82, 0x10, 0x82, 0x10, 0x82, 0x10, 0x82, 0x10, 0x82, 0x10, 0x82, 0x10, 0x82, 0x10, 0x82, 0x10,
    0x82, 0x10, 0x82, 0x10, 0x82, 0x10, 0x61, 0x08, 0x61, 0x08, 0x61, 0x08, 0x61, 0x08, 0x61, 0x08,
    0x61, 0x08, 0x61, 0x08, 0x61, 0x08, 0x61, 0x08, 0x61, 0x08, 0x61, 0x08, 0x61, 0x08, 0x82, 0x10,
    0x82, 0x10, 0x82, 0x10, 0x82, 0x10, 0x82, 0x10, 0x82, 0x10, 0x82, 0x10, 0x82, 0x10, 0x82, 0x10,
    0x82, 0x10, 0x82, 0x10, 0x82, 0x10, 0x82, 0x10, 0x82, 0x10, 0x82, 0x10, 0x82, 0x10, 0x82, 0x10,
    0x82, 0x10, 0x82, 0x10, 0x82, 0x10, 0x82, 0x10, 0x82, 0x10, 0x82, 0x10, 0x82, 0x10, 0x82, 0x10,
    0x82, 0x10, 0x82, 0x10, 0x82, 0x10, 0x82, 0x10, 0x82, 0x10, 0x82, 0x10, 0x82, 0x10, 0x82, 0x10,
    0x82, 0x10, 0x82, 0x10, 0x82, 0x10, 0x82, 0x10, 0x82, 0x10, 0x82, 0x10, 0x82, 0x10, 0x82, 0x10,
    0x82, 0x10, 0x82, 0x10, 0x82, 0x10, 0x82, 0x10, 0x82, 0x10, 0x82, 0x10, 0x82, 0x10, 0x82, 0x10,
    0x82, 0x10, 0x82, 0x10, 0x82, 0x10, 0x82, 0x10, 0x82, 0x10, 0x82, 0x10, 0x82, 0x10, 0x82, 0x10,
    0x82, 0x10, 0x82, 0x10, 0x82, 0x10, 0x82, 0x10, 0x82, 0x10, 0x82, 0x10, 0x82, 0x10, 0x82, 0x10,
    0x82, 0x10, 0x82, 0x10, 0x82, 0x10, 0x82, 0x10, 0x82, 0x10, 0x82, 0x10, 0x82, 0x10, 0x82, 0x10,
    0x82, 0x10, 0x82, 0x10, 0x82, 0x10, 0x82, 0x10, 0x82, 0x10, 0x82, 0x10, 0x82, 0x10, 0x82, 0x10,
    0x82, 0x10, 0x82, 0x10, 0x82, 0x10, 0x82, 0x10, 0x82, 0x10, 0x82, 0x10, 0x82, 0x10, 0x82, 0x10,
    0x82, 0x10, 0x82, 0x10, 0x82, 0x10, 0x82, 0x10, 0x82, 0x10, 0x82, 0x10, 0x82, 0x10, 0x82, 0x10,
    0x82, 0x10, 0x82, 0x10, 0x82, 0x10, 0x82, 0x10, 0x82, 0x10, 0x82, 0x10, 0x82, 0x10, 0x82, 0x10,
    0x82, 0x10, 0x82, 0x10, 0x82, 0x10, 0x82, 0x10, 0x82, 0x10, 0x82, 0x10, 0x82, 0x10, 0x82, 0x10,
    0x82, 0x10, 0x82, 0x10, 0x82, 0x10, 0x82, 0x10, 0x82, 0x10, 0x82, 0x10, 0x82, 0x10, 0x82, 0x10,
    0x82, 0x10, 0x82, 0x10, 0x82, 0x10, 0x82, 0x10, 0x82, 0x10, 0x82, 0x10, 0x82, 0x10, 0x82, 0x10,
    0x82, 0x10, 0x82, 0x10, 0x82, 0x10, 0x82, 0x10, 0x82, 0x10, 0x82, 0x10, 0x82, 0x10, 0x82, 0x10,
    0x82, 0x10, 0x82, 0x10, 0x82, 0x10, 0x82, 0x10, 0x82, 0x10, 0x82, 0x10, 0x82, 0x10, 0x82, 0x10,
    0x82, 0x10, 0x82, 0x10, 0x82, 0x10, 0x82, 0x10, 0x82, 0x10, 0x82, 0x10, 0x82, 0x10, 0x82, 0x10,
    0x82, 0x10, 0x82, 0x10, 0x61, 0x08, 0x61, 0x08, 0x61, 0x08, 0x61, 0x08, 0x61, 0x08, 0x61, 0x08,
    0x82, 0x10, 0x82, 0x10, 0x82, 0x10, 0x82, 0x10, 0x82, 0x10, 0x82, 0x10, 0x82, 0x10, 0x82, 0x10,
    0x82, 0x10, 0x82, 0x10, 0x82, 0x10, 0x82, 0x10, 0x82, 0x10, 0x83, 0x10, 0x83, 0x10, 0x83, 0x10,
    0x83, 0x10, 0x83, 0x10, 0x83, 0x10, 0x83, 0x10, 0x83, 0x18, 0x83, 0x18, 0x83, 0x18, 0x83, 0x10,
    0x83, 0x10, 0x83, 0x10, 0x83, 0x10, 0x83, 0x10, 0x83, 0x10, 0x83, 0x10, 0x83, 0x10, 0x83, 0x10,
    0x83, 0x10, 0x83, 0x10, 0x83, 0x10, 0x82, 0x10, 0x82, 0x10, 0x82, 0x10, 0x82, 0x10, 0x82, 0x10,
    0x82, 0x10, 0x82, 0x10, 0x82, 0x10, 0x82, 0x10, 0x82, 0x10, 0x82, 0x10, 0x82, 0x10, 0x82, 0x10,
    0x82, 0x10, 0x82, 0x10, 0x82, 0x10, 0x82, 0x10, 0x82, 0x10, 0x82, 0x10, 0x82, 0x10, 0x82, 0x10,
    0x82, 0x10, 0x82, 0x10, 0x82, 0x10, 0x82, 0x10, 0x82, 0x10, 0x82, 0x10, 0x82, 0x10, 0x82, 0x10,
    0x82, 0x10, 0x82, 0x10, 0x82, 0x10, 0x61, 0x08, 0x61, 0x08, 0x61, 0x08, 0x61, 0x08, 0x61, 0x08,
    0x61, 0x08, 0x61, 0x08, 0x61, 0x08, 0x61, 0x08, 0x61, 0x08, 0x61, 0x08, 0x61, 0x08, 0x82, 0x10,
    0x82, 0x10, 0x82, 0x10, 0x82, 0x10, 0x82, 0x10, 0x82, 0x10, 0x82, 0x10, 0x82, 0x10, 0x82, 0x10,
    0x82, 0x10, 0x82, 0x10, 0x82, 0x10, 0x82, 0x10, 0x82, 0x10, 0x82, 0x10, 0x82, 0x10, 0x82, 0x10,
    0x82, 0x10, 0x82, 0x10, 0x82, 0x10, 0x82, 0x10, 0x82, 0x10, 0x82, 0x10, 0x82, 0x10, 0x82, 0x10,
    0x82, 0x10, 0x82, 0x10, 0x82, 0x10, 0x82, 0x10, 0x82, 0x10, 0x82, 0x10, 0x82, 0x10, 0x82, 0x10,
    0x82, 0x10, 0x82, 0x10, 0x82, 0x10, 0x82, 0x10, 0x82, 0x10, 0x82, 0x10, 0x82, 0x10, 0x82, 0x10,
    0x82, 0x10, 0x82, 0x10, 0x82, 0x10, 0x82, 0x10, 0x82, 0x10, 0x82, 0x10, 0x82, 0x10, 0x82, 0x10,
    0x82, 0x10, 0x82, 0x10, 0x82, 0x10, 0x82, 0x10, 0x82, 0x10, 0x82, 0x10, 0x82, 0x10, 0x82, 0x10,
    0x82, 0x10, 0x82, 0x10, 0x82, 0x10, 0x82, 0x10, 0x82, 0x10, 0x82, 0x10, 0x82, 0x10, 0x82, 0x10,
    0x82, 0x10, 0x82, 0x10, 0x82, 0x10, 0x82, 0x10, 0x82, 0x10, 0x82, 0x10, 0x82, 0x10, 0x82, 0x10,
    0x82, 0x10, 0x82, 0x10, 0x82, 0x10, 0x82, 0x10, 0x82, 0x10, 0x82, 0x10, 0x82, 0x10, 0x82, 0x10,
    0x82, 0x10, 0x82, 0x10, 0x82, 0x10, 0x82, 0x10, 0x82, 0x10, 0x82, 0x10, 0x82, 0x10, 0x82, 0x10,
    0x82, 0x10, 0x82, 0x10, 0x82, 0x10, 0x82, 0x10, 0x82, 0x10, 0x82, 0x10, 0x82, 0x10, 0x82, 0x10,
    0x82, 0x10, 0x82, 0x10, 0x82, 0x10, 0x82, 0x10, 0x82, 0x10, 0x82, 0x10, 0x82, 0x10, 0x82, 0x10,
    0x82, 0x10, 0x82, 0x10, 0x82, 0x10, 0x82, 0x10, 0x82, 0x10, 0x82, 0x10, 0x82, 0x10, 0x82, 0x10,
    0x82, 0x10, 0x82, 0x10, 0x82, 0x10, 0x82, 0x10, 0x82, 0x10, 0x82, 0x10, 0x82, 0x10, 0x82, 0x10,
    0x82, 0x10, 0x82, 0x10, 0x82, 0x10, 0x82, 0x10, 0x82, 0x10, 0x82, 0x10, 0x82, 0x10, 0x82, 0x10,
    0x82, 0x10, 0x82, 0x10, 0x82, 0x10, 0x82, 0x10, 0x82, 0x10, 0x82, 0x10, 0x82, 0x10, 0x82, 0x10,
    0x82, 0x10, 0x82, 0x10, 0x82, 0x10, 0x82, 0x10, 0x82, 0x10, 0x82, 0x10, 0x82, 0x10, 0x82, 0x10,
    0x82, 0x10, 0x82, 0x10, 0x82, 0x10, 0x82, 0x10, 0x82, 0x10, 0x82, 0x10, 0x82, 0x10, 0x82, 0x10,
    0x82, 0x10, 0x82, 0x10, 0x82, 0x10, 0x61, 0x08, 0x61, 0x08, 0x61, 0x08, 0x61, 0x08, 0x61, 0x08,
    0x61, 0x08, 0x61, 0x08, 0x61, 0x08, 0x61, 0x08, 0x61, 0x08, 0x82, 0x10, 0x61, 0x08, 0x82, 0x10,
    0x82, 0x10, 0x82, 0x10, 0x82, 0x10, 0x82, 0x10, 0x82, 0x10, 0x82, 0x10, 0x82, 0x10, 0x82, 0x10,
    0x82, 0x10, 0x83, 0x10, 0x83, 0x10, 0x83, 0x10, 0x83, 0x10, 0x83, 0x10, 0x83, 0x10, 0x83, 0x10,
    0x83, 0x10, 0x83, 0x10, 0x83, 0x10, 0x83, 0x10, 0x83, 0x10, 0x83, 0x10, 0x83, 0x10, 0x83, 0x10,
    0x83, 0x10, 0x83, 0x10, 0x82, 0x18, 0x82, 0x10, 0x82, 0x10, 0x82, 0x10, 0x82, 0x10, 0x82, 0x10,
    0x82, 0x10, 0x82, 0x10, 0x82, 0x10, 0x82, 0x10, 0x82, 0x10, 0x82, 0x10, 0x82, 0x10, 0x82, 0x10,
    0x82, 0x10, 0x82, 0x10, 0x82, 0x10, 0x82, 0x10, 0x82, 0x10, 0x82, 0x10, 0x82, 0x10, 0x82, 0x10,
    0x61, 0x08, 0x61, 0x08, 0x61, 0x08, 0x61, 0x08, 0x61, 0x08, 0x61, 0x08, 0x61, 0x08, 0x61, 0x08,
    0x61, 0x08, 0x61, 0x08, 0x61, 0x08, 0x61, 0x08, 0x61, 0x08, 0x61, 0x08, 0x61, 0x08, 0x61, 0x08,
    0x61, 0x08, 0x61, 0x08, 0x61, 0x08, 0x61, 0x08, 0x61, 0x08, 0x82, 0x10, 0x82, 0x10, 0x82, 0x10,
    0x82, 0x10, 0x82, 0x10, 0x82, 0x10, 0x82, 0x10, 0x82, 0x10, 0x82, 0x10, 0x82, 0x10, 0x82, 0x10,
    0x82, 0x10, 0x82, 0x10, 0x82, 0x10, 0x82, 0x10, 0x82, 0x10, 0x82, 0x10, 0x82, 0x10, 0x82, 0x10,
    0x82, 0x10, 0x82, 0x10, 0x82, 0x10, 0x82, 0x10, 0x82, 0x10, 0x82, 0x10, 0x82, 0x10, 0x82, 0x10,
    0x82, 0x10, 0x82, 0x10, 0x82, 0x10, 0x82, 0x10, 0x82, 0x10, 0x82, 0x10, 0x82, 0x10, 0x82, 0x10,
    0x82, 0x10, 0x82, 0x10, 0x82, 0x10, 0x82, 0x10, 0x82, 0x10, 0x82, 0x10, 0x82, 0x10, 0x82, 0x10,
    0x82, 0x10, 0x82, 0x10, 0x82, 0x10, 0x82, 0x10, 0x82, 0x10, 0x82, 0x10, 0x82, 0x10, 0x82, 0x10,
    0x82, 0x10, 0x82, 0x10, 0x82, 0x10, 0x82, 0x10, 0x82, 0x10, 0x82, 0x10, 0x82, 0x10, 0x82, 0x10,
    0x82, 0x10, 0x82, 0x10, 0x82, 0x10, 0x82, 0x10, 0x82, 0x10, 0x82, 0x10, 0x82, 0x10, 0x82, 0x10,
    0x82, 0x10, 0x82, 0x10, 0x82, 0x10, 0x82, 0x10, 0x82, 0x10, 0x82, 0x10, 0x82, 0x10, 0x82, 0x10,
    0x82, 0x10, 0x82, 0x10, 0x82, 0x10, 0x82, 0x10, 0x82, 0x10, 0x82, 0x10, 0x82, 0x10, 0x82, 0x10,
    0x82, 0x10, 0x82, 0x10, 0x82, 0x10, 0x82, 0x10, 0x82, 0x10, 0x82, 0x10, 0x82, 0x10, 0x82, 0x10,
    0x82, 0x10, 0x82, 0x10, 0x82, 0x10, 0x82, 0x10, 0x82, 0x10, 0x82, 0x10, 0x82, 0x10, 0x82, 0x10,
    0x82, 0x10, 0x82, 0x10, 0x82, 0x10, 0x82, 0x10, 0x82, 0x10, 0x82, 0x10, 0x82, 0x10, 0x82, 0x10,
    0x82, 0x10, 0x82, 0x10, 0x82, 0x10, 0x82, 0x10, 0x82, 0x10, 0x82, 0x10, 0x82, 0x10, 0x82, 0x10,
    0x82, 0x10, 0x82, 0x10, 0x82, 0x10, 0x82, 0x10, 0x82, 0x10, 0x82, 0x10, 0x82, 0x10, 0x82, 0x10,
    0x82, 0x10, 0x82, 0x10, 0x82, 0x10, 0x82, 0x10, 0x82, 0x10, 0x82, 0x10, 0x82, 0x10, 0x82, 0x10,
    0x82, 0x10, 0x82, 0x10, 0x82, 0x10, 0x82, 0x10, 0x82, 0x10, 0x82, 0x10, 0x82, 0x10, 0x82, 0x10,
    0x82, 0x10, 0x82, 0x10, 0x82, 0x10, 0x82, 0x10, 0x82, 0x10, 0x82, 0x10, 0x82, 0x10, 0x82, 0x10,
    0x82, 0x10, 0x82, 0x10, 0x82, 0x10, 0x82, 0x10, 0x82, 0x10, 0x82, 0x10, 0x82, 0x10, 0x82, 0x10,
    0x82, 0x10, 0x82, 0x10, 0x82, 0x10, 0x82, 0x10, 0x82, 0x10, 0x82, 0x10, 0x82, 0x10, 0x82, 0x10,
    0x82, 0x10, 0x82, 0x10, 0x82, 0x10, 0x82, 0x10, 0x82, 0x10, 0x82, 0x10, 0x61, 0x08, 0x61, 0x08,
    0x61, 0x08, 0x61, 0x08, 0x61, 0x08, 0x61, 0x08, 0x82, 0x10, 0x82, 0x10, 0x82, 0x10, 0x82, 0x10,
    0x82, 0x10, 0x82, 0x10, 0x82, 0x10, 0x82, 0x10, 0x82, 0x10, 0x82, 0x10, 0x83, 0x10, 0x83, 0x10,
    0x83, 0x10, 0x83, 0x10, 0x83, 0x10, 0x82, 0x10, 0x82, 0x10, 0x82, 0x10, 0x82, 0x10, 0x82, 0x10,
    0x82, 0x10, 0x82, 0x10, 0x82, 0x10, 0x82, 0x10, 0x82, 0x10, 0x82, 0x10, 0x82, 0x10, 0x82, 0x10,
    0x82, 0x10, 0x82, 0x10, 0x82, 0x10, 0x82, 0x10, 0x82, 0x10, 0x82, 0x10, 0x82, 0x10, 0x82, 0x10,
    0x82, 0x10, 0x82, 0x10, 0x82, 0x10, 0x61, 0x08, 0x61, 0x08, 0x61, 0x08, 0x61, 0x08, 0x61, 0x08,
    0x61, 0x08, 0x61, 0x08, 0x61, 0x08, 0x61, 0x08, 0x61, 0x08, 0x61, 0x08, 0x61, 0x08, 0x61, 0x08,
    0x61, 0x08, 0x61, 0x08, 0x61, 0x08, 0x61, 0x08, 0x82, 0x10, 0x82, 0x10, 0x82, 0x10, 0x82, 0x10,
    0x82, 0x10, 0x82, 0x10, 0x82, 0x10, 0x82, 0x10, 0x82, 0x10, 0x82, 0x10, 0x82, 0x10, 0x82, 0x10,
    0x82, 0x10, 0x82, 0x10, 0x82, 0x10, 0x82, 0x10, 0x82, 0x10, 0x82, 0x10, 0x82, 0x10, 0x82, 0x10,
    0x82, 0x10, 0x82, 0x10, 0x82, 0x10, 0x82, 0x10, 0x82, 0x10, 0x82, 0x10, 0x82, 0x10, 0x82, 0x10,
    0x82, 0x10, 0x82, 0x10, 0x82, 0x10, 0x82, 0x10, 0x82, 0x10, 0x82, 0x10, 0x82, 0x10, 0x82, 0x10,
    0x82, 0x10, 0x82, 0x10, 0x82, 0x10, 0x82, 0x10, 0x82, 0x10, 0x82, 0x10, 0x82, 0x10, 0x82, 0x10,
    0x82, 0x10, 0x82, 0x10, 0x82, 0x10, 0x82, 0x10, 0x82, 0x10, 0x82, 0x10, 0x82, 0x10, 0x82, 0x10,
    0x82, 0x10, 0x82, 0x10, 0x82, 0x10, 0x82, 0x10, 0x82, 0x10, 0x82, 0x10, 0x82, 0x10, 0x82, 0x10,
    0x82, 0x10, 0x82, 0x10, 0x82, 0x10, 0x82, 0x10, 0x82, 0x10, 0x82, 0x10, 0x82, 0x10, 0x82, 0x10,
    0x82, 0x10, 0x82, 0x10, 0x82, 0x10, 0x82, 0x10, 0x82, 0x10, 0x82, 0x10, 0x82, 0x10, 0x82, 0x10,
    0x82, 0x10, 0x82, 0x10, 0x82, 0x10, 0x82, 0x10, 0x82, 0x10, 0x82, 0x10, 0x82, 0x10, 0x82, 0x10,
    0x82, 0x10, 0x82, 0x10, 0x82, 0x10, 0x82, 0x10, 0x82, 0x10, 0x82, 0x10, 0x82, 0x10, 0x82, 0x10,
    0x82, 0x10, 0x82, 0x10, 0x82, 0x10, 0x82, 0x10, 0x82, 0x10, 0x82, 0x10, 0x82, 0x10, 0x82, 0x10,
    0x82, 0x10, 0x82, 0x10, 0x82, 0x10, 0x82, 0x10, 0x82, 0x10, 0x82, 0x10, 0x82, 0x10, 0x82, 0x10,
    0x82, 0x10, 0x82, 0x10, 0x82, 0x10, 0x82, 0x10, 0x82, 0x10, 0x82, 0x10, 0x82, 0x10, 0x82, 0x10,
    0x82, 0x10, 0x82, 0x10, 0x82, 0x10, 0x82, 0x10, 0x82, 0x10, 0x82, 0x10, 0x82, 0x10, 0x82, 0x10,
    0x82, 0x10, 0x82, 0x10, 0x82, 0x10, 0x82, 0x10, 0x82, 0x10, 0x82, 0x10, 0x82, 0x10, 0x82, 0x10,
    0x82, 0x10, 0x82, 0x10, 0x82, 0x10, 0x82, 0x10, 0x82, 0x10, 0x82, 0x10, 0x82, 0x10, 0x82, 0x10,
    0x82, 0x10, 0x82, 0x10, 0x82, 0x10, 0x82, 0x10, 0x82, 0x10, 0x82, 0x10, 0x82, 0x10, 0x82, 0x10,
    0x82, 0x10, 0x82, 0x10, 0x82, 0x10, 0x82, 0x10, 0x82, 0x10, 0x82, 0x10, 0x82, 0x10, 0x82, 0x10,
    0x82, 0x10, 0x82, 0x10, 0x82, 0x10, 0x82, 0x10, 0x82, 0x10, 0x82, 0x10, 0x82, 0x10, 0x82, 0x10,
    0x82, 0x10, 0x82, 0x10, 0x82, 0x10, 0x82, 0x10, 0x82, 0x10, 0x82, 0x10, 0x82, 0x10, 0x82, 0x10,
    0x82, 0x10, 0x82, 0x10, 0x82, 0x10, 0x82, 0x10, 0x82, 0x10, 0x82, 0x10, 0x61, 0x08, 0x61, 0x08,
    0x61, 0x08, 0x61, 0x08, 0x61, 0x08, 0x61, 0x08, 0x61, 0x08, 0x61, 0x08, 0x61, 0x08, 0x61, 0x08,
    0x82, 0x10, 0x82, 0x10, 0x83, 0x10, 0x82, 0x10, 0x82, 0x10, 0x82, 0x10, 0x82, 0x10, 0x82, 0x10,
    0x82, 0x10, 0x82, 0x10, 0x82, 0x10, 0x82, 0x10, 0x82, 0x10, 0x82, 0x10, 0x82, 0x10, 0x82, 0x10,
    0x82, 0x10, 0x82, 0x10, 0x82, 0x10, 0x82, 0x10, 0x82, 0x10, 0x82, 0x10, 0x82, 0x10, 0x82, 0x10,
    0x61, 0x08, 0x61, 0x08, 0x61, 0x08, 0x61, 0x08, 0x61, 0x08, 0x61, 0x08, 0x61, 0x08, 0x61, 0x08,
    0x61, 0x08, 0x61, 0x08, 0x61, 0x08, 0x61, 0x08, 0x61, 0x08, 0x61, 0x08, 0x61, 0x08, 0x61, 0x08,
    0x61, 0x08, 0x61, 0x08, 0x61, 0x08, 0x61, 0x08, 0x61, 0x08, 0x61, 0x08, 0x61, 0x08, 0x61, 0x08,
    0x61, 0x08, 0x61, 0x08, 0x61, 0x08, 0x82, 0x10, 0x82, 0x10, 0x82, 0x10, 0x82, 0x10, 0x82, 0x10,
    0x82, 0x10, 0x82, 0x10, 0x82, 0x10, 0x82, 0x10, 0x82, 0x10, 0x82, 0x10, 0x82, 0x10, 0x82, 0x10,
    0x82, 0x10, 0x82, 0x10, 0x82, 0x10, 0x82, 0x10, 0x82, 0x10, 0x82, 0x10, 0x82, 0x10, 0x82, 0x10,
    0x82, 0x10, 0x82, 0x10, 0x82, 0x10, 0x82, 0x10, 0x82, 0x10, 0x82, 0x10, 0x82, 0x10, 0x82, 0x10,
    0x82, 0x10, 0x82, 0x10, 0x82, 0x10, 0x82, 0x10, 0x82, 0x10, 0x82, 0x10, 0x82, 0x10, 0x82, 0x10,
    0x82, 0x10, 0x82, 0x10, 0x82, 0x10, 0x82, 0x10, 0x82, 0x10, 0x82, 0x10, 0x82, 0x10, 0x82, 0x10,
    0x82, 0x10, 0x82, 0x10, 0x82, 0x10, 0x82, 0x10, 0x82, 0x10, 0x82, 0x10, 0x82, 0x10, 0x82, 0x10,
    0x82, 0x10, 0x82, 0x10, 0x82, 0x10, 0x82, 0x10, 0x82, 0x10, 0x82, 0x10, 0x82, 0x10, 0x82, 0x10,
    0x82, 0x10, 0x82, 0x10, 0x82, 0x10, 0x82, 0x10, 0x82, 0x10, 0x82, 0x10, 0x82, 0x10, 0x82, 0x10,
    0x82, 0x10, 0x82, 0x10, 0x82, 0x10, 0x82, 0x10, 0x82, 0x10, 0x82, 0x10, 0x82, 0x10, 0x82, 0x10,
    0x82, 0x10, 0x82, 0x10, 0x82, 0x10, 0x82, 0x10, 0x82, 0x10, 0x82, 0x10, 0x82, 0x10, 0x82, 0x10,
    0x82, 0x10, 0x82, 0x10, 0x82, 0x10, 0x82, 0x10, 0x82, 0x10, 0x82, 0x10, 0x82, 0x10, 0x82, 0x10,
    0x82, 0x10, 0x82, 0x10, 0x82, 0x10, 0x82, 0x10, 0x82, 0x10, 0x82, 0x10, 0x82, 0x10, 0x82, 0x10,
    0x82, 0x10, 0x82, 0x10, 0x82, 0x10, 0x82, 0x10, 0x82, 0x10, 0x82, 0x10, 0x82, 0x10, 0x82, 0x10,
    0x82, 0x10, 0x82, 0x10, 0x82, 0x10, 0x82, 0x10, 0x82, 0x10, 0x82, 0x10, 0x82, 0x10, 0x82, 0x10,
    0x82, 0x10, 0x82, 0x10, 0x82, 0x10, 0x82, 0x10, 0x82, 0x10, 0x82, 0x10, 0x82, 0x10, 0x82, 0x10,
    0x82, 0x10, 0x82, 0x10, 0x82, 0x10, 0x82, 0x10, 0x82, 0x10, 0x82, 0x10, 0x82, 0x10, 0x82, 0x10,
    0x82, 0x10, 0x82, 0x10, 0x82, 0x10, 0x82, 0x10, 0x82, 0x10, 0x82, 0x10, 0x82, 0x10, 0x82, 0x10,
    0x82, 0x10, 0x82, 0x10, 0x82, 0x10, 0x82, 0x10, 0x82, 0x10, 0x82, 0x10, 0x82, 0x10, 0x82, 0x10,
    0x82, 0x10, 0x82, 0x10, 0x82, 0x10, 0x82, 0x10, 0x82, 0x10, 0x82, 0x10, 0x82, 0x10, 0x82, 0x10,
    0x82, 0x10, 0x82, 0x10, 0x82, 0x10, 0x82, 0x10, 0x82, 0x10, 0x82, 0x10, 0x82, 0x10, 0x82, 0x10,
    0x82, 0x10, 0x82, 0x10, 0x82, 0x10, 0x82, 0x10, 0x82, 0x10, 0x82, 0x10, 0x82, 0x10, 0x82, 0x10,
    0x82, 0x10, 0x82, 0x10, 0x82, 0x10, 0x82, 0x10, 0x82, 0x10, 0x82, 0x10, 0x61, 0x08, 0x61, 0x08,
    0x61, 0x08, 0x61, 0x08, 0x61, 0x08, 0x61, 0x08, 0x61, 0x08, 0x61, 0x08, 0x61, 0x08, 0x61, 0x08,
    0x61, 0x08, 0x82, 0x10, 0x82, 0x10, 0x82, 0x10, 0x82, 0x10, 0x82, 0x10, 0x82, 0x10, 0x82, 0x10,
    0x82, 0x10, 0x82, 0x10, 0x82, 0x10, 0x82, 0x10, 0x82, 0x10, 0x82, 0x10, 0x82, 0x10, 0x82, 0x10,
    0x82, 0x10, 0x82, 0x10, 0x82, 0x10, 0x82, 0x10, 0x82, 0x10, 0x82, 0x10, 0x82, 0x10, 0x61, 0x08,
    0x61, 0x08, 0x61, 0x08, 0x61, 0x08, 0x61, 0x08, 0x61, 0x08, 0x61, 0x08, 0x61, 0x08, 0x61, 0x08,
    0x61, 0x08, 0x61, 0x08, 0x61, 0x08, 0x61, 0x08, 0x61, 0x08, 0x61, 0x08, 0x61, 0x08, 0x61, 0x08,
    0x61, 0x08, 0x61, 0x08, 0x61, 0x08, 0x61, 0x08, 0x61, 0x08, 0x61, 0x08, 0x61, 0x08, 0x61, 0x08,
    0x61, 0x08, 0x61, 0x08, 0x61, 0x08, 0x82, 0x10, 0x82, 0x10, 0x82, 0x10, 0x82, 0x10, 0x82, 0x10,
    0x82, 0x10, 0x82, 0x10, 0x82, 0x10, 0x82, 0x10, 0x82, 0x10, 0x82, 0x10, 0x82, 0x10, 0x82, 0x10,
    0x82, 0x10, 0x82, 0x10, 0x82, 0x10, 0x82, 0x10, 0x82, 0x10, 0x82, 0x10, 0x82, 0x10, 0x82, 0x10,
    0x82, 0x10, 0x82, 0x10, 0x82, 0x10, 0x82, 0x10, 0x82, 0x10, 0x82, 0x10, 0x82, 0x10, 0x82, 0x10,
    0x82, 0x10, 0x82, 0x10, 0x82, 0x10, 0x82, 0x10, 0x82, 0x10, 0x82, 0x10, 0x82, 0x10, 0x82, 0x10,
    0x82, 0x10, 0x82, 0x10, 0x82, 0x10, 0x82, 0x10, 0x82, 0x10, 0x82, 0x10, 0x82, 0x10, 0x82, 0x10,
    0x82, 0x10, 0x82, 0x10, 0x82, 0x10, 0x82, 0x10, 0x82, 0x10, 0x82, 0x10, 0x82, 0x10, 0x82, 0x10,
    0x82, 0x10, 0x82, 0x10, 0x82, 0x10, 0x82, 0x10, 0x82, 0x10, 0x82, 0x10, 0x82, 0x10, 0x82, 0x10,
    0x82, 0x10, 0x82, 0x10, 0x82, 0x10, 0x82, 0x10, 0x82, 0x10, 0x82, 0x10, 0x82, 0x10, 0x82, 0x10,
    0x82, 0x10, 0x82, 0x10, 0x82, 0x10, 0x82, 0x10, 0x82, 0x10, 0x82, 0x10, 0x82, 0x10, 0x82, 0x10,
    0x82, 0x10, 0x82, 0x10, 0x82, 0x10, 0x82, 0x10, 0x82, 0x10, 0x82, 0x10, 0x82, 0x10, 0x82, 0x10,
    0x82, 0x10, 0x82, 0x10, 0x82, 0x10, 0x82, 0x10, 0x82, 0x10, 0x82, 0x10, 0x82, 0x10, 0x82, 0x10,
    0x82, 0x10, 0x82, 0x10, 0x82, 0x10, 0x82, 0x10, 0x82, 0x10, 0x82, 0x10, 0x82, 0x10, 0x82, 0x10,
    0x82, 0x10, 0x82, 0x10, 0x82, 0x10, 0x82, 0x10, 0x82, 0x10, 0x82, 0x10, 0x82, 0x10, 0x82, 0x10,
    0x82, 0x10, 0x82, 0x10, 0x82, 0x10, 0x82, 0x10, 0x82, 0x10, 0x82, 0x10, 0x82, 0x10, 0x82, 0x10,
    0x82, 0x10, 0x82, 0x10, 0x82, 0x10, 0x82, 0x10, 0x82, 0x10, 0x82, 0x10, 0x82, 0x10, 0x82, 0x10,
    0x82, 0x10, 0x82, 0x10, 0x82, 0x10, 0x82, 0x10, 0x82, 0x10, 0x82, 0x10, 0x82, 0x10, 0x82, 0x10,
    0x82, 0x10, 0x82, 0x10, 0x82, 0x10, 0x82, 0x10, 0x82, 0x10, 0x82, 0x10, 0x82, 0x10, 0x82, 0x10,
    0x82, 0x10, 0x82, 0x10, 0x82, 0x10, 0x82, 0x10, 0x82, 0x10, 0x82, 0x10, 0x82, 0x10, 0x82, 0x10,
    0x82, 0x10, 0x82, 0x10, 0x82, 0x10, 0x82, 0x10, 0x82, 0x10, 0x82, 0x10, 0x82, 0x10, 0x82, 0x10,
    0x82, 0x10, 0x82, 0x10, 0x82, 0x10, 0x82, 0x10, 0x82, 0x10, 0x82, 0x10, 0x82, 0x10, 0x82, 0x10,
    0x82, 0x10, 0x82, 0x10, 0x82, 0x10, 0x82, 0x10, 0x82, 0x10, 0x82, 0x10, 0x82, 0x10, 0x82, 0x10,
    0x82, 0x10, 0x82, 0x10, 0x82, 0x10, 0x82, 0x10, 0x82, 0x10, 0x82, 0x10, 0x61, 0x08, 0x61, 0x08,
    0x61, 0x08, 0x61, 0x08, 0x61, 0x08, 0x61, 0x08, 0x61, 0x08, 0x61, 0x08, 0x61, 0x08, 0x61, 0x08,
    0x61, 0x08, 0x82, 0x10, 0x82, 0x10, 0x82, 0x10, 0x82, 0x10, 0x82, 0x10, 0x82, 0x10, 0x82, 0x10,
    0x61, 0x08, 0x61, 0x08, 0x61, 0x08, 0x61, 0x08, 0x82, 0x10, 0x82, 0x10, 0x82, 0x10, 0x82, 0x10,
    0x82, 0x10, 0x82, 0x10, 0x61, 0x08, 0x61, 0x08, 0x61, 0x08, 0x61, 0x08, 0x61, 0x08, 0x61, 0x08,
    0x61, 0x08, 0x61, 0x08, 0x61, 0x08, 0x61, 0x08, 0x61, 0x08, 0x61, 0x08, 0x61, 0x08, 0x61, 0x08,
    0x61, 0x08, 0x61, 0x08, 0x61, 0x08, 0x61, 0x08, 0x61, 0x08, 0x61, 0x08, 0x61, 0x08, 0x61, 0x08,
    0x61, 0x08, 0x61, 0x08, 0x61, 0x08, 0x61, 0x08, 0x61, 0x08, 0x61, 0x08, 0x61, 0x08, 0x61, 0x08,
    0x61, 0x08, 0x61, 0x08, 0x61, 0x08, 0x82, 0x10, 0x82, 0x10, 0x82, 0x10, 0x82, 0x10, 0x82, 0x10,
    0x82, 0x10, 0x82, 0x10, 0x82, 0x10, 0x82, 0x10, 0x82, 0x10, 0x82, 0x10, 0x82, 0x10, 0x82, 0x10,
    0x82, 0x10, 0x82, 0x10, 0x82, 0x10, 0x82, 0x10, 0x82, 0x10, 0x82, 0x10, 0x82, 0x10, 0x82, 0x10,
    0x82, 0x10, 0x82, 0x10, 0x82, 0x10, 0x82, 0x10, 0x82, 0x10, 0x82, 0x10, 0x82, 0x10, 0x82, 0x10,
    0x82, 0x10, 0x82, 0x10, 0x82, 0x10, 0x82, 0x10, 0x82, 0x10, 0x82, 0x10, 0x82, 0x10, 0x82, 0x10,
    0x82, 0x10, 0x82, 0x10, 0x82, 0x10, 0x82, 0x10, 0x82, 0x10, 0x82, 0x10, 0x82, 0x10, 0x82, 0x10,
    0x82, 0x10, 0x82, 0x10, 0x82, 0x10, 0x82, 0x10, 0x82, 0x10, 0x82, 0x10, 0x82, 0x10, 0x82, 0x10,
    0x82, 0x10, 0x82, 0x10, 0x82, 0x10, 0x82, 0x10, 0x82, 0x10, 0x82, 0x10, 0x82, 0x10, 0x82, 0x10,
    0x82, 0x10, 0x82, 0x10, 0x82, 0x10, 0x82, 0x10, 0x82, 0x10, 0x82, 0x10, 0x82, 0x10, 0x82, 0x10,
    0x82, 0x10, 0x82, 0x10, 0x82, 0x10, 0x82, 0x10, 0x82, 0x10, 0x82, 0x10, 0x82, 0x10, 0x82, 0x10,
    0x82, 0x10, 0x82, 0x10, 0x82, 0x10, 0x82, 0x10, 0x82, 0x10, 0x82, 0x10, 0x82, 0x10, 0x82, 0x10,
    0x82, 0x10, 0x82, 0x10, 0x82, 0x10, 0x82, 0x10, 0x82, 0x10, 0x82, 0x10, 0x82, 0x10, 0x82, 0x10,
    0x82, 0x10, 0x82, 0x10, 0x82, 0x10, 0x82, 0x10, 0x82, 0x10, 0x82, 0x10, 0x82, 0x10, 0x82, 0x10,
    0x82, 0x10, 0x82, 0x10, 0x82, 0x10, 0x82, 0x10, 0x82, 0x10, 0x82, 0x10, 0x82, 0x10, 0x82, 0x10,
    0x82, 0x10, 0x82, 0x10, 0x82, 0x10, 0x82, 0x10, 0x82, 0x10, 0x82, 0x10, 0x82, 0x10, 0x82, 0x10,
    0x82, 0x10, 0x82, 0x10, 0x82, 0x10, 0x82, 0x10, 0x82, 0x10, 0x82, 0x10, 0x82, 0x10, 0x82, 0x10,
    0x82, 0x10, 0x82, 0x10, 0x82, 0x10, 0x82, 0x10, 0x82, 0x10, 0x82, 0x10, 0x82, 0x10, 0x82, 0x10,
    0x82, 0x10, 0x82, 0x10, 0x82, 0x10, 0x82, 0x10, 0x82, 0x10, 0x82, 0x10, 0x82, 0x10, 0x82, 0x10,
    0x82, 0x10, 0x82, 0x10, 0x82, 0x10, 0x82, 0x10, 0x82, 0x10, 0x82, 0x10, 0x82, 0x10, 0x82, 0x10,
    0x82, 0x10, 0x82, 0x10, 0x82, 0x10, 0x82, 0x10, 0x82, 0x10, 0x82, 0x10, 0x82, 0x10, 0x82, 0x10,
    0x82, 0x10, 0x82, 0x10, 0x82, 0x10, 0x82, 0x10, 0x82, 0x10, 0x82, 0x10, 0x82, 0x10, 0x82, 0x10,
    0x82, 0x10, 0x82, 0x10, 0x82, 0x10, 0x82, 0x10, 0x82, 0x10, 0x82, 0x10, 0x82, 0x10, 0x82, 0x10,
    0x82, 0x10, 0x82, 0x10, 0x82, 0x10, 0x82, 0x10, 0x82, 0x10, 0x82, 0x10, 0x82, 0x10, 0x82, 0x10,
    0x82, 0x10, 0x82, 0x10, 0x61, 0x08, 0x61, 0x08, 0x61, 0x08, 0x61, 0x08, 0x61, 0x08, 0x61, 0x08,
    0x61, 0x08, 0x61, 0x08, 0x61, 0x08, 0x61, 0x08, 0x61, 0x08, 0x61, 0x08, 0x82, 0x10, 0x61, 0x08,
    0x61, 0x08, 0x61, 0x08, 0x61, 0x08, 0x61, 0x08, 0x61, 0x08, 0x61, 0x08, 0x61, 0x08, 0x61, 0x08,
    0x61, 0x08, 0x82, 0x10, 0x82, 0x10, 0x82, 0x10, 0x82, 0x10, 0x82, 0x10, 0x82, 0x10, 0x61, 0x08,
    0x61, 0x08, 0x61, 0x08, 0x61, 0x08, 0x61, 0x08, 0x61, 0x08, 0x61, 0x08, 0x61, 0x08, 0x61, 0x08,
    0x61, 0x08, 0x61, 0x08, 0x61, 0x08, 0x61, 0x08, 0x61, 0x08, 0x61, 0x08, 0x61, 0x08, 0x61, 0x08,
    0x61, 0x08, 0x61, 0x08, 0x61, 0x08, 0x61, 0x08, 0x61, 0x08, 0x61, 0x08, 0x82, 0x10, 0x82, 0x10,
    0x82, 0x10, 0x82, 0x10, 0x82, 0x10, 0x82, 0x10, 0x82, 0x10, 0x82, 0x10, 0x82, 0x10, 0x82, 0x10,
    0x82, 0x10, 0x82, 0x10, 0x82, 0x10, 0x82, 0x10, 0x82, 0x10, 0x82, 0x10, 0x82, 0x10, 0x82, 0x10,
    0x82, 0x10, 0x82, 0x10, 0x82, 0x10, 0x82, 0x10, 0x82, 0x10, 0x82, 0x10, 0x82, 0x10, 0x82, 0x10,
    0x82, 0x10, 0x82, 0x10, 0x82, 0x10, 0x82, 0x10, 0x82, 0x10, 0x82, 0x10, 0x82, 0x10, 0x82, 0x10,
    0x82, 0x10, 0x82, 0x10, 0x82, 0x10, 0x82, 0x10, 0x82, 0x10, 0x82, 0x10, 0x82, 0x10, 0x82, 0x10,
    0x82, 0x10, 0x82, 0x10, 0x82, 0x10, 0x82, 0x10, 0x82, 0x10, 0x82, 0x10, 0x82, 0x10, 0x82, 0x10,
    0x82, 0x10, 0x82, 0x10, 0x82, 0x10, 0x82, 0x10, 0x82, 0x10, 0x82, 0x10, 0x82, 0x10, 0x82, 0x10,
    0x82, 0x10, 0x82, 0x10, 0x82, 0x10, 0x82, 0x10, 0x82, 0x10, 0x82, 0x10, 0x82, 0x10, 0x82, 0x10,
    0x82, 0x10, 0x82, 0x10, 0x82, 0x10, 0x82, 0x10, 0x82, 0x10, 0x82, 0x10, 0x82, 0x10, 0x82, 0x10,
    0x82, 0x10, 0x82, 0x10, 0x82, 0x10, 0x82, 0x10, 0x82, 0x10, 0x82, 0x10, 0x82, 0x10, 0x82, 0x10,
    0x82, 0x10, 0x82, 0x10, 0x82, 0x10, 0x82, 0x10, 0x82, 0x10, 0x82, 0x10, 0x82, 0x10, 0x82, 0x10,
    0x82, 0x10, 0x82, 0x10, 0x82, 0x10, 0x82, 0x10, 0x82, 0x10, 0x82, 0x10, 0x82, 0x10, 0x82, 0x10,
    0x82, 0x10, 0x82, 0x10, 0x82, 0x10, 0x82, 0x10, 0x82, 0x10, 0x82, 0x10, 0x82, 0x10, 0x82, 0x10,
    0x82, 0x10, 0x82, 0x10, 0x82, 0x10, 0x82, 0x10, 0x82, 0x10, 0x82, 0x10, 0x82, 0x10, 0x82, 0x10,
    0x82, 0x10, 0x82, 0x10, 0x82, 0x10, 0x82, 0x10, 0x82, 0x10, 0x82, 0x10, 0x82, 0x10, 0x82, 0x10,
    0x82, 0x10, 0x82, 0x10, 0x82, 0x10, 0x82, 0x10, 0x82, 0x10, 0x82, 0x10, 0x82, 0x10, 0x82, 0x10,
    0x82, 0x10, 0x82, 0x10, 0x82, 0x10, 0x82, 0x10, 0x82, 0x10, 0x82, 0x10, 0x82, 0x10, 0x82, 0x10,
    0x82, 0x10, 0x82, 0x10, 0x82, 0x10, 0x82, 0x10, 0x82, 0x10, 0x82, 0x10, 0x82, 0x10, 0x82, 0x10,
    0x82, 0x10, 0x82, 0x10, 0x82, 0x10, 0x82, 0x10, 0x82, 0x10, 0x82, 0x10, 0x82, 0x10, 0x82, 0x10,
    0x82, 0x10, 0x82, 0x10, 0x82, 0x10, 0x82, 0x10, 0x82, 0x10, 0x82, 0x10, 0x82, 0x10, 0x82, 0x10,
    0x82, 0x10, 0x82, 0x10, 0x82, 0x10, 0x82, 0x10, 0x82, 0x10, 0x82, 0x10, 0x82, 0x10, 0x82, 0x10,
    0x82, 0x10, 0x82, 0x10, 0x82, 0x10, 0x82, 0x10, 0x82, 0x10, 0x82, 0x10, 0x82, 0x10, 0x82, 0x10,
    0x82, 0x10, 0x82, 0x10, 0x82, 0x10, 0x82, 0x10, 0x82, 0x10, 0x82, 0x10, 0x82, 0x10, 0x82, 0x10,
    0x82, 0x10, 0x82, 0x10, 0x82, 0x10, 0x82, 0x10, 0x82, 0x10, 0x82, 0x10, 0x82, 0x10, 0x82, 0x10,
    0x61, 0x08, 0x61, 0x08, 0x61, 0x08, 0x61, 0x08, 0x61, 0x08, 0x61, 0x08, 0x61, 0x08, 0x61, 0x08,
    0x61, 0x08, 0x61, 0x08, 0x61, 0x08, 0x61, 0x08, 0x61, 0x08, 0x61, 0x08, 0x61, 0x08, 0x61, 0x08,
    0x82, 0x10, 0x82, 0x10, 0x82, 0x10, 0x82, 0x10, 0x82, 0x10, 0x82, 0x10, 0x82, 0x10, 0x82, 0x10,
    0x82, 0x10, 0x82, 0x10, 0x82, 0x10, 0x82, 0x10, 0x82, 0x10, 0x82, 0x10, 0x82, 0x10, 0x82, 0x10,
    0x82, 0x10, 0x82, 0x10, 0x82, 0x10, 0x61, 0x08, 0x61, 0x08, 0x61, 0x08, 0x61, 0x08, 0x61, 0x08,
    0x61, 0x08, 0x61, 0x08, 0x61, 0x08, 0x61, 0x08, 0x61, 0x08, 0x61, 0x08, 0x61, 0x08, 0x61, 0x08,
    0x82, 0x10, 0x82, 0x10, 0x82, 0x10, 0x82, 0x10, 0x82, 0x10, 0x82, 0x10, 0x82, 0x10, 0x82, 0x10,
    0x82, 0x10, 0x82, 0x10, 0x82, 0x10, 0x82, 0x10, 0x82, 0x10, 0x82, 0x10, 0x82, 0x10, 0x82, 0x10,
    0x82, 0x10, 0x82, 0x10, 0x82, 0x10, 0x82, 0x10, 0x82, 0x10, 0x82, 0x10, 0x82, 0x10, 0x82, 0x10,
    0x82, 0x10, 0x82, 0x10, 0x82, 0x10, 0x82, 0x10, 0x82, 0x10, 0x82, 0x10, 0x82, 0x10, 0x82, 0x10,
    0x82, 0x10, 0x82, 0x10, 0x82, 0x10, 0x82, 0x10, 0x82, 0x10, 0x82, 0x10, 0x82, 0x10, 0x82, 0x10,
    0x82, 0x10, 0x82, 0x10, 0x82, 0x10, 0x82, 0x10, 0x82, 0x10, 0x82, 0x10, 0x82, 0x10, 0x82, 0x10,
    0x82, 0x10, 0x82, 0x10, 0x82, 0x10, 0x82, 0x10, 0x82, 0x10, 0x82, 0x10, 0x82, 0x10, 0x82, 0x10,
    0x82, 0x10, 0x82, 0x10, 0x82, 0x10, 0x82, 0x10, 0x82, 0x10, 0x82, 0x10, 0x82, 0x10, 0x82, 0x10,
    0x82, 0x10, 0x82, 0x10, 0x82, 0x10, 0x82, 0x10, 0x82, 0x10, 0x82, 0x10, 0x82, 0x10, 0x82, 0x10,
    0x82, 0x10, 0x82, 0x10, 0x82, 0x10, 0x82, 0x10, 0x82, 0x10, 0x82, 0x10, 0x82, 0x10, 0x82, 0x10,
    0x82, 0x10, 0x82, 0x10, 0x82, 0x10, 0x82, 0x10, 0x82, 0x10, 0x82, 0x10, 0x82, 0x10, 0x82, 0x10,
    0x82, 0x10, 0x82, 0x10, 0x82, 0x10, 0x82, 0x10, 0x82, 0x10, 0x82, 0x10, 0x82, 0x10, 0x82, 0x10,
    0x82, 0x10, 0x82, 0x10, 0x82, 0x10, 0x82, 0x10, 0x82, 0x10, 0x82, 0x10, 0x82, 0x10, 0x82, 0x10,
    0x82, 0x10, 0x82, 0x10, 0x82, 0x10, 0x82, 0x10, 0x82, 0x10, 0x82, 0x10, 0x82, 0x10, 0x82, 0x10,
    0x82, 0x10, 0x82, 0x10, 0x82, 0x10, 0x82, 0x10, 0x82, 0x10, 0x82, 0x10, 0x82, 0x10, 0x82, 0x10,
    0x82, 0x10, 0x82, 0x10, 0x82, 0x10, 0x82, 0x10, 0x82, 0x10, 0x82, 0x10, 0x82, 0x10, 0x82, 0x10,
    0x82, 0x10, 0x82, 0x10, 0x82, 0x10, 0x82, 0x10, 0x82, 0x10, 0x82, 0x10, 0x82, 0x10, 0x82, 0x10,
    0x82, 0x10, 0x82, 0x10, 0x82, 0x10, 0x82, 0x10, 0x82, 0x10, 0x82, 0x10, 0x82, 0x10, 0x82, 0x10,
    0x82, 0x10, 0x82, 0x10, 0x82, 0x10, 0x82, 0x10, 0x82, 0x10, 0x82, 0x10, 0x82, 0x10, 0x82, 0x10,
    0x82, 0x10, 0x82, 0x10, 0x82, 0x10, 0x82, 0x10, 0x82, 0x10, 0x82, 0x10, 0x82, 0x10, 0x82, 0x10,
    0x82, 0x10, 0x82, 0x10, 0x82, 0x10, 0x82, 0x10, 0x82, 0x10, 0x82, 0x10, 0x82, 0x10, 0x82, 0x10,
    0x82, 0x10, 0x82, 0x10, 0x82, 0x10, 0x82, 0x10, 0x82, 0x10, 0x82, 0x10, 0x82, 0x10, 0x82, 0x10,
    0x82, 0x10, 0x82, 0x10, 0x82, 0x10, 0x82, 0x10, 0x82, 0x10, 0x82, 0x10, 0x82, 0x10, 0x82, 0x10,
    0x82, 0x10, 0x82, 0x10, 0x82, 0x10, 0x82, 0x10, 0x82, 0x10, 0x82, 0x10, 0x82, 0x10, 0x82, 0x10,
    0x82, 0x10, 0x82, 0x10, 0x82, 0x10, 0x82, 0x10, 0x82, 0x10, 0x82, 0x10, 0x82, 0x10, 0x82, 0x10,
    0x82, 0x10, 0x82, 0x10, 0x82, 0x10, 0x82, 0x10, 0x82, 0x10, 0x82, 0x10, 0x82, 0x10, 0x82, 0x10,
    0x82, 0x10, 0x82, 0x10, 0x82, 0x10, 0x82, 0x10, 0x82, 0x10, 0x82, 0x10, 0x82, 0x10, 0x82, 0x10,
    0x82, 0x10, 0x82, 0x10, 0x82, 0x10, 0x82, 0x10, 0x82, 0x10, 0x82, 0x10, 0x82, 0x10, 0x82, 0x10,
    0x82, 0x10, 0x82, 0x10, 0x82, 0x10, 0x82, 0x10, 0x82, 0x10, 0x82, 0x10, 0x82, 0x10, 0x82, 0x10,
    0x82, 0x10, 0x82, 0x10, 0x82, 0x10, 0x82, 0x10, 0x82, 0x10, 0x82, 0x10, 0x82, 0x10, 0x82, 0x10,
    0x82, 0x10, 0x82, 0x10, 0x82, 0x10, 0x82, 0x10, 0x82, 0x10, 0x82, 0x10, 0x82, 0x10, 0x82, 0x10,
    0x82, 0x10, 0x82, 0x10, 0x82, 0x10, 0x82, 0x10, 0x82, 0x10, 0x82, 0x10, 0x82, 0x10, 0x82, 0x10,
    0x82, 0x10, 0x82, 0x10, 0x82, 0x10, 0x82, 0x10, 0x82, 0x10, 0x82, 0x10, 0x82, 0x10, 0x82, 0x10,
    0x82, 0x10, 0x82, 0x10, 0x82, 0x10, 0x82, 0x10, 0x82, 0x10, 0x82, 0x10, 0x82, 0x10, 0x82, 0x10,
    0x82, 0x10, 0x82, 0x10, 0x82, 0x10, 0x82, 0x10, 0x82, 0x10, 0x82, 0x10, 0x82, 0x10, 0x82, 0x10,
    0x82, 0x10, 0x82, 0x10, 0x82, 0x10, 0x82, 0x10, 0x82, 0x10, 0x82, 0x10, 0x82, 0x10, 0x82, 0x10,
    0x82, 0x10, 0x82, 0x10, 0x82, 0x10, 0x82, 0x10, 0x82, 0x10, 0x82, 0x10, 0x82, 0x10, 0x82, 0x10,
    0x82, 0x10, 0x82, 0x10, 0x82, 0x10, 0x82, 0x10, 0x82, 0x10, 0x82, 0x10, 0x82, 0x10, 0x82, 0x10,
    0x82, 0x10, 0x82, 0x10, 0x82, 0x10, 0x82, 0x10, 0x82, 0x10, 0x82, 0x10, 0x82, 0x10, 0x82, 0x10,
    0x82, 0x10, 0x82, 0x10, 0x82, 0x10, 0x82, 0x10, 0x82, 0x10, 0x82, 0x10, 0x82, 0x10, 0x82, 0x10,
    0x82, 0x10, 0x82, 0x10, 0x82, 0x10, 0x82, 0x10, 0x82, 0x10, 0x82, 0x10, 0x82, 0x10, 0x82, 0x10,
    0x82, 0x10, 0x82, 0x10, 0x82, 0x10, 0x82, 0x10, 0x82, 0x10, 0x82, 0x10, 0x82, 0x10, 0x82, 0x10,
    0x82, 0x10, 0x82, 0x10, 0x82, 0x10, 0x82, 0x10, 0x82, 0x10, 0x82, 0x10, 0x82, 0x10, 0x82, 0x10,
    0x82, 0x10, 0x82, 0x10, 0x82, 0x10, 0x82, 0x10, 0x82, 0x10, 0x82, 0x10, 0x82, 0x10, 0x82, 0x10,
    0x82, 0x10, 0x82, 0x10, 0x82, 0x10, 0x82, 0x10, 0x82, 0x10, 0x82, 0x10, 0x82, 0x10, 0x82, 0x10,
    0x82, 0x10, 0x82, 0x10, 0x82, 0x10, 0x82, 0x10, 0x82, 0x10, 0x82, 0x10, 0x82, 0x10, 0x82, 0x10,
    0x82, 0x10, 0x82, 0x10, 0x82, 0x10, 0x82, 0x10, 0x82, 0x10, 0x82, 0x10, 0x82, 0x10, 0x82, 0x10,
    0x82, 0x10, 0x82, 0x10, 0x82, 0x10, 0x82, 0x10, 0x82, 0x10, 0x82, 0x10, 0x82, 0x10, 0x82, 0x10,
    0x82, 0x10, 0x82, 0x10, 0x82, 0x10, 0x82, 0x10, 0x82, 0x10, 0x82, 0x10, 0x82, 0x10, 0x82, 0x10,
    0x82, 0x10, 0x82, 0x10, 0x82, 0x10, 0x82, 0x10, 0x82, 0x10, 0x82, 0x10, 0x82, 0x10, 0x82, 0x10,
    0x82, 0x10, 0x82, 0x10, 0x82, 0x10, 0x82, 0x10, 0x82, 0x10, 0x82, 0x10, 0x82, 0x10, 0x82, 0x10,
    0x82, 0x10, 0x82, 0x10, 0x82, 0x10, 0x82, 0x10, 0x82, 0x10, 0x82, 0x10, 0x82, 0x10, 0x82, 0x10,
    0x82, 0x10, 0x82, 0x10, 0x82, 0x10, 0x82, 0x10, 0x82, 0x10, 0x82, 0x10, 0x82, 0x10, 0x82, 0x10,
    0x82, 0x10, 0x82, 0x10, 0x82, 0x10, 0x82, 0x10, 0x82, 0x10, 0x82, 0x10, 0x82, 0x10, 0x82, 0x10,
    0x82, 0x10, 0x82, 0x10, 0x82, 0x10, 0x82, 0x10, 0x82, 0x10, 0x82, 0x10, 0x82, 0x10, 0x82, 0x10,
    0x82, 0x10, 0x82, 0x10, 0x82, 0x10, 0x82, 0x10, 0x82, 0x10, 0x82, 0x10, 0x82, 0x10, 0x82, 0x10,
    0x82, 0x10, 0x82, 0x10, 0x82, 0x10, 0x82, 0x10, 0x82, 0x10, 0x82, 0x10, 0x82, 0x10, 0x82, 0x10,
    0x82, 0x10, 0x82, 0x10, 0x82, 0x10, 0x82, 0x10, 0x82, 0x10, 0x82, 0x10, 0x82, 0x10, 0x82, 0x10,
    0x82, 0x10, 0x82, 0x10, 0x82, 0x10, 0x82, 0x10, 0x82, 0x10, 0x82, 0x10, 0x82, 0x10, 0x82, 0x10,
    0x82, 0x10, 0x82, 0x10, 0x82, 0x10, 0x82, 0x10, 0x82, 0x10, 0x82, 0x10, 0x82, 0x10, 0x82, 0x10,
    0x82, 0x10, 0x82, 0x10, 0x82, 0x10, 0x82, 0x10, 0x82, 0x10, 0x82, 0x10, 0x82, 0x10, 0x82, 0x10,
    0x82, 0x10, 0x82, 0x10, 0x82, 0x10, 0x82, 0x10, 0x82, 0x10, 0x82, 0x10, 0x82, 0x10, 0x82, 0x10,
    0x82, 0x10, 0x82, 0x10, 0x82, 0x10, 0x82, 0x10, 0x82, 0x10, 0x82, 0x10, 0x82, 0x10, 0x82, 0x10,
    0x82, 0x10, 0x82, 0x10, 0x82, 0x10, 0x82, 0x10, 0x82, 0x10, 0x82, 0x10, 0x82, 0x10, 0x82, 0x10,
    0x82, 0x10, 0x82, 0x10, 0x82, 0x10, 0x82, 0x10, 0x82, 0x10, 0x82, 0x10, 0x82, 0x10, 0x82, 0x10,
    0x82, 0x10, 0x82, 0x10, 0x82, 0x10, 0x82, 0x10, 0x82, 0x10, 0x82, 0x10, 0x82, 0x10, 0x82, 0x10,
    0x82, 0x10, 0x82, 0x10, 0x82, 0x10, 0x82, 0x10, 0x82, 0x10, 0x82, 0x10, 0x82, 0x10, 0x82, 0x10,
    0x82, 0x10, 0x82, 0x10, 0x82, 0x10, 0x82, 0x10, 0x82, 0x10, 0x82, 0x10, 0x82, 0x10, 0x82, 0x10,
    0x82, 0x10, 0x82, 0x10, 0x82, 0x10, 0x82, 0x10, 0x82, 0x10, 0x82, 0x10, 0x82, 0x10, 0x82, 0x10,
    0x82, 0x10, 0x82, 0x10, 0x82, 0x10, 0x82, 0x10, 0x82, 0x10, 0x82, 0x10, 0x82, 0x10, 0x82, 0x10,
    0x82, 0x10, 0x82, 0x10, 0x82, 0x10, 0x82, 0x10, 0x82, 0x10, 0x82, 0x10, 0x82, 0x10, 0x82, 0x10,
    0x82, 0x10, 0x82, 0x10, 0x82, 0x10, 0x82, 0x10, 0x82, 0x10, 0x82, 0x10, 0x82, 0x10, 0x82, 0x10,
    0x82, 0x10, 0x82, 0x10, 0x82, 0x10, 0x82, 0x10, 0x82, 0x10, 0x82, 0x10, 0x82, 0x10, 0x82, 0x10,
    0x82, 0x10, 0x82, 0x10, 0x82, 0x10, 0x82, 0x10, 0x82, 0x10, 0x82, 0x10, 0x82, 0x10, 0x82, 0x10,
    0x82, 0x10, 0x82, 0x10, 0x82, 0x10, 0x82, 0x10, 0x82, 0x10, 0x82, 0x10, 0x82, 0x10, 0x82, 0x10,
    0x82, 0x10, 0x82, 0x10, 0x82, 0x10, 0x82, 0x10, 0x82, 0x10, 0x82, 0x10, 0x82, 0x10, 0x82, 0x10,
    0x82, 0x10, 0x82, 0x10, 0x82, 0x10, 0x82, 0x10, 0x82, 0x10, 0x82, 0x10, 0x82, 0x10, 0x82, 0x10,
    0x82, 0x10, 0x82, 0x10, 0x82, 0x10, 0x82, 0x10, 0x82, 0x10, 0x82, 0x10, 0x82, 0x10, 0x82, 0x10,
    0x82, 0x10, 0x82, 0x10, 0x82, 0x10, 0x82, 0x10, 0x82, 0x10, 0x82, 0x10, 0x82, 0x10, 0x82, 0x10,
    0x82, 0x10, 0x82, 0x10, 0x82, 0x10, 0x82, 0x10, 0x82, 0x10, 0x82, 0x10, 0x82, 0x10, 0x82, 0x10,
    0x82, 0x10, 0x82, 0x10, 0x82, 0x10, 0x82, 0x10, 0x82, 0x10, 0x82, 0x10, 0x82, 0x10, 0x82, 0x10,
    0x82, 0x10, 0x82, 0x10, 0x82, 0x10, 0x82, 0x10, 0x82, 0x10, 0x82, 0x10, 0x82, 0x10, 0x82, 0x10,
    0x82, 0x10, 0x82, 0x10, 0x82, 0x10, 0x82, 0x10, 0x82, 0x10, 0x82, 0x10, 0x82, 0x10, 0x82, 0x10,
    0x82, 0x10, 0x82, 0x10, 0x82, 0x10, 0x82, 0x10, 0x82, 0x10, 0x82, 0x10, 0x82, 0x10, 0x82, 0x10,
    0x82, 0x10, 0x82, 0x10, 0x82, 0x10, 0x82, 0x10, 0x82, 0x10, 0x82, 0x10, 0x82, 0x10, 0x82, 0x10,
    0x82, 0x10, 0x82, 0x10, 0x82, 0x10, 0x82, 0x10, 0x82, 0x10, 0x82, 0x10, 0x82, 0x10, 0x82, 0x10,
    0x82, 0x10, 0x82, 0x10, 0x82, 0x10, 0x82, 0x10, 0x82, 0x10, 0x82, 0x10, 0x82, 0x10, 0x82, 0x10,
    0x82, 0x10, 0x82, 0x10, 0x82, 0x10, 0x82, 0x10, 0x82, 0x10, 0x82, 0x10, 0x82, 0x10, 0x82, 0x10,
    0x82, 0x10, 0x82, 0x10, 0x82, 0x10, 0x82, 0x10, 0x82, 0x10, 0x82, 0x10, 0x82, 0x10, 0x82, 0x10,
    0x82, 0x10, 0x82, 0x10, 0x82, 0x10, 0x82, 0x10, 0x82, 0x10, 0x82, 0x10, 0x82, 0x10, 0x82, 0x10,
    0x82, 0x10, 0x82, 0x10, 0x82, 0x10, 0x82, 0x10, 0x82, 0x10, 0x82, 0x10, 0x82, 0x10, 0x82, 0x10,
    0x82, 0x10, 0x82, 0x10, 0x82, 0x10, 0x82, 0x10, 0x82, 0x10, 0x82, 0x10, 0x82, 0x10, 0x82, 0x10,
    0x82, 0x10, 0x82, 0x10, 0x82, 0x10, 0x82, 0x10, 0x82, 0x10, 0x82, 0x10, 0x82, 0x10, 0x82, 0x10,
    0x82, 0x10, 0x82, 0x10, 0x82, 0x10, 0x82, 0x10, 0x82, 0x10, 0x82, 0x10, 0x82, 0x10, 0x82, 0x10,
    0x82, 0x10, 0x82, 0x10, 0x82, 0x10, 0x82, 0x10, 0x82, 0x10, 0x82, 0x10, 0x82, 0x10, 0x82, 0x10,
    0x82, 0x10, 0x82, 0x10, 0x82, 0x10, 0x82, 0x10, 0x82, 0x10, 0x82, 0x10, 0x82, 0x10, 0x82, 0x10,
    0x82, 0x10, 0x82, 0x10, 0x82, 0x10, 0x82, 0x10, 0x82, 0x10, 0x82, 0x10, 0x82, 0x10, 0x82, 0x10,
    0x82, 0x10, 0x82, 0x10, 0x82, 0x10, 0x82, 0x10, 0x82, 0x10, 0x82, 0x10, 0x82, 0x10, 0x82, 0x10,
    0x82, 0x10, 0x82, 0x10, 0x82, 0x10, 0x82, 0x10, 0x82, 0x10, 0x82, 0x10, 0x82, 0x10, 0x82, 0x10,
    0x82, 0x10, 0x82, 0x10, 0x82, 0x10, 0x82, 0x10, 0x82, 0x10, 0x82, 0x10, 0x82, 0x10, 0x82, 0x10,
    0x82, 0x10, 0x82, 0x10, 0x82, 0x10, 0x82, 0x10, 0x82, 0x10, 0x82, 0x10, 0x82, 0x10, 0x82, 0x10,
    0x82, 0x10, 0x82, 0x10, 0x82, 0x10, 0x82, 0x10, 0x82, 0x10, 0x82, 0x10, 0x82, 0x10, 0x82, 0x10,
    0x82, 0x10, 0x82, 0x10, 0x82, 0x10, 0x82, 0x10, 0x82, 0x10, 0x82, 0x10, 0x82, 0x10, 0x82, 0x10,
    0x82, 0x10, 0x82, 0x10, 0x82, 0x10, 0x82, 0x10, 0x82, 0x10, 0x82, 0x10, 0x82, 0x10, 0x82, 0x10,
    0x82, 0x10, 0x82, 0x10, 0x82, 0x10, 0x82, 0x10, 0x82, 0x10, 0x82, 0x10, 0x82, 0x10, 0x82, 0x10,
    0x82, 0x10, 0x82, 0x10, 0x82, 0x10, 0x82, 0x10, 0x82, 0x10, 0x82, 0x10, 0x82, 0x10, 0x82, 0x10,
    0x82, 0x10, 0x82, 0x10, 0x82, 0x10, 0x82, 0x10, 0x82, 0x10, 0x82, 0x10, 0x82, 0x10, 0x82, 0x10,
    0x82, 0x10, 0x82, 0x10, 0x82, 0x10, 0x82, 0x10, 0x82, 0x10, 0x82, 0x10, 0x82, 0x10, 0x82, 0x10,
    0x82, 0x10, 0x82, 0x10, 0x82, 0x10, 0x82, 0x10, 0x82, 0x10, 0x82, 0x10, 0x82, 0x10, 0x82, 0x10,
    0x82, 0x10, 0x82, 0x10, 0x82, 0x10, 0x82, 0x10, 0x82, 0x10, 0x82, 0x10, 0x82, 0x10, 0x82, 0x10,
    0x82, 0x10, 0x82, 0x10, 0x82, 0x10, 0x82, 0x10, 0x82, 0x10, 0x82, 0x10, 0x82, 0x10, 0x82, 0x10,
    0x82, 0x10, 0x82, 0x10, 0x82, 0x10, 0x82, 0x10, 0x82, 0x10, 0x82, 0x10, 0x82, 0x10, 0x82, 0x10,
    0x82, 0x10, 0x82, 0x10, 0x82, 0x10, 0x82, 0x10, 0x82, 0x10, 0x82, 0x10, 0x82, 0x10, 0x82, 0x10,
    0x82, 0x10, 0x82, 0x10, 0x82, 0x10, 0x82, 0x10, 0x82, 0x10, 0x82, 0x10, 0x82, 0x10, 0x82, 0x10,
    0x82, 0x10, 0x82, 0x10, 0x82, 0x10, 0x82, 0x10, 0x82, 0x10, 0x82, 0x10, 0x82, 0x10, 0x82, 0x10,
    0x82, 0x10, 0x82, 0x10, 0x82, 0x10, 0x82, 0x10, 0x82, 0x10, 0x82, 0x10, 0x82, 0x10, 0x82, 0x10,
    0x82, 0x10, 0x82, 0x10, 0x82, 0x10, 0x82, 0x10, 0x82, 0x10, 0x82, 0x10, 0x82, 0x10, 0x82, 0x10,
    0x82, 0x10, 0x82, 0x10, 0x82, 0x10, 0x82, 0x10, 0x82, 0x10, 0x82, 0x10, 0x82, 0x10, 0x82, 0x10,
    0x82, 0x10, 0x82, 0x10, 0x82, 0x10, 0x82, 0x10, 0x82, 0x10, 0x82, 0x10, 0x82, 0x10, 0x82, 0x10,
    0x82, 0x10, 0x82, 0x10, 0x82, 0x10, 0x82, 0x10, 0x82, 0x10, 0x82, 0x10, 0x82, 0x10, 0x82, 0x10,
    0x82, 0x10, 0x82, 0x10, 0x82, 0x10, 0x82, 0x10, 0x82, 0x10, 0x82, 0x10, 0x82, 0x10, 0x82, 0x10,
    0x82, 0x10, 0x82, 0x10, 0x82, 0x10, 0x82, 0x10, 0x82, 0x10, 0x82, 0x10, 0x82, 0x10, 0x82, 0x10,
    0x82, 0x10, 0x82, 0x10, 0x82, 0x10, 0x82, 0x10, 0x82, 0x10, 0x82, 0x10, 0x82, 0x10, 0x82, 0x10,
    0x82, 0x10, 0x82, 0x10, 0x82, 0x10, 0x82, 0x10, 0x82, 0x10, 0x82, 0x10, 0x82, 0x10, 0x82, 0x10,
    0x82, 0x10, 0x82, 0x10, 0x82, 0x10, 0x82, 0x10, 0x82, 0x10, 0x82, 0x10, 0x82, 0x10, 0x82, 0x10,
    0x82, 0x10, 0x82, 0x10, 0x82, 0x10, 0x82, 0x10, 0x82, 0x10, 0x82, 0x10, 0x82, 0x10, 0x82, 0x10,
    0x82, 0x10, 0x82, 0x10, 0x82, 0x10, 0x82, 0x10, 0x82, 0x10, 0x82, 0x10, 0x82, 0x10, 0x82, 0x10,
    0x82, 0x10, 0x82, 0x10, 0x82, 0x10, 0x82, 0x10, 0x82, 0x10, 0x82, 0x10, 0x82, 0x10, 0x82, 0x10,
    0x82, 0x10, 0x82, 0x10, 0x82, 0x10, 0x82, 0x10, 0x82, 0x10, 0x82, 0x10, 0x82, 0x10, 0x82, 0x10,
    0x82, 0x10, 0x82, 0x10, 0x82, 0x10, 0x82, 0x10, 0x82, 0x10, 0x82, 0x10, 0x82, 0x10, 0x82, 0x10,
    0x82, 0x10, 0x82, 0x10, 0x82, 0x10, 0x82, 0x10, 0x82, 0x10, 0x82, 0x10, 0x82, 0x10, 0x82, 0x10,
    0x82, 0x10, 0x82, 0x10, 0x82, 0x10, 0x82, 0x10, 0x82, 0x10, 0x82, 0x10, 0x82, 0x10, 0x82, 0x10,
    0x82, 0x10, 0x82, 0x10, 0x82, 0x10, 0x82, 0x10, 0x82, 0x10, 0x82, 0x10, 0x82, 0x10, 0x82, 0x10,
    0x82, 0x10, 0x82, 0x10, 0x82, 0x10, 0x82, 0x10, 0x82, 0x10, 0x82, 0x10, 0x82, 0x10, 0x82, 0x10,
    0x82, 0x10, 0x82, 0x10, 0x82, 0x10, 0x82, 0x10, 0x82, 0x10, 0x82, 0x10, 0x82, 0x10, 0x82, 0x10,
    0x82, 0x10, 0x82, 0x10, 0x82, 0x10, 0x82, 0x10, 0x82, 0x10, 0x82, 0x10, 0x82, 0x10, 0x82, 0x10,
    0x82, 0x10, 0x82, 0x10, 0x82, 0x10, 0x82, 0x10, 0x82, 0x10, 0x82, 0x10, 0x82, 0x10, 0x82, 0x10,
    0x82, 0x10, 0x82, 0x10, 0x82, 0x10, 0x82, 0x10, 0x82, 0x10, 0x82, 0x10, 0x82, 0x10, 0x82, 0x10,
    0x82, 0x10, 0x82, 0x10, 0x82, 0x10, 0x82, 0x10, 0x82, 0x10, 0x82, 0x10, 0x82, 0x10, 0x82, 0x10,
    0x82, 0x10, 0x82, 0x10, 0x82, 0x10, 0x82, 0x10, 0x82, 0x10, 0x82, 0x10, 0x82, 0x10, 0x82, 0x10,
    0x82, 0x10, 0x82, 0x10, 0x82, 0x10, 0x82, 0x10, 0x82, 0x10, 0x82, 0x10, 0x82, 0x10, 0x82, 0x10,
    0x82, 0x10, 0x82, 0x10, 0x82, 0x10, 0x82, 0x10, 0x82, 0x10, 0x82, 0x10, 0x82, 0x10, 0x82, 0x10,
    0x82, 0x10, 0x82, 0x10, 0x82, 0x10, 0x82, 0x10, 0x82, 0x10, 0x82, 0x10, 0x82, 0x10, 0x82, 0x10,
    0x82, 0x10, 0x82, 0x10, 0x82, 0x10, 0x82, 0x10, 0x82, 0x10, 0x82, 0x10, 0x82, 0x10, 0x82, 0x10,
    0x82, 0x10, 0x82, 0x10, 0x82, 0x10, 0x82, 0x10, 0x82, 0x10, 0x82, 0x10, 0x82, 0x10, 0x82, 0x10,
    0x82, 0x10, 0x82, 0x10, 0x82, 0x10, 0x82, 0x10, 0x82, 0x10, 0x82, 0x10, 0x82, 0x10, 0x82, 0x10,
    0x82, 0x10, 0x82, 0x10, 0x82, 0x10, 0x82, 0x10, 0x82, 0x10, 0x82, 0x10, 0x82, 0x10, 0x82, 0x10,
    0x82, 0x10, 0x82, 0x10, 0x82, 0x10, 0x82, 0x10, 0x82, 0x10, 0x82, 0x10, 0x82, 0x10, 0x82, 0x10,
    0x82, 0x10, 0x82, 0x10, 0x82, 0x10, 0x82, 0x10, 0x82, 0x10, 0x82, 0x10, 0x82, 0x10, 0x82, 0x10,
    0x82, 0x10, 0x82, 0x10, 0x82, 0x10, 0x82, 0x10, 0x82, 0x10, 0x82, 0x10, 0x82, 0x10, 0x82, 0x10,
    0x82, 0x10, 0x82, 0x10, 0x82, 0x10, 0x82, 0x10, 0x82, 0x10, 0x82, 0x10, 0x82, 0x10, 0x82, 0x10,
    0x82, 0x10, 0x82, 0x10, 0x82, 0x10, 0x82, 0x10, 0x82, 0x10, 0x82, 0x10, 0x82, 0x10, 0x82, 0x10,
    0x82, 0x10, 0x82, 0x10, 0x82, 0x10, 0x82, 0x10, 0x82, 0x10, 0x82, 0x10, 0x82, 0x10, 0x82, 0x10,
    0x82, 0x10, 0x82, 0x10, 0x82, 0x10, 0x82, 0x10, 0x82, 0x10, 0x82, 0x10, 0x82, 0x10, 0x82, 0x10,
    0x82, 0x10, 0x82, 0x10, 0x82, 0x10, 0x82, 0x10, 0x82, 0x10, 0x82, 0x10, 0x82, 0x10, 0x82, 0x10,
    0x82, 0x10, 0x82, 0x10, 0x82, 0x10, 0x82, 0x10, 0x82, 0x10, 0x82, 0x10, 0x82, 0x10, 0x82, 0x10,
    0x82, 0x10, 0x82, 0x10, 0x82, 0x10, 0x82, 0x10, 0x82, 0x10, 0x82, 0x10, 0x82, 0x10, 0x82, 0x10,
    0x82, 0x10, 0x82, 0x10, 0x82, 0x10, 0x82, 0x10, 0x82, 0x10, 0x82, 0x10, 0x82, 0x10, 0x82, 0x10,
    0x82, 0x10, 0x82, 0x10, 0x82, 0x10, 0x82, 0x10, 0x82, 0x10, 0x82, 0x10, 0x82, 0x10, 0x82, 0x10,
    0x82, 0x10, 0x82, 0x10, 0x82, 0x10, 0x82, 0x10, 0x82, 0x10, 0x82, 0x10, 0x82, 0x10, 0x82, 0x10,
    0x82, 0x10, 0x82, 0x10, 0x82, 0x10, 0x82, 0x10, 0x82, 0x10, 0x82, 0x10, 0x82, 0x10, 0x82, 0x10,
    0x82, 0x10, 0x82, 0x10, 0x82, 0x10, 0x82, 0x10, 0x82, 0x10, 0x82, 0x10, 0x82, 0x10, 0x82, 0x10,
    0x82, 0x10, 0x82, 0x10, 0x82, 0x10, 0x82, 0x10, 0x82, 0x10, 0x82, 0x10, 0x82, 0x10, 0x82, 0x10,
    0x82, 0x10, 0x82, 0x10, 0x82, 0x10, 0x82, 0x10, 0x82, 0x10, 0x82, 0x10, 0x82, 0x10, 0x82, 0x10,
    0x82, 0x10, 0x82, 0x10, 0x82, 0x10, 0x82, 0x10, 0x82, 0x10, 0x82, 0x10, 0x82, 0x10, 0x82, 0x10,
    0x82, 0x10, 0x82, 0x10, 0x82, 0x10, 0x82, 0x10, 0x82, 0x10, 0x82, 0x10, 0x82, 0x10, 0x82, 0x10,
    0x82, 0x10, 0x82, 0x10, 0x82, 0x10, 0x82, 0x10, 0x82, 0x10, 0x82, 0x10, 0x82, 0x10, 0x82, 0x10,
    0x82, 0x10, 0x82, 0x10, 0x82, 0x10, 0x82, 0x10, 0x82, 0x10, 0x82, 0x10, 0x82, 0x10, 0x82, 0x10,
    0x82, 0x10, 0x82, 0x10, 0x82, 0x10, 0x82, 0x10, 0x82, 0x10, 0x82, 0x10, 0x82, 0x10, 0x82, 0x10,
    0x82, 0x10, 0x82, 0x10, 0x82, 0x10, 0x82, 0x10, 0x82, 0x10, 0x82, 0x10, 0x82, 0x10, 0x82, 0x10,
    0x82, 0x10, 0x82, 0x10, 0x82, 0x10, 0x82, 0x10, 0x82, 0x10, 0x82, 0x10, 0x82, 0x10, 0x82, 0x10,
    0x82, 0x10, 0x82, 0x10, 0x82, 0x10, 0x82, 0x10, 0x82, 0x10, 0x82, 0x10, 0x82, 0x10, 0x82, 0x10,
    0x82, 0x10, 0x82, 0x10, 0x82, 0x10, 0x82, 0x10, 0x82, 0x10, 0x82, 0x10, 0x82, 0x10, 0x82, 0x10,
    0x82, 0x10, 0x82, 0x10, 0x82, 0x10, 0x82, 0x10, 0x82, 0x10, 0x82, 0x10, 0x82, 0x10, 0x82, 0x10,
    0x82, 0x10, 0x82, 0x10, 0x82, 0x10, 0x82, 0x10, 0x82, 0x10, 0x82, 0x10, 0x82, 0x10, 0x82, 0x10,
    0x82, 0x10, 0x82, 0x10, 0x82, 0x10, 0x82, 0x10, 0x82, 0x10, 0x82, 0x10, 0x82, 0x10, 0x82, 0x10,
    0x82, 0x10, 0x82, 0x10, 0x82, 0x10, 0x82, 0x10, 0x82, 0x10, 0x82, 0x10, 0x82, 0x10, 0x82, 0x10,
    0x82, 0x10, 0x82, 0x10, 0x82, 0x10, 0x82, 0x10, 0x82, 0x10, 0x82, 0x10, 0x82, 0x10, 0x82, 0x10,
    0x82, 0x10, 0x82, 0x10, 0x82, 0x10, 0x82, 0x10, 0x82, 0x10, 0x82, 0x10, 0x82, 0x10, 0x82, 0x10,
    0x82, 0x10, 0x82, 0x10, 0x82, 0x10, 0x82, 0x10, 0x82, 0x10, 0x82, 0x10, 0x82, 0x10, 0x82, 0x10,
    0x82, 0x10, 0x82, 0x10, 0x82, 0x10, 0x82, 0x10, 0x82, 0x10, 0x82, 0x10, 0x82, 0x10, 0x82, 0x10,
    0x82, 0x10, 0x82, 0x10, 0x82, 0x10, 0x82, 0x10, 0x82, 0x10, 0x82, 0x10, 0x82, 0x10, 0x82, 0x10,
    0x82, 0x10, 0x82, 0x10, 0x82, 0x10, 0x82, 0x10, 0x82, 0x10, 0x82, 0x10, 0x82, 0x10, 0x82, 0x10,
    0x82, 0x10, 0x82, 0x10, 0x82, 0x10, 0x82, 0x10, 0x82, 0x10, 0x82, 0x10, 0x82, 0x10, 0x82, 0x10,
    0x82, 0x10, 0x82, 0x10, 0x82, 0x10, 0x82, 0x10, 0x82, 0x10, 0x82, 0x10, 0x82, 0x10, 0x82, 0x10,
    0x82, 0x10, 0x82, 0x10, 0x82, 0x10, 0x82, 0x10, 0x82, 0x10, 0x82, 0x10, 0x82, 0x10, 0x82, 0x10,
    0x82, 0x10, 0x82, 0x10, 0x82, 0x10, 0x82, 0x10, 0x82, 0x10, 0x82, 0x10, 0x82, 0x10, 0x82, 0x10,
    0x82, 0x10, 0x82, 0x10, 0x82, 0x10, 0x82, 0x10, 0x82, 0x10, 0x82, 0x10, 0x82, 0x10, 0x82, 0x10,
    0x82, 0x10, 0x82, 0x10, 0x82, 0x10, 0x82, 0x10, 0x82, 0x10, 0x82, 0x10, 0x82, 0x10, 0x82, 0x10,
    0x82, 0x10, 0x82, 0x10, 0x82, 0x10, 0x82, 0x10, 0x82, 0x10, 0x82, 0x10, 0x82, 0x10, 0x82, 0x10,
    0x82, 0x10, 0x82, 0x10, 0x82, 0x10, 0x82, 0x10, 0x82, 0x10, 0x82, 0x10, 0x82, 0x10, 0x82, 0x10,
    0x82, 0x10, 0x82, 0x10, 0x82, 0x10, 0x82, 0x10, 0x82, 0x10, 0x82, 0x10, 0x82, 0x10, 0x82, 0x10,
    0x82, 0x10, 0x82, 0x10, 0x82, 0x10, 0x82, 0x10, 0x82, 0x10, 0x82, 0x10, 0x82, 0x10, 0x82, 0x10,
    0x82, 0x10, 0x82, 0x10, 0x82, 0x10, 0x82, 0x10, 0x82, 0x10, 0x82, 0x10, 0x82, 0x10, 0x82, 0x10,
    0x82, 0x10, 0x82, 0x10, 0x82, 0x10, 0x82, 0x10, 0x82, 0x10, 0x82, 0x10, 0x82, 0x10, 0x82, 0x10,
    0x82, 0x10, 0x82, 0x10, 0x82, 0x10, 0x82, 0x10, 0x82, 0x10, 0x82, 0x10, 0x82, 0x10, 0x82, 0x10,
    0x82, 0x10, 0x82, 0x10, 0x82, 0x10, 0x82, 0x10, 0x82, 0x10, 0x82, 0x10, 0x82, 0x10, 0x82, 0x10,
    0x82, 0x10, 0x82, 0x10, 0x82, 0x10, 0x82, 0x10, 0x82, 0x10, 0x82, 0x10, 0x82, 0x10, 0x82, 0x10,
    0x82, 0x10, 0x82, 0x10, 0x82, 0x10, 0x82, 0x10, 0x82, 0x10, 0x82, 0x10, 0x82, 0x10, 0x82, 0x10,
    0x82, 0x10, 0x82, 0x10, 0x82, 0x10, 0x82, 0x10, 0x82, 0x10, 0x82, 0x10, 0x82, 0x10, 0x82, 0x10,
    0x82, 0x10, 0x82, 0x10, 0x82, 0x10, 0x82, 0x10, 0x82, 0x10, 0x82, 0x10, 0x82, 0x10, 0x82, 0x10,
    0x82, 0x10, 0x82, 0x10, 0x82, 0x10, 0x82, 0x10, 0x82, 0x10, 0x82, 0x10, 0x82, 0x10, 0x82, 0x10,
    0x82, 0x10, 0x82, 0x10, 0x82, 0x10, 0x82, 0x10, 0x82, 0x10, 0x82, 0x10, 0x82, 0x10, 0x82, 0x10,
    0x82, 0x10, 0x82, 0x10, 0x82, 0x10, 0x82, 0x10, 0x82, 0x10, 0x82, 0x10, 0x82, 0x10, 0x82, 0x10,
    0x82, 0x10, 0x82, 0x10, 0x82, 0x10, 0x82, 0x10, 0x82, 0x10, 0x82, 0x10, 0x82, 0x10, 0x82, 0x10,
    0x82, 0x10, 0x82, 0x10, 0x82, 0x10, 0x82, 0x10, 0x82, 0x10, 0x82, 0x10, 0x82, 0x10, 0x82, 0x10,
    0x82, 0x10, 0x82, 0x10, 0x82, 0x10, 0x82, 0x10, 0x82, 0x10, 0x82, 0x10, 0x82, 0x10, 0x82, 0x10,
    0x82, 0x10, 0x82, 0x10, 0x82, 0x10, 0x82, 0x10, 0x82, 0x10, 0x82, 0x10, 0x82, 0x10, 0x82, 0x10,
    0x82, 0x10, 0x82, 0x10, 0x82, 0x10, 0x82, 0x10, 0x82, 0x10, 0x82, 0x10, 0x82, 0x10, 0x82, 0x10,
    0x82, 0x10, 0x82, 0x10, 0x82, 0x10, 0x82, 0x10, 0x82, 0x10, 0x82, 0x10, 0x82, 0x10, 0x82, 0x10,
    0x82, 0x10, 0x82, 0x10, 0x82, 0x10, 0x82, 0x10, 0x82, 0x10, 0x82, 0x10, 0x82, 0x10, 0x82, 0x10,
    0x82, 0x10, 0x82, 0x10, 0x82, 0x10, 0x82, 0x10, 0x82, 0x10, 0x82, 0x10, 0x82, 0x10, 0x82, 0x10,
    0x82, 0x10, 0x82, 0x10, 0x82, 0x10, 0x82, 0x10, 0x82, 0x10, 0x82, 0x10, 0x82, 0x10, 0x82, 0x10,
    0x82, 0x10, 0x82, 0x10, 0x82, 0x10, 0x82, 0x10, 0x82, 0x10, 0x82, 0x10, 0x82, 0x10, 0x82, 0x10,
    0x82, 0x10, 0x82, 0x10, 0x82, 0x10, 0x82, 0x10, 0x82, 0x10, 0x82, 0x10, 0x82, 0x10, 0x82, 0x10,
    0x82, 0x10, 0x82, 0x10, 0x82, 0x10, 0x82, 0x10, 0x82, 0x10, 0x82, 0x10, 0x82, 0x10, 0x82, 0x10,
    0x82, 0x10, 0x82, 0x10, 0x82, 0x10, 0x82, 0x10, 0x82, 0x10, 0x82, 0x10, 0x82, 0x10, 0x82, 0x10,
    0x82, 0x10, 0x82, 0x10, 0x82, 0x10, 0x82, 0x10, 0x82, 0x10, 0x82, 0x10, 0x82, 0x10, 0x82, 0x10,
    0x82, 0x10, 0x82, 0x10, 0x82, 0x10, 0x82, 0x10, 0x82, 0x10, 0x82, 0x10, 0x82, 0x10, 0x82, 0x10,
    0x82, 0x10, 0x82, 0x10, 0x82, 0x10, 0x82, 0x10, 0x82, 0x10, 0x82, 0x10, 0x82, 0x10, 0x82, 0x10,
};

const lv_image_dsc_t home = {
    .header.magic = LV_IMAGE_HEADER_MAGIC,
    .header.cf = LV_COLOR_FORMAT_RGB565,
    .header.flags = 0,
    .header.w = 240,
    .header.h = 240,
    .header.stride = 480,
    .data_size = sizeof(home_map),
    .data = home_map,
};
