/* RCatLogo: 240x240 RGB565. Generated by tools/img2c.py from RCatLogo.bmp */

#include "lvgl.h"

#ifndef LV_ATTRIBUTE_MEM_ALIGN
#define LV_ATTRIBUTE_MEM_ALIGN
#endif

static const LV_ATTRIBUTE_MEM_ALIGN uint8_t RCatLogo_map[] = {
    0x61, 0x08, 0x61, 0x08, 0x61, 0x08, 0x61, 0x08, 0x61, 0x08, 0x61, 0x08, 0x61, 0x08, 0x61, 0x08,
    0x61, 0x08, 0x61, 0x08, 0x61, 0x08, 0x61, 0x08, 0x61, 0x08, 0x61, 0x08, 0x61, 0x08, 0x61, 0x08,
    0x61, 0x08, 0x61, 0x08, 0x61, 0x08, 0x61, 0x08, 0x61, 0x08, 0x61, 0x08, 0x61, 0x08, 0x61, 0x08,
    0x61, 0x08, 0x61, 0x08, 0x61, 0x08, 0x61, 0x08, 0x61, 0x08, 0x61, 0x08, 0x61, 0x08, 0x61, 0x08,
    0x61, 0x08, 0x61, 0x08, 0x61, 0x08, 0x61, 0x08, 0x61, 0x08, 0x61, 0x08, 0x61, 0x08, 0x61, 0x08,
    0x61, 0x08, 0x61, 0x08, 0x61, 0x08, 0x61, 0x08, 0x61, 0x08, 0x61, 0x08, 0x61, 0x08, 0x61, 0x08,
    0x61, 0x08, 0x61, 0x08, 0x61, 0x08, 0x61, 0x08, 0x61, 0x08, 0x61, 0x08, 0x61, 0x08, 0x61, 0x08,
    0x61, 0x08, 0x61, 0x08, 0x61, 0x08, 0x61, 0x08, 0x61, 0x08, 0x61, 0x08, 0x61, 0x08, 0x61, 0x08,
    0x61, 0x08, 0x61, 0x08, 0x61, 0x08, 0x61, 0x08, 0x61, 0x08, 0x61, 0x08, 0x61, 0x08, 0x61, 0x08,
    0x61, 0x08, 0x61, 0x08, 0x61, 0x08, 0x61, 0x08, 0x61, 0x08, 0x61, 0x08, 0x61, 0x08, 0x61, 0x08,
    0x61, 0x08, 0x61, 0x08, 0x61, 0x08, 0x61, 0x08, 0x61, 0x08, 0x61, 0x08, 0x61, 0x08, 0x61, 0x08,
    0x61, 0x08, 0x61, 0x08, 0x61, 0x08, 0x61, 0x08, 0x61, 0x08, 0x61, 0x08, 0x61, 0x08, 0x61, 0x08,
    0x61, 0x08, 0x61, 0x08, 0x61, 0x08, 0x61, 0x08, 0x61, 0x08, 0x61, 0x08, 0x61, 0x08, 0x61, 0x08,
    0x61, 0x08, 0x61, 0x08, 0x61, 0x08, 0x61, 0x08, 0x61, 0x08, 0x61, 0x08, 0x61, 0x08, 0x61, 0x08,
    0x61, 0x08, 0x61, 0x08, 0x61, 0x08, 0x61, 0x08, 0x61, 0x08, 0x61, 0x08, 0x61, 0x08, 0x61, 0x08,
    0x61, 0x08, 0x61, 0x08, 0x61, 0x08, 0x61, 0x08, 0x61, 0x08, 0x61, 0x08, 0x61, 0x08, 0x61, 0x08,
    0x61, 0x08, 0x61, 0x08, 0x61, 0x08, 0x61, 0x08, 0x61, 0x08, 0x61, 0x08, 0x61, 0x08, 0x61, 0x08,
    0x61, 0x08, 0x61, 0x08, 0x61, 0x08, 0x61, 0x08, 0x61, 0x08, 0x61, 0x08, 0x61, 0x08, 0x61, 0x08,
    0x61, 0x08, 0x61, 0x08, 0x61, 0x08, 0x61, 0x08, 0x61, 0x08, 0x61, 0x08, 0x61, 0x08, 0x61, 0x08,
    0x61, 0x08, 0x61, 0x08, 0x61, 0x08, 0x61, 0x08, 0x61, 0x08, 0x61, 0x08, 0x61, 0x08, 0x61, 0x08,
    0x61, 0x08, 0x61, 0x08, 0x61, 0x08, 0x61, 0x08, 0x61, 0x08, 0x61, 0x08, 0x61, 0x08, 0x61, 0x08,
    0x61, 0x08, 0x61, 0x08, 0x61, 0x08, 0x61, 0x08, 0x61, 0x08, 0x61, 0x08, 0x61, 0x08, 0x61, 0x08,
    0x61, 0x08, 0x61, 0x08, 0x61, 0x08, 0x61, 0x08, 0x61, 0x08, 0x61, 0x08, 0x61, 0x08, 0x61, 0x08,
    0x61, 0x08, 0x61, 0x08, 0x61, 0x08, 0x61, 0x08, 0x61, 0x08, 0x61, 0x08, 0x61, 0x08, 0x61, 0x08,
    0x61, 0x08, 0x61, 0x08, 0x61, 0x08, 0x61, 0x08, 0x61, 0x08, 0x61, 0x08, 0x61, 0x08, 0x61, 0x08,
    0x61, 0x08, 0x61, 0x08, 0x61, 0x08, 0x61, 0x08, 0x61, 0x08, 0x61, 0x08, 0x61, 0x08, 0x61, 0x08,
    0x61, 0x08, 0x61, 0x08, 0x61, 0x08, 0x61, 0x08, 0x61, 0x08, 0x61, 0x08, 0x61, 0x08, 0x61, 0x08,
    0x61, 0x08, 0x61, 0x08, 0x61, 0x08, 0x61, 0x08, 0x61, 0x08, 0x61, 0x08, 0x61, 0x08, 0x61, 0x08,
    0x61, 0x08, 0x61, 0x08, 0x61, 0x08, 0x61, 0x08, 0x61, 0x08, 0x61, 0x08, 0x61, 0x08, 0x61, 0x08,
    0x61, 0x08, 0x61, 0x08, 0x61, 0x08, 0x61, 0x08, 0x61, 0x08, 0x61, 0x08, 0x61, 0x08, 0x61, 0x08,
    0x61, 0x08, 0x61, 0x08, 0x61, 0x08, 0x61, 0x08, 0x61, 0x08, 0x61, 0x08, 0x61, 0x08, 0x61, 0x08,
    0x61, 0x08, 0x61, 0x08, 0x61, 0x08, 0x61, 0x08, 0x61, 0x08, 0x61, 0x08, 0x61, 0x08, 0x61, 0x08,
    0x61, 0x08, 0x61, 0x08, 0x61, 0x08, 0x61, 0x08, 0x61, 0x08, 0x61, 0x08, 0x61, 0x08, 0x61, 0x08,
    0x61, 0x08, 0x61, 0x08, 0x61, 0x08, 0x61, 0x08, 0x61, 0x08, 0x61, 0x08, 0x61, 0x08, 0x61, 0x08,
    0x61, 0x08, 0x61, 0x08, 0x61, 0x08, 0x61, 0x08, 0x61, 0x08, 0x61, 0x08, 0x61, 0x08, 0x61, 0x08,
    0x61, 0x08, 0x61, 0x08, 0x61, 0x08, 0x61, 0x08, 0x61, 0x08, 0x61, 0x08, 0x61, 0x08, 0x61, 0x08,
    0x61, 0x08, 0x61, 0x08, 0x61, 0x08, 0x61, 0x08, 0x61, 0x08, 0x61, 0x08, 0x61, 0x08, 0x61, 0x08,
    0x61, 0x08, 0x61, 0x08, 0x61, 0x08, 0x61, 0x08, 0x61, 0x08, 0x61, 0x08, 0x61, 0x08, 0x61, 0x08,
    0x61, 0x08, 0x61, 0x08, 0x61, 0x08, 0x61, 0x08, 0x61, 0x08, 0x61, 0x08, 0x61, 0x08, 0x61, 0x08,
    0x61, 0x08, 0x61, 0x08, 0x61, 0x08, 0x61, 0x08, 0x61, 0x08, 0x61, 0x08, 0x61, 0x08, 0x61, 0x08,
    0x61, 0x08, 0x61, 0x08, 0x61, 0x08, 0x61, 0x08, 0x61, 0x08, 0x61, 0x08, 0x61, 0x08, 0x61, 0x08,
    0x61, 0x08, 0x61, 0x08, 0x61, 0x08, 0x61, 0x08, 0x61, 0x08, 0x61, 0x08, 0x61, 0x08, 0x61, 0x08,
    0x61, 0x08, 0x61, 0x08, 0x61, 0x08, 0x61, 0x08, 0x61, 0x08, 0x61, 0x08, 0x61, 0x08, 0x61, 0x08,
    0x61, 0x08, 0x61, 0x08, 0x61, 0x08, 0x61, 0x08, 0x61, 0x08, 0x61, 0x08, 0x61, 0x08, 0x61, 0x08,
    0x61, 0x08, 0x61, 0x08, 0x61, 0x08, 0x61, 0x08, 0x61, 0x08, 0x61, 0x08, 0x61, 0x08, 0x61, 0x08,
    0x61, 0x08, 0x61, 0x08, 0x61, 0x08, 0x61, 0x08, 0x61, 0x08, 0x61, 0x08, 0x61, 0x08, 0x61, 0x08,
    0x61, 0x08, 0x61, 0x08, 0x61, 0x08, 0x61, 0x08, 0x61, 0x08, 0x61, 0x08, 0x61, 0x08, 0x61, 0x08,
    0x61, 0x08, 0x61, 0x08, 0x61, 0x08, 0x61, 0x08, 0x61, 0x08, 0x61, 0x08, 0x61, 0x08, 0x61, 0x08,
    0x61, 0x08, 0x61, 0x08, 0x61, 0x08, 0x61, 0x08, 0x61, 0x08, 0x61, 0x08, 0x61, 0x08, 0x61, 0x08,
    0x61, 0x08, 0x61, 0x08, 0x61, 0x08, 0x61, 0x08, 0x61, 0x08, 0x61, 0x08, 0x61, 0x08, 0x61, 0x08,
    0x61, 0x08, 0x61, 0x08, 0x61, 0x08, 0x61, 0x08, 0x61, 0x08, 0x61, 0x08, 0x61, 0x08, 0x61, 0x08,
    0x61, 0x08, 0x61, 0x08, 0x61, 0x08, 0x61, 0x08, 0x61, 0x08, 0x61, 0x08, 0x61, 0x08, 0x61, 0x08,
    0x61, 0x08, 0x61, 0x08, 0x61, 0x08, 0x61, 0x08, 0x61, 0x08, 0x61, 0x08, 0x61, 0x08, 0x61, 0x08,
    0x61, 0x08, 0x61, 0x08, 0x61, 0x08, 0x61, 0x08, 0x61, 0x08, 0x61, 0x08, 0x61, 0x08, 0x61, 0x08,
    0x61, 0x08, 0x61, 0x08, 0x61, 0x08, 0x61, 0x08, 0x61, 0x08, 0x61, 0x08, 0x61, 0x08, 0x61, 0x08,
    0x61, 0x08, 0x61, 0x08, 0x61, 0x08, 0x61, 0x08, 0x61, 0x08, 0x61, 0x08, 0x61, 0x08, 0x61, 0x08,
    0x61, 0x08, 0x61, 0x08, 0x61, 0x08, 0x61, 0x08, 0x61, 0x08, 0x61, 0x08, 0x61, 0x08, 0x61, 0x08,
    0x61, 0x08, 0x61, 0x08, 0x61, 0x08, 0x61, 0x08, 0x61, 0x08, 0x61, 0x08, 0x61, 0x08, 0x61, 0x08,
    0x61, 0x08, 0x61, 0x08, 0x61, 0x08, 0x61, 0x08, 0x61, 0x08, 0x61, 0x08, 0x61, 0x08, 0x61, 0x08,
    0x61, 0x08, 0x61, 0x08, 0x61, 0x08, 0x61, 0x08, 0x61, 0x08, 0x61, 0x08, 0x61, 0x08, 0x61, 0x08,
    0x61, 0x08, 0x61, 0x08, 0x61, 0x08, 0x61, 0x08, 0x61, 0x08, 0x61, 0x08, 0x61, 0x08, 0x61, 0x08,
    0x61, 0x08, 0x61, 0x08, 0x61, 0x08, 0x61, 0x08, 0x61, 0x08, 0x61, 0x08, 0x61, 0x08, 0x61, 0x08,
    0x61, 0x08, 0x61, 0x08, 0x61, 0x08, 0x61, 0x08, 0x61, 0x08, 0x61, 0x08, 0x61, 0x08, 0x61, 0x08,
    0x61, 0x08, 0x61, 0x08, 0x61, 0x08, 0x61, 0x08, 0x61, 0x08, 0x61, 0x08, 0x61, 0x08, 0x61, 0x08,
    0x61, 0x08, 0x61, 0x08, 0x61, 0x08, 0x61, 0x08, 0x61, 0x08, 0x61, 0x08, 0x61, 0x08, 0x61, 0x08,
    0x61, 0x08, 0x61, 0x08, 0x61, 0x08, 0x61, 0x08, 0x61, 0x08, 0x61, 0x08, 0x61, 0x08, 0x61, 0x08,
    0x61, 0x08, 0x61, 0x08, 0x61, 0x08, 0x61, 0x08, 0x61, 0x08, 0x61, 0x08, 0x61, 0x08, 0x61, 0x08,
    0x61, 0x08, 0x61, 0x08, 0x61, 0x08, 0x61, 0x08, 0x61, 0x08, 0x61, 0x08, 0x61, 0x08, 0x61, 0x08,
    0x61, 0x08, 0x61, 0x08, 0x61, 0x08, 0x61, 0x08, 0x61, 0x08, 0x61, 0x08, 0x61, 0x08, 0x61, 0x08,
    0x61, 0x08, 0x61, 0x08, 0x61, 0x08, 0x61, 0x08, 0x61, 0x08, 0x61, 0x08, 0x61, 0x08, 0x61, 0x08,
    0x61, 0x08, 0x61, 0x08, 0x61, 0x08, 0x61, 0x08, 0x61, 0x08, 0x61, 0x08, 0x61, 0x08, 0x61, 0x08,
    0x61, 0x08, 0x61, 0x08, 0x61, 0x08, 0x61, 0x08, 0x61, 0x08, 0x61, 0x08, 0x61, 0x08, 0x61, 0x08,
    0x61, 0x08, 0x61, 0x08, 0x61, 0x08, 0x61, 0x08, 0x61, 0x08, 0x61, 0x08, 0x61, 0x08, 0x61, 0x08,
    0x61, 0x08, 0x61, 0x08, 0x61, 0x08, 0x61, 0x08, 0x61, 0x08, 0x61, 0x08, 0x61, 0x08, 0x61, 0x08,
    0x61, 0x08, 0x61, 0x08, 0x61, 0x08, 0x61, 0x08, 0x61, 0x08, 0x61, 0x08, 0x61, 0x08, 0x61, 0x08,
    0x61, 0x08, 0x61, 0x08, 0x61, 0x08, 0x61, 0x08, 0x61, 0x08, 0x61, 0x08, 0x61, 0x08, 0x61, 0x08,
    0x61, 0x08, 0x61, 0x08, 0x61, 0x08, 0x61, 0x08, 0x61, 0x08, 0x61, 0x08, 0x61, 0x08, 0x61, 0x08,
    0x61, 0x08, 0x61, 0x08, 0x61, 0x08, 0x61, 0x08, 0x61, 0x08, 0x61, 0x08, 0x61, 0x08, 0x61, 0x08,
    0x61, 0x08, 0x61, 0x08, 0x61, 0x08, 0x61, 0x08, 0x61, 0x08, 0x61, 0x08, 0x61, 0x08, 0x61, 0x08,
    0x61, 0x08, 0x61, 0x08, 0x61, 0x08, 0x61, 0x08, 0x61, 0x08, 0x61, 0x08, 0x61, 0x08, 0x61, 0x08,
    0x61, 0x08, 0x61, 0x08, 0x61, 0x08, 0x61, 0x08, 0x61, 0x08, 0x61, 0x08, 0x61, 0x08, 0x61, 0x08,
    0x61, 0x08, 0x61, 0x08, 0x61, 0x08, 0x61, 0x08, 0x61, 0x08, 0x61, 0x08, 0x61, 0x08, 0x61, 0x08,
    0x61, 0x08, 0x61, 0x08, 0x61, 0x08, 0x61, 0x08, 0x61, 0x08, 0x61, 0x08, 0x61, 0x08, 0x61, 0x08,
    0x61, 0x08, 0x61, 0x08, 0x61, 0x08, 0x61, 0x08, 0x61, 0x08, 0x61, 0x08, 0x61, 0x08, 0x61, 0x08,
    0x61, 0x08, 0x61, 0x08, 0x61, 0x08, 0x61, 0x08, 0x61, 0x08, 0x61, 0x08, 0x61, 0x08, 0x61, 0x08,
    0x61, 0x08, 0x61, 0x08, 0x61, 0x08, 0x61, 0x08, 0x61, 0x08, 0x61, 0x08, 0x61, 0x08, 0x61, 0x08,
    0x61, 0x08, 0x61, 0x08, 0x61, 0x08, 0x61, 0x08, 0x61, 0x08, 0x61, 0x08, 0x61, 0x08, 0x61, 0x08,
    0x61, 0x08, 0x61, 0x08, 0x61, 0x08, 0x61, 0x08, 0x61, 0x08, 0x61, 0x08, 0x61, 0x08, 0x61, 0x08,
    0x61, 0x08, 0x61, 0x08, 0x61, 0x08, 0x61, 0x08, 0x61, 0x08, 0x61, 0x08, 0x61, 0x08, 0x61, 0x08,
    0x61, 0x08, 0x61, 0x08, 0x61, 0x08, 0x61, 0x08, 0x61, 0x08, 0x61, 0x08, 0x61, 0x08, 0x61, 0x08,
    0x61, 0x08, 0x61, 0x08, 0x61, 0x08, 0x61, 0x08, 0x61, 0x08, 0x61, 0x08, 0x61, 0x08, 0x61, 0x08,
    0x61, 0x08, 0x61, 0x08, 0x61, 0x08, 0x61, 0x08, 0x61, 0x08, 0x61, 0x08, 0x61, 0x08, 0x61, 0x08,
    0x61, 0x08, 0x61, 0x08, 0x61, 0x08, 0x61, 0x08, 0x61, 0x08, 0x61, 0x08, 0x61, 0x08, 0x61, 0x08,
    0x61, 0x08, 0x61, 0x08, 0x61, 0x08, 0x61, 0x08, 0x61, 0x08, 0x61, 0x08, 0x61, 0x08, 0x61, 0x08,
    0x61, 0x08, 0x61, 0x08, 0x61, 0x08, 0x61, 0x08, 0x61, 0x08, 0x61, 0x08, 0x61, 0x08, 0x61, 0x08,
    0x61, 0x08, 0x61, 0x08, 0x61, 0x08, 0x61, 0x08, 0x61, 0x08, 0x61, 0x08, 0x61, 0x08, 0x61, 0x08,
    0x61, 0x08, 0x61, 0x08, 0x61, 0x08, 0x61, 0x08, 0x61, 0x08, 0x61, 0x08, 0x61, 0x08, 0x61, 0x08,
    0x61, 0x08, 0x61, 0x08, 0x61, 0x08, 0x61, 0x08, 0x61, 0x08, 0x61, 0x08, 0x61, 0x08, 0x61, 0x08,
    0x61, 0x08, 0x61, 0x08, 0x61, 0x08, 0x61, 0x08, 0x61, 0x08, 0x61, 0x08, 0x61, 0x08, 0x61, 0x08,
    0x61, 0x08, 0x61, 0x08, 0x61, 0x08, 0x61, 0x08, 0x61, 0x08, 0x61, 0x08, 0x61, 0x08, 0x61, 0x08,
    0x61, 0x08, 0x61, 0x08, 0x61, 0x08, 0x61, 0x08, 0x61, 0x08, 0x61, 0x08, 0x61, 0x08, 0x61, 0x08,
    0x61, 0x08, 0x61, 0x08, 0x61, 0x08, 0x61, 0x08, 0x61, 0x08, 0x61, 0x08, 0x61, 0x08, 0x61, 0x08,
    0x61, 0x08, 0x61, 0x08, 0x61, 0x08, 0x61, 0x08, 0x61, 0x08, 0x61, 0x08, 0x61, 0x08, 0x61, 0x08,
    0x61, 0x08, 0x61, 0x08, 0x61, 0x08, 0x61, 0x08, 0x61, 0x08, 0x61, 0x08, 0x61, 0x08, 0x61, 0x08,
    0x61, 0x08, 0x61, 0x08, 0x61, 0x08, 0x61, 0x08, 0x61, 0x08, 0x61, 0x08, 0x61, 0x08, 0x61, 0x08,
    0x61, 0x08, 0x61, 0x08, 0x61, 0x08, 0x61, 0x08, 0x61, 0x08, 0x61, 0x08, 0x61, 0x08, 0x61, 0x08,
    0x61, 0x08, 0x61, 0x08, 0x61, 0x08, 0x61, 0x08, 0x61, 0x08, 0x61, 0x08, 0x61, 0x08, 0x61, 0x08,
    0x61, 0x08, 0x61, 0x08, 0x61, 0x08, 0x61, 0x08, 0x61, 0x08, 0x61, 0x08, 0x61, 0x08, 0x61, 0x08,
    0x61, 0x08, 0x61, 0x08, 0x61, 0x08, 0x61, 0x08, 0x61, 0x08, 0x61, 0x08, 0x61, 0x08, 0x61, 0x08,
    0x61, 0x08, 0x61, 0x08, 0x61, 0x08, 0x61, 0x08, 0x61, 0x08, 0x61, 0x08, 0x61, 0x08, 0x61, 0x08,
    0x61, 0x08, 0x61, 0x08, 0x61, 0x08, 0x61, 0x08, 0x61, 0x08, 0x61, 0x08, 0x61, 0x08, 0x61, 0x08,
    0x61, 0x08, 0x61, 0x08, 0x61, 0x08, 0x61, 0x08, 0x61, 0x08, 0x61, 0x08, 0x61, 0x08, 0x61, 0x08,
    0x61, 0x08, 0x61, 0x08, 0x61, 0x08, 0x61, 0x08, 0x61, 0x08, 0x61, 0x08, 0x61, 0x08, 0x61, 0x08,
    0x61, 0x08, 0x61, 0x08, 0x61, 0x08, 0x61, 0x08, 0x61, 0x08, 0x61, 0x08, 0x61, 0x08, 0x61, 0x08,
    0x61, 0x08, 0x61, 0x08, 0x61, 0x08, 0x61, 0x08, 0x61, 0x08, 0x61, 0x08, 0x61, 0x08, 0x61, 0x08,
    0x61, 0x08, 0x61, 0x08, 0x61, 0x08, 0x61, 0x08, 0x61, 0x08, 0x61, 0x08, 0x61, 0x08, 0x61, 0x08,
    0x61, 0x08, 0x61, 0x08, 0x61, 0x08, 0x61, 0x08, 0x61, 0x08, 0x61, 0x08, 0x61, 0x08, 0x61, 0x08,
    0x61, 0x08, 0x61, 0x08, 0x61, 0x08, 0x61, 0x08, 0x61, 0x08, 0x61, 0x08, 0x61, 0x08, 0x61, 0x08,
    0x61, 0x08, 0x61, 0x08, 0x61, 0x08, 0x61, 0x08, 0x61, 0x08, 0x61, 0x08, 0x61, 0x08, 0x61, 0x08,
    0x61, 0x08, 0x61, 0x08, 0x61, 0x08, 0x61, 0x08, 0x61, 0x08, 0x61, 0x08, 0x61, 0x08, 0x61, 0x08,
    0x61, 0x08, 0x61, 0x08, 0x61, 0x08, 0x61, 0x08, 0x61, 0x08, 0x61, 0x08, 0x61, 0x08, 0x61, 0x08,
    0x61, 0x08, 0x61, 0x08, 0x61, 0x08, 0x61, 0x08, 0x61, 0x08, 0x61, 0x08, 0x61, 0x08, 0x61, 0x08,
    0x61, 0x08, 0x61, 0x08, 0x61, 0x08, 0x61, 0x08, 0x61, 0x08, 0x61, 0x08, 0x61, 0x08, 0x61, 0x08,
    0x61, 0x08, 0x61, 0x08, 0x61, 0x08, 0x61, 0x08, 0x61, 0x08, 0x61, 0x08, 0x61, 0x08, 0x61, 0x08,
    0x61, 0x08, 0x61, 0x08, 0x61, 0x08, 0x61, 0x08, 0x61, 0x08, 0x61, 0x08, 0x61, 0x08, 0x61, 0x08,
    0x61, 0x08, 0x61, 0x08, 0x61, 0x08, 0x61, 0x08, 0x61, 0x08, 0x61, 0x08, 0x61, 0x08, 0x61, 0x08,
    0x61, 0x08, 0x61, 0x08, 0x61, 0x08, 0x61, 0x08, 0x61, 0x08, 0x61, 0x08, 0x61, 0x08, 0x61, 0x08,
    0x61, 0x08, 0x61, 0x08, 0x61, 0x08, 0x61, 0x08, 0x61, 0x08, 0x61, 0x08, 0x61, 0x08, 0x61, 0x08,
    0x61, 0x08, 0x61, 0x08, 0x61, 0x08, 0x61, 0x08, 0x61, 0x08, 0x61, 0x08, 0x61, 0x08, 0x61, 0x08,
    0x61, 0x08, 0x61, 0x08, 0x61, 0x08, 0x61, 0x08, 0x61, 0x08, 0x61, 0x08, 0x61, 0x08, 0x61, 0x08,
    0x61, 0x08, 0x61, 0x08, 0x61, 0x08, 0x61, 0x08, 0x61, 0x08, 0x61, 0x08, 0x61, 0x08, 0x61, 0x08,
    0x61, 0x08, 0x61, 0x08, 0x61, 0x08, 0x61, 0x08, 0x61, 0x08, 0x61, 0x08, 0x61, 0x08, 0x61, 0x08,
    0x61, 0x08, 0x61, 0x08, 0x61, 0x08, 0x61, 0x08, 0x61, 0x08, 0x61, 0x08, 0x61, 0x08, 0x61, 0x08,
    0x61, 0x08, 0x61, 0x08, 0x61, 0x08, 0x61, 0x08, 0x61, 0x08, 0x61, 0x08, 0x61, 0x08, 0x61, 0x08,
    0x61, 0x08, 0x61, 0x08, 0x61, 0x08, 0x61, 0x08, 0x61, 0x08, 0x61, 0x08, 0x61, 0x08, 0x61, 0x08,
    0x61, 0x08, 0x61, 0x08, 0x61, 0x08, 0x61, 0x08, 0x61, 0x08, 0x61, 0x08, 0x61, 0x08, 0x61, 0x08,
    0x61, 0x08, 0x61, 0x08, 0x61, 0x08, 0x61, 0x08, 0x61, 0x08, 0x61, 0x08, 0x61, 0x08, 0x61, 0x08,
    0x61, 0x08, 0x61, 0x08, 0x61, 0x08, 0x61, 0x08, 0x61, 0x08, 0x61, 0x08, 0x61, 0x08, 0x61, 0x08,
    0x61, 0x08, 0x61, 0x08, 0x61, 0x08, 0x61, 0x08, 0x61, 0x08, 0x61, 0x08, 0x61, 0x08, 0x61, 0x08,
    0x61, 0x08, 0x61, 0x08, 0x61, 0x08, 0x61, 0x08, 0x61, 0x08, 0x61, 0x08, 0x61, 0x08, 0x61, 0x08,
    0x61, 0x08, 0x61, 0x08, 0x61, 0x08, 0x61, 0x08, 0x61, 0x08, 0x61, 0x08, 0x61, 0x08, 0x61, 0x08,
    0x61, 0x08, 0x61, 0x08, 0x61, 0x08, 0x61, 0x08, 0x61, 0x08, 0x61, 0x08, 0x61, 0x08, 0x61, 0x08,
    0x61, 0x08, 0x61, 0x08, 0x61, 0x08, 0x61, 0x08, 0x61, 0x08, 0x61, 0x08, 0x61, 0x08, 0x61, 0x08,
    0x61, 0x08, 0x61, 0x08, 0x61, 0x08, 0x61, 0x08, 0x61, 0x08, 0x61, 0x08, 0x61, 0x08, 0x61, 0x08,
    0x61, 0x08, 0x61, 0x08, 0x61, 0x08, 0x61, 0x08, 0x61, 0x08, 0x61, 0x08, 0x61, 0x08, 0x61, 0x08,
    0x61, 0x08, 0x61, 0x08, 0x61, 0x08, 0x61, 0x08, 0x61, 0x08, 0x61, 0x08, 0x61, 0x08, 0x61, 0x08,
    0x61, 0x08, 0x61, 0x08, 0x61, 0x08, 0x61, 0x08, 0x61, 0x08, 0x61, 0x08, 0x61, 0x08, 0x61, 0x08,
    0x61, 0x08, 0x61, 0x08, 0x61, 0x08, 0x61, 0x08, 0x61, 0x08, 0x61, 0x08, 0x61, 0x08, 0x61, 0x08,
    0x61, 0x08, 0x61, 0x08, 0x61, 0x08, 0x61, 0x08, 0x61, 0x08, 0x61, 0x08, 0x61, 0x08, 0x61, 0x08,
    0x61, 0x08, 0x61, 0x08, 0x61, 0x08, 0x61, 0x08, 0x61, 0x08, 0x61, 0x08, 0x61, 0x08, 0x61, 0x08,
    0x61, 0x08, 0x61, 0x08, 0x61, 0x08, 0x61, 0x08, 0x61, 0x08, 0x61, 0x08, 0x61, 0x08, 0x61, 0x08,
    0x61, 0x08, 0x61, 0x08, 0x61, 0x08, 0x61, 0x08, 0x61, 0x08, 0x61, 0x08, 0x61, 0x08, 0x61, 0x08,
    0x61, 0x08, 0x61, 0x08, 0x61, 0x08, 0x61, 0x08, 0x61, 0x08, 0x61, 0x08, 0x61, 0x08, 0x61, 0x08,
    0x61, 0x08, 0x61, 0x08, 0x61, 0x08, 0x61, 0x08, 0x61, 0x08, 0x61, 0x08, 0x61, 0x08, 0x61, 0x08,
    0x61, 0x08, 0x61, 0x08, 0x61, 0x08, 0x61, 0x08, 0x61, 0x08, 0x61, 0x08, 0x61, 0x08, 0x61, 0x08,
    0x61, 0x08, 0x61, 0x08, 0x61, 0x08, 0x61, 0x08, 0x61, 0x08, 0x61, 0x08, 0x61, 0x08, 0x61, 0x08,
    0x61, 0x08, 0x61, 0x08, 0x61, 0x08, 0x61, 0x08, 0x61, 0x08, 0x61, 0x08, 0x61, 0x08, 0x61, 0x08,
    0x61, 0x08, 0x61, 0x08, 0x61, 0x08, 0x61, 0x08, 0x61, 0x08, 0x61, 0x08, 0x61, 0x08, 0x61, 0x08,
    0x61, 0x08, 0x61, 0x08, 0x61, 0x08, 0x61, 0x08, 0x61, 0x08, 0x61, 0x08, 0x61, 0x08, 0x61, 0x08,
    0x61, 0x08, 0x61, 0x08, 0x61, 0x08, 0x61, 0x08, 0x61, 0x08, 0x61, 0x08, 0x61, 0x08, 0x61, 0x08,
    0x61, 0x08, 0x61, 0x08, 0x61, 0x08, 0x61, 0x08, 0x61, 0x08, 0x61, 0x08, 0x61, 0x08, 0x61, 0x08,
    0x61, 0x08, 0x61, 0x08, 0x61, 0x08, 0x61, 0x08, 0x61, 0x08, 0x61, 0x08, 0x61, 0x08, 0x61, 0x08,
    0x61, 0x08, 0x61, 0x08, 0x61, 0x08, 0x61, 0x08, 0x61, 0x08, 0x61, 0x08, 0x61, 0x08, 0x61, 0x08,
    0x61, 0x08, 0x61, 0x08, 0x61, 0x08, 0x61, 0x08, 0x61, 0x08, 0x61, 0x08, 0x61, 0x08, 0x61, 0x08,
    0x61, 0x08, 0x61, 0x08, 0x61, 0x08, 0x61, 0x08, 0x61, 0x08, 0x61, 0x08, 0x61, 0x08, 0x61, 0x08,
    0x61, 0x08, 0x61, 0x08, 0x61, 0x08, 0x61, 0x08, 0x61, 0x08, 0x61, 0x08, 0x61, 0x08, 0x61, 0x08,
    0x61, 0x08, 0x61, 0x08, 0x61, 0x08, 0x61, 0x08, 0x61, 0x08, 0x61, 0x08, 0x61, 0x08, 0x61, 0x08,
    0x61, 0x08, 0x61, 0x08, 0x61, 0x08, 0x61, 0x08, 0x61, 0x08, 0x61, 0x08, 0x61, 0x08, 0x61, 0x08,
    0x61, 0x08, 0x61, 0x08, 0x61, 0x08, 0x61, 0x08, 0x61, 0x08, 0x61, 0x08, 0x61, 0x08, 0x61, 0x08,
    0x61, 0x08, 0x61, 0x08, 0x61, 0x08, 0x61, 0x08, 0x61, 0x08, 0x61, 0x08, 0x61, 0x08, 0x61, 0x08,
    0x61, 0x08, 0x61, 0x08, 0x61, 0x08, 0x61, 0x08, 0x61, 0x08, 0x61, 0x08, 0x61, 0x08, 0x61, 0x08,
    0x61, 0x08, 0x61, 0x08, 0x61, 0x08, 0x61, 0x08, 0x61, 0x08, 0x61, 0x08, 0x61, 0x08, 0x61, 0x08,
    0x61, 0x08, 0x61, 0x08, 0x61, 0x08, 0x61, 0x08, 0x61, 0x08, 0x61, 0x08, 0x61, 0x08, 0x61, 0x08,
    0x61, 0x08, 0x61, 0x08, 0x61, 0x08, 0x61, 0x08, 0x61, 0x08, 0x61, 0x08, 0x61, 0x08, 0x61, 0x08,
    0x61, 0x08, 0x61, 0x08, 0x61, 0x08, 0x61, 0x08, 0x61, 0x08, 0x61, 0x08, 0x61, 0x08, 0x61, 0x08,
    0x61, 0x08, 0x61, 0x08, 0x61, 0x08, 0x61, 0x08, 0x61, 0x08, 0x61, 0x08, 0x61, 0x08, 0x61, 0x08,
    0x61, 0x08, 0x61, 0x08, 0x61, 0x08, 0x61, 0x08, 0x61, 0x08, 0x61, 0x08, 0x61, 0x08, 0x61, 0x08,
    0x61, 0x08, 0x61, 0x08, 0x61, 0x08, 0x61, 0x08, 0x61, 0x08, 0x61, 0x08, 0x61, 0x08, 0x61, 0x08,
    0x61, 0x08, 0x61, 0x08, 0x61, 0x08, 0x61, 0x08, 0x61, 0x08, 0x61, 0x08, 0x61, 0x08, 0x61, 0x08,
    0x61, 0x08, 0x61, 0x08, 0x61, 0x08, 0x61, 0x08, 0x61, 0x08, 0x61, 0x08, 0x61, 0x08, 0x61, 0x08,
    0x61, 0x08, 0x61, 0x08, 0x61, 0x08, 0x61, 0x08, 0x61, 0x08, 0x61, 0x08, 0x61, 0x08, 0x61, 0x08,
    0x61, 0x08, 0x61, 0x08, 0x61, 0x08, 0x61, 0x08, 0x61, 0x08, 0x61, 0x08, 0x61, 0x08, 0x61, 0x08,
    0x61, 0x08, 0x61, 0x08, 0x61, 0x08, 0x61, 0x08, 0x61, 0x08, 0x61, 0x08, 0x61, 0x08, 0x61, 0x08,
    0x61, 0x08, 0x61, 0x08, 0x61, 0x08, 0x61, 0x08, 0x61, 0x08, 0x61, 0x08, 0x61, 0x08, 0x61, 0x08,
    0x61, 0x08, 0x61, 0x08, 0x61, 0x08, 0x61, 0x08, 0x61, 0x08, 0x61, 0x08, 0x61, 0x08, 0x61, 0x08,
    0x61, 0x08, 0x61, 0x08, 0x61, 0x08, 0x61, 0x08, 0x61, 0x08, 0x61, 0x08, 0x61, 0x08, 0x61, 0x08,
    0x61, 0x08, 0x61, 0x08, 0x61, 0x08, 0x61, 0x08, 0x61, 0x08, 0x61, 0x08, 0x61, 0x08, 0x61, 0x08,
    0x61, 0x08, 0x61, 0x08, 0x61, 0x08, 0x61, 0x08, 0x61, 0x08, 0x61, 0x08, 0x61, 0x08, 0x61, 0x08,
    0x61, 0x08, 0x61, 0x08, 0x61, 0x08, 0x61, 0x08, 0x61, 0x08, 0x61, 0x08, 0x61, 0x08, 0x61, 0x08,
    0x61, 0x08, 0x61, 0x08, 0x61, 0x08, 0x61, 0x08, 0x61, 0x08, 0x61, 0x08, 0x61, 0x08, 0x61, 0x08,
    0x61, 0x08, 0x61, 0x08, 0x61, 0x08, 0x61, 0x08, 0x61, 0x08, 0x61, 0x08, 0x61, 0x08, 0x61, 0x08,
    0x61, 0x08, 0x61, 0x08, 0x61, 0x08, 0x61, 0x08, 0x61, 0x08, 0x61, 0x08, 0x61, 0x08, 0x61, 0x08,
    0x61, 0x08, 0x61, 0x08, 0x61, 0x08, 0x61, 0x08, 0x61, 0x08, 0x61, 0x08, 0x61, 0x08, 0x61, 0x08,
    0x61, 0x08, 0x61, 0x08, 0x61, 0x08, 0x61, 0x08, 0x61, 0x08, 0x61, 0x08, 0x61, 0x08, 0x61, 0x08,
    0x61, 0x08, 0x61, 0x08, 0x61, 0x08, 0x61, 0x08, 0x61, 0x08, 0x61, 0x08, 0x61, 0x08, 0x61, 0x08,
    0x61, 0x08, 0x61, 0x08, 0x61, 0x08, 0x61, 0x08, 0x61, 0x08, 0x61, 0x08, 0x61, 0x08, 0x61, 0x08,
    0x61, 0x08, 0x61, 0x08, 0x61, 0x08, 0x61, 0x08, 0x61, 0x08, 0x61, 0x08, 0x61, 0x08, 0x61, 0x08,
    0x61, 0x08, 0x61, 0x08, 0x61, 0x08, 0x61, 0x08, 0x61, 0x08, 0x61, 0x08, 0x61, 0x08, 0x61, 0x08,
    0x61, 0x08, 0x61, 0x08, 0x61, 0x08, 0x61, 0x08, 0x61, 0x08, 0x61, 0x08, 0x61, 0x08, 0x61, 0x08,
    0x61, 0x08, 0x61, 0x08, 0x61, 0x08, 0x61, 0x08, 0x61, 0x08, 0x61, 0x08, 0x61, 0x08, 0x61, 0x08,
    0x61, 0x08, 0x61, 0x08, 0x61, 0x08, 0x61, 0x08, 0x61, 0x08, 0x61, 0x08, 0x61, 0x08, 0x61, 0x08,
    0x61, 0x08, 0x61, 0x08, 0x61, 0x08, 0x61, 0x08, 0x61, 0x08, 0x61, 0x08, 0x61, 0x08, 0x61, 0x08,
    0x61, 0x08, 0x61, 0x08, 0x61, 0x08, 0x61, 0x08, 0x61, 0x08, 0x61, 0x08, 0x61, 0x08, 0x61, 0x08,
    0x61, 0x08, 0x61, 0x08, 0x61, 0x08, 0x61, 0x08, 0x61, 0x08, 0x61, 0x08, 0x61, 0x08, 0x61, 0x08,
    0x61, 0x08, 0x61, 0x08, 0x61, 0x08, 0x61, 0x08, 0x61, 0x08, 0x61, 0x08, 0x61, 0x08, 0x61, 0x08,
    0x61, 0x08, 0x61, 0x08, 0x61, 0x08, 0x61, 0x08, 0x61, 0x08, 0x61, 0x08, 0x61, 0x08, 0x61, 0x08,
    0x61, 0x08, 0x61, 0x08, 0x61, 0x08, 0x61, 0x08, 0x61, 0x08, 0x61, 0x08, 0x61, 0x08, 0x61, 0x08,
    0x61, 0x08, 0x61, 0x08, 0x61, 0x08, 0x61, 0x08, 0x61, 0x08, 0x61, 0x08, 0x61, 0x08, 0x61, 0x08,
    0x61, 0x08, 0x61, 0x08, 0x61, 0x08, 0x61, 0x08, 0x61, 0x08, 0x61, 0x08, 0x61, 0x08, 0x61, 0x08,
    0x61, 0x08, 0x61, 0x08, 0x61, 0x08, 0x61, 0x08, 0x61, 0x08, 0x61, 0x08, 0x61, 0x08, 0x61, 0x08,
    0x61, 0x08, 0x61, 0x08, 0x61, 0x08, 0x61, 0x08, 0x61, 0x08, 0x61, 0x08, 0x61, 0x08, 0x61, 0x08,
    0x61, 0x08, 0x61, 0x08, 0x61, 0x08, 0x61, 0x08, 0x61, 0x08, 0x61, 0x08, 0x61, 0x08, 0x61, 0x08,
    0x61, 0x08, 0x61, 0x08, 0x61, 0x08, 0x61, 0x08, 0x61, 0x08, 0x61, 0x08, 0x61, 0x08, 0x61, 0x08,
    0x61, 0x08, 0x61, 0x08, 0x61, 0x08, 0x61, 0x08, 0x61, 0x08, 0x61, 0x08, 0x61, 0x08, 0x61, 0x08,
    0x61, 0x08, 0x61, 0x08, 0x61, 0x08, 0x61, 0x08, 0x61, 0x08, 0x61, 0x08, 0x61, 0x08, 0x61, 0x08,
    0x61, 0x08, 0x61, 0x08, 0x61, 0x08, 0x61, 0x08, 0x61, 0x08, 0x61, 0x08, 0x61, 0x08, 0x61, 0x08,
    0x61, 0x08, 0x61, 0x08, 0x61, 0x08, 0x61, 0x08, 0x61, 0x08, 0x61, 0x08, 0x61, 0x08, 0x61, 0x08,
    0x61, 0x08, 0x61, 0x08, 0x61, 0x08, 0x61, 0x08, 0x61, 0x08, 0x61, 0x08, 0x61, 0x08, 0x61, 0x08,
    0x61, 0x08, 0x61, 0x08, 0x61, 0x08, 0x61, 0x08, 0x61, 0x08, 0x61, 0x08, 0x61, 0x08, 0x61, 0x08,
    0x61, 0x08, 0x61, 0x08, 0x61, 0x08, 0x61, 0x08, 0x61, 0x08, 0x61, 0x08, 0x61, 0x08, 0x61, 0x08,
    0x61, 0x08, 0x61, 0x08, 0x61, 0x08, 0x61, 0x08, 0x61, 0x08, 0x61, 0x08, 0x61, 0x08, 0x61, 0x08,
    0x61, 0x08, 0x61, 0x08, 0x61, 0x08, 0x61, 0x08, 0x61, 0x08, 0x61, 0x08, 0x61, 0x08, 0x61, 0x08,
    0x61, 0x08, 0x61, 0x08, 0x61, 0x08, 0x61, 0x08, 0x61, 0x08, 0x61, 0x08, 0x61, 0x08, 0x61, 0x08,
    0x61, 0x08, 0x61, 0x08, 0x61, 0x08, 0x61, 0x08, 0x61, 0x08, 0x61, 0x08, 0x61, 0x08, 0x61, 0x08,
    0x61, 0x08, 0x61, 0x08, 0x61, 0x08, 0x61, 0x08, 0x61, 0x08, 0x61, 0x08, 0x61, 0x08, 0x61, 0x08,
    0x61, 0x08, 0x61, 0x08, 0x61, 0x08, 0x61, 0x08, 0x61, 0x08, 0x61, 0x08, 0x61, 0x08, 0x61, 0x08,
    0x61, 0x08, 0x61, 0x08, 0x61, 0x08, 0x61, 0x08, 0x61, 0x08, 0x61, 0x08, 0x61, 0x08, 0x61, 0x08,
    0x61, 0x08, 0x61, 0x08, 0x61, 0x08, 0x61, 0x08, 0x61, 0x08, 0x61, 0x08, 0x61, 0x08, 0x61, 0x08,
    0x61, 0x08, 0x61, 0x08, 0x61, 0x08, 0x61, 0x08, 0x61, 0x08, 0x61, 0x08, 0x61, 0x08, 0x61, 0x08,
    0x61, 0x08, 0x61, 0x08, 0x61, 0x08, 0x61, 0x08, 0x61, 0x08, 0x61, 0x08, 0x61, 0x08, 0x61, 0x08,
    0x61, 0x08, 0x61, 0x08, 0x61, 0x08, 0x61, 0x08, 0x61, 0x08, 0x61, 0x08, 0x61, 0x08, 0x61, 0x08,
    0x61, 0x08, 0x61, 0x08, 0x61, 0x08, 0x61, 0x08, 0x61, 0x08, 0x61, 0x08, 0x61, 0x08, 0x61, 0x08,
    0x61, 0x08, 0x61, 0x08, 0x61, 0x08, 0x61, 0x08, 0x61, 0x08, 0x61, 0x08, 0x61, 0x08, 0x61, 0x08,
    0x61, 0x08, 0x61, 0x08, 0x61, 0x08, 0x61, 0x08, 0x61, 0x08, 0x61, 0x08, 0x61, 0x08, 0x61, 0x08,
    0x61, 0x08, 0x61, 0x08, 0x61, 0x08, 0x61, 0x08, 0x61, 0x08, 0x61, 0x08, 0x61, 0x08, 0x61, 0x08,
    0x61, 0x08, 0x61, 0x08, 0x61, 0x08, 0x61, 0x08, 0x61, 0x08, 0x61, 0x08, 0x61, 0x08, 0x61, 0x08,
    0x61, 0x08, 0x61, 0x08, 0x61, 0x08, 0x61, 0x08, 0x61, 0x08, 0x61, 0x08, 0x61, 0x08, 0x61, 0x08,
    0x61, 0x08, 0x61, 0x08, 0x61, 0x08, 0x61, 0x08, 0x61, 0x08, 0x61, 0x08, 0x61, 0x08, 0x61, 0x08,
    0x61, 0x08, 0x61, 0x08, 0x61, 0x08, 0x61, 0x08, 0x61, 0x08, 0x61, 0x08, 0x61, 0x08, 0x61, 0x08,
    0x61, 0x08, 0x61, 0x08, 0x61, 0x08, 0x61, 0x08, 0x61, 0x08, 0x61, 0x08, 0x61, 0x08, 0x61, 0x08,
    0x61, 0x08, 0x61, 0x08, 0x61, 0x08, 0x61, 0x08, 0x61, 0x08, 0x61, 0x08, 0x61, 0x08, 0x61, 0x08,
    0x61, 0x08, 0x61, 0x08, 0x61, 0x08, 0x61, 0x08, 0x61, 0x08, 0x61, 0x08, 0x61, 0x08, 0x61, 0x08,
    0x61, 0x08, 0x61, 0x08, 0x61, 0x08, 0x61, 0x08, 0x61, 0x08, 0x61, 0x08, 0x61, 0x08, 0x61, 0x08,
    0x61, 0x08, 0x61, 0x08, 0x61, 0x08, 0x61, 0x08, 0x61, 0x08, 0x61, 0x08, 0x61, 0x08, 0x61, 0x08,
    0x61, 0x08, 0x61, 0x08, 0x61, 0x08, 0x61, 0x08, 0x61, 0x08, 0x61, 0x08, 0x61, 0x08, 0x61, 0x08,
    0x61, 0x08, 0x61, 0x08, 0x61, 0x08, 0x61, 0x08, 0x61, 0x08, 0x61, 0x08, 0x61, 0x08, 0x61, 0x08,
    0x61, 0x08, 0x61, 0x08, 0x61, 0x08, 0x61, 0x08, 0x61, 0x08, 0x61, 0x08, 0x61, 0x08, 0x61, 0x08,
    0x61, 0x08, 0x61, 0x08, 0x61, 0x08, 0x61, 0x08, 0x61, 0x08, 0x61, 0x08, 0x61, 0x08, 0x61, 0x08,
    0x61, 0x08, 0x61, 0x08, 0x61, 0x08, 0x61, 0x08, 0x61, 0x08, 0x61, 0x08, 0x61, 0x08, 0x61, 0x08,
    0x61, 0x08, 0x61, 0x08, 0x61, 0x08, 0x61, 0x08, 0x61, 0x08, 0x61, 0x08, 0x61, 0x08, 0x61, 0x08,
    0x61, 0x08, 0x61, 0x08, 0x61, 0x08, 0x61, 0x08, 0x61, 0x08, 0x61, 0x08, 0x61, 0x08, 0x61, 0x08,
    0x61, 0x08, 0x61, 0x08, 0x61, 0x08, 0x61, 0x08, 0x61, 0x08, 0x61, 0x08, 0x61, 0x08, 0x61, 0x08,
    0x61, 0x08, 0x61, 0x08, 0x61, 0x08, 0x61, 0x08, 0x61, 0x08, 0x61, 0x08, 0x61, 0x08, 0x61, 0x08,
    0x61, 0x08, 0x61, 0x08, 0x61, 0x08, 0x61, 0x08, 0x61, 0x08, 0x61, 0x08, 0x61, 0x08, 0x61, 0x08,
    0x61, 0x08, 0x61, 0x08, 0x61, 0x08, 0x61, 0x08, 0x61, 0x08, 0x61, 0x08, 0x61, 0x08, 0x61, 0x08,
    0x61, 0x08, 0x61, 0x08, 0x61, 0x08, 0x61, 0x08, 0x61, 0x08, 0x61, 0x08, 0x61, 0x08, 0x61, 0x08,
    0x61, 0x08, 0x61, 0x08, 0x61, 0x08, 0x61, 0x08, 0x61, 0x08, 0x61, 0x08, 0x61, 0x08, 0x61, 0x08,
    0x61, 0x08, 0x61, 0x08, 0x61, 0x08, 0x61, 0x08, 0x61, 0x08, 0x61, 0x08, 0x61, 0x08, 0x61, 0x08,
    0x61, 0x08, 0x61, 0x08, 0x61, 0x08, 0x61, 0x08, 0x61, 0x08, 0x61, 0x08, 0x61, 0x08, 0x61, 0x08,
    0x61, 0x08, 0x61, 0x08, 0x61, 0x08, 0x61, 0x08, 0x61, 0x08, 0x61, 0x08, 0x61, 0x08, 0x61, 0x08,
    0x61, 0x08, 0x61, 0x08, 0x61, 0x08, 0x61, 0x08, 0x61, 0x08, 0x61, 0x08, 0x61, 0x08, 0x61, 0x08,
    0x61, 0x08, 0x61, 0x08, 0x61, 0x08, 0x61, 0x08, 0x61, 0x08, 0x61, 0x08, 0x61, 0x08, 0x61, 0x08,
    0x61, 0x08, 0x61, 0x08, 0x61, 0x08, 0x61, 0x08, 0x61, 0x08, 0x61, 0x08, 0x61, 0x08, 0x61, 0x08,
    0x61, 0x08, 0x61, 0x08, 0x61, 0x08, 0x61, 0x08, 0x61, 0x08, 0x61, 0x08, 0x61, 0x08, 0x61, 0x08,
    0x61, 0x08, 0x61, 0x08, 0x61, 0x08, 0x61, 0x08, 0x61, 0x08, 0x61, 0x08, 0x61, 0x08, 0x61, 0x08,
    0x61, 0x08, 0x61, 0x08, 0x61, 0x08, 0x61, 0x08, 0x61, 0x08, 0x61, 0x08, 0x61, 0x08, 0x61, 0x08,
    0x61, 0x08, 0x61, 0x08, 0x61, 0x08, 0x61, 0x08, 0x61, 0x08, 0x61, 0x08, 0x61, 0x08, 0x61, 0x08,
    0x61, 0x08, 0x61, 0x08, 0x61, 0x08, 0x61, 0x08, 0x61, 0x08, 0x61, 0x08, 0x61, 0x08, 0x61, 0x08,
    0x61, 0x08, 0x61, 0x08, 0x61, 0x08, 0x61, 0x08, 0x61, 0x08, 0x61, 0x08, 0x61, 0x08, 0x61, 0x08,
    0x61, 0x08, 0x61, 0x08, 0x61, 0x08, 0x61, 0x08, 0x61, 0x08, 0x61, 0x08, 0x61, 0x08, 0x61, 0x08,
    0x61, 0x08, 0x61, 0x08, 0x61, 0x08, 0x61, 0x08, 0x61, 0x08, 0x61, 0x08, 0x61, 0x08, 0x61, 0x08,
    0x61, 0x08, 0x61, 0x08, 0x61, 0x08, 0x61, 0x08, 0x61, 0x08, 0x61, 0x08, 0x61, 0x08, 0x61, 0x08,
    0x61, 0x08, 0x61, 0x08, 0x61, 0x08, 0x61, 0x08, 0x61, 0x08, 0x61, 0x08, 0x61, 0x08, 0x61, 0x08,
    0x61, 0x08, 0x61, 0x08, 0x61, 0x08, 0x61, 0x08, 0x61, 0x08, 0x61, 0x08, 0x61, 0x08, 0x61, 0x08,
    0x61, 0x08, 0x61, 0x08, 0x61, 0x08, 0x61, 0x08, 0x61, 0x08, 0x61, 0x08, 0x61, 0x08, 0x61, 0x08,
    0x61, 0x08, 0x61, 0x08, 0x61, 0x08, 0x61, 0x08, 0x61, 0x08, 0x61, 0x08, 0x61, 0x08, 0x61, 0x08,
    0x61, 0x08, 0x61, 0x08, 0x61, 0x08, 0x61, 0x08, 0x61, 0x08, 0x61, 0x08, 0x61, 0x08, 0x61, 0x08,
    0x61, 0x08, 0x61, 0x08, 0x61, 0x08, 0x61, 0x08, 0x61, 0x08, 0x61, 0x08, 0x61, 0x08, 0x61, 0x08,
    0x61, 0x08, 0x61, 0x08, 0x61, 0x08, 0x61, 0x08, 0x61, 0x08, 0x61, 0x08, 0x61, 0x08, 0x61, 0x08,
    0x61, 0x08, 0x61, 0x08, 0x61, 0x08, 0x61, 0x08, 0x61, 0x08, 0x61, 0x08, 0x61, 0x08, 0x61, 0x08,
    0x61, 0x08, 0x61, 0x08, 0x61, 0x08, 0x61, 0x08, 0x61, 0x08, 0x61, 0x08, 0x61, 0x08, 0x61, 0x08,
    0x61, 0x08, 0x61, 0x08, 0x61, 0x08, 0x61, 0x08, 0x61, 0x08, 0x61, 0x08, 0x61, 0x08, 0x61, 0x08,
    0x61, 0x08, 0x61, 0x08, 0x61, 0x08, 0x61, 0x08, 0x61, 0x08, 0x61, 0x08, 0x61, 0x08, 0x61, 0x08,
    0x61, 0x08, 0x61, 0x08, 0x61, 0x08, 0x61, 0x08, 0x61, 0x08, 0x61, 0x08, 0x61, 0x08, 0x61, 0x08,
    0x61, 0x08, 0x61, 0x08, 0x61, 0x08, 0x61, 0x08, 0x61, 0x08, 0x61, 0x08, 0x61, 0x08, 0x61, 0x08,
    0x61, 0x08, 0x61, 0x08, 0x61, 0x08, 0x61, 0x08, 0x61, 0x08, 0x61, 0x08, 0x61, 0x08, 0x61, 0x08,
    0x61, 0x08, 0x61, 0x08, 0x61, 0x08, 0x61, 0x08, 0x61, 0x08, 0x61, 0x08, 0x61, 0x08, 0x61, 0x08,
    0x61, 0x08, 0x61, 0x08, 0x61, 0x08, 0x61, 0x08, 0x61, 0x08, 0x61, 0x08, 0x61, 0x08, 0x61, 0x08,
    0x61, 0x08, 0x61, 0x08, 0x61, 0x08, 0x61, 0x08, 0x61, 0x08, 0x61, 0x08, 0x61, 0x08, 0x61, 0x08,
    0x61, 0x08, 0x61, 0x08, 0x61, 0x08, 0x61, 0x08, 0x61, 0x08, 0x61, 0x08, 0x61, 0x08, 0x61, 0x08,
    0x61, 0x08, 0x61, 0x08, 0x61, 0x08, 0x61, 0x08, 0x61, 0x08, 0x61, 0x08, 0x61, 0x08, 0x61, 0x08,
    0x61, 0x08, 0x61, 0x08, 0x61, 0x08, 0x61, 0x08, 0x61, 0x08, 0x61, 0x08, 0x61, 0x08, 0x61, 0x08,
    0x61, 0x08, 0x61, 0x08, 0x61, 0x08, 0x61, 0x08, 0x61, 0x08, 0x61, 0x08, 0x61, 0x08, 0x61, 0x08,
    0x61, 0x08, 0x61, 0x08, 0x61, 0x08, 0x61, 0x08, 0x61, 0x08, 0x61, 0x08, 0x61, 0x08, 0x61, 0x08,
    0x61, 0x08, 0x61, 0x08, 0x61, 0x08, 0x61, 0x08, 0x61, 0x08, 0x61, 0x08, 0x61, 0x08, 0x61, 0x08,
    0x61, 0x08, 0x61, 0x08, 0x61, 0x08, 0x61, 0x08, 0x61, 0x08, 0x61, 0x08, 0x61, 0x08, 0x61, 0x08,
    0x61, 0x08, 0x61, 0x08, 0x61, 0x08, 0x61, 0x08, 0x61, 0x08, 0x61, 0x08, 0x61, 0x08, 0x61, 0x08,
    0x61, 0x08, 0x61, 0x08, 0x61, 0x08, 0x61, 0x08, 0x61, 0x08, 0x61, 0x08, 0x61, 0x08, 0x61, 0x08,
    0x61, 0x08, 0x61, 0x08, 0x61, 0x08, 0x61, 0x08, 0x61, 0x08, 0x61, 0x08, 0x61, 0x08, 0x61, 0x08,
    0x61, 0x08, 0x61, 0x08, 0x61, 0x08, 0x61, 0x08, 0x61, 0x08, 0x61, 0x08, 0x61, 0x08, 0x61, 0x08,
    0x61, 0x08, 0x61, 0x08, 0x61, 0x08, 0x61, 0x08, 0x61, 0x08, 0x61, 0x08, 0x61, 0x08, 0x61, 0x08,
    0x61, 0x08, 0x61, 0x08, 0x61, 0x08, 0x61, 0x08, 0x61, 0x08, 0x61, 0x08, 0x61, 0x08, 0x61, 0x08,
    0x61, 0x08, 0x61, 0x08, 0x61, 0x08, 0x61, 0x08, 0x61, 0x08, 0x61, 0x08, 0x61, 0x08, 0x61, 0x08,
    0x61, 0x08, 0x61, 0x08, 0x61, 0x08, 0x61, 0x08, 0x61, 0x08, 0x61, 0x08, 0x61, 0x08, 0x61, 0x08,
    0x61, 0x08, 0x61, 0x08, 0x61, 0x08, 0x61, 0x08, 0x61, 0x08, 0x61, 0x08, 0x61, 0x08, 0x61, 0x08,
    0x61, 0x08, 0x61, 0x08, 0x61, 0x08, 0x61, 0x08, 0x61, 0x08, 0x61, 0x08, 0x61, 0x08, 0x61, 0x08,
    0x61, 0x08, 0x61, 0x08, 0x61, 0x08, 0x61, 0x08, 0x61, 0x08, 0x61, 0x08, 0x61, 0x08, 0x61, 0x08,
    0x61, 0x08, 0x61, 0x08, 0x61, 0x08, 0x61, 0x08, 0x61, 0x08, 0x61, 0x08, 0x61, 0x08, 0x61, 0x08,
    0x61, 0x08, 0x61, 0x08, 0x61, 0x08, 0x61, 0x08, 0x61, 0x08, 0x61, 0x08, 0x61, 0x08, 0x61, 0x08,
    0x61, 0x08, 0x61, 0x08, 0x61, 0x08, 0x61, 0x08, 0x61, 0x08, 0x61, 0x08, 0x61, 0x08, 0x61, 0x08,
    0x61, 0x08, 0x61, 0x08, 0x61, 0x08, 0x61, 0x08, 0x61, 0x08, 0x61, 0x08, 0x61, 0x08, 0x61, 0x08,
    0x61, 0x08, 0x61, 0x08, 0x61, 0x08, 0x61, 0x08, 0x61, 0x08, 0x61, 0x08, 0x61, 0x08, 0x61, 0x08,
    0x61, 0x08, 0x61, 0x08, 0x61, 0x08, 0x61, 0x08, 0x61, 0x08, 0x61, 0x08, 0x61, 0x08, 0x61, 0x08,
    0x61, 0x08, 0x61, 0x08, 0x61, 0x08, 0x61, 0x08, 0x61, 0x08, 0x61, 0x08, 0x61, 0x08, 0x61, 0x08,
    0x61, 0x08, 0x61, 0x08, 0x61, 0x08, 0x61, 0x08, 0x61, 0x08, 0x61, 0x08, 0x61, 0x08, 0x61, 0x08,
    0x61, 0x08, 0x61, 0x08, 0x61, 0x08, 0x61, 0x08, 0x61, 0x08, 0x61, 0x08, 0x61, 0x08, 0x61, 0x08,
    0x61, 0x08, 0x61, 0x08, 0x61, 0x08, 0x61, 0x08, 0x61, 0x08, 0x61, 0x08, 0x61, 0x08, 0x61, 0x08,
    0x61, 0x08, 0x61, 0x08, 0x61, 0x08, 0x61, 0x08, 0x61, 0x08, 0x61, 0x08, 0x61, 0x08, 0x61, 0x08,
    0x61, 0x08, 0x61, 0x08, 0x61, 0x08, 0x61, 0x08, 0x61, 0x08, 0x61, 0x08, 0x61, 0x08, 0x61, 0x08,
    0x61, 0x08, 0x61, 0x08, 0x61, 0x08, 0x61, 0x08, 0x61, 0x08, 0x61, 0x08, 0x61, 0x08, 0x61, 0x08,
    0x61, 0x08, 0x61, 0x08, 0x61, 0x08, 0x61, 0x08, 0x61, 0x08, 0x61, 0x08, 0x61, 0x08, 0x61, 0x08,
    0x61, 0x08, 0x61, 0x08, 0x61, 0x08, 0x61, 0x08, 0x61, 0x08, 0x61, 0x08, 0x61, 0x08, 0x61, 0x08,
    0x61, 0x08, 0x61, 0x08, 0x61, 0x08, 0x61, 0x08, 0x61, 0x08, 0x61, 0x08, 0x61, 0x08, 0x61, 0x08,
    0x61, 0x08, 0x61, 0x08, 0x61, 0x08, 0x61, 0x08, 0x61, 0x08, 0x61, 0x08, 0x61, 0x08, 0x61, 0x08,
    0x61, 0x08, 0x61, 0x08, 0x61, 0x08, 0x61, 0x08, 0x61, 0x08, 0x61, 0x08, 0x61, 0x08, 0x61, 0x08,
    0x61, 0x08, 0x61, 0x08, 0x61, 0x08, 0x61, 0x08, 0x61, 0x08, 0x61, 0x08, 0x61, 0x08, 0x61, 0x08,
    0x61, 0x08, 0x61, 0x08, 0x61, 0x08, 0x61, 0x08, 0x61, 0x08, 0x61, 0x08, 0x61, 0x08, 0x61, 0x08,
    0x61, 0x08, 0x61, 0x08, 0x61, 0x08, 0x61, 0x08, 0x61, 0x08, 0x61, 0x08, 0x61, 0x08, 0x61, 0x08,
    0x61, 0x08, 0x61, 0x08, 0x61, 0x08, 0x61, 0x08, 0x61, 0x08, 0x61, 0x08, 0x61, 0x08, 0x61, 0x08,
    0x61, 0x08, 0x61, 0x08, 0x61, 0x08, 0x61, 0x08, 0x61, 0x08, 0x61, 0x08, 0x61, 0x08, 0x61, 0x08,
    0x61, 0x08, 0x61, 0x08, 0x61, 0x08, 0x61, 0x08, 0x61, 0x08, 0x61, 0x08, 0x61, 0x08, 0x61, 0x08,
    0x61, 0x08, 0x61, 0x08, 0x61, 0x08, 0x61, 0x08, 0x61, 0x08, 0x61, 0x08, 0x61, 0x08, 0x61, 0x08,
    0x61, 0x08, 0x61, 0x08, 0x61, 0x08, 0x61, 0x08, 0x61, 0x08, 0x61, 0x08, 0x61, 0x08, 0x61, 0x08,
    0x61, 0x08, 0x61, 0x08, 0x61, 0x08, 0x61, 0x08, 0x61, 0x08, 0x61, 0x08, 0x61, 0x08, 0x61, 0x08,
    0x61, 0x08, 0x61, 0x08, 0x61, 0x08, 0x61, 0x08, 0x61, 0x08, 0x61, 0x08, 0x61, 0x08, 0x61, 0x08,
    0x61, 0x08, 0x61, 0x08, 0x61, 0x08, 0x61, 0x08, 0x61, 0x08, 0x61, 0x08, 0x61, 0x08, 0x61, 0x08,
    0x61, 0x08, 0x61, 0x08, 0x61, 0x08, 0x61, 0x08, 0x61, 0x08, 0x61, 0x08, 0x61, 0x08, 0x61, 0x08,
    0x61, 0x08, 0x61, 0x08, 0x61, 0x08, 0x61, 0x08, 0x61, 0x08, 0x61, 0x08, 0x61, 0x08, 0x61, 0x08,
    0x61, 0x08, 0x61, 0x08, 0x61, 0x08, 0x61, 0x08, 0x61, 0x08, 0x61, 0x08, 0x61, 0x08, 0x61, 0x08,
    0x61, 0x08, 0x61, 0x08, 0x61, 0x08, 0x61, 0x08, 0x61, 0x08, 0x61, 0x08, 0x61, 0x08, 0x61, 0x08,
    0x61, 0x08, 0x61, 0x08, 0x61, 0x08, 0x61, 0x08, 0x61, 0x08, 0x61, 0x08, 0x61, 0x08, 0x61, 0x08,
    0x61, 0x08, 0x61, 0x08, 0x61, 0x08, 0x61, 0x08, 0x61, 0x08, 0x61, 0x08, 0x61, 0x08, 0x61, 0x08,
    0x61, 0x08, 0x61, 0x08, 0x61, 0x08, 0x61, 0x08, 0x61, 0x08, 0x61, 0x08, 0x61, 0x08, 0x61, 0x08,
    0x61, 0x08, 0x61, 0x08, 0x61, 0x08, 0x61, 0x08, 0x61, 0x08, 0x61, 0x08, 0x61, 0x08, 0x61, 0x08,
    0x61, 0x08, 0x61, 0x08, 0x61, 0x08, 0x61, 0x08, 0x61, 0x08, 0x61, 0x08, 0x61, 0x08, 0x61, 0x08,
    0x61, 0x08, 0x61, 0x08, 0x61, 0x08, 0x61, 0x08, 0x61, 0x08, 0x61, 0x08, 0x61, 0x08, 0x61, 0x08,
    0x61, 0x08, 0x61, 0x08, 0x61, 0x08, 0x61, 0x08, 0x61, 0x08, 0x61, 0x08, 0x61, 0x08, 0x61, 0x08,
    0x61, 0x08, 0x61, 0x08, 0x61, 0x08, 0x61, 0x08, 0x61, 0x08, 0x61, 0x08, 0x61, 0x08, 0x61, 0x08,
    0x61, 0x08, 0x61, 0x08, 0x61, 0x08, 0x61, 0x08, 0x61, 0x08, 0x61, 0x08, 0x61, 0x08, 0x61, 0x08,
    0x61, 0x08, 0x61, 0x08, 0x61, 0x08, 0x61, 0x08, 0x61, 0x08, 0x61, 0x08, 0x61, 0x08, 0x61, 0x08,
    0x61, 0x08, 0x61, 0x08, 0x61, 0x08, 0x61, 0x08, 0x61, 0x08, 0x61, 0x08, 0x61, 0x08, 0x61, 0x08,
    0x61, 0x08, 0x61, 0x08, 0x61, 0x08, 0x61, 0x08, 0x61, 0x08, 0x61, 0x08, 0x61, 0x08, 0x61, 0x08,
    0x61, 0x08, 0x61, 0x08, 0x61, 0x08, 0x61, 0x08, 0x61, 0x08, 0x61, 0x08, 0x61, 0x08, 0x61, 0x08,
    0x61, 0x08, 0x61, 0x08, 0x61, 0x08, 0x61, 0x08, 0x61, 0x08, 0x61, 0x08, 0x61, 0x08, 0x61, 0x08,
    0x61, 0x08, 0x61, 0x08, 0x61, 0x08, 0x61, 0x08, 0x61, 0x08, 0x61, 0x08, 0x61, 0x08, 0x61, 0x08,
    0x61, 0x08, 0x61, 0x08, 0x61, 0x08, 0x61, 0x08, 0x61, 0x08, 0x61, 0x08, 0x61, 0x08, 0x61, 0x08,
    0x61, 0x08, 0x61, 0x08, 0x61, 0x08, 0x61, 0x08, 0x61, 0x08, 0x61, 0x08, 0x61, 0x08, 0x61, 0x08,
    0x61, 0x08, 0x61, 0x08, 0x61, 0x08, 0x61, 0x08, 0x61, 0x08, 0x61, 0x08, 0x61, 0x08, 0x61, 0x08,
    0x61, 0x08, 0x61, 0x08, 0x61, 0x08, 0x61, 0x08, 0x61, 0x08, 0x61, 0x08, 0x61, 0x08, 0x61, 0x08,
    0x61, 0x08, 0x61, 0x08, 0x61, 0x08, 0x61, 0x08, 0x61, 0x08, 0x61, 0x08, 0x61, 0x08, 0x61, 0x08,
    0x61, 0x08, 0x61, 0x08, 0x61, 0x08, 0x61, 0x08, 0x61, 0x08, 0x61, 0x08, 0x61, 0x08, 0x61, 0x08,
    0x61, 0x08, 0x61, 0x08, 0x61, 0x08, 0x61, 0x08, 0x61, 0x08, 0x61, 0x08, 0x61, 0x08, 0x61, 0x08,
    0x61, 0x08, 0x61, 0x08, 0x61, 0x08, 0x61, 0x08, 0x61, 0x08, 0x61, 0x08, 0x61, 0x08, 0x61, 0x08,
    0x61, 0x08, 0x61, 0x08, 0x61, 0x08, 0x61, 0x08, 0x61, 0x08, 0x61, 0x08, 0x61, 0x08, 0x61, 0x08,
    0x61, 0x08, 0x61, 0x08, 0x61, 0x08, 0x61, 0x08, 0x61, 0x08, 0x61, 0x08, 0x61, 0x08, 0x61, 0x08,
    0x61, 0x08, 0x61, 0x08, 0x61, 0x08, 0x61, 0x08, 0x61, 0x08, 0x61, 0x08, 0x61, 0x08, 0x61, 0x08,
    0x61, 0x08, 0x61, 0x08, 0x61, 0x08, 0x61, 0x08, 0x61, 0x08, 0x61, 0x08, 0x61, 0x08, 0x61, 0x08,
    0x61, 0x08, 0x61, 0x08, 0x61, 0x08, 0x61, 0x08, 0x61, 0x08, 0x61, 0x08, 0x61, 0x08, 0x61, 0x08,
    0x61, 0x08, 0x61, 0x08, 0x61, 0x08, 0x61, 0x08, 0x61, 0x08, 0x61, 0x08, 0x61, 0x08, 0x61, 0x08,
    0x61, 0x08, 0x61, 0x08, 0x61, 0x08, 0x61, 0x08, 0x61, 0x08, 0x61, 0x08, 0x61, 0x08, 0x61, 0x08,
    0x61, 0x08, 0x61, 0x08, 0x61, 0x08, 0x61, 0x08, 0x61, 0x08, 0x61, 0x08, 0x61, 0x08, 0x61, 0x08,
    0x61, 0x08, 0x61, 0x08, 0x61, 0x08, 0x61, 0x08, 0x61, 0x08, 0x61, 0x08, 0x61, 0x08, 0x61, 0x08,
    0x61, 0x08, 0x61, 0x08, 0x61, 0x08, 0x61, 0x08, 0x61, 0x08, 0x61, 0x08, 0x61, 0x08, 0x61, 0x08,
    0x61, 0x08, 0x61, 0x08, 0x61, 0x08, 0x61, 0x08, 0x61, 0x08, 0x61, 0x08, 0x61, 0x08, 0x61, 0x08,
    0x61, 0x08, 0x61, 0x08, 0x61, 0x08, 0x61, 0x08, 0x61, 0x08, 0x61, 0x08, 0x61, 0x08, 0x61, 0x08,
    0x61, 0x08, 0x61, 0x08, 0x61, 0x08, 0x61, 0x08, 0x61, 0x08, 0x61, 0x08, 0x61, 0x08, 0x61, 0x08,
    0x61, 0x08, 0x61, 0x08, 0x61, 0x08, 0x61, 0x08, 0x61, 0x08, 0x61, 0x08, 0x61, 0x08, 0x61, 0x08,
    0x61, 0x08, 0x61, 0x08, 0x61, 0x08, 0x61, 0x08, 0x61, 0x08, 0x61, 0x08, 0x61, 0x08, 0x61, 0x08,
    0x61, 0x08, 0x61, 0x08, 0x61, 0x08, 0x61, 0x08, 0x61, 0x08, 0x61, 0x08, 0x61, 0x08, 0x61, 0x08,
    0x61, 0x08, 0x61, 0x08, 0x61, 0x08, 0x61, 0x08, 0x61, 0x08, 0x61, 0x08, 0x61, 0x08, 0x61, 0x08,
    0x61, 0x08, 0x61, 0x08, 0x61, 0x08, 0x61, 0x08, 0x61, 0x08, 0x61, 0x08, 0x61, 0x08, 0x61, 0x08,
    0x61, 0x08, 0x61, 0x08, 0x61, 0x08, 0x61, 0x08, 0x61, 0x08, 0x61, 0x08, 0x61, 0x08, 0x61, 0x08,
    0x61, 0x08, 0x61, 0x08, 0x61, 0x08, 0x61, 0x08, 0x61, 0x08, 0x61, 0x08, 0x61, 0x08, 0x61, 0x08,
    0x61, 0x08, 0x61, 0x08, 0x61, 0x08, 0x61, 0x08, 0x61, 0x08, 0x61, 0x08, 0x61, 0x08, 0x61, 0x08,
    0x61, 0x08, 0x61, 0x08, 0x61, 0x08, 0x61, 0x08, 0x61, 0x08, 0x61, 0x08, 0x61, 0x08, 0x61, 0x08,
    0x61, 0x08, 0x61, 0x08, 0x61, 0x08, 0x61, 0x08, 0x61, 0x08, 0x61, 0x08, 0x61, 0x08, 0x61, 0x08,
    0x61, 0x08, 0x61, 0x08, 0x61, 0x08, 0x61, 0x08, 0x61, 0x08, 0x61, 0x08, 0x61, 0x08, 0x61, 0x08,
    0x61, 0x08, 0x61, 0x08, 0x61, 0x08, 0x61, 0x08, 0x61, 0x08, 0x61, 0x08, 0x61, 0x08, 0x61, 0x08,
    0x61, 0x08, 0x61, 0x08, 0x61, 0x08, 0x61, 0x08, 0x61, 0x08, 0x61, 0x08, 0x61, 0x08, 0x61, 0x08,
    0x61, 0x08, 0x61, 0x08, 0x61, 0x08, 0x61, 0x08, 0x61, 0x08, 0x61, 0x08, 0x61, 0x08, 0x61, 0x08,
    0x61, 0x08, 0x61, 0x08, 0x61, 0x08, 0x61, 0x08, 0x61, 0x08, 0x61, 0x08, 0x61, 0x08, 0x61, 0x08,
    0x61, 0x08, 0x61, 0x08, 0x61, 0x08, 0x61, 0x08, 0x61, 0x08, 0x61, 0x08, 0x61, 0x08, 0x61, 0x08,
    0x61, 0x08, 0x61, 0x08, 0x61, 0x08, 0x61, 0x08, 0x61, 0x08, 0x61, 0x08, 0x61, 0x08, 0x61, 0x08,
    0x61, 0x08, 0x61, 0x08, 0x61, 0x08, 0x61, 0x08, 0x61, 0x08, 0x61, 0x08, 0x61, 0x08, 0x61, 0x08,
    0x61, 0x08, 0x61, 0x08, 0x61, 0x08, 0x61, 0x08, 0x61, 0x08, 0x61, 0x08, 0x61, 0x08, 0x61, 0x08,
    0x61, 0x08, 0x61, 0x08, 0x61, 0x08, 0x61, 0x08, 0x61, 0x08, 0x61, 0x08, 0x61, 0x08, 0x61, 0x08,
    0x61, 0x08, 0x61, 0x08, 0x61, 0x08, 0x61, 0x08, 0x61, 0x08, 0x61, 0x08, 0x61, 0x08, 0x61, 0x08,
    0x61, 0x08, 0x61, 0x08, 0x61, 0x08, 0x61, 0x08, 0x61, 0x08, 0x61, 0x08, 0x61, 0x08, 0x61, 0x08,
    0x61, 0x08, 0x61, 0x08, 0x61, 0x08, 0x61, 0x08, 0x61, 0x08, 0x61, 0x08, 0x61, 0x08, 0x61, 0x08,
    0x61, 0x08, 0x61, 0x08, 0x61, 0x08, 0x61, 0x08, 0x61, 0x08, 0x61, 0x08, 0x61, 0x08, 0x61, 0x08,
    0x61, 0x08, 0x61, 0x08, 0x61, 0x08, 0x61, 0x08, 0x61, 0x08, 0x61, 0x08, 0x61, 0x08, 0x61, 0x08,
    0x61, 0x08, 0x61, 0x08, 0x61, 0x08, 0x61, 0x08, 0x61, 0x08, 0x61, 0x08, 0x61, 0x08, 0x61, 0x08,
    0x61, 0x08, 0x61, 0x08, 0x61, 0x08, 0x61, 0x08, 0x61, 0x08, 0x61, 0x08, 0x61, 0x08, 0x61, 0x08,
    0x61, 0x08, 0x61, 0x08, 0x61, 0x08, 0x61, 0x08, 0x61, 0x08, 0x61, 0x08, 0x61, 0x08, 0x61, 0x08,
    0x61, 0x08, 0x61, 0x08, 0x61, 0x08, 0x61, 0x08, 0x61, 0x08, 0x61, 0x08, 0x61, 0x08, 0x61, 0x08,
    0x61, 0x08, 0x61, 0x08, 0x61, 0x08, 0x61, 0x08, 0x61, 0x08, 0x61, 0x08, 0x61, 0x08, 0x61, 0x08,
    0x61, 0x08, 0x61, 0x08, 0x61, 0x08, 0x61, 0x08, 0x61, 0x08, 0x61, 0x08, 0x61, 0x08, 0x61, 0x08,
    0x61, 0x08, 0x61, 0x08, 0x61, 0x08, 0x61, 0x08, 0x61, 0x08, 0x61, 0x08, 0x61, 0x08, 0x61, 0x08,
    0x61, 0x08, 0x61, 0x08, 0x61, 0x08, 0x61, 0x08, 0x61, 0x08, 0x61, 0x08, 0x61, 0x08, 0x61, 0x08,
    0x61, 0x08, 0x61, 0x08, 0x61, 0x08, 0x61, 0x08, 0x61, 0x08, 0x61, 0x08, 0x61, 0x08, 0x61, 0x08,
    0x61, 0x08, 0x61, 0x08, 0x61, 0x08, 0x61, 0x08, 0x61, 0x08, 0x61, 0x08, 0x61, 0x08, 0x61, 0x08,
    0x61, 0x08, 0x61, 0x08, 0x61, 0x08, 0x61, 0x08, 0x61, 0x08, 0x61, 0x08, 0x61, 0x08, 0x61, 0x08,
    0x61, 0x08, 0x61, 0x08, 0x61, 0x08, 0x61, 0x08, 0x61, 0x08, 0x61, 0x08, 0x61, 0x08, 0x61, 0x08,
    0x61, 0x08, 0x61, 0x08, 0x61, 0x08, 0x61, 0x08, 0x61, 0x08, 0x61, 0x08, 0x61, 0x08, 0x61, 0x08,
    0x61, 0x08, 0x61, 0x08, 0x61, 0x08, 0x61, 0x08, 0x61, 0x08, 0x61, 0x08, 0x61, 0x08, 0x61, 0x08,
    0x61, 0x08, 0x61, 0x08, 0x61, 0x08, 0x61, 0x08, 0x61, 0x08, 0x61, 0x08, 0x61, 0x08, 0x61, 0x08,
    0x61, 0x08, 0x61, 0x08, 0x61, 0x08, 0x61, 0x08, 0x61, 0x08, 0x61, 0x08, 0x61, 0x08, 0x61, 0x08,
    0x61, 0x08, 0x61, 0x08, 0x61, 0x08, 0x61, 0x08, 0x61, 0x08, 0x61, 0x08, 0x61, 0x08, 0x61, 0x08,
    0x61, 0x08, 0x61, 0x08, 0x61, 0x08, 0x61, 0x08, 0x61, 0x08, 0x61, 0x08, 0x61, 0x08, 0x61, 0x08,
    0x61, 0x08, 0x61, 0x08, 0x61, 0x08, 0x61, 0x08, 0x61, 0x08, 0x61, 0x08, 0x61, 0x08, 0x61, 0x08,
    0x61, 0x08, 0x61, 0x08, 0x61, 0x08, 0x61, 0x08, 0x61, 0x08, 0x61, 0x08, 0x61, 0x08, 0x61, 0x08,
    0x61, 0x08, 0x61, 0x08, 0x61, 0x08, 0x61, 0x08, 0x61, 0x08, 0x61, 0x08, 0x61, 0x08, 0x61, 0x08,
    0x61, 0x08, 0x61, 0x08, 0x61, 0x08, 0x61, 0x08, 0x61, 0x08, 0x61, 0x08, 0x61, 0x08, 0x61, 0x08,
    0x61, 0x08, 0x61, 0x08, 0x61, 0x08, 0x61, 0x08, 0x61, 0x08, 0x61, 0x08, 0x61, 0x08, 0x61, 0x08,
    0x61, 0x08, 0x61, 0x08, 0x61, 0x08, 0x61, 0x08, 0x61, 0x08, 0x61, 0x08, 0x61, 0x08, 0x61, 0x08,
    0x61, 0x08, 0x61, 0x08, 0x61, 0x08, 0x61, 0x08, 0x61, 0x08, 0x61, 0x08, 0x61, 0x08, 0x61, 0x08,
    0x61, 0x08, 0x61, 0x08, 0x61, 0x08, 0x61, 0x08, 0x61, 0x08, 0x61, 0x08, 0x61, 0x08, 0x61, 0x08,
    0x61, 0x08, 0x61, 0x08, 0x61, 0x08, 0x61, 0x08, 0x61, 0x08, 0x61, 0x08, 0x61, 0x08, 0x61, 0x08,
    0x61, 0x08, 0x61, 0x08, 0x61, 0x08, 0x61, 0x08, 0x61, 0x08, 0x61, 0x08, 0x61, 0x08, 0x61, 0x08,
    0x61, 0x08, 0x61, 0x08, 0x61, 0x08, 0x61, 0x08, 0x61, 0x08, 0x61, 0x08, 0x61, 0x08, 0x61, 0x08,
    0x61, 0x08, 0x61, 0x08, 0x61, 0x08, 0x61, 0x08, 0x61, 0x08, 0x61, 0x08, 0x61, 0x08, 0x61, 0x08,
    0x61, 0x08, 0x61, 0x08, 0x61, 0x08, 0x61, 0x08, 0x61, 0x08, 0x61, 0x08, 0x61, 0x08, 0x61, 0x08,
    0x61, 0x08, 0x61, 0x08, 0x61, 0x08, 0x61, 0x08, 0x61, 0x08, 0x61, 0x08, 0x61, 0x08, 0x61, 0x08,
    0x61, 0x08, 0x61, 0x08, 0x61, 0x08, 0x61, 0x08, 0x61, 0x08, 0x61, 0x08, 0x61, 0x08, 0x61, 0x08,
    0x61, 0x08, 0x61, 0x08, 0x61, 0x08, 0x61, 0x08, 0x61, 0x08, 0x61, 0x08, 0x61, 0x08, 0x61, 0x08,
    0x61, 0x08, 0x61, 0x08, 0x61, 0x08, 0x61, 0x08, 0x61, 0x08, 0x61, 0x08, 0x61, 0x08, 0x61, 0x08,
    0x61, 0x08, 0x61, 0x08, 0x61, 0x08, 0x61, 0x08, 0x61, 0x08, 0x61, 0x08, 0x61, 0x08, 0x61, 0x08,
    0x61, 0x08, 0x61, 0x08, 0x61, 0x08, 0x61, 0x08, 0x61, 0x08, 0x61, 0x08, 0x61, 0x08, 0x61, 0x08,
    0x61, 0x08, 0x61, 0x08, 0x61, 0x08, 0x61, 0x08, 0x61, 0x08, 0x61, 0x08, 0x61, 0x08, 0x61, 0x08,
    0x61, 0x08, 0x61, 0x08, 0x61, 0x08, 0x61, 0x08, 0x61, 0x08, 0x61, 0x08, 0x61, 0x08, 0x61, 0x08,
    0x61, 0x08, 0x61, 0x08, 0x61, 0x08, 0x61, 0x08, 0x61, 0x08, 0x61, 0x08, 0x61, 0x08, 0x61, 0x08,
    0x61, 0x08, 0x61, 0x08, 0x61, 0x08, 0x61, 0x08, 0x61, 0x08, 0x61, 0x08, 0x61, 0x08, 0x61, 0x08,
    0x61, 0x08, 0x61, 0x08, 0x61, 0x08, 0x61, 0x08, 0x61, 0x08, 0x61, 0x08, 0x61, 0x08, 0x61, 0x08,
    0x61, 0x08, 0x61, 0x08, 0x61, 0x08, 0x61, 0x08, 0x61, 0x08, 0x61, 0x08, 0x61, 0x08, 0x61, 0x08,
    0x61, 0x08, 0x61, 0x08, 0x61, 0x08, 0x61, 0x08, 0x61, 0x08, 0x61, 0x08, 0x61, 0x08, 0x61, 0x08,
    0x61, 0x08, 0x61, 0x08, 0x61, 0x08, 0x61, 0x08, 0x61, 0x08, 0x61, 0x08, 0x61, 0x08, 0x61, 0x08,
    0x61, 0x08, 0x61, 0x08, 0x61, 0x08, 0x61, 0x08, 0x61, 0x08, 0x61, 0x08, 0x61, 0x08, 0x61, 0x08,
    0x61, 0x08, 0x61, 0x08, 0x61, 0x08, 0x61, 0x08, 0x61, 0x08, 0x61, 0x08, 0x61, 0x08, 0x61, 0x08,
    0x61, 0x08, 0x61, 0x08, 0x61, 0x08, 0x61, 0x08, 0x61, 0x08, 0x61, 0x08, 0x61, 0x08, 0x61, 0x08,
    0x61, 0x08, 0x61, 0x08, 0x61, 0x08, 0x61, 0x08, 0x61, 0x08, 0x61, 0x08, 0x61, 0x08, 0x61, 0x08,
    0x61, 0x08, 0x61, 0x08, 0x61, 0x08, 0x61, 0x08, 0x61, 0x08, 0x61, 0x08, 0x61, 0x08, 0x61, 0x08,
    0x61, 0x08, 0x61, 0x08, 0x61, 0x08, 0x61, 0x08, 0x61, 0x08, 0x61, 0x08, 0x61, 0x08, 0x61, 0x08,
    0x61, 0x08, 0x61, 0x08, 0x61, 0x08, 0x61, 0x08, 0x61, 0x08, 0x61, 0x08, 0x61, 0x08, 0x61, 0x08,
    0x61, 0x08, 0x61, 0x08, 0x61, 0x08, 0x61, 0x08, 0x61, 0x08, 0x61, 0x08, 0x61, 0x08, 0x61, 0x08,
    0x61, 0x08, 0x61, 0x08, 0x61, 0x08, 0x61, 0x08, 0x61, 0x08, 0x61, 0x08, 0x61, 0x08, 0x61, 0x08,
    0x61, 0x08, 0x61, 0x08, 0x61, 0x08, 0x61, 0x08, 0x61, 0x08, 0x61, 0x08, 0x61, 0x08, 0x61, 0x08,
    0x61, 0x08, 0x61, 0x08, 0x61, 0x08, 0x61, 0x08, 0x61, 0x08, 0x61, 0x08, 0x61, 0x08, 0x61, 0x08,
    0x61, 0x08, 0x61, 0x08, 0x61, 0x08, 0x61, 0x08, 0x61, 0x08, 0x61, 0x08, 0x61, 0x08, 0x61, 0x08,
    0x61, 0x08, 0x61, 0x08, 0x61, 0x08, 0x61, 0x08, 0x61, 0x08, 0x61, 0x08, 0x61, 0x08, 0x61, 0x08,
    0x61, 0x08, 0x61, 0x08, 0x61, 0x08, 0x61, 0x08, 0x61, 0x08, 0x61, 0x08, 0x61, 0x08, 0x61, 0x08,
    0x61, 0x08, 0x61, 0x08, 0x61, 0x08, 0x61, 0x08, 0x61, 0x08, 0x61, 0x08, 0x61, 0x08, 0x61, 0x08,
    0x61, 0x08, 0x61, 0x08, 0x61, 0x08, 0x61, 0x08, 0x61, 0x08, 0x61, 0x08, 0x61, 0x08, 0x61, 0x08,
    0x61, 0x08, 0x61, 0x08, 0x61, 0x08, 0x61, 0x08, 0x61, 0x08, 0x61, 0x08, 0x61, 0x08, 0x61, 0x08,
    0x61, 0x08, 0x61, 0x08, 0x61, 0x08, 0x61, 0x08, 0x61, 0x08, 0x61, 0x08, 0x61, 0x08, 0x61, 0x08,
    0x61, 0x08, 0x61, 0x08, 0x61, 0x08, 0x61, 0x08, 0x61, 0x08, 0x61, 0x08, 0x61, 0x08, 0x61, 0x08,
    0x61, 0x08, 0x61, 0x08, 0x61, 0x08, 0x61, 0x08, 0x61, 0x08, 0x61, 0x08, 0x61, 0x08, 0x61, 0x08,
    0x61, 0x08, 0x61, 0x08, 0x61, 0x08, 0x61, 0x08, 0x61, 0x08, 0x61, 0x08, 0x61, 0x08, 0x61, 0x08,
    0x61, 0x08, 0x61, 0x08, 0x61, 0x08, 0x61, 0x08, 0x61, 0x08, 0x61, 0x08, 0x61, 0x08, 0x61, 0x08,
    0x61, 0x08, 0x61, 0x08, 0x61, 0x08, 0x61, 0x08, 0x61, 0x08, 0x61, 0x08, 0x61, 0x08, 0x61, 0x08,
    0x61, 0x08, 0x61, 0x08, 0x61, 0x08, 0x61, 0x08, 0x61, 0x08, 0x61, 0x08, 0x61, 0x08, 0x61, 0x08,
    0x61, 0x08, 0x61, 0x08, 0x61, 0x08, 0x61, 0x08, 0x61, 0x08, 0x61, 0x08, 0x61, 0x08, 0x61, 0x08,
    0x61, 0x08, 0x61, 0x08, 0x61, 0x08, 0x61, 0x08, 0x61, 0x08, 0x61, 0x08, 0x61, 0x08, 0x61, 0x08,
    0x61, 0x08, 0x61, 0x08, 0x61, 0x08, 0x61, 0x08, 0x61, 0x08, 0x61, 0x08, 0x61, 0x08, 0x61, 0x08,
    0x61, 0x08, 0x61, 0x08, 0x61, 0x08, 0x61, 0x08, 0x61, 0x08, 0x61, 0x08, 0x61, 0x08, 0x61, 0x08,
    0x61, 0x08, 0x61, 0x08, 0x61, 0x08, 0x61, 0x08, 0x61, 0x08, 0x61, 0x08, 0x61, 0x08, 0x61, 0x08,
    0x61, 0x08, 0x61, 0x08, 0x61, 0x08, 0x61, 0x08, 0x61, 0x08, 0x61, 0x08, 0x61, 0x08, 0x61, 0x08,
    0x61, 0x08, 0x61, 0x08, 0x61, 0x08, 0x61, 0x08, 0x61, 0x08, 0x61, 0x08, 0x61, 0x08, 0x61, 0x08,
    0x61, 0x08, 0x61, 0x08, 0x61, 0x08, 0x61, 0x08, 0x61, 0x08, 0x61, 0x08, 0x61, 0x08, 0x61, 0x08,
    0x61, 0x08, 0x61, 0x08, 0x61, 0x08, 0x61, 0x08, 0x61, 0x08, 0x61, 0x08, 0x61, 0x08, 0x61, 0x08,
    0x61, 0x08, 0x61, 0x08, 0x61, 0x08, 0x61, 0x08, 0x61, 0x08, 0x61, 0x08, 0x61, 0x08, 0x61, 0x08,
    0x61, 0x08, 0x61, 0x08, 0x61, 0x08, 0x61, 0x08, 0x61, 0x08, 0x61, 0x08, 0x61, 0x08, 0x61, 0x08,
    0x61, 0x08, 0x61, 0x08, 0x61, 0x08, 0x61, 0x08, 0x61, 0x08, 0x61, 0x08, 0x61, 0x08, 0x61, 0x08,
    0x61, 0x08, 0x61, 0x08, 0x61, 0x08, 0x61, 0x08, 0x61, 0x08, 0x61, 0x08, 0x61, 0x08, 0x61, 0x08,
    0x61, 0x08, 0x61, 0x08, 0x61, 0x08, 0x61, 0x08, 0x61, 0x08, 0x61, 0x08, 0x61, 0x08, 0x61, 0x08,
    0x61, 0x08, 0x61, 0x08, 0x61, 0x08, 0x61, 0x08, 0x61, 0x08, 0x61, 0x08, 0x61, 0x08, 0x61, 0x08,
    0x61, 0x08, 0x61, 0x08, 0x61, 0x08, 0x61, 0x08, 0x61, 0x08, 0x61, 0x08, 0x61, 0x08, 0x61, 0x08,
    0x61, 0x08, 0x61, 0x08, 0x61, 0x08, 0x61, 0x08, 0x61, 0x08, 0x61, 0x08, 0x61, 0x08, 0x61, 0x08,
    0x61, 0x08, 0x61, 0x08, 0x61, 0x08, 0x61, 0x08, 0x61, 0x08, 0x61, 0x08, 0x61, 0x08, 0x61, 0x08,
    0x61, 0x08, 0x61, 0x08, 0x61, 0x08, 0x61, 0x08, 0x61, 0x08, 0x61, 0x08, 0x61, 0x08, 0x61, 0x08,
    0x61, 0x08, 0x61, 0x08, 0x61, 0x08, 0x61, 0x08, 0x61, 0x08, 0x61, 0x08, 0x61, 0x08, 0x61, 0x08,
    0x61, 0x08, 0x61, 0x08, 0x61, 0x08, 0x61, 0x08, 0x61, 0x08, 0x61, 0x08, 0x61, 0x08, 0x61, 0x08,
    0x61, 0x08, 0x61, 0x08, 0x61, 0x08, 0x61, 0x08, 0x61, 0x08, 0x61, 0x08, 0x61, 0x08, 0x61, 0x08,
    0x61, 0x08, 0x61, 0x08, 0x61, 0x08, 0x61, 0x08, 0x61, 0x08, 0x61, 0x08, 0x61, 0x08, 0x61, 0x08,
    0x61, 0x08, 0x61, 0x08, 0x61, 0x08, 0x61, 0x08, 0x61, 0x08, 0x61, 0x08, 0x61, 0x08, 0x61, 0x08,
    0x61, 0x08, 0x61, 0x08, 0x61, 0x08, 0x61, 0x08, 0x61, 0x08, 0x61, 0x08, 0x61, 0x08, 0x61, 0x08,
    0x61, 0x08, 0x61, 0x08, 0x61, 0x08, 0x61, 0x08, 0x61, 0x08, 0x61, 0x08, 0x61, 0x08, 0x61, 0x08,
    0x61, 0x08, 0x61, 0x08, 0x61, 0x08, 0x61, 0x08, 0x61, 0x08, 0x61, 0x08, 0x61, 0x08, 0x61, 0x08,
    0x61, 0x08, 0x61, 0x08, 0x61, 0x08, 0x61, 0x08, 0x61, 0x08, 0x61, 0x08, 0x61, 0x08, 0x61, 0x08,
    0x61, 0x08, 0x61, 0x08, 0x61, 0x08, 0x61, 0x08, 0x61, 0x08, 0x61, 0x08, 0x61, 0x08, 0x61, 0x08,
    0x61, 0x08, 0x61, 0x08, 0x61, 0x08, 0x61, 0x08, 0x61, 0x08, 0x61, 0x08, 0x61, 0x08, 0x61, 0x08,
    0x61, 0x08, 0x61, 0x08, 0x61, 0x08, 0x61, 0x08, 0x61, 0x08, 0x61, 0x08, 0x61, 0x08, 0x61, 0x08,
    0x61, 0x08, 0x61, 0x08, 0x61, 0x08, 0x61, 0x08, 0x61, 0x08, 0x61, 0x08, 0x61, 0x08, 0x61, 0x08,
    0x61, 0x08, 0x61, 0x08, 0x61, 0x08, 0x61, 0x08, 0x61, 0x08, 0x61, 0x08, 0x61, 0x08, 0x61, 0x08,
    0x61, 0x08, 0x61, 0x08, 0x61, 0x08, 0x61, 0x08, 0x61, 0x08, 0x61, 0x08, 0x61, 0x08, 0x61, 0x08,
    0x61, 0x08, 0x61, 0x08, 0x61, 0x08, 0x61, 0x08, 0x61, 0x08, 0x61, 0x08, 0x61, 0x08, 0x61, 0x08,
    0x61, 0x08, 0x61, 0x08, 0x61, 0x08, 0x61, 0x08, 0x61, 0x08, 0x61, 0x08, 0x61, 0x08, 0x61, 0x08,
    0x61, 0x08, 0x61, 0x08, 0x61, 0x08, 0x61, 0x08, 0x61, 0x08, 0x61, 0x08, 0x61, 0x08, 0x61, 0x08,
    0x61, 0x08, 0x61, 0x08, 0x61, 0x08, 0x61, 0x08, 0x61, 0x08, 0x61, 0x08, 0x61, 0x08, 0x61, 0x08,
    0x61, 0x08, 0x61, 0x08, 0x61, 0x08, 0x61, 0x08, 0x61, 0x08, 0x61, 0x08, 0x61, 0x08, 0x61, 0x08,
    0x61, 0x08, 0x61, 0x08, 0x61, 0x08, 0x61, 0x08, 0x61, 0x08, 0x61, 0x08, 0x61, 0x08, 0x61, 0x08,
    0x61, 0x08, 0x61, 0x08, 0x61, 0x08, 0x61, 0x08, 0x61, 0x08, 0x61, 0x08, 0x61, 0x08, 0x61, 0x08,
    0x61, 0x08, 0x61, 0x08, 0x61, 0x08, 0x61, 0x08, 0x61, 0x08, 0x61, 0x08, 0x61, 0x08, 0x61, 0x08,
    0x61, 0x08, 0x61, 0x08, 0x61, 0x08, 0x61, 0x08, 0x61, 0x08, 0x61, 0x08, 0x61, 0x08, 0x61, 0x08,
    0x61, 0x08, 0x61, 0x08, 0x61, 0x08, 0x61, 0x08, 0x61, 0x08, 0x61, 0x08, 0x61, 0x08, 0x61, 0x08,
    0x61, 0x08, 0x61, 0x08, 0x61, 0x08, 0x61, 0x08, 0x61, 0x08, 0x61, 0x08, 0x61, 0x08, 0x61, 0x08,
    0x61, 0x08, 0x61, 0x08, 0x61, 0x08, 0x61, 0x08, 0x61, 0x08, 0x61, 0x08, 0x61, 0x08, 0x61, 0x08,
    0x61, 0x08, 0x61, 0x08, 0x61, 0x08, 0x61, 0x08, 0x61, 0x08, 0x61, 0x08, 0x61, 0x08, 0x61, 0x08,
    0x61, 0x08, 0x61, 0x08, 0x61, 0x08, 0x61, 0x08, 0x61, 0x08, 0x61, 0x08, 0x61, 0x08, 0x61, 0x08,
    0x61, 0x08, 0x61, 0x08, 0x61, 0x08, 0x61, 0x08, 0x61, 0x08, 0x61, 0x08, 0x61, 0x08, 0x61, 0x08,
    0x61, 0x08, 0x61, 0x08, 0x61, 0x08, 0x61, 0x08, 0x61, 0x08, 0x61, 0x08, 0x61, 0x08, 0x61, 0x08,
    0x61, 0x08, 0x61, 0x08, 0x61, 0x08, 0x61, 0x08, 0x61, 0x08, 0x61, 0x08, 0x61, 0x08, 0x61, 0x08,
    0x61, 0x08, 0x61, 0x08, 0x61, 0x08, 0x61, 0x08, 0x61, 0x08, 0x61, 0x08, 0x61, 0x08, 0x61, 0x08,
    0x61, 0x08, 0x61, 0x08, 0x61, 0x08, 0x61, 0x08, 0x61, 0x08, 0x61, 0x08, 0x61, 0x08, 0x61, 0x08,
    0x61, 0x08, 0x61, 0x08, 0x61, 0x08, 0x61, 0x08, 0x61, 0x08, 0x61, 0x08, 0x61, 0x08, 0x61, 0x08,
    0x61, 0x08, 0x61, 0x08, 0x61, 0x08, 0x61, 0x08, 0x61, 0x08, 0x61, 0x08, 0x61, 0x08, 0x61, 0x08,
    0x61, 0x08, 0x61, 0x08, 0x61, 0x08, 0x61, 0x08, 0x61, 0x08, 0x61, 0x08, 0x61, 0x08, 0x61, 0x08,
    0x61, 0x08, 0x61, 0x08, 0x61, 0x08, 0x61, 0x08, 0x61, 0x08, 0x61, 0x08, 0x61, 0x08, 0x61, 0x08,
    0x61, 0x08, 0x61, 0x08, 0x61, 0x08, 0x61, 0x08, 0x61, 0x08, 0x61, 0x08, 0x61, 0x08, 0x61, 0x08,
    0x61, 0x08, 0x61, 0x08, 0x61, 0x08, 0x61, 0x08, 0x61, 0x08, 0x61, 0x08, 0x61, 0x08, 0x61, 0x08,
    0x61, 0x08, 0x61, 0x08, 0x61, 0x08, 0x61, 0x08, 0x61, 0x08, 0x61, 0x08, 0x61, 0x08, 0x61, 0x08,
    0x61, 0x08, 0x61, 0x08, 0x61, 0x08, 0x61, 0x08, 0x61, 0x08, 0x61, 0x08, 0x61, 0x08, 0x61, 0x08,
    0x61, 0x08, 0x61, 0x08, 0x61, 0x08, 0x61, 0x08, 0x61, 0x08, 0x61, 0x08, 0x61, 0x08, 0x61, 0x08,
    0x61, 0x08, 0x61, 0x08, 0x61, 0x08, 0x61, 0x08, 0x61, 0x08, 0x61, 0x08, 0x61, 0x08, 0x61, 0x08,
    0x61, 0x08, 0x61, 0x08, 0x61, 0x08, 0x61, 0x08, 0x61, 0x08, 0x61, 0x08, 0x61, 0x08, 0x61, 0x08,
    0x61, 0x08, 0x61, 0x08, 0x61, 0x08, 0x61, 0x08, 0x61, 0x08, 0x61, 0x08, 0x61, 0x08, 0x61, 0x08,
    0x61, 0x08, 0x61, 0x08, 0x61, 0x08, 0x61, 0x08, 0x61, 0x08, 0x61, 0x08, 0x61, 0x08, 0x61, 0x08,
    0x61, 0x08, 0x61, 0x08, 0x61, 0x08, 0x61, 0x08, 0x61, 0x08, 0x61, 0x08, 0x61, 0x08, 0x61, 0x08,
    0x61, 0x08, 0x61, 0x08, 0x61, 0x08, 0x61, 0x08, 0x61, 0x08, 0x61, 0x08, 0x61, 0x08, 0x61, 0x08,
    0x61, 0x08, 0x61, 0x08, 0x61, 0x08, 0x61, 0x08, 0x61, 0x08, 0x61, 0x08, 0x61, 0x08, 0x61, 0x08,
    0x61, 0x08, 0x61, 0x08, 0x61, 0x08, 0x61, 0x08, 0x61, 0x08, 0x61, 0x08, 0x61, 0x08, 0x61, 0x08,
    0x61, 0x08, 0x61, 0x08, 0x61, 0x08, 0x61, 0x08, 0x61, 0x08, 0x61, 0x08, 0x61, 0x08, 0x61, 0x08,
    0x61, 0x08, 0x61, 0x08, 0x61, 0x08, 0x61, 0x08, 0x61, 0x08, 0x61, 0x08, 0x61, 0x08, 0x61, 0x08,
    0x61, 0x08, 0x61, 0x08, 0x61, 0x08, 0x61, 0x08, 0x61, 0x08, 0x61, 0x08, 0x61, 0x08, 0x61, 0x08,
    0x61, 0x08, 0x61, 0x08, 0x61, 0x08, 0x61, 0x08, 0x61, 0x08, 0x61, 0x08, 0x61, 0x08, 0x61, 0x08,
    0x61, 0x08, 0x61, 0x08, 0x61, 0x08, 0x61, 0x08, 0x61, 0x08, 0x61, 0x08, 0x61, 0x08, 0x61, 0x08,
    0x61, 0x08, 0x61, 0x08, 0x61, 0x08, 0x61, 0x08, 0x61, 0x08, 0x61, 0x08, 0x61, 0x08, 0x61, 0x08,
    0x61, 0x08, 0x61, 0x08, 0x61, 0x08, 0x61, 0x08, 0x61, 0x08, 0x61, 0x08, 0x61, 0x08, 0x61, 0x08,
    0x61, 0x08, 0x61, 0x08, 0x61, 0x08, 0x61, 0x08, 0x61, 0x08, 0x61, 0x08, 0x61, 0x08, 0x61, 0x08,
    0x61, 0x08, 0x61, 0x08, 0x61, 0x08, 0x61, 0x08, 0x61, 0x08, 0x61, 0x08, 0x61, 0x08, 0x61, 0x08,
    0x61, 0x08, 0x61, 0x08, 0x61, 0x08, 0x61, 0x08, 0x61, 0x08, 0x61, 0x08, 0x61, 0x08, 0x61, 0x08,
    0x61, 0x08, 0x61, 0x08, 0x61, 0x08, 0x61, 0x08, 0x61, 0x08, 0x61, 0x08, 0x61, 0x08, 0x61, 0x08,
    0x61, 0x08, 0x61, 0x08, 0x61, 0x08, 0x61, 0x08, 0x61, 0x08, 0x61, 0x08, 0x61, 0x08, 0x61, 0x08,
    0x61, 0x08, 0x61, 0x08, 0x61, 0x08, 0x61, 0x08, 0x61, 0x08, 0x61, 0x08, 0x61, 0x08, 0x61, 0x08,
    0x61, 0x08, 0x61, 0x08, 0x61, 0x08, 0x61, 0x08, 0x61, 0x08, 0x61, 0x08, 0x61, 0x08, 0x61, 0x08,
    0x61, 0x08, 0x61, 0x08, 0x61, 0x08, 0x61, 0x08, 0x61, 0x08, 0x61, 0x08, 0x61, 0x08, 0x61, 0x08,
    0x61, 0x08, 0x61, 0x08, 0x61, 0x08, 0x61, 0x08, 0x61, 0x08, 0x61, 0x08, 0x61, 0x08, 0x61, 0x08,
    0x61, 0x08, 0x61, 0x08, 0x61, 0x08, 0x61, 0x08, 0x61, 0x08, 0x61, 0x08, 0x61, 0x08, 0x61, 0x08,
    0x61, 0x08, 0x61, 0x08, 0x61, 0x08, 0x61, 0x08, 0x61, 0x08, 0x61, 0x08, 0x61, 0x08, 0x61, 0x08,
    0x61, 0x08, 0x61, 0x08, 0x61, 0x08, 0x61, 0x08, 0x61, 0x08, 0x61, 0x08, 0x61, 0x08, 0x61, 0x08,
    0x61, 0x08, 0x61, 0x08, 0x61, 0x08, 0x61, 0x08, 0x61, 0x08, 0x61, 0x08, 0x61, 0x08, 0x61, 0x08,
    0x61, 0x08, 0x61, 0x08, 0x61, 0x08, 0x61, 0x08, 0x61, 0x08, 0x61, 0x08, 0x61, 0x08, 0x61, 0x08,
    0x61, 0x08, 0x61, 0x08, 0x61, 0x08, 0x61, 0x08, 0x61, 0x08, 0x61, 0x08, 0x61, 0x08, 0x61, 0x08,
    0x61, 0x08, 0x61, 0x08, 0x61, 0x08, 0x61, 0x08, 0x61, 0x08, 0x61, 0x08, 0x61, 0x08, 0x61, 0x08,
    0x61, 0x08, 0x61, 0x08, 0x61, 0x08, 0x61, 0x08, 0x61, 0x08, 0x61, 0x08, 0x61, 0x08, 0x61, 0x08,
    0x61, 0x08, 0x61, 0x08, 0x61, 0x08, 0x61, 0x08, 0x61, 0x08, 0x61, 0x08, 0x61, 0x08, 0x61, 0x08,
    0x61, 0x08, 0x61, 0x08, 0x61, 0x08, 0x61, 0x08, 0x61, 0x08, 0x61, 0x08, 0x61, 0x08, 0x61, 0x08,
    0x61, 0x08, 0x61, 0x08, 0x61, 0x08, 0x61, 0x08, 0x61, 0x08, 0x61, 0x08, 0x61, 0x08, 0x61, 0x08,
    0x61, 0x08, 0x61, 0x08, 0x61, 0x08, 0x61, 0x08, 0x61, 0x08, 0x61, 0x08, 0x61, 0x08, 0x61, 0x08,
    0x61, 0x08, 0x61, 0x08, 0x61, 0x08, 0x61, 0x08, 0x61, 0x08, 0x61, 0x08, 0x61, 0x08, 0x61, 0x08,
    0x61, 0x08, 0x61, 0x08, 0x61, 0x08, 0x61, 0x08, 0x61, 0x08, 0x61, 0x08, 0x61, 0x08, 0x61, 0x08,
    0x61, 0x08, 0x61, 0x08, 0x61, 0x08, 0x61, 0x08, 0x61, 0x08, 0x61, 0x08, 0x61, 0x08, 0x61, 0x08,
    0x61, 0x08, 0x61, 0x08, 0x61, 0x08, 0x61, 0x08, 0x61, 0x08, 0x61, 0x08, 0x61, 0x08, 0x61, 0x08,
    0x61, 0x08, 0x61, 0x08, 0x61, 0x08, 0x61, 0x08, 0x61, 0x08, 0x61, 0x08, 0x61, 0x08, 0x61, 0x08,
    0x61, 0x08, 0x61, 0x08, 0x61, 0x08, 0x61, 0x08, 0x61, 0x08, 0x61, 0x08, 0x61, 0x08, 0x61, 0x08,
    0x61, 0x08, 0x61, 0x08, 0x61, 0x08, 0x61, 0x08, 0x61, 0x08, 0x61, 0x08, 0x61, 0x08, 0x61, 0x08,
    0x61, 0x08, 0x61, 0x08, 0x61, 0x08, 0x61, 0x08, 0x61, 0x08, 0x61, 0x08, 0x61, 0x08, 0x61, 0x08,
    0x61, 0x08, 0x61, 0x08, 0x61, 0x08, 0x61, 0x08, 0x61, 0x08, 0x61, 0x08, 0x61, 0x08, 0x61, 0x08,
    0x61, 0x08, 0x61, 0x08, 0x61, 0x08, 0x61, 0x08, 0x61, 0x08, 0x61, 0x08, 0x61, 0x08, 0x61, 0x08,
    0x61, 0x08, 0x61, 0x08, 0x61, 0x08, 0x61, 0x08, 0x61, 0x08, 0x61, 0x08, 0x61, 0x08, 0x61, 0x08,
    0x61, 0x08, 0x61, 0x08, 0x61, 0x08, 0x61, 0x08, 0x61, 0x08, 0x61, 0x08, 0x61, 0x08, 0x61, 0x08,
    0x61, 0x08, 0x61, 0x08, 0x61, 0x08, 0x61, 0x08, 0x61, 0x08, 0x61, 0x08, 0x61, 0x08, 0x61, 0x08,
    0x61, 0x08, 0x61, 0x08, 0x61, 0x08, 0x61, 0x08, 0x61, 0x08, 0x61, 0x08, 0x61, 0x08, 0x61, 0x08,
    0x61, 0x08, 0x61, 0x08, 0x61, 0x08, 0x61, 0x08, 0x61, 0x08, 0x61, 0x08, 0x61, 0x08, 0x61, 0x08,
    0x61, 0x08, 0x61, 0x08, 0x61, 0x08, 0x61, 0x08, 0x61, 0x08, 0x61, 0x08, 0x61, 0x08, 0x61, 0x08,
    0x61, 0x08, 0x61, 0x08, 0x61, 0x08, 0x61, 0x08, 0x61, 0x08, 0x61, 0x08, 0x61, 0x08, 0x61, 0x08,
    0x61, 0x08, 0x61, 0x08, 0x61, 0x08, 0x61, 0x08, 0x61, 0x08, 0x61, 0x08, 0x61, 0x08, 0x61, 0x08,
    0x61, 0x08, 0x61, 0x08, 0x61, 0x08, 0x61, 0x08, 0x61, 0x08, 0x61, 0x08, 0x61, 0x08, 0x61, 0x08,
    0x61, 0x08, 0x61, 0x08, 0x61, 0x08, 0x61, 0x08, 0x61, 0x08, 0x61, 0x08, 0x61, 0x08, 0x61, 0x08,
    0x61, 0x08, 0x61, 0x08, 0x61, 0x08, 0x61, 0x08, 0x61, 0x08, 0x61, 0x08, 0x61, 0x08, 0x61, 0x08,
    0x61, 0x08, 0x61, 0x08, 0x61, 0x08, 0x61, 0x08, 0x61, 0x08, 0x61, 0x08, 0x61, 0x08, 0x61, 0x08,
    0x61, 0x08, 0x61, 0x08, 0x61, 0x08, 0x61, 0x08, 0x61, 0x08, 0x61, 0x08, 0x61, 0x08, 0x61, 0x08,
    0x61, 0x08, 0x61, 0x08, 0x61, 0x08, 0x61, 0x08, 0x61, 0x08, 0x61, 0x08, 0x61, 0x08, 0x61, 0x08,
    0x61, 0x08, 0x61, 0x08, 0x61, 0x08, 0x61, 0x08, 0x61, 0x08, 0x61, 0x08, 0x61, 0x08, 0x61, 0x08,
    0x61, 0x08, 0x61, 0x08, 0x61, 0x08, 0x61, 0x08, 0x61, 0x08, 0x61, 0x08, 0x61, 0x08, 0x61, 0x08,
    0x61, 0x08, 0x61, 0x08, 0x61, 0x08, 0x61, 0x08, 0x61, 0x08, 0x61, 0x08, 0x61, 0x08, 0x61, 0x08,
    0x61, 0x08, 0x61, 0x08, 0x61, 0x08, 0x61, 0x08, 0x61, 0x08, 0x61, 0x08, 0x61, 0x08, 0x61, 0x08,
    0x61, 0x08, 0x61, 0x08, 0x61, 0x08, 0x61, 0x08, 0x61, 0x08, 0x61, 0x08, 0x61, 0x08, 0x61, 0x08,
    0x61, 0x08, 0x61, 0x08, 0x61, 0x08, 0x61, 0x08, 0x61, 0x08, 0x61, 0x08, 0x61, 0x08, 0x61, 0x08,
    0x61, 0x08, 0x61, 0x08, 0x61, 0x08, 0x61, 0x08, 0x61, 0x08, 0x61, 0x08, 0x61, 0x08, 0x61, 0x08,
    0x61, 0x08, 0x61, 0x08, 0x61, 0x08, 0x61, 0x08, 0x61, 0x08, 0x61, 0x08, 0x61, 0x08, 0x61, 0x08,
    0x61, 0x08, 0x61, 0x08, 0x61, 0x08, 0x61, 0x08, 0x61, 0x08, 0x61, 0x08, 0x61, 0x08, 0x61, 0x08,
    0x61, 0x08, 0x61, 0x08, 0x61, 0x08, 0x61, 0x08, 0x61, 0x08, 0x61, 0x08, 0x61, 0x08, 0x61, 0x08,
    0x61, 0x08, 0x61, 0x08, 0x61, 0x08, 0x61, 0x08, 0x61, 0x08, 0x61, 0x08, 0x61, 0x08, 0x61, 0x08,
    0x61, 0x08, 0x61, 0x08, 0x61, 0x08, 0x61, 0x08, 0x61, 0x08, 0x61, 0x08, 0x61, 0x08, 0x61, 0x08,
    0x61, 0x08, 0x61, 0x08, 0x61, 0x08, 0x61, 0x08, 0x61, 0x08, 0x61, 0x08, 0x61, 0x08, 0x61, 0x08,
    0x61, 0x08, 0x61, 0x08, 0x61, 0x08, 0x61, 0x08, 0x61, 0x08, 0x61, 0x08, 0x61, 0x08, 0x61, 0x08,
    0x61, 0x08, 0x61, 0x08, 0x61, 0x08, 0x61, 0x08, 0x61, 0x08, 0x61, 0x08, 0x61, 0x08, 0x61, 0x08,
    0x61, 0x08, 0x61, 0x08, 0x61, 0x08, 0x61, 0x08, 0x61, 0x08, 0x61, 0x08, 0x61, 0x08, 0x61, 0x08,
    0x61, 0x08, 0x61, 0x08, 0x61, 0x08, 0x61, 0x08, 0x61, 0x08, 0x61, 0x08, 0x61, 0x08, 0x61, 0x08,
    0x61, 0x08, 0x61, 0x08, 0x61, 0x08, 0x61, 0x08, 0x61, 0x08, 0x61, 0x08, 0x61, 0x08, 0x61, 0x08,
    0x61, 0x08, 0x61, 0x08, 0x61, 0x08, 0x61, 0x08, 0x61, 0x08, 0x61, 0x08, 0x61, 0x08, 0x61, 0x08,
    0x61, 0x08, 0x61, 0x08, 0x61, 0x08, 0x61, 0x08, 0x61, 0x08, 0x61, 0x08, 0x61, 0x08, 0x61, 0x08,
    0x61, 0x08, 0x61, 0x08, 0x61, 0x08, 0x61, 0x08, 0x61, 0x08, 0x61, 0x08, 0x61, 0x08, 0x61, 0x08,
    0x61, 0x08, 0x61, 0x08, 0x61, 0x08, 0x61, 0x08, 0x61, 0x08, 0x61, 0x08, 0x61, 0x08, 0x61, 0x08,
    0x61, 0x08, 0x61, 0x08, 0x61, 0x08, 0x61, 0x08, 0x61, 0x08, 0x61, 0x08, 0x61, 0x08, 0x61, 0x08,
    0x61, 0x08, 0x61, 0x08, 0x61, 0x08, 0x61, 0x08, 0x61, 0x08, 0x61, 0x08, 0x61, 0x08, 0x61, 0x08,
    0x61, 0x08, 0x61, 0x08, 0x61, 0x08, 0x61, 0x08, 0x61, 0x08, 0x61, 0x08, 0x61, 0x08, 0x61, 0x08,
    0x61, 0x08, 0x61, 0x08, 0x61, 0x08, 0x61, 0x08, 0x61, 0x08, 0x61, 0x08, 0x61, 0x08, 0x61, 0x08,
    0x61, 0x08, 0x61, 0x08, 0x61, 0x08, 0x61, 0x08, 0x61, 0x08, 0x61, 0x08, 0x61, 0x08, 0x61, 0x08,
    0x61, 0x08, 0x61, 0x08, 0x61, 0x08, 0x61, 0x08, 0x61, 0x08, 0x61, 0x08, 0x61, 0x08, 0x61, 0x08,
    0x61, 0x08, 0x61, 0x08, 0x61, 0x08, 0x61, 0x08, 0x61, 0x08, 0x61, 0x08, 0x61, 0x08, 0x61, 0x08,
    0x61, 0x08, 0x61, 0x08, 0x61, 0x08, 0x61, 0x08, 0x61, 0x08, 0x61, 0x08, 0x61, 0x08, 0x61, 0x08,
    0x61, 0x08, 0x61, 0x08, 0x61, 0x08, 0x61, 0x08, 0x61, 0x08, 0x61, 0x08, 0x61, 0x08, 0x61, 0x08,
    0x61, 0x08, 0x61, 0x08, 0x61, 0x08, 0x61, 0x08, 0x61, 0x08, 0x61, 0x08, 0x61, 0x08, 0x61, 0x08,
    0x61, 0x08, 0x61, 0x08, 0x61, 0x08, 0x61, 0x08, 0x61, 0x08, 0x61, 0x08, 0x61, 0x08, 0x61, 0x08,
    0x61, 0x08, 0x61, 0x08, 0x61, 0x08, 0x61, 0x08, 0x61, 0x08, 0x61, 0x08, 0x61, 0x08, 0x61, 0x08,
    0x61, 0x08, 0x61, 0x08, 0x61, 0x08, 0x61, 0x08, 0x61, 0x08, 0x61, 0x08, 0x61, 0x08, 0x61, 0x08,
    0x61, 0x08, 0x61, 0x08, 0x61, 0x08, 0x61, 0x08, 0x61, 0x08, 0x61, 0x08, 0x61, 0x08, 0x61, 0x08,
    0x61, 0x08, 0x61, 0x08, 0x61, 0x08, 0x61, 0x08, 0x61, 0x08, 0x61, 0x08, 0x61, 0x08, 0x61, 0x08,
    0x61, 0x08, 0x61, 0x08, 0x61, 0x08, 0x61, 0x08, 0x61, 0x08, 0x61, 0x08, 0x61, 0x08, 0x61, 0x08,
    0x61, 0x08, 0x61, 0x08, 0x61, 0x08, 0x61, 0x08, 0x61, 0x08, 0x61, 0x08, 0x61, 0x08, 0x61, 0x08,
    0x61, 0x08, 0x61, 0x08, 0x61, 0x08, 0x61, 0x08, 0x61, 0x08, 0x61, 0x08, 0x61, 0x08, 0x61, 0x08,
    0x61, 0x08, 0x61, 0x08, 0x61, 0x08, 0x61, 0x08, 0x61, 0x08, 0x61, 0x08, 0x61, 0x08, 0x61, 0x08,
    0x61, 0x08, 0x61, 0x08, 0x61, 0x08, 0x61, 0x08, 0x61, 0x08, 0x61, 0x08, 0x61, 0x08, 0x61, 0x08,
    0x61, 0x08, 0x61, 0x08, 0x61, 0x08, 0x61, 0x08, 0x61, 0x08, 0x61, 0x08, 0x61, 0x08, 0x61, 0x08,
    0x61, 0x08, 0x61, 0x08, 0x61, 0x08, 0x61, 0x08, 0x61, 0x08, 0x61, 0x08, 0x61, 0x08, 0x61, 0x08,
    0x61, 0x08, 0x61, 0x08, 0x61, 0x08, 0x61, 0x08, 0x61, 0x08, 0x61, 0x08, 0x61, 0x08, 0x61, 0x08,
    0x61, 0x08, 0x61, 0x08, 0x61, 0x08, 0x61, 0x08, 0x61, 0x08, 0x61, 0x08, 0x61, 0x08, 0x61, 0x08,
    0x61, 0x08, 0x61, 0x08, 0x61, 0x08, 0x61, 0x08, 0x61, 0x08, 0x61, 0x08, 0x61, 0x08, 0x61, 0x08,
    0x61, 0x08, 0x61, 0x08, 0x61, 0x08, 0x61, 0x08, 0x61, 0x08, 0x61, 0x08, 0x61, 0x08, 0x61, 0x08,
    0x61, 0x08, 0x61, 0x08, 0x61, 0x08, 0x61, 0x08, 0x61, 0x08, 0x61, 0x08, 0x61, 0x08, 0x61, 0x08,
    0x61, 0x08, 0x61, 0x08, 0x61, 0x08, 0x61, 0x08, 0x61, 0x08, 0x61, 0x08, 0x61, 0x08, 0x61, 0x08,
    0x61, 0x08, 0x61, 0x08, 0x61, 0x08, 0x61, 0x08, 0x61, 0x08, 0x61, 0x08, 0x61, 0x08, 0x61, 0x08,
    0x61, 0x08, 0x61, 0x08, 0x61, 0x08, 0x61, 0x08, 0x61, 0x08, 0x61, 0x08, 0x61, 0x08, 0x61, 0x08,
    0x61, 0x08, 0x61, 0x08, 0x61, 0x08, 0x61, 0x08, 0x61, 0x08, 0x61, 0x08, 0x61, 0x08, 0x61, 0x08,
    0x61, 0x08, 0x61, 0x08, 0x61, 0x08, 0x61, 0x08, 0x61, 0x08, 0x61, 0x08, 0x61, 0x08, 0x61, 0x08,
    0x61, 0x08, 0x61, 0x08, 0x61, 0x08, 0x61, 0x08, 0x61, 0x08, 0x61, 0x08, 0x61, 0x08, 0x61, 0x08,
    0x61, 0x08, 0x61, 0x08, 0x61, 0x08, 0x61, 0x08, 0x61, 0x08, 0x61, 0x08, 0x61, 0x08, 0x61, 0x08,
    0x61, 0x08, 0x61, 0x08, 0x61, 0x08, 0x61, 0x08, 0x61, 0x08, 0x61, 0x08, 0x61, 0x08, 0x61, 0x08,
    0x61, 0x08, 0x61, 0x08, 0x61, 0x08, 0x61, 0x08, 0x61, 0x08, 0x61, 0x08, 0x61, 0x08, 0x61, 0x08,
    0x61, 0x08, 0x61, 0x08, 0x61, 0x08, 0x61, 0x08, 0x61, 0x08, 0x61, 0x08, 0x61, 0x08, 0x61, 0x08,
    0x61, 0x08, 0x61, 0x08, 0x61, 0x08, 0x61, 0x08, 0x61, 0x08, 0x61, 0x08, 0x61, 0x08, 0x61, 0x08,
    0x61, 0x08, 0x61, 0x08, 0x61, 0x08, 0x61, 0x08, 0x61, 0x08, 0x61, 0x08, 0x61, 0x08, 0x61, 0x08,
    0x61, 0x08, 0x61, 0x08, 0x61, 0x08, 0x61, 0x08, 0x61, 0x08, 0x61, 0x08, 0x61, 0x08, 0x61, 0x08,
    0x61, 0x08, 0x61, 0x08, 0x61, 0x08, 0x61, 0x08, 0x61, 0x08, 0x61, 0x08, 0x61, 0x08, 0x61, 0x08,
    0x61, 0x08, 0x61, 0x08, 0x61, 0x08, 0x61, 0x08, 0x61, 0x08, 0x61, 0x08, 0x61, 0x08, 0x61, 0x08,
    0x61, 0x08, 0x61, 0x08, 0x61, 0x08, 0x61, 0x08, 0x61, 0x08, 0x61, 0x08, 0x61, 0x08, 0x61, 0x08,
    0x61, 0x08, 0x61, 0x08, 0x61, 0x08, 0x61, 0x08, 0x61, 0x08, 0x61, 0x08, 0x61, 0x08, 0x61, 0x08,
    0x61, 0x08, 0x61, 0x08, 0x61, 0x08, 0x61, 0x08, 0x61, 0x08, 0x61, 0x08, 0x61, 0x08, 0x61, 0x08,
    0x61, 0x08, 0x61, 0x08, 0x61, 0x08, 0x61, 0x08, 0x61, 0x08, 0x61, 0x08, 0x61, 0x08, 0x61, 0x08,
    0x61, 0x08, 0x61, 0x08, 0x61, 0x08, 0x61, 0x08, 0x61, 0x08, 0x61, 0x08, 0x61, 0x08, 0x61, 0x08,
    0x61, 0x08, 0x61, 0x08, 0x61, 0x08, 0x61, 0x08, 0x61, 0x08, 0x61, 0x08, 0x61, 0x08, 0x61, 0x08,
    0x61, 0x08, 0x61, 0x08, 0x61, 0x08, 0x61, 0x08, 0x61, 0x08, 0x61, 0x08, 0x61, 0x08, 0x61, 0x08,
    0x61, 0x08, 0x61, 0x08, 0x61, 0x08, 0x61, 0x08, 0x61, 0x08, 0x61, 0x08, 0x61, 0x08, 0x61, 0x08,
    0x61, 0x08, 0x61, 0x08, 0x61, 0x08, 0x61, 0x08, 0x61, 0x08, 0x61, 0x08, 0x61, 0x08, 0x61, 0x08,
    0x61, 0x08, 0x61, 0x08, 0x61, 0x08, 0x61, 0x08, 0x61, 0x08, 0x61, 0x08, 0x61, 0x08, 0x61, 0x08,
    0x61, 0x08, 0x61, 0x08, 0x61, 0x08, 0x61, 0x08, 0x61, 0x08, 0x61, 0x08, 0x61, 0x08, 0x61, 0x08,
    0x61, 0x08, 0x61, 0x08, 0x61, 0x08, 0x61, 0x08, 0x61, 0x08, 0x61, 0x08, 0x61, 0x08, 0x61, 0x08,
    0x61, 0x08, 0x61, 0x08, 0x61, 0x08, 0x61, 0x08, 0x61, 0x08, 0x61, 0x08, 0x61, 0x08, 0x61, 0x08,
    0x61, 0x08, 0x61, 0x08, 0x61, 0x08, 0x61, 0x08, 0x61, 0x08, 0x61, 0x08, 0x61, 0x08, 0x61, 0x08,
    0x61, 0x08, 0x61, 0x08, 0x61, 0x08, 0x61, 0x08, 0x61, 0x08, 0x61, 0x08, 0x61, 0x08, 0x61, 0x08,
    0x61, 0x08, 0x61, 0x08, 0x61, 0x08, 0x61, 0x08, 0x61, 0x08, 0x61, 0x08, 0x61, 0x08, 0x61, 0x08,
    0x61, 0x08, 0x61, 0x08, 0x61, 0x08, 0x61, 0x08, 0x61, 0x08, 0x61, 0x08, 0x61, 0x08, 0x61, 0x08,
    0x61, 0x08, 0x61, 0x08, 0x61, 0x08, 0x61, 0x08, 0x61, 0x08, 0x61, 0x08, 0x61, 0x08, 0x61, 0x08,
    0x61, 0x08, 0x61, 0x08, 0x61, 0x08, 0x61, 0x08, 0x61, 0x08, 0x61, 0x08, 0x61, 0x08, 0x61, 0x08,
    0x61, 0x08, 0x61, 0x08, 0x61, 0x08, 0x61, 0x08, 0x61, 0x08, 0x61, 0x08, 0x61, 0x08, 0x61, 0x08,
    0x61, 0x08, 0x61, 0x08, 0x61, 0x08, 0x61, 0x08, 0x61, 0x08, 0x61, 0x08, 0x61, 0x08, 0x61, 0x08,
    0x61, 0x08, 0x61, 0x08, 0x61, 0x08, 0x61, 0x08, 0x61, 0x08, 0x61, 0x08, 0x61, 0x08, 0x61, 0x08,
    0x61, 0x08, 0x61, 0x08, 0x61, 0x08, 0x61, 0x08, 0x61, 0x08, 0x61, 0x08, 0x61, 0x08, 0x61, 0x08,
    0x61, 0x08, 0x61, 0x08, 0x61, 0x08, 0x61, 0x08, 0x61, 0x08, 0x61, 0x08, 0x61, 0x08, 0x61, 0x08,
    0x61, 0x08, 0x61, 0x08, 0x61, 0x08, 0x61, 0x08, 0x61, 0x08, 0x61, 0x08, 0x61, 0x08, 0x61, 0x08,
    0x61, 0x08, 0x61, 0x08, 0x61, 0x08, 0x61, 0x08, 0x61, 0x08, 0x61, 0x08, 0x61, 0x08, 0x61, 0x08,
    0x61, 0x08, 0x61, 0x08, 0x61, 0x08, 0x61, 0x08, 0x61, 0x08, 0x61, 0x08, 0x61, 0x08, 0x61, 0x08,
    0x61, 0x08, 0x61, 0x08, 0x61, 0x08, 0x61, 0x08, 0x61, 0x08, 0x61, 0x08, 0x61, 0x08, 0x61, 0x08,
    0x61, 0x08, 0x61, 0x08, 0x61, 0x08, 0x61, 0x08, 0x61, 0x08, 0x61, 0x08, 0x61, 0x08, 0x61, 0x08,
    0x61, 0x08, 0x61, 0x08, 0x61, 0x08, 0x61, 0x08, 0x61, 0x08, 0x61, 0x08, 0x61, 0x08, 0x61, 0x08,
    0x61, 0x08, 0x61, 0x08, 0x61, 0x08, 0x61, 0x08, 0x61, 0x08, 0x61, 0x08, 0x61, 0x08, 0x61, 0x08,
    0x61, 0x08, 0x61, 0x08, 0x61, 0x08, 0x61, 0x08, 0x61, 0x08, 0x61, 0x08, 0x61, 0x08, 0x61, 0x08,
    0x61, 0x08, 0x61, 0x08, 0x61, 0x08, 0x61, 0x08, 0x61, 0x08, 0x61, 0x08, 0x61, 0x08, 0x61, 0x08,
    0x61, 0x08, 0x61, 0x08, 0x61, 0x08, 0x61, 0x08, 0x61, 0x08, 0x61, 0x08, 0x61, 0x08, 0x61, 0x08,
    0x61, 0x08, 0x61, 0x08, 0x61, 0x08, 0x61, 0x08, 0x61, 0x08, 0x61, 0x08, 0x61, 0x08, 0x61, 0x08,
    0x61, 0x08, 0x61, 0x08, 0x61, 0x08, 0x61, 0x08, 0x61, 0x08, 0x61, 0x08, 0x61, 0x08, 0x61, 0x08,
    0x61, 0x08, 0x61, 0x08, 0x61, 0x08, 0x61, 0x08, 0x61, 0x08, 0x61, 0x08, 0x61, 0x08, 0x61, 0x08,
    0x61, 0x08, 0x61, 0x08, 0x82, 0x10, 0x61, 0x08, 0x61, 0x08, 0x61, 0x08, 0x61, 0x08, 0x61, 0x08,
    0x61, 0x08, 0x61, 0x08, 0x61, 0x08, 0x61, 0x08, 0x61, 0x08, 0x61, 0x08, 0x61, 0x08, 0x61, 0x08,
    0x61, 0x08, 0x61, 0x08, 0x61, 0x08, 0x61, 0x08, 0x61, 0x08, 0x61, 0x08, 0x61, 0x08, 0x61, 0x08,
    0x61, 0x08, 0x61, 0x08, 0x61, 0x08, 0x61, 0x08, 0x61, 0x08, 0x61, 0x08, 0x61, 0x08, 0x61, 0x08,
    0x61, 0x08, 0x61, 0x08, 0x61, 0x08, 0x61, 0x08, 0x61, 0x08, 0x61, 0x08, 0x61, 0x08, 0x61, 0x08,
    0x61, 0x08, 0x61, 0x08, 0x61, 0x08, 0x61, 0x08, 0x61, 0x08, 0x61, 0x08, 0x61, 0x08, 0x61, 0x08,
    0x61, 0x08, 0x61, 0x08, 0x61, 0x08, 0x61, 0x08, 0x61, 0x08, 0x61, 0x08, 0x61, 0x08, 0x61, 0x08,
    0x61, 0x08, 0x61, 0x08, 0x61, 0x08, 0x61, 0x08, 0x61, 0x08, 0x61, 0x08, 0x61, 0x08, 0x61, 0x08,
    0x61, 0x08, 0x61, 0x08, 0x61, 0x08, 0x61, 0x08, 0x61, 0x08, 0x61, 0x08, 0x61, 0x08, 0x61, 0x08,
    0x61, 0x08, 0x61, 0x08, 0x61, 0x08, 0x61, 0x08, 0x61, 0x08, 0x61, 0x08, 0x61, 0x08, 0x61, 0x08,
    0x61, 0x08, 0x61, 0x08, 0x61, 0x08, 0x61, 0x08, 0x61, 0x08, 0x61, 0x08, 0x61, 0x08, 0x61, 0x08,
    0x61, 0x08, 0x61, 0x08, 0x61, 0x08, 0x61, 0x08, 0x61, 0x08, 0x61, 0x08, 0x61, 0x08, 0x61, 0x08,
    0x61, 0x08, 0x61, 0x08, 0x61, 0x08, 0x61, 0x08, 0x61, 0x08, 0x61, 0x08, 0x61, 0x08, 0x61, 0x08,
    0x61, 0x08, 0x61, 0x08, 0x61, 0x08, 0x61, 0x08, 0x61, 0x08, 0x61, 0x08, 0x61, 0x08, 0x61, 0x08,
    0x61, 0x08, 0x61, 0x08, 0x61, 0x08, 0x61, 0x08, 0x61, 0x08, 0x61, 0x08, 0x61, 0x08, 0x61, 0x08,
    0x61, 0x08, 0x61, 0x08, 0x61, 0x08, 0x61, 0x08, 0x61, 0x08, 0x61, 0x08, 0x61, 0x08, 0x61, 0x08,
    0x61, 0x08, 0x61, 0x08, 0x61, 0x08, 0x61, 0x08, 0x61, 0x08, 0x61, 0x08, 0x61, 0x08, 0x61, 0x08,
    0x61, 0x08, 0x61, 0x08, 0x61, 0x08, 0x61, 0x08, 0x61, 0x08, 0x61, 0x08, 0x61, 0x08, 0x61, 0x08,
    0x61, 0x08, 0x61, 0x08, 0x61, 0x08, 0x61, 0x08, 0x61, 0x08, 0x61, 0x08, 0x61, 0x08, 0x61, 0x08,
    0x61, 0x08, 0x61, 0x08, 0x61, 0x08, 0x61, 0x08, 0x61, 0x08, 0x61, 0x08, 0x61, 0x08, 0x61, 0x08,
    0x61, 0x08, 0x61, 0x08, 0x61, 0x08, 0x61, 0x08, 0x61, 0x08, 0x61, 0x08, 0x61, 0x08, 0x61, 0x08,
    0x61, 0x08, 0x61, 0x08, 0x61, 0x08, 0x61, 0x08, 0x61, 0x08, 0x61, 0x08, 0x61, 0x08, 0x61, 0x08,
    0x61, 0x08, 0x61, 0x08, 0x61, 0x08, 0x61, 0x08, 0x61, 0x08, 0x61, 0x08, 0x61, 0x08, 0x61, 0x08,
    0x61, 0x08, 0x61, 0x08, 0x61, 0x08, 0x82, 0x10, 0x82, 0x10, 0x61, 0x08, 0x61, 0x08, 0x61, 0x08,
    0x61, 0x08, 0x61, 0x08, 0x61, 0x08, 0x61, 0x08, 0x61, 0x08, 0x61, 0x08, 0x61, 0x08, 0x61, 0x08,
    0x61, 0x08, 0x61, 0x08, 0x61, 0x08, 0x61, 0x08, 0x61, 0x08, 0x61, 0x08, 0x61, 0x08, 0x61, 0x08,
    0x61, 0x08, 0x61, 0x08, 0x61, 0x08, 0x61, 0x08, 0x61, 0x08, 0x61, 0x08, 0x61, 0x08, 0x61, 0x08,
    0x61, 0x08, 0x61, 0x08, 0x61, 0x08, 0x61, 0x08, 0x61, 0x08, 0x61, 0x08, 0x61, 0x08, 0x61, 0x08,
    0x61, 0x08, 0x61, 0x08, 0x61, 0x08, 0x61, 0x08, 0x61, 0x08, 0x61, 0x08, 0x61, 0x08, 0x61, 0x08,
    0x61, 0x08, 0x61, 0x08, 0x61, 0x08, 0x61, 0x08, 0x61, 0x08, 0x61, 0x08, 0x61, 0x08, 0x61, 0x08,
    0x61, 0x08, 0x83, 0x18, 0x8d, 0x69, 0x4a, 0x49, 0xa4, 0x20, 0x61, 0x08, 0x61, 0x08, 0x61, 0x08,
    0x61, 0x08, 0x61, 0x08, 0x61, 0x08, 0x61, 0x08, 0x61, 0x08, 0x61, 0x08, 0x61, 0x08, 0x61, 0x08,
    0x61, 0x08, 0x61, 0x08, 0x61, 0x08, 0x61, 0x08, 0x61, 0x08, 0x61, 0x08, 0x61, 0x08, 0x61, 0x08,
    0x61, 0x08, 0x61, 0x08, 0x61, 0x08, 0x61, 0x08, 0x61, 0x08, 0x61, 0x08, 0x61, 0x08, 0x61, 0x08,
    0x61, 0x08, 0x61, 0x08, 0x61, 0x08, 0x61, 0x08, 0x61, 0x08, 0x61, 0x08, 0x61, 0x08, 0x61, 0x08,
    0x61, 0x08, 0x61, 0x08, 0x61, 0x08, 0x61, 0x08, 0x61, 0x08, 0x61, 0x08, 0x61, 0x08, 0x61, 0x08,
    0x61, 0x08, 0x61, 0x08, 0x61, 0x08, 0x61, 0x08, 0x61, 0x08, 0x61, 0x08, 0x61, 0x08, 0x61, 0x08,
    0x61, 0x08, 0x61, 0x08, 0x61, 0x08, 0x61, 0x08, 0x61, 0x08, 0x61, 0x08, 0x61, 0x08, 0x61, 0x08,
    0x61, 0x08, 0x61, 0x08, 0x61, 0x08, 0x61, 0x08, 0x61, 0x08, 0x61, 0x08, 0x61, 0x08, 0x61, 0x08,
    0x61, 0x08, 0x61, 0x08, 0x61, 0x08, 0x61, 0x08, 0x61, 0x08, 0x61, 0x08, 0x61, 0x08, 0x61, 0x08,
    0x61, 0x08, 0x61, 0x08, 0x61, 0x08, 0x61, 0x08, 0x61, 0x08, 0x61, 0x08, 0x61, 0x08, 0x61, 0x08,
    0x61, 0x08, 0x61, 0x08, 0x61, 0x08, 0x61, 0x08, 0x61, 0x08, 0x61, 0x08, 0x61, 0x08, 0x61, 0x08,
    0x61, 0x08, 0x61, 0x08, 0x61, 0x08, 0x61, 0x08, 0x61, 0x08, 0x61, 0x08, 0x61, 0x08, 0x61, 0x08,
    0x61, 0x08, 0x61, 0x08, 0x61, 0x08, 0x61, 0x08, 0x61, 0x08, 0x61, 0x08, 0x61, 0x08, 0x61, 0x08,
    0x61, 0x08, 0x61, 0x08, 0x61, 0x08, 0x61, 0x08, 0x61, 0x08, 0x61, 0x08, 0x61, 0x08, 0x61, 0x08,
    0x61, 0x08, 0x61, 0x08, 0x61, 0x08, 0x61, 0x08, 0x61, 0x08, 0x61, 0x08, 0x61, 0x08, 0x61, 0x08,
    0x61, 0x08, 0x61, 0x08, 0x61, 0x08, 0x61, 0x08, 0x61, 0x08, 0x61, 0x08, 0x61, 0x08, 0x61, 0x08,
    0x61, 0x08, 0x61, 0x08, 0x61, 0x08, 0x61, 0x08, 0x61, 0x08, 0x61, 0x08, 0x61, 0x08, 0x61, 0x08,
    0x61, 0x08, 0x61, 0x08, 0x61, 0x08, 0x61, 0x08, 0x61, 0x08, 0x61, 0x08, 0x61, 0x08, 0x61, 0x08,
    0x61, 0x08, 0x61, 0x08, 0x61, 0x08, 0x61, 0x08, 0x61, 0x08, 0x61, 0x08, 0x61, 0x08, 0x61, 0x08,
    0x61, 0x08, 0x61, 0x08, 0x61, 0x08, 0x61, 0x08, 0x61, 0x08, 0x61, 0x08, 0x61, 0x08, 0x61, 0x08,
    0x61, 0x08, 0x61, 0x08, 0x61, 0x08, 0x61, 0x08, 0x61, 0x08, 0x61, 0x08, 0x61, 0x08, 0x61, 0x08,
    0x61, 0x08, 0x61, 0x08, 0x61, 0x08, 0x61, 0x08, 0x61, 0x08, 0x61, 0x08, 0x61, 0x08, 0x61, 0x08,
    0x61, 0x08, 0x82, 0x10, 0xa4, 0x20, 0x6b, 0x61, 0x8e, 0x71, 0xa4, 0x20, 0x61, 0x08, 0x61, 0x08,
    0x61, 0x08, 0x61, 0x08, 0x61, 0x08, 0x61, 0x08, 0x61, 0x08, 0x61, 0x08, 0x61, 0x08, 0x61, 0x08,
    0x61, 0x08, 0x61, 0x08, 0x61, 0x08, 0x61, 0x08, 0x61, 0x08, 0x61, 0x08, 0x61, 0x08, 0x61, 0x08,
    0x61, 0x08, 0x61, 0x08, 0x61, 0x08, 0x61, 0x08, 0x61, 0x08, 0x61, 0x08, 0x61, 0x08, 0x61, 0x08,
    0x61, 0x08, 0x61, 0x08, 0x61, 0x08, 0x61, 0x08, 0x61, 0x08, 0x61, 0x08, 0x61, 0x08, 0x61, 0x08,
    0x61, 0x08, 0x61, 0x08, 0x61, 0x08, 0x61, 0x08, 0x61, 0x08, 0x61, 0x08, 0x61, 0x08, 0x61, 0x08,
    0x61, 0x08, 0x61, 0x08, 0x61, 0x08, 0x61, 0x08, 0x61, 0x08, 0x61, 0x08, 0x61, 0x08, 0x61, 0x08,
    0x61, 0x08, 0xa5, 0x20, 0x35, 0xa2, 0xda, 0xd2, 0x13, 0x9a, 0xc6, 0x38, 0x83, 0x10, 0x61, 0x08,
    0x61, 0x08, 0x61, 0x08, 0x61, 0x08, 0x61, 0x08, 0x61, 0x08, 0x61, 0x08, 0x61, 0x08, 0x61, 0x08,
    0x61, 0x08, 0x61, 0x08, 0x61, 0x08, 0x61, 0x08, 0x61, 0x08, 0x61, 0x08, 0x61, 0x08, 0x61, 0x08,
    0x61, 0x08, 0x61, 0x08, 0x61, 0x08, 0x61, 0x08, 0x61, 0x08, 0x61, 0x08, 0x61, 0x08, 0x61, 0x08,
    0x61, 0x08, 0x61, 0x08, 0x61, 0x08, 0x61, 0x08, 0x61, 0x08, 0x61, 0x08, 0x61, 0x08, 0x61, 0x08,
    0x61, 0x08, 0x61, 0x08, 0x61, 0x08, 0x61, 0x08, 0x61, 0x08, 0x61, 0x08, 0x61, 0x08, 0x61, 0x08,
    0x61, 0x08, 0x61, 0x08, 0x61, 0x08, 0x61, 0x08, 0x61, 0x08, 0x61, 0x08, 0x61, 0x08, 0x61, 0x08,
    0x61, 0x08, 0x61, 0x08, 0x61, 0x08, 0x61, 0x08, 0x61, 0x08, 0x61, 0x08, 0x61, 0x08, 0x61, 0x08,
    0x61, 0x08, 0x61, 0x08, 0x61, 0x08, 0x61, 0x08, 0x61, 0x08, 0x61, 0x08, 0x61, 0x08, 0x61, 0x08,
    0x61, 0x08, 0x61, 0x08, 0x61, 0x08, 0x61, 0x08, 0x61, 0x08, 0x61, 0x08, 0x61, 0x08, 0x61, 0x08,
    0x61, 0x08, 0x61, 0x08, 0x61, 0x08, 0x61, 0x08, 0x61, 0x08, 0x61, 0x08, 0x61, 0x08, 0x61, 0x08,
    0x61, 0x08, 0x61, 0x08, 0x61, 0x08, 0x61, 0x08, 0x61, 0x08, 0x61, 0x08, 0x61, 0x08, 0x61, 0x08,
    0x61, 0x08, 0x61, 0x08, 0x61, 0x08, 0x61, 0x08, 0x61, 0x08, 0x61, 0x08, 0x61, 0x08, 0x61, 0x08,
    0x61, 0x08, 0x61, 0x08, 0x61, 0x08, 0x61, 0x08, 0x61, 0x08, 0x61, 0x08, 0x61, 0x08, 0x61, 0x08,
    0x61, 0x08, 0x61, 0x08, 0x61, 0x08, 0x61, 0x08, 0x61, 0x08, 0x61, 0x08, 0x61, 0x08, 0x61, 0x08,
    0x61, 0x08, 0x61, 0x08, 0x61, 0x08, 0x61, 0x08, 0x61, 0x08, 0x61, 0x08, 0x61, 0x08, 0x61, 0x08,
    0x61, 0x08, 0x61, 0x08, 0x61, 0x08, 0x61, 0x08, 0x61, 0x08, 0x61, 0x08, 0x61, 0x08, 0x61, 0x08,
    0x61, 0x08, 0x61, 0x08, 0x61, 0x08, 0x61, 0x08, 0x61, 0x08, 0x61, 0x08, 0x61, 0x08, 0x61, 0x08,
    0x61, 0x08, 0x61, 0x08, 0x61, 0x08, 0x61, 0x08, 0x61, 0x08, 0x61, 0x08, 0x61, 0x08, 0x61, 0x08,
    0x61, 0x08, 0x61, 0x08, 0x61, 0x08, 0x61, 0x08, 0x61, 0x08, 0x61, 0x08, 0x61, 0x08, 0x61, 0x08,
    0x61, 0x08, 0x61, 0x08, 0x61, 0x08, 0x61, 0x08, 0x61, 0x08, 0x61, 0x08, 0x61, 0x08, 0x61, 0x08,
    0x61, 0x08, 0x61, 0x08, 0x61, 0x08, 0x61, 0x08, 0x61, 0x08, 0x61, 0x08, 0x61, 0x08, 0x61, 0x08,
    0x61, 0x08, 0x61, 0x08, 0x61, 0x08, 0x61, 0x08, 0x61, 0x08, 0x61, 0x08, 0x61, 0x08, 0x61, 0x08,
    0x83, 0x10, 0x29, 0x49, 0x13, 0x9a, 0xfc, 0xe2, 0x35, 0xaa, 0xc5, 0x28, 0x61, 0x08, 0x61, 0x08,
    0x61, 0x08, 0x61, 0x08, 0x61, 0x08, 0x61, 0x08, 0x61, 0x08, 0x61, 0x08, 0x61, 0x08, 0x61, 0x08,
    0x61, 0x08, 0x61, 0x08, 0x61, 0x08, 0x61, 0x08, 0x61, 0x08, 0x61, 0x08, 0x61, 0x08, 0x61, 0x08,
    0x61, 0x08, 0x61, 0x08, 0x61, 0x08, 0x61, 0x08, 0x61, 0x08, 0x61, 0x08, 0x61, 0x08, 0x61, 0x08,
    0x61, 0x08, 0x61, 0x08, 0x61, 0x08, 0x61, 0x08, 0x61, 0x08, 0x61, 0x08, 0x61, 0x08, 0x61, 0x08,
    0x61, 0x08, 0x61, 0x08, 0x61, 0x08, 0x61, 0x08, 0x61, 0x08, 0x61, 0x08, 0x61, 0x08, 0x61, 0x08,
    0x61, 0x08, 0x61, 0x08, 0x61, 0x08, 0x61, 0x08, 0x61, 0x08, 0x61, 0x08, 0x61, 0x08, 0x61, 0x08,
    0x61, 0x08, 0x83, 0x10, 0x8e, 0x71, 0x3e, 0xf3, 0x1e, 0xf3, 0x77, 0xba, 0x6d, 0x69, 0xc6, 0x38,
    0x83, 0x18, 0x61, 0x08, 0x61, 0x08, 0x61, 0x08, 0x61, 0x08, 0x61, 0x08, 0x61, 0x08, 0x61, 0x08,
    0x61, 0x08, 0x61, 0x08, 0x61, 0x08, 0x61, 0x08, 0x61, 0x08, 0x61, 0x08, 0x61, 0x08, 0x61, 0x08,
    0x61, 0x08, 0x61, 0x08, 0x61, 0x08, 0x61, 0x08, 0x61, 0x08, 0x61, 0x08, 0x61, 0x08, 0x61, 0x08,
    0x61, 0x08, 0x61, 0x08, 0x61, 0x08, 0x61, 0x08, 0x61, 0x08, 0x61, 0x08, 0x61, 0x08, 0x61, 0x08,
    0x61, 0x08, 0x61, 0x08, 0x61, 0x08, 0x61, 0x08, 0x61, 0x08, 0x61, 0x08, 0x61, 0x08, 0x61, 0x08,
    0x61, 0x08, 0x61, 0x08, 0x61, 0x08, 0x61, 0x08, 0x61, 0x08, 0x61, 0x08, 0x61, 0x08, 0x61, 0x08,
    0x61, 0x08, 0x61, 0x08, 0x61, 0x08, 0x61, 0x08, 0x61, 0x08, 0x61, 0x08, 0x61, 0x08, 0x61, 0x08,
    0x61, 0x08, 0x61, 0x08, 0x61, 0x08, 0x61, 0x08, 0x61, 0x08, 0x61, 0x08, 0x61, 0x08, 0x61, 0x08,
    0x61, 0x08, 0x61, 0x08, 0x61, 0x08, 0x61, 0x08, 0x61, 0x08, 0x61, 0x08, 0x61, 0x08, 0x61, 0x08,
    0x61, 0x08, 0x61, 0x08, 0x61, 0x08, 0x61, 0x08, 0x61, 0x08, 0x61, 0x08, 0x61, 0x08, 0x61, 0x08,
    0x61, 0x08, 0x61, 0x08, 0x61, 0x08, 0x61, 0x08, 0x61, 0x08, 0x61, 0x08, 0x61, 0x08, 0x61, 0x08,
    0x61, 0x08, 0x61, 0x08, 0x61, 0x08, 0x61, 0x08, 0x61, 0x08, 0x61, 0x08, 0x61, 0x08, 0x61, 0x08,
    0x61, 0x08, 0x61, 0x08, 0x61, 0x08, 0x61, 0x08, 0x61, 0x08, 0x61, 0x08, 0x61, 0x08, 0x61, 0x08,
    0x61, 0x08, 0x61, 0x08, 0x61, 0x08, 0x61, 0x08, 0x61, 0x08, 0x61, 0x08, 0x61, 0x08, 0x61, 0x08,
    0x61, 0x08, 0x61, 0x08, 0x61, 0x08, 0x61, 0x08, 0x61, 0x08, 0x61, 0x08, 0x61, 0x08, 0x61, 0x08,
    0x61, 0x08, 0x61, 0x08, 0x61, 0x08, 0x61, 0x08, 0x61, 0x08, 0x61, 0x08, 0x61, 0x08, 0x61, 0x08,
    0x61, 0x08, 0x61, 0x08, 0x61, 0x08, 0x61, 0x08, 0x61, 0x08, 0x61, 0x08, 0x61, 0x08, 0x61, 0x08,
    0x61, 0x08, 0x61, 0x08, 0x61, 0x08, 0x61, 0x08, 0x61, 0x08, 0x61, 0x08, 0x61, 0x08, 0x61, 0x08,
    0x61, 0x08, 0x61, 0x08, 0x61, 0x08, 0x61, 0x08, 0x61, 0x08, 0x61, 0x08, 0x61, 0x08, 0x61, 0x08,
    0x61, 0x08, 0x61, 0x08, 0x61, 0x08, 0x61, 0x08, 0x61, 0x08, 0x61, 0x08, 0x61, 0x08, 0x61, 0x08,
    0x61, 0x08, 0x61, 0x08, 0x61, 0x08, 0x61, 0x08, 0x61, 0x08, 0x61, 0x08, 0x61, 0x08, 0x61, 0x08,
    0x61, 0x08, 0x61, 0x08, 0x61, 0x08, 0x61, 0x08, 0x61, 0x08, 0x61, 0x08, 0x83, 0x10, 0xc6, 0x38,
    0x6d, 0x69, 0xb8, 0xca, 0x3e, 0xf3, 0x3e, 0xf3, 0xd0, 0x81, 0xa4, 0x20, 0x61, 0x08, 0x61, 0x08,
    0x61, 0x08, 0x61, 0x08, 0x61, 0x08, 0x61, 0x08, 0x61, 0x08, 0x61, 0x08, 0x61, 0x08, 0x61, 0x08,
    0x61, 0x08, 0x61, 0x08, 0x61, 0x08, 0x61, 0x08, 0x61, 0x08, 0x61, 0x08, 0x61, 0x08, 0x61, 0x08,
    0x61, 0x08, 0x61, 0x08, 0x61, 0x08, 0x61, 0x08, 0x61, 0x08, 0x61, 0x08, 0x61, 0x08, 0x61, 0x08,
    0x61, 0x08, 0x61, 0x08, 0x61, 0x08, 0x61, 0x08, 0x61, 0x08, 0x61, 0x08, 0x61, 0x08, 0x61, 0x08,
    0x61, 0x08, 0x61, 0x08, 0x61, 0x08, 0x61, 0x08, 0x61, 0x08, 0x61, 0x08, 0x61, 0x08, 0x61, 0x08,
    0x61, 0x08, 0x61, 0x08, 0x61, 0x08, 0x61, 0x08, 0x61, 0x08, 0x61, 0x08, 0x61, 0x08, 0x61, 0x08,
    0x61, 0x08, 0x61, 0x08, 0xe8, 0x38, 0x9b, 0xd2, 0x5f, 0xfb, 0x1f, 0xfb, 0x1e, 0xf3, 0xb8, 0xca,
    0x8e, 0x71, 0xc6, 0x30, 0x61, 0x08, 0x61, 0x08, 0x61, 0x08, 0x61, 0x08, 0x61, 0x08, 0x61, 0x08,
    0x61, 0x08, 0x61, 0x08, 0x61, 0x08, 0x61, 0x08, 0x61, 0x08, 0x61, 0x08, 0x61, 0x08, 0x61, 0x08,
    0x61, 0x08, 0x61, 0x08, 0x61, 0x08, 0x61, 0x08, 0x61, 0x08, 0x61, 0x08, 0x61, 0x08, 0x61, 0x08,
    0x61, 0x08, 0x61, 0x08, 0x61, 0x08, 0x61, 0x08, 0x61, 0x08, 0x61, 0x08, 0x61, 0x08, 0x61, 0x08,
    0x61, 0x08, 0x61, 0x08, 0x61, 0x08, 0x61, 0x08, 0x61, 0x08, 0x61, 0x08, 0x61, 0x08, 0x61, 0x08,
    0x61, 0x08, 0x61, 0x08, 0x61, 0x08, 0x61, 0x08, 0x61, 0x08, 0x61, 0x08, 0x61, 0x08, 0x61, 0x08,
    0x61, 0x08, 0x61, 0x08, 0x61, 0x08, 0x61, 0x08, 0x61, 0x08, 0x61, 0x08, 0x61, 0x08, 0x61, 0x08,
    0x61, 0x08, 0x61, 0x08, 0x61, 0x08, 0x61, 0x08, 0x61, 0x08, 0x61, 0x08, 0x61, 0x08, 0x61, 0x08,
    0x61, 0x08, 0x61, 0x08, 0x61, 0x08, 0x61, 0x08, 0x61, 0x08, 0x61, 0x08, 0x61, 0x08, 0x61, 0x08,
    0x61, 0x08, 0x61, 0x08, 0x61, 0x08, 0x61, 0x08, 0x61, 0x08, 0x61, 0x08, 0x61, 0x08, 0x61, 0x08,
    0x61, 0x08, 0x61, 0x08, 0x61, 0x08, 0x61, 0x08, 0x61, 0x08, 0x61, 0x08, 0x61, 0x08, 0x61, 0x08,
    0x61, 0x08, 0x61, 0x08, 0x61, 0x08, 0x61, 0x08, 0x61, 0x08, 0x61, 0x08, 0x61, 0x08, 0x61, 0x08,
    0x61, 0x08, 0x61, 0x08, 0x61, 0x08, 0x61, 0x08, 0x61, 0x08, 0x61, 0x08, 0x61, 0x08, 0x61, 0x08,
    0x61, 0x08, 0x61, 0x08, 0x61, 0x08, 0x61, 0x08, 0x61, 0x08, 0x61, 0x08, 0x61, 0x08, 0x61, 0x08,
    0x61, 0x08, 0x61, 0x08, 0x61, 0x08, 0x61, 0x08, 0x61, 0x08, 0x61, 0x08, 0x61, 0x08, 0x61, 0x08,
    0x61, 0x08, 0x61, 0x08, 0x61, 0x08, 0x61, 0x08, 0x61, 0x08, 0x61, 0x08, 0x61, 0x08, 0x61, 0x08,
    0x61, 0x08, 0x61, 0x08, 0x61, 0x08, 0x61, 0x08, 0x61, 0x08, 0x61, 0x08, 0x61, 0x08, 0x61, 0x08,
    0x61, 0x08, 0x61, 0x08, 0x61, 0x08, 0x61, 0x08, 0x61, 0x08, 0x61, 0x08, 0x61, 0x08, 0x61, 0x08,
    0x61, 0x08, 0x61, 0x08, 0x61, 0x08, 0x61, 0x08, 0x61, 0x08, 0x61, 0x08, 0x61, 0x08, 0x61, 0x08,
    0x61, 0x08, 0x61, 0x08, 0x61, 0x08, 0x61, 0x08, 0x61, 0x08, 0x61, 0x08, 0x61, 0x08, 0x61, 0x08,
    0x61, 0x08, 0x61, 0x08, 0x61, 0x08, 0x61, 0x08, 0x61, 0x08, 0x61, 0x08, 0x61, 0x08, 0x61, 0x08,
    0x61, 0x08, 0x61, 0x08, 0x61, 0x08, 0x61, 0x08, 0x61, 0x08, 0xc6, 0x30, 0x6d, 0x69, 0x98, 0xba,
    0x1e, 0xf3, 0x1f, 0xfb, 0x5f, 0xfb, 0xfc, 0xda, 0x0a, 0x49, 0x61, 0x08, 0x61, 0x08, 0x61, 0x08,
    0x61, 0x08, 0x61, 0x08, 0x61, 0x08, 0x61, 0x08, 0x61, 0x08, 0x61, 0x08, 0x61, 0x08, 0x61, 0x08,
    0x61, 0x08, 0x61, 0x08, 0x61, 0x08, 0x61, 0x08, 0x61, 0x08, 0x61, 0x08, 0x61, 0x08, 0x61, 0x08,
    0x61, 0x08, 0x61, 0x08, 0x61, 0x08, 0x61, 0x08, 0x61, 0x08, 0x61, 0x08, 0x61, 0x08, 0x61, 0x08,
    0x61, 0x08, 0x61, 0x08, 0x61, 0x08, 0x61, 0x08, 0x61, 0x08, 0x61, 0x08, 0x61, 0x08, 0x61, 0x08,
    0x61, 0x08, 0x61, 0x08, 0x61, 0x08, 0x61, 0x08, 0x61, 0x08, 0x61, 0x08, 0x61, 0x08, 0x61, 0x08,
    0x61, 0x08, 0x61, 0x08, 0x61, 0x08, 0x61, 0x08, 0x61, 0x08, 0x61, 0x08, 0x61, 0x08, 0x61, 0x08,
    0x61, 0x08, 0x61, 0x08, 0xc5, 0x28, 0x96, 0xb2, 0x1f, 0xfb, 0x5f, 0xfb, 0x5f, 0xfb, 0x5f, 0xfb,
    0x1e, 0xf3, 0x15, 0xaa, 0x09, 0x49, 0xa5, 0x28, 0x61, 0x08, 0x61, 0x08, 0x61, 0x08, 0x61, 0x08,
    0x61, 0x08, 0x61, 0x08, 0x61, 0x08, 0x61, 0x08, 0x61, 0x08, 0x61, 0x08, 0x61, 0x08, 0x61, 0x08,
    0x61, 0x08, 0x61, 0x08, 0x61, 0x08, 0x61, 0x08, 0x61, 0x08, 0x61, 0x08, 0x61, 0x08, 0x61, 0x08,
    0x61, 0x08, 0x61, 0x08, 0x61, 0x08, 0x61, 0x08, 0x61, 0x08, 0x61, 0x08, 0x61, 0x08, 0x61, 0x08,
    0x61, 0x08, 0x61, 0x08, 0x61, 0x08, 0x61, 0x08, 0x61, 0x08, 0x61, 0x08, 0x61, 0x08, 0x61, 0x08,
    0x61, 0x08, 0x61, 0x08, 0x61, 0x08, 0x61, 0x08, 0x61, 0x08, 0x61, 0x08, 0x61, 0x08, 0x61, 0x08,
    0x61, 0x08, 0x61, 0x08, 0x61, 0x08, 0x61, 0x08, 0x61, 0x08, 0x61, 0x08, 0x61, 0x08, 0x61, 0x08,
    0x61, 0x08, 0x61, 0x08, 0x61, 0x08, 0x61, 0x08, 0x61, 0x08, 0x61, 0x08, 0x61, 0x08, 0x61, 0x08,
    0x61, 0x08, 0x61, 0x08, 0x61, 0x08, 0x61, 0x08, 0x61, 0x08, 0x61, 0x08, 0x61, 0x08, 0x61, 0x08,
    0x61, 0x08, 0x61, 0x08, 0x61, 0x08, 0x61, 0x08, 0x61, 0x08, 0x61, 0x08, 0x61, 0x08, 0x61, 0x08,
    0x61, 0x08, 0x61, 0x08, 0x61, 0x08, 0x61, 0x08, 0x61, 0x08, 0x61, 0x08, 0x61, 0x08, 0x61, 0x08,
    0x61, 0x08, 0x61, 0x08, 0x61, 0x08, 0x61, 0x08, 0x61, 0x08, 0x61, 0x08, 0x61, 0x08, 0x61, 0x08,
    0x61, 0x08, 0x61, 0x08, 0x61, 0x08, 0x61, 0x08, 0x61, 0x08, 0x61, 0x08, 0x61, 0x08, 0x61, 0x08,
    0x61, 0x08, 0x61, 0x08, 0x61, 0x08, 0x61, 0x08, 0x61, 0x08, 0x61, 0x08, 0x61, 0x08, 0x61, 0x08,
    0x61, 0x08, 0x61, 0x08, 0x61, 0x08, 0x61, 0x08, 0x61, 0x08, 0x61, 0x08, 0x61, 0x08, 0x61, 0x08,
    0x61, 0x08, 0x61, 0x08, 0x61, 0x08, 0x61, 0x08, 0x61, 0x08, 0x61, 0x08, 0x61, 0x08, 0x61, 0x08,
    0x61, 0x08, 0x61, 0x08, 0x61, 0x08, 0x61, 0x08, 0x61, 0x08, 0x61, 0x08, 0x61, 0x08, 0x61, 0x08,
    0x61, 0x08, 0x61, 0x08, 0x61, 0x08, 0x61, 0x08, 0x61, 0x08, 0x61, 0x08, 0x61, 0x08, 0x61, 0x08,
    0x61, 0x08, 0x61, 0x08, 0x61, 0x08, 0x61, 0x08, 0x61, 0x08, 0x61, 0x08, 0x61, 0x08, 0x61, 0x08,
    0x61, 0x08, 0x61, 0x08, 0x61, 0x08, 0x61, 0x08, 0x61, 0x08, 0x61, 0x08, 0x61, 0x08, 0x61, 0x08,
    0x61, 0x08, 0x61, 0x08, 0x61, 0x08, 0x61, 0x08, 0x61, 0x08, 0x61, 0x08, 0x61, 0x08, 0x61, 0x08,
    0x61, 0x08, 0x61, 0x08, 0x61, 0x08, 0xa5, 0x28, 0x09, 0x49, 0x56, 0xb2, 0x1e, 0xf3, 0x3f, 0xfb,
    0x5f, 0xfb, 0x5f, 0xfb, 0x1f, 0xfb, 0x35, 0xaa, 0xc6, 0x30, 0x61, 0x08, 0x61, 0x08, 0x61, 0x08,
    0x61, 0x08, 0x61, 0x08, 0x61, 0x08, 0x61, 0x08, 0x61, 0x08, 0x61, 0x08, 0x61, 0x08, 0x61, 0x08,
    0x61, 0x08, 0x61, 0x08, 0x61, 0x08, 0x61, 0x08, 0x61, 0x08, 0x61, 0x08, 0x61, 0x08, 0x61, 0x08,
    0x61, 0x08, 0x61, 0x08, 0x61, 0x08, 0x61, 0x08, 0x61, 0x08, 0x61, 0x08, 0x61, 0x08, 0x61, 0x08,
    0x61, 0x08, 0x61, 0x08, 0x61, 0x08, 0x61, 0x08, 0x61, 0x08, 0x61, 0x08, 0x61, 0x08, 0x61, 0x08,
    0x61, 0x08, 0x61, 0x08, 0x61, 0x08, 0x61, 0x08, 0x61, 0x08, 0x61, 0x08, 0x61, 0x08, 0x61, 0x08,
    0x61, 0x08, 0x61, 0x08, 0x61, 0x08, 0x61, 0x08, 0x61, 0x08, 0x61, 0x08, 0x61, 0x08, 0x61, 0x08,
    0x61, 0x08, 0x61, 0x08, 0x84, 0x20, 0xb0, 0x79, 0x3e, 0xf3, 0x5f, 0xfb, 0x5f, 0xfb, 0x5f, 0xfb,
    0x5f, 0xfb, 0x1f, 0xfb, 0xdb, 0xda, 0xf2, 0x91, 0x4a, 0x51, 0xc6, 0x30, 0x61, 0x08, 0x61, 0x08,
    0x61, 0x08, 0x61, 0x08, 0x61, 0x08, 0x61, 0x08, 0x61, 0x08, 0x61, 0x08, 0x61, 0x08, 0x61, 0x08,
    0x61, 0x08, 0x61, 0x08, 0x61, 0x08, 0x61, 0x08, 0x61, 0x08, 0x61, 0x08, 0x61, 0x08, 0x61, 0x08,
    0x61, 0x08, 0x61, 0x08, 0x61, 0x08, 0x61, 0x08, 0x61, 0x08, 0x61, 0x08, 0x61, 0x08, 0x61, 0x08,
    0x61, 0x08, 0x61, 0x08, 0x61, 0x08, 0x61, 0x08, 0x61, 0x08, 0x61, 0x08, 0x61, 0x08, 0x61, 0x08,
    0x61, 0x08, 0x61, 0x08, 0x61, 0x08, 0x61, 0x08, 0x61, 0x08, 0x61, 0x08, 0x61, 0x08, 0x61, 0x08,
    0x61, 0x08, 0x61, 0x08, 0x61, 0x08, 0x61, 0x08, 0x61, 0x08, 0x61, 0x08, 0x61, 0x08, 0x61, 0x08,
    0x61, 0x08, 0x61, 0x08, 0x61, 0x08, 0x61, 0x08, 0x61, 0x08, 0x61, 0x08, 0x61, 0x08, 0x61, 0x08,
    0x61, 0x08, 0x61, 0x08, 0x61, 0x08, 0x61, 0x08, 0x61, 0x08, 0x61, 0x08, 0x61, 0x08, 0x61, 0x08,
    0x61, 0x08, 0x61, 0x08, 0x61, 0x08, 0x61, 0x08, 0x61, 0x08, 0x61, 0x08, 0x61, 0x08, 0x61, 0x08,
    0x61, 0x08, 0x61, 0x08, 0x61, 0x08, 0x61, 0x08, 0x61, 0x08, 0x61, 0x08, 0x61, 0x08, 0x61, 0x08,
    0x61, 0x08, 0x61, 0x08, 0x61, 0x08, 0x61, 0x08, 0x61, 0x08, 0x61, 0x08, 0x61, 0x08, 0x61, 0x08,
    0x61, 0x08, 0x61, 0x08, 0x61, 0x08, 0x61, 0x08, 0x61, 0x08, 0x61, 0x08, 0x61, 0x08, 0x61, 0x08,
    0x61, 0x08, 0x61, 0x08, 0x61, 0x08, 0x61, 0x08, 0x61, 0x08, 0x61, 0x08, 0x61, 0x08, 0x61, 0x08,
    0x61, 0x08, 0x61, 0x08, 0x61, 0x08, 0x61, 0x08, 0x61, 0x08, 0x61, 0x08, 0x61, 0x08, 0x61, 0x08,
    0x61, 0x08, 0x61, 0x08, 0x61, 0x08, 0x61, 0x08, 0x61, 0x08, 0x61, 0x08, 0x61, 0x08, 0x61, 0x08,
    0x61, 0x08, 0x61, 0x08, 0x61, 0x08, 0x61, 0x08, 0x61, 0x08, 0x61, 0x08, 0x61, 0x08, 0x61, 0x08,
    0x61, 0x08, 0x61, 0x08, 0x61, 0x08, 0x61, 0x08, 0x61, 0x08, 0x61, 0x08, 0x61, 0x08, 0x61, 0x08,
    0x61, 0x08, 0x61, 0x08, 0x61, 0x08, 0x61, 0x08, 0x61, 0x08, 0x61, 0x08, 0x61, 0x08, 0x61, 0x08,
    0x61, 0x08, 0x61, 0x08, 0x61, 0x08, 0x61, 0x08, 0x61, 0x08, 0x61, 0x08, 0x61, 0x08, 0x61, 0x08,
    0x61, 0x08, 0x61, 0x08, 0x61, 0x08, 0x61, 0x08, 0x61, 0x08, 0x61, 0x08, 0x61, 0x08, 0x61, 0x08,
    0x61, 0x08, 0xc6, 0x30, 0x4a, 0x51, 0xf2, 0x91, 0xdb, 0xda, 0x1f, 0xfb, 0x5f, 0xfb, 0x5f, 0xfb,
    0x5f, 0xfb, 0x5f, 0xfb, 0x3e, 0xf3, 0x8e, 0x71, 0x83, 0x18, 0x61, 0x08, 0x61, 0x08, 0x61, 0x08,
    0x61, 0x08, 0x61, 0x08, 0x61, 0x08, 0x61, 0x08, 0x61, 0x08, 0x61, 0x08, 0x61, 0x08, 0x61, 0x08,
    0x61, 0x08, 0x61, 0x08, 0x61, 0x08, 0x61, 0x08, 0x61, 0x08, 0x61, 0x08, 0x61, 0x08, 0x61, 0x08,
    0x61, 0x08, 0x61, 0x08, 0x61, 0x08, 0x61, 0x08, 0x61, 0x08, 0x61, 0x08, 0x61, 0x08, 0x61, 0x08,
    0x61, 0x08, 0x61, 0x08, 0x61, 0x08, 0x61, 0x08, 0x61, 0x08, 0x61, 0x08, 0x61, 0x08, 0x61, 0x08,
    0x61, 0x08, 0x61, 0x08, 0x61, 0x08, 0x61, 0x08, 0x61, 0x08, 0x61, 0x08, 0x61, 0x08, 0x61, 0x08,
    0x61, 0x08, 0x61, 0x08, 0x61, 0x08, 0x61, 0x08, 0x61, 0x08, 0x61, 0x08, 0x61, 0x08, 0x61, 0x08,
    0x61, 0x08, 0x61, 0x08, 0x61, 0x08, 0x08, 0x41, 0xba, 0xd2, 0x5f, 0xfb, 0x5f, 0xfb, 0x5f, 0xfb,
    0x5f, 0xfb, 0x5f, 0xfb, 0x5f, 0xfb, 0x1f, 0xfb, 0xfc, 0xda, 0x14, 0xa2, 0x09, 0x49, 0x82, 0x10,
    0x61, 0x08, 0x61, 0x08, 0x61, 0x08, 0x61, 0x08, 0x61, 0x08, 0x61, 0x08, 0x61, 0x08, 0x61, 0x08,
    0x61, 0x08, 0x61, 0x08, 0x61, 0x08, 0x61, 0x08, 0x61, 0x08, 0x61, 0x08, 0x61, 0x08, 0x61, 0x08,
    0x61, 0x08, 0x61, 0x08, 0x61, 0x08, 0x61, 0x08, 0x61, 0x08, 0x61, 0x08, 0x61, 0x08, 0x61, 0x08,
    0x61, 0x08, 0x61, 0x08, 0x61, 0x08, 0x61, 0x08, 0x61, 0x08, 0x61, 0x08, 0x61, 0x08, 0x61, 0x08,
    0x61, 0x08, 0x61, 0x08, 0x61, 0x08, 0x61, 0x08, 0x61, 0x08, 0x61, 0x08, 0x61, 0x08, 0x61, 0x08,
    0x61, 0x08, 0x61, 0x08, 0x61, 0x08, 0x61, 0x08, 0x61, 0x08, 0x61, 0x08, 0x61, 0x08, 0x61, 0x08,
    0x61, 0x08, 0x61, 0x08, 0x61, 0x08, 0x61, 0x08, 0x61, 0x08, 0x61, 0x08, 0x61, 0x08, 0x61, 0x08,
    0x61, 0x08, 0x61, 0x08, 0x61, 0x08, 0x61, 0x08, 0x61, 0x08, 0x61, 0x08, 0x61, 0x08, 0x61, 0x08,
    0x61, 0x08, 0x61, 0x08, 0x61, 0x08, 0x61, 0x08, 0x61, 0x08, 0x61, 0x08, 0x61, 0x08, 0x61, 0x08,
    0x61, 0x08, 0x61, 0x08, 0x61, 0x08, 0x61, 0x08, 0x61, 0x08, 0x61, 0x08, 0x61, 0x08, 0x61, 0x08,
    0x61, 0x08, 0x61, 0x08, 0x61, 0x08, 0x61, 0x08, 0x61, 0x08, 0x61, 0x08, 0x61, 0x08, 0x61, 0x08,
    0x61, 0x08, 0x61, 0x08, 0x61, 0x08, 0x61, 0x08, 0x61, 0x08, 0x61, 0x08, 0x61, 0x08, 0x61, 0x08,
    0x61, 0x08, 0x61, 0x08, 0x61, 0x08, 0x61, 0x08, 0x61, 0x08, 0x61, 0x08, 0x61, 0x08, 0x61, 0x08,
    0x61, 0x08, 0x61, 0x08, 0x61, 0x08, 0x61, 0x08, 0x61, 0x08, 0x61, 0x08, 0x61, 0x08, 0x61, 0x08,
    0x61, 0x08, 0x61, 0x08, 0x61, 0x08, 0x61, 0x08, 0x61, 0x08, 0x61, 0x08, 0x61, 0x08, 0x61, 0x08,
    0x61, 0x08, 0x61, 0x08, 0x61, 0x08, 0x61, 0x08, 0x61, 0x08, 0x61, 0x08, 0x61, 0x08, 0x61, 0x08,
    0x61, 0x08, 0x61, 0x08, 0x61, 0x08, 0x61, 0x08, 0x61, 0x08, 0x61, 0x08, 0x61, 0x08, 0x61, 0x08,
    0x61, 0x08, 0x61, 0x08, 0x61, 0x08, 0x61, 0x08, 0x61, 0x08, 0x61, 0x08, 0x61, 0x08, 0x61, 0x08,
    0x61, 0x08, 0x61, 0x08, 0x61, 0x08, 0x61, 0x08, 0x61, 0x08, 0x61, 0x08, 0x61, 0x08, 0x61, 0x08,
    0x61, 0x08, 0x61, 0x08, 0x61, 0x08, 0x61, 0x08, 0x61, 0x08, 0x61, 0x08, 0x61, 0x08, 0x82, 0x10,
    0xe7, 0x38, 0x13, 0x9a, 0xfc, 0xda, 0x3e, 0xf3, 0x5f, 0xfb, 0x5f, 0xfb, 0x5f, 0xfb, 0x5f, 0xfb,
    0x5f, 0xfb, 0x5f, 0xfb, 0xdb, 0xda, 0x0a, 0x49, 0x61, 0x08, 0x61, 0x08, 0x61, 0x08, 0x61, 0x08,
    0x61, 0x08, 0x61, 0x08, 0x61, 0x08, 0x61, 0x08, 0x61, 0x08, 0x61, 0x08, 0x61, 0x08, 0x61, 0x08,
    0x61, 0x08, 0x61, 0x08, 0x61, 0x08, 0x61, 0x08, 0x61, 0x08, 0x61, 0x08, 0x61, 0x08, 0x61, 0x08,
    0x61, 0x08, 0x61, 0x08, 0x61, 0x08, 0x61, 0x08, 0x61, 0x08, 0x61, 0x08, 0x61, 0x08, 0x61, 0x08,
    0x61, 0x08, 0x61, 0x08, 0x61, 0x08, 0x61, 0x08, 0x61, 0x08, 0x61, 0x08, 0x61, 0x08, 0x61, 0x08,
    0x61, 0x08, 0x61, 0x08, 0x61, 0x08, 0x61, 0x08, 0x61, 0x08, 0x61, 0x08, 0x61, 0x08, 0x61, 0x08,
    0x61, 0x08, 0x61, 0x08, 0x61, 0x08, 0x61, 0x08, 0x61, 0x08, 0x61, 0x08, 0x61, 0x08, 0x61, 0x08,
    0x61, 0x08, 0x61, 0x08, 0x61, 0x08, 0xa5, 0x28, 0x13, 0xa2, 0x1f, 0xfb, 0x5f, 0xfb, 0x5f, 0xfb,
    0x5f, 0xfb, 0x5f, 0xfb, 0x5f, 0xfb, 0x5f, 0xfb, 0x5f, 0xfb, 0x3e, 0xf3, 0x97, 0xba, 0x8f, 0x71,
    0x0a, 0x49, 0x84, 0x20, 0x61, 0x08, 0x61, 0x08, 0x61, 0x08, 0x61, 0x08, 0x61, 0x08, 0x61, 0x08,
    0x61, 0x08, 0x61, 0x08, 0x61, 0x08, 0x61, 0x08, 0x61, 0x08, 0x61, 0x08, 0x61, 0x08, 0x61, 0x08,
    0x61, 0x08, 0x61, 0x08, 0x61, 0x08, 0x61, 0x08, 0x61, 0x08, 0x61, 0x08, 0x61, 0x08, 0x61, 0x08,
    0x61, 0x08, 0x61, 0x08, 0x61, 0x08, 0x61, 0x08, 0x61, 0x08, 0x61, 0x08, 0x61, 0x08, 0x61, 0x08,
    0x61, 0x08, 0x61, 0x08, 0x61, 0x08, 0x61, 0x08, 0x61, 0x08, 0x61, 0x08, 0x61, 0x08, 0x61, 0x08,
    0x61, 0x08, 0x61, 0x08, 0x61, 0x08, 0x61, 0x08, 0x61, 0x08, 0x61, 0x08, 0x61, 0x08, 0x61, 0x08,
    0x61, 0x08, 0x61, 0x08, 0x61, 0x08, 0x61, 0x08, 0x61, 0x08, 0x61, 0x08, 0x61, 0x08, 0x61, 0x08,
    0x61, 0x08, 0x61, 0x08, 0x61, 0x08, 0x61, 0x08, 0x61, 0x08, 0x61, 0x08, 0x61, 0x08, 0x61, 0x08,
    0x61, 0x08, 0x61, 0x08, 0x61, 0x08, 0x61, 0x08, 0x61, 0x08, 0x61, 0x08, 0x61, 0x08, 0x61, 0x08,
    0x61, 0x08, 0x61, 0x08, 0x61, 0x08, 0x61, 0x08, 0x61, 0x08, 0x61, 0x08, 0x61, 0x08, 0x61, 0x08,
    0x61, 0x08, 0x61, 0x08, 0x61, 0x08, 0x61, 0x08, 0x61, 0x08, 0x61, 0x08, 0x61, 0x08, 0x61, 0x08,
    0x61, 0x08, 0x61, 0x08, 0x61, 0x08, 0x61, 0x08, 0x61, 0x08, 0x61, 0x08, 0x61, 0x08, 0x61, 0x08,
    0x61, 0x08, 0x61, 0x08, 0x61, 0x08, 0x61, 0x08, 0x61, 0x08, 0x61, 0x08, 0x61, 0x08, 0x61, 0x08,
    0x61, 0x08, 0x61, 0x08, 0x61, 0x08, 0x61, 0x08, 0x61, 0x08, 0x61, 0x08, 0x61, 0x08, 0x61, 0x08,
    0x61, 0x08, 0x61, 0x08, 0x61, 0x08, 0x61, 0x08, 0x61, 0x08, 0x61, 0x08, 0x61, 0x08, 0x61, 0x08,
    0x61, 0x08, 0x61, 0x08, 0x61, 0x08, 0x61, 0x08, 0x61, 0x08, 0x61, 0x08, 0x61, 0x08, 0x61, 0x08,
    0x61, 0x08, 0x61, 0x08, 0x61, 0x08, 0x61, 0x08, 0x61, 0x08, 0x61, 0x08, 0x61, 0x08, 0x61, 0x08,
    0x61, 0x08, 0x61, 0x08, 0x61, 0x08, 0x61, 0x08, 0x61, 0x08, 0x61, 0x08, 0x61, 0x08, 0x61, 0x08,
    0x61, 0x08, 0x61, 0x08, 0x61, 0x08, 0x61, 0x08, 0x61, 0x08, 0x61, 0x08, 0x61, 0x08, 0x61, 0x08,
    0x61, 0x08, 0x61, 0x08, 0x61, 0x08, 0x61, 0x08, 0x61, 0x08, 0xa3, 0x18, 0x09, 0x49, 0x8f, 0x71,
    0x56, 0xb2, 0x1d, 0xeb, 0x5f, 0xfb, 0x5f, 0xfb, 0x5f, 0xfb, 0x5f, 0xfb, 0x5f, 0xfb, 0x5f, 0xfb,
    0x5f, 0xfb, 0x5f, 0xfb, 0x14, 0xa2, 0xc6, 0x30, 0x61, 0x08, 0x61, 0x08, 0x61, 0x08, 0x61, 0x08,
    0x61, 0x08, 0x61, 0x08, 0x61, 0x08, 0x61, 0x08, 0x61, 0x08, 0x61, 0x08, 0x61, 0x08, 0x61, 0x08,
    0x61, 0x08, 0x61, 0x08, 0x61, 0x08, 0x61, 0x08, 0x61, 0x08, 0x61, 0x08, 0x61, 0x08, 0x61, 0x08,
    0x61, 0x08, 0x61, 0x08, 0x61, 0x08, 0x61, 0x08, 0x61, 0x08, 0x61, 0x08, 0x61, 0x08, 0x61, 0x08,
    0x61, 0x08, 0x61, 0x08, 0x61, 0x08, 0x61, 0x08, 0x61, 0x08, 0x61, 0x08, 0x61, 0x08, 0x61, 0x08,
    0x61, 0x08, 0x61, 0x08, 0x61, 0x08, 0x61, 0x08, 0x61, 0x08, 0x61, 0x08, 0x61, 0x08, 0x61, 0x08,
    0x61, 0x08, 0x61, 0x08, 0x61, 0x08, 0x61, 0x08, 0x61, 0x08, 0x61, 0x08, 0x61, 0x08, 0x61, 0x08,
    0x61, 0x08, 0x61, 0x08, 0x61, 0x08, 0x83, 0x10, 0x8e, 0x71, 0x3e, 0xf3, 0x5f, 0xfb, 0x5f, 0xfb,
    0x5f, 0xfb, 0x5f, 0xfb, 0x5f, 0xfb, 0x5f, 0xfb, 0x5f, 0xfb, 0x5f, 0xfb, 0x5f, 0xfb, 0x1e, 0xf3,
    0x98, 0xba, 0xaf, 0x79, 0xa5, 0x28, 0x61, 0x08, 0x61, 0x08, 0x61, 0x08, 0x61, 0x08, 0x61, 0x08,
    0x61, 0x08, 0x61, 0x08, 0x61, 0x08, 0x61, 0x08, 0x61, 0x08, 0x61, 0x08, 0x61, 0x08, 0x61, 0x08,
    0x61, 0x08, 0x61, 0x08, 0x61, 0x08, 0x61, 0x08, 0x61, 0x08, 0x61, 0x08, 0x61, 0x08, 0x61, 0x08,
    0x61, 0x08, 0x61, 0x08, 0x61, 0x08, 0x61, 0x08, 0x61, 0x08, 0x61, 0x08, 0x61, 0x08, 0x61, 0x08,
    0x61, 0x08, 0x61, 0x08, 0x61, 0x08, 0x61, 0x08, 0x61, 0x08, 0x61, 0x08, 0x61, 0x08, 0x61, 0x08,
    0x61, 0x08, 0x61, 0x08, 0x61, 0x08, 0x61, 0x08, 0x61, 0x08, 0x61, 0x08, 0x61, 0x08, 0x61, 0x08,
    0x61, 0x08, 0x61, 0x08, 0x61, 0x08, 0x61, 0x08, 0x61, 0x08, 0x61, 0x08, 0x61, 0x08, 0x61, 0x08,
    0x61, 0x08, 0x61, 0x08, 0x61, 0x08, 0x61, 0x08, 0x61, 0x08, 0x61, 0x08, 0x61, 0x08, 0x61, 0x08,
    0x61, 0x08, 0x61, 0x08, 0x61, 0x08, 0x61, 0x08, 0x61, 0x08, 0x61, 0x08, 0x61, 0x08, 0x61, 0x08,
    0x61, 0x08, 0x61, 0x08, 0x61, 0x08, 0x61, 0x08, 0x61, 0x08, 0x61, 0x08, 0x61, 0x08, 0x61, 0x08,
    0x61, 0x08, 0x61, 0x08, 0x61, 0x08, 0x61, 0x08, 0x61, 0x08, 0x61, 0x08, 0x61, 0x08, 0x61, 0x08,
    0x61, 0x08, 0x61, 0x08, 0x61, 0x08, 0x61, 0x08, 0x61, 0x08, 0x61, 0x08, 0x61, 0x08, 0x61, 0x08,
    0x61, 0x08, 0x61, 0x08, 0x61, 0x08, 0x61, 0x08, 0x61, 0x08, 0x61, 0x08, 0x61, 0x08, 0x61, 0x08,
    0x61, 0x08, 0x61, 0x08, 0x61, 0x08, 0x61, 0x08, 0x61, 0x08, 0x61, 0x08, 0x61, 0x08, 0x61, 0x08,
    0x61, 0x08, 0x61, 0x08, 0x61, 0x08, 0x61, 0x08, 0x61, 0x08, 0x61, 0x08, 0x61, 0x08, 0x61, 0x08,
    0x61, 0x08, 0x61, 0x08, 0x61, 0x08, 0x61, 0x08, 0x61, 0x08, 0x61, 0x08, 0x61, 0x08, 0x61, 0x08,
    0x61, 0x08, 0x61, 0x08, 0x61, 0x08, 0x61, 0x08, 0x61, 0x08, 0x61, 0x08, 0x61, 0x08, 0x61, 0x08,
    0x61, 0x08, 0x61, 0x08, 0x61, 0x08, 0x61, 0x08, 0x61, 0x08, 0x61, 0x08, 0x61, 0x08, 0x61, 0x08,
    0x61, 0x08, 0x61, 0x08, 0x61, 0x08, 0x61, 0x08, 0x61, 0x08, 0x61, 0x08, 0x61, 0x08, 0x61, 0x08,
    0x61, 0x08, 0x61, 0x08, 0x61, 0x08, 0x61, 0x08, 0xa5, 0x28, 0xaf, 0x79, 0x97, 0xba, 0x1e, 0xf3,
    0x5f, 0xfb, 0x5f, 0xfb, 0x5f, 0xfb, 0x5f, 0xfb, 0x5f, 0xfb, 0x5f, 0xfb, 0x5f, 0xfb, 0x5f, 0xfb,
    0x5f, 0xfb, 0x3e, 0xf3, 0xb0, 0x79, 0xa4, 0x20, 0x61, 0x08, 0x61, 0x08, 0x61, 0x08, 0x61, 0x08,
    0x61, 0x08, 0x61, 0x08, 0x61, 0x08, 0x61, 0x08, 0x61, 0x08, 0x61, 0x08, 0x61, 0x08, 0x61, 0x08,
    0x61, 0x08, 0x61, 0x08, 0x61, 0x08, 0x61, 0x08, 0x61, 0x08, 0x61, 0x08, 0x61, 0x08, 0x61, 0x08,
    0x61, 0x08, 0x61, 0x08, 0x61, 0x08, 0x61, 0x08, 0x61, 0x08, 0x61, 0x08, 0x61, 0x08, 0x61, 0x08,
    0x61, 0x08, 0x61, 0x08, 0x61, 0x08, 0x61, 0x08, 0x61, 0x08, 0x61, 0x08, 0x61, 0x08, 0x61, 0x08,
    0x61, 0x08, 0x61, 0x08, 0x61, 0x08, 0x61, 0x08, 0x61, 0x08, 0x61, 0x08, 0x61, 0x08, 0x61, 0x08,
    0x61, 0x08, 0x61, 0x08, 0x61, 0x08, 0x61, 0x08, 0x61, 0x08, 0x61, 0x08, 0x61, 0x08, 0x61, 0x08,
    0x61, 0x08, 0x61, 0x08, 0x61, 0x08, 0x61, 0x08, 0x0a, 0x49, 0xdb, 0xda, 0x5f, 0xfb, 0x5f, 0xfb,
    0x5f, 0xfb, 0x5f, 0xfb, 0x5f, 0xfb, 0x5f, 0xfb, 0x5f, 0xfb, 0x5f, 0xfb, 0x5f, 0xfb, 0x5f, 0xfb,
    0x5f, 0xfb, 0xdc, 0xe2, 0xf3, 0x99, 0x4c, 0x61, 0xa5, 0x20, 0x61, 0x08, 0x61, 0x08, 0x61, 0x08,
    0x61, 0x08, 0x61, 0x08, 0x61, 0x08, 0x61, 0x08, 0x61, 0x08, 0x61, 0x08, 0x61, 0x08, 0x61, 0x08,
    0x61, 0x08, 0x61, 0x08, 0x61, 0x08, 0x61, 0x08, 0x61, 0x08, 0x61, 0x08, 0x61, 0x08, 0x61, 0x08,
    0x61, 0x08, 0x61, 0x08, 0x61, 0x08, 0x61, 0x08, 0x61, 0x08, 0x61, 0x08, 0x61, 0x08, 0x61, 0x08,
    0x61, 0x08, 0x61, 0x08, 0x61, 0x08, 0x61, 0x08, 0x61, 0x08, 0x61, 0x08, 0x61, 0x08, 0x61, 0x08,
    0x61, 0x08, 0x61, 0x08, 0x61, 0x08, 0x61, 0x08, 0x61, 0x08, 0x61, 0x08, 0x61, 0x08, 0x61, 0x08,
    0x61, 0x08, 0x61, 0x08, 0x61, 0x08, 0x61, 0x08, 0x61, 0x08, 0x61, 0x08, 0x61, 0x08, 0x61, 0x08,
    0x61, 0x08, 0x61, 0x08, 0x61, 0x08, 0x61, 0x08, 0x61, 0x08, 0x61, 0x08, 0x61, 0x08, 0x61, 0x08,
    0x61, 0x08, 0x61, 0x08, 0x61, 0x08, 0x61, 0x08, 0x61, 0x08, 0x61, 0x08, 0x61, 0x08, 0x61, 0x08,
    0x61, 0x08, 0x61, 0x08, 0x61, 0x08, 0x61, 0x08, 0x61, 0x08, 0x61, 0x08, 0x61, 0x08, 0x61, 0x08,
    0x61, 0x08, 0x61, 0x08, 0x61, 0x08, 0x61, 0x08, 0x61, 0x08, 0x61, 0x08, 0x61, 0x08, 0x61, 0x08,
    0x61, 0x08, 0x61, 0x08, 0x61, 0x08, 0x61, 0x08, 0x61, 0x08, 0x61, 0x08, 0x61, 0x08, 0x61, 0x08,
    0x61, 0x08, 0x61, 0x08, 0x61, 0x08, 0x61, 0x08, 0x61, 0x08, 0x61, 0x08, 0x61, 0x08, 0x61, 0x08,
    0x61, 0x08, 0x61, 0x08, 0x61, 0x08, 0x61, 0x08, 0x61, 0x08, 0x61, 0x08, 0x61, 0x08, 0x61, 0x08,
    0x61, 0x08, 0x61, 0x08, 0x61, 0x08, 0x61, 0x08, 0x61, 0x08, 0x61, 0x08, 0x61, 0x08, 0x61, 0x08,
    0x61, 0x08, 0x61, 0x08, 0x61, 0x08, 0x61, 0x08, 0x61, 0x08, 0x61, 0x08, 0x61, 0x08, 0x61, 0x08,
    0x61, 0x08, 0x61, 0x08, 0x61, 0x08, 0x61, 0x08, 0x61, 0x08, 0x61, 0x08, 0x61, 0x08, 0x61, 0x08,
    0x61, 0x08, 0x61, 0x08, 0x61, 0x08, 0x61, 0x08, 0x61, 0x08, 0x61, 0x08, 0x61, 0x08, 0x61, 0x08,
    0x61, 0x08, 0x61, 0x08, 0x61, 0x08, 0x61, 0x08, 0x61, 0x08, 0x61, 0x08, 0x61, 0x08, 0x61, 0x08,
    0x61, 0x08, 0x61, 0x08, 0xe6, 0x30, 0x6d, 0x69, 0xf3, 0x99, 0xfc, 0xda, 0x5f, 0xfb, 0x5f, 0xfb,
    0x5f, 0xfb, 0x5f, 0xfb, 0x5f, 0xfb, 0x5f, 0xfb, 0x5f, 0xfb, 0x5f, 0xfb, 0x5f, 0xfb, 0x5f, 0xfb,
    0x5f, 0xfb, 0xdb, 0xda, 0x0a, 0x51, 0x61, 0x08, 0x61, 0x08, 0x61, 0x08, 0x61, 0x08, 0x61, 0x08,
    0x61, 0x08, 0x61, 0x08, 0x61, 0x08, 0x61, 0x08, 0x61, 0x08, 0x61, 0x08, 0x61, 0x08, 0x61, 0x08,
    0x61, 0x08, 0x61, 0x08, 0x61, 0x08, 0x61, 0x08, 0x61, 0x08, 0x61, 0x08, 0x61, 0x08, 0x61, 0x08,
    0x61, 0x08, 0x61, 0x08, 0x61, 0x08, 0x61, 0x08, 0x61, 0x08, 0x61, 0x08, 0x61, 0x08, 0x61, 0x08,
    0x61, 0x08, 0x61, 0x08, 0x61, 0x08, 0x61, 0x08, 0x61, 0x08, 0x61, 0x08, 0x61, 0x08, 0x61, 0x08,
    0x61, 0x08, 0x61, 0x08, 0x61, 0x08, 0x61, 0x08, 0x61, 0x08, 0x61, 0x08, 0x61, 0x08, 0x61, 0x08,
    0x61, 0x08, 0x61, 0x08, 0x61, 0x08, 0x61, 0x08, 0x61, 0x08, 0x61, 0x08, 0x61, 0x08, 0x61, 0x08,
    0x61, 0x08, 0x61, 0x08, 0x61, 0x08, 0x61, 0x08, 0xa5, 0x20, 0xd1, 0x89, 0x1f, 0xfb, 0x5f, 0xfb,
    0x5f, 0xfb, 0x5f, 0xfb, 0x5f, 0xfb, 0x5f, 0xfb, 0x5f, 0xfb, 0x5f, 0xfb, 0x5f, 0xfb, 0x5f, 0xfb,
    0x5f, 0xfb, 0x5f, 0xfb, 0x1f, 0xfb, 0xda, 0xd2, 0xf3, 0x99, 0x8d, 0x71, 0xa5, 0x28, 0x61, 0x08,
    0x61, 0x08, 0x61, 0x08, 0x61, 0x08, 0x61, 0x08, 0x61, 0x08, 0x61, 0x08, 0x61, 0x08, 0x61, 0x08,
    0x61, 0x08, 0x61, 0x08, 0x61, 0x08, 0x61, 0x08, 0x61, 0x08, 0x61, 0x08, 0x61, 0x08, 0x61, 0x08,
    0x61, 0x08, 0x61, 0x08, 0x61, 0x08, 0x61, 0x08, 0x61, 0x08, 0x61, 0x08, 0x61, 0x08, 0x61, 0x08,
    0x61, 0x08, 0x61, 0x08, 0x61, 0x08, 0x61, 0x08, 0x61, 0x08, 0x61, 0x08, 0x61, 0x08, 0x61, 0x08,
    0x61, 0x08, 0x61, 0x08, 0x61, 0x08, 0x61, 0x08, 0x61, 0x08, 0x61, 0x08, 0x61, 0x08, 0x61, 0x08,
    0x61, 0x08, 0x61, 0x08, 0x61, 0x08, 0x61, 0x08, 0x61, 0x08, 0x61, 0x08, 0x61, 0x08, 0x61, 0x08,
    0x61, 0x08, 0x61, 0x08, 0x61, 0x08, 0x61, 0x08, 0x61, 0x08, 0x61, 0x08, 0x61, 0x08, 0x61, 0x08,
    0x61, 0x08, 0x61, 0x08, 0x61, 0x08, 0x61, 0x08, 0x61, 0x08, 0x61, 0x08, 0x61, 0x08, 0x61, 0x08,
    0x61, 0x08, 0x61, 0x08, 0x61, 0x08, 0x61, 0x08, 0x61, 0x08, 0x61, 0x08, 0x61, 0x08, 0x61, 0x08,
    0x61, 0x08, 0x61, 0x08, 0x61, 0x08, 0x61, 0x08, 0x61, 0x08, 0x61, 0x08, 0x61, 0x08, 0x61, 0x08,
    0x61, 0x08, 0x61, 0x08, 0x61, 0x08, 0x61, 0x08, 0x61, 0x08, 0x61, 0x08, 0x61, 0x08, 0x61, 0x08,
    0x61, 0x08, 0x61, 0x08, 0x61, 0x08, 0x61, 0x08, 0x61, 0x08, 0x61, 0x08, 0x61, 0x08, 0x61, 0x08,
    0x61, 0x08, 0x61, 0x08, 0x61, 0x08, 0x61, 0x08, 0x61, 0x08, 0x61, 0x08, 0x61, 0x08, 0x61, 0x08,
    0x61, 0x08, 0x61, 0x08, 0x61, 0x08, 0x61, 0x08, 0x61, 0x08, 0x61, 0x08, 0x61, 0x08, 0x61, 0x08,
    0x61, 0x08, 0x61, 0x08, 0x61, 0x08, 0x61, 0x08, 0x61, 0x08, 0x61, 0x08, 0x61, 0x08, 0x61, 0x08,
    0x61, 0x08, 0x61, 0x08, 0x61, 0x08, 0x61, 0x08, 0x61, 0x08, 0x61, 0x08, 0x61, 0x08, 0x61, 0x08,
    0x61, 0x08, 0x61, 0x08, 0x61, 0x08, 0x61, 0x08, 0x61, 0x08, 0x61, 0x08, 0x61, 0x08, 0x61, 0x08,
    0x61, 0x08, 0x61, 0x08, 0x61, 0x08, 0x61, 0x08, 0x61, 0x08, 0x61, 0x08, 0x61, 0x08, 0x61, 0x08,
    0x61, 0x08, 0x29, 0x49, 0x13, 0x9a, 0xdb, 0xda, 0x1f, 0xfb, 0x5f, 0xfb, 0x5f, 0xfb, 0x5f, 0xfb,
    0x5f, 0xfb, 0x5f, 0xfb, 0x5f, 0xfb, 0x5f, 0xfb, 0x5f, 0xfb, 0x5f, 0xfb, 0x5f, 0xfb, 0x5f, 0xfb,
    0x5f, 0xfb, 0xf3, 0x99, 0xc6, 0x30, 0x61, 0x08, 0x61, 0x08, 0x61, 0x08, 0x61, 0x08, 0x61, 0x08,
    0x61, 0x08, 0x61, 0x08, 0x61, 0x08, 0x61, 0x08, 0x61, 0x08, 0x61, 0x08, 0x61, 0x08, 0x61, 0x08,
    0x61, 0x08, 0x61, 0x08, 0x61, 0x08, 0x61, 0x08, 0x61, 0x08, 0x61, 0x08, 0x61, 0x08, 0x61, 0x08,
    0x61, 0x08, 0x61, 0x08, 0x61, 0x08, 0x61, 0x08, 0x61, 0x08, 0x61, 0x08, 0x61, 0x08, 0x61, 0x08,
    0x61, 0x08, 0x61, 0x08, 0x61, 0x08, 0x61, 0x08, 0x61, 0x08, 0x61, 0x08, 0x61, 0x08, 0x61, 0x08,
    0x61, 0x08, 0x61, 0x08, 0x61, 0x08, 0x61, 0x08, 0x61, 0x08, 0x61, 0x08, 0x61, 0x08, 0x61, 0x08,
    0x61, 0x08, 0x61, 0x08, 0x61, 0x08, 0x61, 0x08, 0x61, 0x08, 0x61, 0x08, 0x61, 0x08, 0x61, 0x08,
    0x61, 0x08, 0x61, 0x08, 0x61, 0x08, 0x61, 0x08, 0x82, 0x10, 0x4b, 0x59, 0xfc, 0xda, 0x5f, 0xfb,
    0x5f, 0xfb, 0x5f, 0xfb, 0x5f, 0xfb, 0x5f, 0xfb, 0x5f, 0xfb, 0x5f, 0xfb, 0x5f, 0xfb, 0x5f, 0xfb,
    0x5f, 0xfb, 0x5f, 0xfb, 0x5f, 0xfb, 0x5f, 0xfb, 0x1f, 0xfb, 0xdb, 0xda, 0x13, 0x9a, 0xe8, 0x38,
    0x61, 0x08, 0x61, 0x08, 0x61, 0x08, 0x61, 0x08, 0x61, 0x08, 0x61, 0x08, 0x61, 0x08, 0x61, 0x08,
    0x61, 0x08, 0x61, 0x08, 0x61, 0x08, 0x61, 0x08, 0x61, 0x08, 0x61, 0x08, 0x61, 0x08, 0x61, 0x08,
    0x61, 0x08, 0x61, 0x08, 0x61, 0x08, 0x61, 0x08, 0x61, 0x08, 0x61, 0x08, 0x61, 0x08, 0x61, 0x08,
    0x61, 0x08, 0x61, 0x08, 0x61, 0x08, 0x61, 0x08, 0x61, 0x08, 0x61, 0x08, 0x61, 0x08, 0x61, 0x08,
    0x61, 0x08, 0x61, 0x08, 0x61, 0x08, 0x61, 0x08, 0x61, 0x08, 0x61, 0x08, 0x61, 0x08, 0x61, 0x08,
    0x61, 0x08, 0x61, 0x08, 0x61, 0x08, 0x61, 0x08, 0x61, 0x08, 0x61, 0x08, 0x61, 0x08, 0x61, 0x08,
    0x61, 0x08, 0x61, 0x08, 0x61, 0x08, 0x61, 0x08, 0x61, 0x08, 0x61, 0x08, 0x61, 0x08, 0x61, 0x08,
    0x61, 0x08, 0x61, 0x08, 0x61, 0x08, 0x61, 0x08, 0x61, 0x08, 0x61, 0x08, 0x61, 0x08, 0x61, 0x08,
    0x61, 0x08, 0x61, 0x08, 0x61, 0x08, 0x61, 0x08, 0x61, 0x08, 0x61, 0x08, 0x61, 0x08, 0x61, 0x08,
    0x61, 0x08, 0x61, 0x08, 0x61, 0x08, 0x61, 0x08, 0x61, 0x08, 0x61, 0x08, 0x61, 0x08, 0x61, 0x08,
    0x61, 0x08, 0x61, 0x08, 0x61, 0x08, 0x61, 0x08, 0x61, 0x08, 0x61, 0x08, 0x61, 0x08, 0x61, 0x08,
    0x61, 0x08, 0x61, 0x08, 0x61, 0x08, 0x61, 0x08, 0x61, 0x08, 0x61, 0x08, 0x61, 0x08, 0x61, 0x08,
    0x61, 0x08, 0x61, 0x08, 0x61, 0x08, 0x61, 0x08, 0x61, 0x08, 0x61, 0x08, 0x61, 0x08, 0x61, 0x08,
    0x61, 0x08, 0x61, 0x08, 0x61, 0x08, 0x61, 0x08, 0x61, 0x08, 0x61, 0x08, 0x61, 0x08, 0x61, 0x08,
    0x61, 0x08, 0x61, 0x08, 0x61, 0x08, 0x61, 0x08, 0x61, 0x08, 0x61, 0x08, 0x61, 0x08, 0x61, 0x08,
    0x61, 0x08, 0x61, 0x08, 0x61, 0x08, 0x61, 0x08, 0x61, 0x08, 0x61, 0x08, 0x61, 0x08, 0x61, 0x08,
    0x61, 0x08, 0x61, 0x08, 0x61, 0x08, 0x61, 0x08, 0x61, 0x08, 0x61, 0x08, 0x61, 0x08, 0x61, 0x08,
    0x61, 0x08, 0x61, 0x08, 0x61, 0x08, 0x61, 0x08, 0x61, 0x08, 0x61, 0x08, 0x61, 0x08, 0xe8, 0x38,
    0xd1, 0x89, 0x97, 0xba, 0x3e, 0xf3, 0x5f, 0xfb, 0x5f, 0xfb, 0x5f, 0xfb, 0x5f, 0xfb, 0x5f, 0xfb,
    0x5f, 0xfb, 0x5f, 0xfb, 0x5f, 0xfb, 0x5f, 0xfb, 0x5f, 0xfb, 0x5f, 0xfb, 0x5f, 0xfb, 0x5f, 0xfb,
    0x3e, 0xf3, 0xaf, 0x79, 0x83, 0x10, 0x61, 0x08, 0x61, 0x08, 0x61, 0x08, 0x61, 0x08, 0x61, 0x08,
    0x61, 0x08, 0x61, 0x08, 0x61, 0x08, 0x61, 0x08, 0x61, 0x08, 0x61, 0x08, 0x61, 0x08, 0x61, 0x08,
    0x61, 0x08, 0x61, 0x08, 0x61, 0x08, 0x61, 0x08, 0x61, 0x08, 0x61, 0x08, 0x61, 0x08, 0x61, 0x08,
    0x61, 0x08, 0x61, 0x08, 0x61, 0x08, 0x61, 0x08, 0x61, 0x08, 0x61, 0x08, 0x61, 0x08, 0x61, 0x08,
    0x61, 0x08, 0x61, 0x08, 0x61, 0x08, 0x61, 0x08, 0x61, 0x08, 0x61, 0x08, 0x61, 0x08, 0x61, 0x08,
    0x61, 0x08, 0x61, 0x08, 0x61, 0x08, 0x61, 0x08, 0x61, 0x08, 0x61, 0x08, 0x61, 0x08, 0x61, 0x08,
    0x61, 0x08, 0x61, 0x08, 0x61, 0x08, 0x61, 0x08, 0x61, 0x08, 0x61, 0x08, 0x61, 0x08, 0x61, 0x08,
    0x61, 0x08, 0x61, 0x08, 0x61, 0x08, 0x61, 0x08, 0x61, 0x08, 0xe8, 0x38, 0x96, 0xb2, 0x5f, 0xfb,
    0x5f, 0xfb, 0x5f, 0xfb, 0x5f, 0xfb, 0x5f, 0xfb, 0x5f, 0xfb, 0x5f, 0xfb, 0x5f, 0xfb, 0x5f, 0xfb,
    0x5f, 0xfb, 0x5f, 0xfb, 0x5f, 0xfb, 0x5f, 0xfb, 0x5f, 0xfb, 0x5f, 0xfb, 0x1d, 0xeb, 0x77, 0xba,
    0xd1, 0x89, 0x09, 0x49, 0x61, 0x08, 0x61, 0x08, 0x61, 0x08, 0x61, 0x08, 0x61, 0x08, 0x61, 0x08,
    0x61, 0x08, 0x61, 0x08, 0x61, 0x08, 0x61, 0x08, 0x61, 0x08, 0x61, 0x08, 0x61, 0x08, 0x61, 0x08,
    0x61, 0x08, 0x61, 0x08, 0x61, 0x08, 0x61, 0x08, 0x61, 0x08, 0x61, 0x08, 0x61, 0x08, 0x61, 0x08,
    0x61, 0x08, 0x61, 0x08, 0x61, 0x08, 0x61, 0x08, 0x61, 0x08, 0x61, 0x08, 0x61, 0x08, 0x61, 0x08,
    0x61, 0x08, 0x61, 0x08, 0x61, 0x08, 0x61, 0x08, 0x61, 0x08, 0x61, 0x08, 0x61, 0x08, 0x61, 0x08,
    0x61, 0x08, 0x61, 0x08, 0x61, 0x08, 0x61, 0x08, 0x61, 0x08, 0x61, 0x08, 0x61, 0x08, 0x61, 0x08,
    0x61, 0x08, 0x61, 0x08, 0x61, 0x08, 0x61, 0x08, 0x61, 0x08, 0x61, 0x08, 0x61, 0x08, 0x61, 0x08,
    0x61, 0x08, 0x61, 0x08, 0x61, 0x08, 0x61, 0x08, 0x61, 0x08, 0x61, 0x08, 0x61, 0x08, 0x61, 0x08,
    0x61, 0x08, 0x61, 0x08, 0x61, 0x08, 0x61, 0x08, 0x61, 0x08, 0x61, 0x08, 0x61, 0x08, 0x61, 0x08,
    0x61, 0x08, 0x61, 0x08, 0x61, 0x08, 0x61, 0x08, 0x61, 0x08, 0x61, 0x08, 0x61, 0x08, 0x61, 0x08,
    0x61, 0x08, 0x61, 0x08, 0x61, 0x08, 0x61, 0x08, 0x61, 0x08, 0x61, 0x08, 0x61, 0x08, 0x61, 0x08,
    0x61, 0x08, 0x61, 0x08, 0x61, 0x08, 0x61, 0x08, 0x61, 0x08, 0x61, 0x08, 0x61, 0x08, 0x61, 0x08,
    0x61, 0x08, 0x61, 0x08, 0x61, 0x08, 0x61, 0x08, 0x61, 0x08, 0x61, 0x08, 0x61, 0x08, 0x61, 0x08,
    0x61, 0x08, 0x61, 0x08, 0x61, 0x08, 0x61, 0x08, 0x61, 0x08, 0x61, 0x08, 0x61, 0x08, 0x61, 0x08,
    0x61, 0x08, 0x61, 0x08, 0x61, 0x08, 0x61, 0x08, 0x61, 0x08, 0x61, 0x08, 0x61, 0x08, 0x61, 0x08,
    0x61, 0x08, 0x61, 0x08, 0x61, 0x08, 0x61, 0x08, 0x61, 0x08, 0x61, 0x08, 0x61, 0x08, 0x61, 0x08,
    0x61, 0x08, 0x61, 0x08, 0x61, 0x08, 0x61, 0x08, 0x61, 0x08, 0x61, 0x08, 0x61, 0x08, 0x61, 0x08,
    0x61, 0x08, 0x61, 0x08, 0x61, 0x08, 0x61, 0x08, 0x61, 0x08, 0xe8, 0x40, 0xf2, 0x91, 0x77, 0xba,
    0x1d, 0xeb, 0x5f, 0xfb, 0x5f, 0xfb, 0x5f, 0xfb, 0x5f, 0xfb, 0x5f, 0xfb, 0x5f, 0xfb, 0x5f, 0xfb,
    0x5f, 0xfb, 0x5f, 0xfb, 0x5f, 0xfb, 0x5f, 0xfb, 0x5f, 0xfb, 0x5f, 0xfb, 0x5f, 0xfb, 0x5f, 0xfb,
    0xba, 0xd2, 0x0a, 0x51, 0x61, 0x08, 0x61, 0x08, 0x61, 0x08, 0x61, 0x08, 0x61, 0x08, 0x61, 0x08,
    0x61, 0x08, 0x61, 0x08, 0x61, 0x08, 0x61, 0x08, 0x61, 0x08, 0x61, 0x08, 0x61, 0x08, 0x61, 0x08,
    0x61, 0x08, 0x61, 0x08, 0x61, 0x08, 0x61, 0x08, 0x61, 0x08, 0x61, 0x08, 0x61, 0x08, 0x61, 0x08,
    0x61, 0x08, 0x61, 0x08, 0x61, 0x08, 0x61, 0x08, 0x61, 0x08, 0x61, 0x08, 0x61, 0x08, 0x61, 0x08,
    0x61, 0x08, 0x61, 0x08, 0x61, 0x08, 0x61, 0x08, 0x61, 0x08, 0x61, 0x08, 0x61, 0x08, 0x61, 0x08,
    0x61, 0x08, 0x61, 0x08, 0x61, 0x08, 0x61, 0x08, 0x61, 0x08, 0x61, 0x08, 0x61, 0x08, 0x61, 0x08,
    0x61, 0x08, 0x61, 0x08, 0x61, 0x08, 0x61, 0x08, 0x61, 0x08, 0x61, 0x08, 0x61, 0x08, 0x61, 0x08,
    0x61, 0x08, 0x61, 0x08, 0x61, 0x08, 0x61, 0x08, 0x61, 0x08, 0xc5, 0x28, 0xd1, 0x89, 0x1f, 0xfb,
    0x5f, 0xfb, 0x5f, 0xfb, 0x5f, 0xfb, 0x5f, 0xfb, 0x5f, 0xfb, 0x5f, 0xfb, 0x5f, 0xfb, 0x5f, 0xfb,
    0x5f, 0xfb, 0x5f, 0xfb, 0x5f, 0xfb, 0x5f, 0xfb, 0x5f, 0xfb, 0x5f, 0xfb, 0x5f, 0xfb, 0x5f, 0xfb,
    0x1d, 0xeb, 0x98, 0xba, 0x8e, 0x71, 0x83, 0x10, 0x61, 0x08, 0x61, 0x08, 0x61, 0x08, 0x61, 0x08,
    0x61, 0x08, 0x61, 0x08, 0x61, 0x08, 0x61, 0x08, 0x61, 0x08, 0x61, 0x08, 0x61, 0x08, 0x61, 0x08,
    0x61, 0x08, 0x61, 0x08, 0x61, 0x08, 0x61, 0x08, 0x61, 0x08, 0x61, 0x08, 0x61, 0x08, 0x61, 0x08,
    0x61, 0x08, 0x61, 0x08, 0x61, 0x08, 0x61, 0x08, 0x61, 0x08, 0x61, 0x08, 0x61, 0x08, 0x61, 0x08,
    0x61, 0x08, 0x61, 0x08, 0x61, 0x08, 0x61, 0x08, 0x61, 0x08, 0x61, 0x08, 0x61, 0x08, 0x61, 0x08,
    0x61, 0x08, 0x61, 0x08, 0x61, 0x08, 0x61, 0x08, 0x61, 0x08, 0x61, 0x08, 0x61, 0x08, 0x61, 0x08,
    0x61, 0x08, 0x61, 0x08, 0x61, 0x08, 0x61, 0x08, 0x61, 0x08, 0x61, 0x08, 0x61, 0x08, 0x61, 0x08,
    0x61, 0x08, 0x61, 0x08, 0x61, 0x08, 0x61, 0x08, 0x61, 0x08, 0x61, 0x08, 0x61, 0x08, 0x61, 0x08,
    0x61, 0x08, 0x61, 0x08, 0x61, 0x08, 0x61, 0x08, 0x61, 0x08, 0x61, 0x08, 0x61, 0x08, 0x61, 0x08,
    0x61, 0x08, 0x61, 0x08, 0x61, 0x08, 0x61, 0x08, 0x61, 0x08, 0x61, 0x08, 0x61, 0x08, 0x61, 0x08,
    0x61, 0x08, 0x61, 0x08, 0x61, 0x08, 0x61, 0x08, 0x61, 0x08, 0x61, 0x08, 0x61, 0x08, 0x61, 0x08,
    0x61, 0x08, 0x61, 0x08, 0x61, 0x08, 0x61, 0x08, 0x61, 0x08, 0x61, 0x08, 0x61, 0x08, 0x61, 0x08,
    0x61, 0x08, 0x61, 0x08, 0x61, 0x08, 0x61, 0x08, 0x61, 0x08, 0x61, 0x08, 0x61, 0x08, 0x61, 0x08,
    0x61, 0x08, 0x61, 0x08, 0x61, 0x08, 0x61, 0x08, 0x61, 0x08, 0x61, 0x08, 0x61, 0x08, 0x61, 0x08,
    0x61, 0x08, 0x61, 0x08, 0x61, 0x08, 0x61, 0x08, 0x61, 0x08, 0x61, 0x08, 0x61, 0x08, 0x61, 0x08,
    0x61, 0x08, 0x61, 0x08, 0x61, 0x08, 0x61, 0x08, 0x61, 0x08, 0x61, 0x08, 0x61, 0x08, 0x61, 0x08,
    0x61, 0x08, 0x61, 0x08, 0x61, 0x08, 0x61, 0x08, 0x61, 0x08, 0x61, 0x08, 0x61, 0x08, 0x61, 0x08,
    0x61, 0x08, 0x61, 0x08, 0x61, 0x08, 0x61, 0x08, 0x4b, 0x59, 0x56, 0xaa, 0x3e, 0xeb, 0x5f, 0xfb,
    0x5f, 0xfb, 0x5f, 0xfb, 0x5f, 0xfb, 0x5f, 0xfb, 0x5f, 0xfb, 0x5f, 0xfb, 0x5f, 0xfb, 0x5f, 0xfb,
    0x5f, 0xfb, 0x5f, 0xfb, 0x5f, 0xfb, 0x5f, 0xfb, 0x5f, 0xfb, 0x5f, 0xfb, 0x5f, 0xfb, 0x5f, 0xfb,
    0x13, 0x9a, 0xc5, 0x28, 0x61, 0x08, 0x61, 0x08, 0x61, 0x08, 0x61, 0x08, 0x61, 0x08, 0x61, 0x08,
    0x61, 0x08, 0x61, 0x08, 0x61, 0x08, 0x61, 0x08, 0x61, 0x08, 0x61, 0x08, 0x61, 0x08, 0x61, 0x08,
    0x61, 0x08, 0x61, 0x08, 0x61, 0x08, 0x61, 0x08, 0x61, 0x08, 0x61, 0x08, 0x61, 0x08, 0x61, 0x08,
    0x61, 0x08, 0x61, 0x08, 0x61, 0x08, 0x61, 0x08, 0x61, 0x08, 0x61, 0x08, 0x61, 0x08, 0x61, 0x08,
    0x61, 0x08, 0x61, 0x08, 0x61, 0x08, 0x61, 0x08, 0x61, 0x08, 0x61, 0x08, 0x61, 0x08, 0x61, 0x08,
    0x61, 0x08, 0x61, 0x08, 0x61, 0x08, 0x61, 0x08, 0x61, 0x08, 0x61, 0x08, 0x61, 0x08, 0x61, 0x08,
    0x61, 0x08, 0x61, 0x08, 0x61, 0x08, 0x61, 0x08, 0x61, 0x08, 0x61, 0x08, 0x61, 0x08, 0x61, 0x08,
    0x61, 0x08, 0x61, 0x08, 0x61, 0x08, 0x61, 0x08, 0x61, 0x08, 0x61, 0x08, 0x4c, 0x61, 0xfc, 0xda,
    0x5f, 0xfb, 0x5f, 0xfb, 0x5f, 0xfb, 0x5f, 0xfb, 0x5f, 0xfb, 0x5f, 0xfb, 0x5f, 0xfb, 0x5f, 0xfb,
    0x5f, 0xfb, 0x5f, 0xfb, 0x5f, 0xfb, 0x5f, 0xfb, 0x5f, 0xfb, 0x5f, 0xfb, 0x5f, 0xfb, 0x5f, 0xfb,
    0x5f, 0xfb, 0x5f, 0xfb, 0xdb, 0xda, 0x36, 0xaa, 0x6c, 0x61, 0xa3, 0x18, 0x61, 0x08, 0x61, 0x08,
    0x61, 0x08, 0x61, 0x08, 0x61, 0x08, 0x61, 0x08, 0x61, 0x08, 0x61, 0x08, 0x61, 0x08, 0x61, 0x08,
    0x61, 0x08, 0x61, 0x08, 0x61, 0x08, 0x61, 0x08, 0x61, 0x08, 0x61, 0x08, 0x61, 0x08, 0x61, 0x08,
    0x61, 0x08, 0x61, 0x08, 0x61, 0x08, 0x61, 0x08, 0x61, 0x08, 0x61, 0x08, 0x61, 0x08, 0x61, 0x08,
    0x61, 0x08, 0x61, 0x08, 0x61, 0x08, 0x61, 0x08, 0x61, 0x08, 0x61, 0x08, 0x61, 0x08, 0x61, 0x08,
    0x61, 0x08, 0x61, 0x08, 0x61, 0x08, 0x61, 0x08, 0x61, 0x08, 0x61, 0x08, 0x61, 0x08, 0x61, 0x08,
    0x61, 0x08, 0x61, 0x08, 0x61, 0x08, 0x61, 0x08, 0x61, 0x08, 0x61, 0x08, 0x61, 0x08, 0x61, 0x08,
    0x61, 0x08, 0x61, 0x08, 0x61, 0x08, 0x61, 0x08, 0x61, 0x08, 0x61, 0x08, 0x61, 0x08, 0x61, 0x08,
    0x61, 0x08, 0x61, 0x08, 0x61, 0x08, 0x61, 0x08, 0x61, 0x08, 0x61, 0x08, 0x61, 0x08, 0x61, 0x08,
    0x61, 0x08, 0x61, 0x08, 0x61, 0x08, 0x61, 0x08, 0x61, 0x08, 0x61, 0x08, 0x61, 0x08, 0x61, 0x08,
    0x61, 0x08, 0x61, 0x08, 0x61, 0x08, 0x61, 0x08, 0x61, 0x08, 0x61, 0x08, 0x61, 0x08, 0x61, 0x08,
    0x61, 0x08, 0x61, 0x08, 0x61, 0x08, 0x61, 0x08, 0x61, 0x08, 0x61, 0x08, 0x61, 0x08, 0x61, 0x08,
    0x61, 0x08, 0x61, 0x08, 0x61, 0x08, 0x61, 0x08, 0x61, 0x08, 0x61, 0x08, 0x61, 0x08, 0x61, 0x08,
    0x61, 0x08, 0x61, 0x08, 0x61, 0x08, 0x61, 0x08, 0x61, 0x08, 0x61, 0x08, 0x61, 0x08, 0x61, 0x08,
    0x61, 0x08, 0x61, 0x08, 0x61, 0x08, 0x61, 0x08, 0x61, 0x08, 0x61, 0x08, 0x61, 0x08, 0x61, 0x08,
    0x61, 0x08, 0x61, 0x08, 0x61, 0x08, 0x61, 0x08, 0x61, 0x08, 0x61, 0x08, 0x61, 0x08, 0x61, 0x08,
    0x61, 0x08, 0x61, 0x08, 0x61, 0x08, 0x61, 0x08, 0x61, 0x08, 0x61, 0x08, 0x61, 0x08, 0x61, 0x08,
    0x61, 0x08, 0xa2, 0x18, 0x6d, 0x69, 0x35, 0xa2, 0x99, 0xc2, 0x3e, 0xf3, 0x5f, 0xfb, 0x5f, 0xfb,
    0x5f, 0xfb, 0x5f, 0xfb, 0x5f, 0xfb, 0x5f, 0xfb, 0x5f, 0xfb, 0x5f, 0xfb, 0x5f, 0xfb, 0x5f, 0xfb,
    0x5f, 0xfb, 0x5f, 0xfb, 0x5f, 0xfb, 0x5f, 0xfb, 0x5f, 0xfb, 0x5f, 0xfb, 0x5f, 0xfb, 0x3e, 0xf3,
    0xb0, 0x79, 0x83, 0x10, 0x61, 0x08, 0x61, 0x08, 0x61, 0x08, 0x61, 0x08, 0x61, 0x08, 0x61, 0x08,
    0x61, 0x08, 0x61, 0x08, 0x61, 0x08, 0x61, 0x08, 0x61, 0x08, 0x61, 0x08, 0x61, 0x08, 0x61, 0x08,
    0x61, 0x08, 0x61, 0x08, 0x61, 0x08, 0x61, 0x08, 0x61, 0x08, 0x61, 0x08, 0x61, 0x08, 0x61, 0x08,
    0x61, 0x08, 0x61, 0x08, 0x61, 0x08, 0x61, 0x08, 0x61, 0x08, 0x61, 0x08, 0x61, 0x08, 0x61, 0x08,
    0x61, 0x08, 0x61, 0x08, 0x61, 0x08, 0x61, 0x08, 0x61, 0x08, 0x61, 0x08, 0x61, 0x08, 0x61, 0x08,
    0x61, 0x08, 0x61, 0x08, 0x61, 0x08, 0x61, 0x08, 0x61, 0x08, 0x61, 0x08, 0x61, 0x08, 0x61, 0x08,
    0x61, 0x08, 0x61, 0x08, 0x61, 0x08, 0x61, 0x08, 0x61, 0x08, 0x61, 0x08, 0x61, 0x08, 0x61, 0x08,
    0x61, 0x08, 0x61, 0x08, 0x61, 0x08, 0x61, 0x08, 0x61, 0x08, 0x61, 0x08, 0x08, 0x41, 0x77, 0xba,
    0x5f, 0xfb, 0x5f, 0xfb, 0x5f, 0xfb, 0x5f, 0xfb, 0x5f, 0xfb, 0x5f, 0xfb, 0x5f, 0xfb, 0x5f, 0xfb,
    0x5f, 0xfb, 0x5f, 0xfb, 0x5f, 0xfb, 0x5f, 0xfb, 0x5f, 0xfb, 0x5f, 0xfb, 0x5f, 0xfb, 0x5f, 0xfb,
    0x5f, 0xfb, 0x5f, 0xfb, 0x5f, 0xfb, 0x3e, 0xf3, 0xda, 0xd2, 0x35, 0xaa, 0x2a, 0x51, 0x61, 0x08,
    0x61, 0x08, 0x61, 0x08, 0x61, 0x08, 0x61, 0x08, 0x61, 0x08, 0x61, 0x08, 0x61, 0x08, 0x61, 0x08,
    0x61, 0x08, 0x61, 0x08, 0x61, 0x08, 0x61, 0x08, 0x61, 0x08, 0x61, 0x08, 0x61, 0x08, 0x61, 0x08,
    0x61, 0x08, 0x61, 0x08, 0x61, 0x08, 0x61, 0x08, 0x61, 0x08, 0x61, 0x08, 0x61, 0x08, 0x61, 0x08,
    0x61, 0x08, 0x61, 0x08, 0x61, 0x08, 0x61, 0x08, 0x61, 0x08, 0x61, 0x08, 0x61, 0x08, 0x61, 0x08,
    0x61, 0x08, 0x61, 0x08, 0x61, 0x08, 0x61, 0x08, 0x61, 0x08, 0x61, 0x08, 0x61, 0x08, 0x61, 0x08,
    0x61, 0x08, 0x61, 0x08, 0x61, 0x08, 0x61, 0x08, 0x61, 0x08, 0x61, 0x08, 0x61, 0x08, 0x61, 0x08,
    0x61, 0x08, 0x61, 0x08, 0x61, 0x08, 0x61, 0x08, 0x61, 0x08, 0x61, 0x08, 0x61, 0x08, 0x61, 0x08,
    0x61, 0x08, 0x61, 0x08, 0x61, 0x08, 0x61, 0x08, 0x61, 0x08, 0x61, 0x08, 0x61, 0x08, 0x61, 0x08,
    0x61, 0x08, 0x61, 0x08, 0x61, 0x08, 0x61, 0x08, 0x61, 0x08, 0x61, 0x08, 0x61, 0x08, 0x61, 0x08,
    0x61, 0x08, 0x61, 0x08, 0x61, 0x08, 0x61, 0x08, 0x61, 0x08, 0x61, 0x08, 0x61, 0x08, 0x61, 0x08,
    0x61, 0x08, 0x61, 0x08, 0x61, 0x08, 0x61, 0x08, 0x61, 0x08, 0x61, 0x08, 0x61, 0x08, 0x61, 0x08,
    0x61, 0x08, 0x61, 0x08, 0x61, 0x08, 0x61, 0x08, 0x61, 0x08, 0x61, 0x08, 0x61, 0x08, 0x61, 0x08,
    0x61, 0x08, 0x61, 0x08, 0x61, 0x08, 0x61, 0x08, 0x61, 0x08, 0x61, 0x08, 0x61, 0x08, 0x61, 0x08,
    0x61, 0x08, 0x61, 0x08, 0x61, 0x08, 0x61, 0x08, 0x61, 0x08, 0x61, 0x08, 0x61, 0x08, 0x61, 0x08,
    0x61, 0x08, 0x61, 0x08, 0x61, 0x08, 0x61, 0x08, 0x61, 0x08, 0x61, 0x08, 0x61, 0x08, 0x61, 0x08,
    0x61, 0x08, 0x61, 0x08, 0x61, 0x08, 0x61, 0x08, 0x61, 0x08, 0x61, 0x08, 0x61, 0x08, 0x61, 0x08,
    0x29, 0x51, 0x56, 0xb2, 0xdb, 0xda, 0x3e, 0xf3, 0x5f, 0xfb, 0x5f, 0xfb, 0x5f, 0xfb, 0x5f, 0xfb,
    0x5f, 0xfb, 0x5f, 0xfb, 0x5f, 0xfb, 0x5f, 0xfb, 0x5f, 0xfb, 0x5f, 0xfb, 0x5f, 0xfb, 0x5f, 0xfb,
    0x5f, 0xfb, 0x5f, 0xfb, 0x5f, 0xfb, 0x5f, 0xfb, 0x5f, 0xfb, 0x5f, 0xfb, 0x5f, 0xfb, 0xba, 0xd2,
    0x0a, 0x51, 0x61, 0x08, 0x61, 0x08, 0x61, 0x08, 0x61, 0x08, 0x61, 0x08, 0x61, 0x08, 0x61, 0x08,
    0x61, 0x08, 0x61, 0x08, 0x61, 0x08, 0x61, 0x08, 0x61, 0x08, 0x61, 0x08, 0x61, 0x08, 0x61, 0x08,
    0x61, 0x08, 0x61, 0x08, 0x61, 0x08, 0x61, 0x08, 0x61, 0x08, 0x61, 0x08, 0x61, 0x08, 0x61, 0x08,
    0x61, 0x08, 0x61, 0x08, 0x61, 0x08, 0x61, 0x08, 0x61, 0x08, 0x61, 0x08, 0x61, 0x08, 0x61, 0x08,
    0x61, 0x08, 0x61, 0x08, 0x61, 0x08, 0x61, 0x08, 0x61, 0x08, 0x61, 0x08, 0x61, 0x08, 0x61, 0x08,
    0x61, 0x08, 0x61, 0x08, 0x61, 0x08, 0x61, 0x08, 0x61, 0x08, 0x61, 0x08, 0x61, 0x08, 0x61, 0x08,
    0x61, 0x08, 0x61, 0x08, 0x61, 0x08, 0x61, 0x08, 0x61, 0x08, 0x61, 0x08, 0x61, 0x08, 0x61, 0x08,
    0x61, 0x08, 0x61, 0x08, 0x61, 0x08, 0x61, 0x08, 0x61, 0x08, 0x61, 0x08, 0xa4, 0x20, 0xd1, 0x89,
    0x1f, 0xfb, 0x5f, 0xfb, 0x5f, 0xfb, 0x5f, 0xfb, 0x5f, 0xfb, 0x5f, 0xfb, 0x5f, 0xfb, 0x5f, 0xfb,
    0x5f, 0xfb, 0x5f, 0xfb, 0x5f, 0xfb, 0x5f, 0xfb, 0x5f, 0xfb, 0x5f, 0xfb, 0x5f, 0xfb, 0x5f, 0xfb,
    0x5f, 0xfb, 0x5f, 0xfb, 0x5f, 0xfb, 0x5f, 0xfb, 0x5f, 0xfb, 0x3e, 0xf3, 0xba, 0xd2, 0xf2, 0x91,
    0xe6, 0x30, 0x61, 0x08, 0x61, 0x08, 0x61, 0x08, 0x61, 0x08, 0x61, 0x08, 0x61, 0x08, 0x61, 0x08,
    0x61, 0x08, 0x61, 0x08, 0x61, 0x08, 0x61, 0x08, 0x61, 0x08, 0x61, 0x08, 0x61, 0x08, 0x61, 0x08,
    0x61, 0x08, 0x61, 0x08, 0x61, 0x08, 0x61, 0x08, 0x61, 0x08, 0x61, 0x08, 0x61, 0x08, 0x61, 0x08,
    0x61, 0x08, 0x61, 0x08, 0x61, 0x08, 0x61, 0x08, 0x61, 0x08, 0x61, 0x08, 0x61, 0x08, 0x61, 0x08,
    0x61, 0x08, 0x61, 0x08, 0x61, 0x08, 0x61, 0x08, 0x61, 0x08, 0x61, 0x08, 0x61, 0x08, 0x61, 0x08,
    0x61, 0x08, 0x61, 0x08, 0x61, 0x08, 0x61, 0x08, 0x61, 0x08, 0x61, 0x08, 0x61, 0x08, 0x61, 0x08,
    0x61, 0x08, 0x61, 0x08, 0x61, 0x08, 0x61, 0x08, 0x61, 0x08, 0x61, 0x08, 0x61, 0x08, 0x61, 0x08,
    0x61, 0x08, 0x61, 0x08, 0x61, 0x08, 0x61, 0x08, 0x61, 0x08, 0x61, 0x08, 0x61, 0x08, 0x61, 0x08,
    0x61, 0x08, 0x61, 0x08, 0x61, 0x08, 0x61, 0x08, 0x61, 0x08, 0x61, 0x08, 0x61, 0x08, 0x61, 0x08,
    0x61, 0x08, 0x61, 0x08, 0x61, 0x08, 0x61, 0x08, 0x61, 0x08, 0x61, 0x08, 0x61, 0x08, 0x61, 0x08,
    0x61, 0x08, 0x61, 0x08, 0x61, 0x08, 0x61, 0x08, 0x61, 0x08, 0x61, 0x08, 0x61, 0x08, 0x61, 0x08,
    0x61, 0x08, 0x61, 0x08, 0x61, 0x08, 0x61, 0x08, 0x61, 0x08, 0x61, 0x08, 0x61, 0x08, 0x61, 0x08,
    0x61, 0x08, 0x61, 0x08, 0x61, 0x08, 0x61, 0x08, 0x61, 0x08, 0x61, 0x08, 0x61, 0x08, 0x61, 0x08,
    0x61, 0x08, 0x61, 0x08, 0x61, 0x08, 0x61, 0x08, 0x61, 0x08, 0x61, 0x08, 0x61, 0x08, 0x61, 0x08,
    0x61, 0x08, 0x61, 0x08, 0x61, 0x08, 0x61, 0x08, 0x61, 0x08, 0x61, 0x08, 0x61, 0x08, 0x61, 0x08,
    0x61, 0x08, 0x61, 0x08, 0x61, 0x08, 0x61, 0x08, 0x61, 0x08, 0x61, 0x08, 0x08, 0x41, 0xf2, 0x91,
    0x99, 0xca, 0x1f, 0xfb, 0x5f, 0xfb, 0x5f, 0xfb, 0x5f, 0xfb, 0x5f, 0xfb, 0x5f, 0xfb, 0x5f, 0xfb,
    0x5f, 0xfb, 0x5f, 0xfb, 0x5f, 0xfb, 0x5f, 0xfb, 0x5f, 0xfb, 0x5f, 0xfb, 0x5f, 0xfb, 0x5f, 0xfb,
    0x5f, 0xfb, 0x5f, 0xfb, 0x5f, 0xfb, 0x5f, 0xfb, 0x5f, 0xfb, 0x5f, 0xfb, 0x1f, 0xfb, 0xf2, 0x89,
    0xa4, 0x28, 0x61, 0x08, 0x61, 0x08, 0x61, 0x08, 0x61, 0x08, 0x61, 0x08, 0x61, 0x08, 0x61, 0x08,
    0x61, 0x08, 0x61, 0x08, 0x61, 0x08, 0x61, 0x08, 0x61, 0x08, 0x61, 0x08, 0x61, 0x08, 0x61, 0x08,
    0x61, 0x08, 0x61, 0x08, 0x61, 0x08, 0x61, 0x08, 0x61, 0x08, 0x61, 0x08, 0x61, 0x08, 0x61, 0x08,
    0x61, 0x08, 0x61, 0x08, 0x61, 0x08, 0x61, 0x08, 0x61, 0x08, 0x61, 0x08, 0x61, 0x08, 0x61, 0x08,
    0x61, 0x08, 0x61, 0x08, 0x61, 0x08, 0x61, 0x08, 0x61, 0x08, 0x61, 0x08, 0x61, 0x08, 0x61, 0x08,
    0x61, 0x08, 0x61, 0x08, 0x61, 0x08, 0x61, 0x08, 0x61, 0x08, 0x61, 0x08, 0x61, 0x08, 0x61, 0x08,
    0x61, 0x08, 0x61, 0x08, 0x61, 0x08, 0x61, 0x08, 0x61, 0x08, 0x61, 0x08, 0x61, 0x08, 0x61, 0x08,
    0x61, 0x08, 0x61, 0x08, 0x61, 0x08, 0x61, 0x08, 0x61, 0x08, 0x61, 0x08, 0x61, 0x08, 0x6d, 0x69,
    0xfd, 0xe2, 0x5f, 0xfb, 0x5f, 0xfb, 0x5f, 0xfb, 0x5f, 0xfb, 0x5f, 0xfb, 0x5f, 0xfb, 0x5f, 0xfb,
    0x5f, 0xfb, 0x5f, 0xfb, 0x5f, 0xfb, 0x5f, 0xfb, 0x5f, 0xfb, 0x5f, 0xfb, 0x5f, 0xfb, 0x5f, 0xfb,
    0x5f, 0xfb, 0x5f, 0xfb, 0x5f, 0xfb, 0x5f, 0xfb, 0x5f, 0xfb, 0x5f, 0xfb, 0x5f, 0xfb, 0x1d, 0xeb,
    0x99, 0xca, 0x14, 0xa2, 0x29, 0x41, 0x61, 0x08, 0x61, 0x08, 0x61, 0x08, 0x61, 0x08, 0x61, 0x08,
    0x61, 0x08, 0x61, 0x08, 0x61, 0x08, 0x61, 0x08, 0x61, 0x08, 0x61, 0x08, 0x61, 0x08, 0x61, 0x08,
    0x61, 0x08, 0x61, 0x08, 0x61, 0x08, 0x61, 0x08, 0x61, 0x08, 0x61, 0x08, 0x61, 0x08, 0x61, 0x08,
    0x61, 0x08, 0x61, 0x08, 0x61, 0x08, 0x61, 0x08, 0x61, 0x08, 0x61, 0x08, 0x61, 0x08, 0x61, 0x08,
    0x61, 0x08, 0x61, 0x08, 0x61, 0x08, 0x61, 0x08, 0x61, 0x08, 0x61, 0x08, 0x61, 0x08, 0x61, 0x08,
    0x61, 0x08, 0x61, 0x08, 0x61, 0x08, 0x61, 0x08, 0x61, 0x08, 0x61, 0x08, 0x61, 0x08, 0x61, 0x08,
    0x61, 0x08, 0x61, 0x08, 0x61, 0x08, 0x61, 0x08, 0x61, 0x08, 0x61, 0x08, 0x61, 0x08, 0x61, 0x08,
    0x61, 0x08, 0x61, 0x08, 0x61, 0x08, 0x61, 0x08, 0x61, 0x08, 0x61, 0x08, 0x61, 0x08, 0x61, 0x08,
    0x61, 0x08, 0x61, 0x08, 0x61, 0x08, 0x61, 0x08, 0x61, 0x08, 0x61, 0x08, 0x61, 0x08, 0x61, 0x08,
    0x61, 0x08, 0x61, 0x08, 0x61, 0x08, 0x61, 0x08, 0x61, 0x08, 0x61, 0x08, 0x61, 0x08, 0x61, 0x08,
    0x61, 0x08, 0x61, 0x08, 0x61, 0x08, 0x61, 0x08, 0x61, 0x08, 0x61, 0x08, 0x61, 0x08, 0x61, 0x08,
    0x61, 0x08, 0x61, 0x08, 0x61, 0x08, 0x61, 0x08, 0x61, 0x08, 0x61, 0x08, 0x61, 0x08, 0x61, 0x08,
    0x61, 0x08, 0x61, 0x08, 0x61, 0x08, 0x61, 0x08, 0x61, 0x08, 0x61, 0x08, 0x61, 0x08, 0x61, 0x08,
    0x61, 0x08, 0x61, 0x08, 0x61, 0x08, 0x61, 0x08, 0x61, 0x08, 0x61, 0x08, 0x61, 0x08, 0x61, 0x08,
    0x61, 0x08, 0x61, 0x08, 0x61, 0x08, 0x61, 0x08, 0x61, 0x08, 0x61, 0x08, 0x61, 0x08, 0x61, 0x08,
    0x61, 0x08, 0x61, 0x08, 0x61, 0x08, 0x61, 0x08, 0xc6, 0x30, 0xb0, 0x89, 0x99, 0xc2, 0x1d, 0xeb,
    0x5f, 0xfb, 0x5f, 0xfb, 0x5f, 0xfb, 0x5f, 0xfb, 0x5f, 0xfb, 0x5f, 0xfb, 0x5f, 0xfb, 0x5f, 0xfb,
    0x5f, 0xfb, 0x5f, 0xfb, 0x5f, 0xfb, 0x5f, 0xfb, 0x5f, 0xfb, 0x5f, 0xfb, 0x5f, 0xfb, 0x5f, 0xfb,
    0x5f, 0xfb, 0x5f, 0xfb, 0x5f, 0xfb, 0x5f, 0xfb, 0x5f, 0xfb, 0x5f, 0xfb, 0x3e, 0xeb, 0x8f, 0x71,
    0x61, 0x08, 0x61, 0x08, 0x61, 0x08, 0x61, 0x08, 0x61, 0x08, 0x61, 0x08, 0x61, 0x08, 0x61, 0x08,
    0x61, 0x08, 0x61, 0x08, 0x61, 0x08, 0x61, 0x08, 0x61, 0x08, 0x61, 0x08, 0x61, 0x08, 0x61, 0x08,
    0x61, 0x08, 0x61, 0x08, 0x61, 0x08, 0x61, 0x08, 0x61, 0x08, 0x61, 0x08, 0x61, 0x08, 0x61, 0x08,
    0x61, 0x08, 0x61, 0x08, 0x61, 0x08, 0x61, 0x08, 0x61, 0x08, 0x61, 0x08, 0x61, 0x08, 0x61, 0x08,
    0x61, 0x08, 0x61, 0x08, 0x61, 0x08, 0x61, 0x08, 0x61, 0x08, 0x61, 0x08, 0x61, 0x08, 0x61, 0x08,
    0x61, 0x08, 0x61, 0x08, 0x61, 0x08, 0x61, 0x08, 0x61, 0x08, 0x61, 0x08, 0x61, 0x08, 0x61, 0x08,
    0x61, 0x08, 0x61, 0x08, 0x61, 0x08, 0x61, 0x08, 0x61, 0x08, 0x61, 0x08, 0x61, 0x08, 0x61, 0x08,
    0x61, 0x08, 0x61, 0x08, 0x61, 0x08, 0x61, 0x08, 0x61, 0x08, 0x61, 0x08, 0x61, 0x08, 0x29, 0x49,
    0x77, 0xba, 0x5f, 0xfb, 0x5f, 0xfb, 0x5f, 0xfb, 0x5f, 0xfb, 0x5f, 0xfb, 0x5f, 0xfb, 0x5f, 0xfb,
    0x5f, 0xfb, 0x5f, 0xfb, 0x5f, 0xfb, 0x5f, 0xfb, 0x5f, 0xfb, 0x5f, 0xfb, 0x5f, 0xfb, 0x5f, 0xfb,
    0x5f, 0xfb, 0x5f, 0xfb, 0x5f, 0xfb, 0x5f, 0xfb, 0x5f, 0xfb, 0x5f, 0xfb, 0x5f, 0xfb, 0x5f, 0xfb,
    0x5f, 0xfb, 0x3e, 0xeb, 0x77, 0xba, 0x4c, 0x61, 0x61, 0x08, 0x61, 0x08, 0x61, 0x08, 0x61, 0x08,
    0x61, 0x08, 0x61, 0x08, 0x61, 0x08, 0x61, 0x08, 0x61, 0x08, 0x61, 0x08, 0x61, 0x08, 0x61, 0x08,
    0x61, 0x08, 0x61, 0x08, 0x61, 0x08, 0x61, 0x08, 0x61, 0x08, 0x61, 0x08, 0x61, 0x08, 0x61, 0x08,
    0x61, 0x08, 0x61, 0x08, 0x61, 0x08, 0x61, 0x08, 0x61, 0x08, 0x61, 0x08, 0x61, 0x08, 0x61, 0x08,
    0x61, 0x08, 0x61, 0x08, 0x61, 0x08, 0x61, 0x08, 0x61, 0x08, 0x61, 0x08, 0x61, 0x08, 0x61, 0x08,
    0x61, 0x08, 0x61, 0x08, 0x61, 0x08, 0x61, 0x08, 0x61, 0x08, 0x61, 0x08, 0x61, 0x08, 0x61, 0x08,
    0x61, 0x08, 0x61, 0x08, 0x61, 0x08, 0x61, 0x08, 0x61, 0x08, 0x61, 0x08, 0x61, 0x08, 0x61, 0x08,
    0x61, 0x08, 0x61, 0x08, 0x61, 0x08, 0x61, 0x08, 0x61, 0x08, 0x61, 0x08, 0x61, 0x08, 0x61, 0x08,
    0x61, 0x08, 0x61, 0x08, 0x61, 0x08, 0x61, 0x08, 0x61, 0x08, 0x61, 0x08, 0x61, 0x08, 0x61, 0x08,
    0x61, 0x08, 0x61, 0x08, 0x61, 0x08, 0x61, 0x08, 0x61, 0x08, 0x61, 0x08, 0x61, 0x08, 0x61, 0x08,
    0x61, 0x08, 0x61, 0x08, 0x61, 0x08, 0x61, 0x08, 0x61, 0x08, 0x61, 0x08, 0x61, 0x08, 0x61, 0x08,
    0x61, 0x08, 0x61, 0x08, 0x61, 0x08, 0x61, 0x08, 0x61, 0x08, 0x61, 0x08, 0x61, 0x08, 0x61, 0x08,
    0x61, 0x08, 0x61, 0x08, 0x61, 0x08, 0x61, 0x08, 0x61, 0x08, 0x61, 0x08, 0x61, 0x08, 0x61, 0x08,
    0x61, 0x08, 0x61, 0x08, 0x61, 0x08, 0x61, 0x08, 0x61, 0x08, 0x61, 0x08, 0x61, 0x08, 0x61, 0x08,
    0x61, 0x08, 0x61, 0x08, 0x61, 0x08, 0x61, 0x08, 0x61, 0x08, 0x61, 0x08, 0x61, 0x08, 0x61, 0x08,
    0x61, 0x08, 0x61, 0x08, 0x61, 0x08, 0x6c, 0x61, 0x56, 0xb2, 0x1c, 0xe3, 0x3f, 0xfb, 0x5f, 0xfb,
    0x5f, 0xfb, 0x5f, 0xfb, 0x5f, 0xfb, 0x5f, 0xfb, 0x5f, 0xfb, 0x5f, 0xfb, 0x5f, 0xfb, 0x5f, 0xfb,
    0x5f, 0xfb, 0x5f, 0xfb, 0x5f, 0xfb, 0x5f, 0xfb, 0x5f, 0xfb, 0x5f, 0xfb, 0x5f, 0xfb, 0x5f, 0xfb,
    0x5f, 0xfb, 0x5f, 0xfb, 0x5f, 0xfb, 0x5f, 0xfb, 0x5f, 0xfb, 0x5f, 0xfb, 0xda, 0xd2, 0x4c, 0x61,
    0x61, 0x08, 0x61, 0x08, 0x61, 0x08, 0x61, 0x08, 0x61, 0x08, 0x61, 0x08, 0x61, 0x08, 0x61, 0x08,
    0x61, 0x08, 0x61, 0x08, 0x61, 0x08, 0x61, 0x08, 0x61, 0x08, 0x61, 0x08, 0x61, 0x08, 0x61, 0x08,
    0x61, 0x08, 0x61, 0x08, 0x61, 0x08, 0x61, 0x08, 0x61, 0x08, 0x61, 0x08, 0x61, 0x08, 0x61, 0x08,
    0x61, 0x08, 0x61, 0x08, 0x61, 0x08, 0x61, 0x08, 0x61, 0x08, 0x61, 0x08, 0x61, 0x08, 0x61, 0x08,
    0x61, 0x08, 0x61, 0x08, 0x61, 0x08, 0x61, 0x08, 0x61, 0x08, 0x61, 0x08, 0x61, 0x08, 0x61, 0x08,
    0x61, 0x08, 0x61, 0x08, 0x61, 0x08, 0x61, 0x08, 0x61, 0x08, 0x61, 0x08, 0x61, 0x08, 0x61, 0x08,
    0x61, 0x08, 0x61, 0x08, 0x61, 0x08, 0x61, 0x08, 0x61, 0x08, 0x61, 0x08, 0x61, 0x08, 0x61, 0x08,
    0x61, 0x08, 0x61, 0x08, 0x61, 0x08, 0x61, 0x08, 0x61, 0x08, 0x61, 0x08, 0x61, 0x08, 0xa4, 0x20,
    0x13, 0x9a, 0x5f, 0xfb, 0x5f, 0xfb, 0x5f, 0xfb, 0x5f, 0xfb, 0x5f, 0xfb, 0x5f, 0xfb, 0x5f, 0xfb,
    0x5f, 0xfb, 0x5f, 0xfb, 0x5f, 0xfb, 0x5f, 0xfb, 0x5f, 0xfb, 0x5f, 0xfb, 0x5f, 0xfb, 0x5f, 0xfb,
    0x5f, 0xfb, 0x5f, 0xfb, 0x5f, 0xfb, 0x5f, 0xfb, 0x5f, 0xfb, 0x5f, 0xfb, 0x5f, 0xfb, 0x5f, 0xfb,
    0x5f, 0xfb, 0x5f, 0xfb, 0x3e, 0xf3, 0xfc, 0xda, 0x77, 0xba, 0x8e, 0x71, 0xa2, 0x18, 0x61, 0x08,
    0x61, 0x08, 0x61, 0x08, 0x61, 0x08, 0x61, 0x08, 0x61, 0x08, 0x61, 0x08, 0x61, 0x08, 0x61, 0x08,
    0x61, 0x08, 0x61, 0x08, 0x61, 0x08, 0x61, 0x08, 0x61, 0x08, 0x61, 0x08, 0x61, 0x08, 0x61, 0x08,
    0x61, 0x08, 0x61, 0x08, 0x61, 0x08, 0x61, 0x08, 0x61, 0x08, 0x61, 0x08, 0x61, 0x08, 0x61, 0x08,
    0x61, 0x08, 0x61, 0x08, 0x61, 0x08, 0x61, 0x08, 0x61, 0x08, 0x61, 0x08, 0x61, 0x08, 0x61, 0x08,
    0x61, 0x08, 0x61, 0x08, 0x61, 0x08, 0x61, 0x08, 0x61, 0x08, 0x61, 0x08, 0x61, 0x08, 0x61, 0x08,
    0x61, 0x08, 0x61, 0x08, 0x61, 0x08, 0x61, 0x08, 0x61, 0x08, 0x61, 0x08, 0x61, 0x08, 0x61, 0x08,
    0x61, 0x08, 0x61, 0x08, 0x61, 0x08, 0x61, 0x08, 0x61, 0x08, 0x61, 0x08, 0x61, 0x08, 0x61, 0x08,
    0x61, 0x08, 0x61, 0x08, 0x61, 0x08, 0x61, 0x08, 0x61, 0x08, 0x61, 0x08, 0x61, 0x08, 0x61, 0x08,
    0x61, 0x08, 0x61, 0x08, 0x61, 0x08, 0x61, 0x08, 0x61, 0x08, 0x61, 0x08, 0x61, 0x08, 0x61, 0x08,
    0x61, 0x08, 0x61, 0x08, 0x61, 0x08, 0x61, 0x08, 0x61, 0x08, 0x61, 0x08, 0x61, 0x08, 0x61, 0x08,
    0x61, 0x08, 0x61, 0x08, 0x61, 0x08, 0x61, 0x08, 0x61, 0x08, 0x61, 0x08, 0x61, 0x08, 0x61, 0x08,
    0x61, 0x08, 0x61, 0x08, 0x61, 0x08, 0x61, 0x08, 0x61, 0x08, 0x61, 0x08, 0x61, 0x08, 0x61, 0x08,
    0x61, 0x08, 0x61, 0x08, 0x61, 0x08, 0x61, 0x08, 0x61, 0x08, 0x61, 0x08, 0x61, 0x08, 0x61, 0x08,
    0x61, 0x08, 0x61, 0x08, 0x61, 0x08, 0x61, 0x08, 0x61, 0x08, 0x61, 0x08, 0x61, 0x08, 0x61, 0x08,
    0xa2, 0x18, 0x8d, 0x71, 0x96, 0xb2, 0xfc, 0xda, 0x3e, 0xf3, 0x5f, 0xfb, 0x5f, 0xfb, 0x5f, 0xfb,
    0x5f, 0xfb, 0x5f, 0xfb, 0x5f, 0xfb, 0x5f, 0xfb, 0x5f, 0xfb, 0x5f, 0xfb, 0x5f, 0xfb, 0x5f, 0xfb,
    0x5f, 0xfb, 0x5f, 0xfb, 0x5f, 0xfb, 0x5f, 0xfb, 0x5f, 0xfb, 0x5f, 0xfb, 0x5f, 0xfb, 0x5f, 0xfb,
    0x5f, 0xfb, 0x5f, 0xfb, 0x5f, 0xfb, 0x5f, 0xfb, 0x5f, 0xfb, 0x5f, 0xfb, 0x35, 0xa2, 0xe6, 0x30,
    0x61, 0x08, 0x61, 0x08, 0x61, 0x08, 0x61, 0x08, 0x61, 0x08, 0x61, 0x08, 0x61, 0x08, 0x61, 0x08,
    0x61, 0x08, 0x61, 0x08, 0x61, 0x08, 0x61, 0x08, 0x61, 0x08, 0x61, 0x08, 0x61, 0x08, 0x61, 0x08,
    0x61, 0x08, 0x61, 0x08, 0x61, 0x08, 0x61, 0x08, 0x61, 0x08, 0x61, 0x08, 0x61, 0x08, 0x61, 0x08,
    0x61, 0x08, 0x61, 0x08, 0x61, 0x08, 0x61, 0x08, 0x61, 0x08, 0x61, 0x08, 0x61, 0x08, 0x61, 0x08,
    0x61, 0x08, 0x61, 0x08, 0x61, 0x08, 0x61, 0x08, 0x61, 0x08, 0x61, 0x08, 0x61, 0x08, 0x61, 0x08,
    0x61, 0x08, 0x61, 0x08, 0x61, 0x08, 0x61, 0x08, 0x61, 0x08, 0x61, 0x08, 0x61, 0x08, 0x61, 0x08,
    0x61, 0x08, 0x61, 0x08, 0x61, 0x08, 0x61, 0x08, 0x61, 0x08, 0x61, 0x08, 0x61, 0x08, 0x61, 0x08,
    0x61, 0x08, 0x61, 0x08, 0x61, 0x08, 0x61, 0x08, 0x61, 0x08, 0x61, 0x08, 0x61, 0x08, 0x61, 0x08,
    0x6d, 0x69, 0xfc, 0xda, 0x5f, 0xfb, 0x5f, 0xfb, 0x5f, 0xfb, 0x5f, 0xfb, 0x5f, 0xfb, 0x5f, 0xfb,
    0x5f, 0xfb, 0x5f, 0xfb, 0x5f, 0xfb, 0x5f, 0xfb, 0x5f, 0xfb, 0x5f, 0xfb, 0x5f, 0xfb, 0x5f, 0xfb,
    0x5f, 0xfb, 0x5f, 0xfb, 0x5f, 0xfb, 0x5f, 0xfb, 0x5f, 0xfb, 0x5f, 0xfb, 0x5f, 0xfb, 0x5f, 0xfb,
    0x5f, 0xfb, 0x5f, 0xfb, 0x5f, 0xfb, 0x5f, 0xfb, 0x3e, 0xf3, 0x1c, 0xe3, 0x14, 0xa2, 0xc5, 0x28,
    0x61, 0x08, 0x61, 0x08, 0x61, 0x08, 0x61, 0x08, 0x61, 0x08, 0x61, 0x08, 0x61, 0x08, 0x61, 0x08,
    0x61, 0x08, 0x61, 0x08, 0x61, 0x08, 0x61, 0x08, 0x61, 0x08, 0x61, 0x08, 0x61, 0x08, 0x61, 0x08,
    0x61, 0x08, 0x61, 0x08, 0x61, 0x08, 0x61, 0x08, 0x61, 0x08, 0x61, 0x08, 0x61, 0x08, 0x61, 0x08,
    0x61, 0x08, 0x61, 0x08, 0x61, 0x08, 0x61, 0x08, 0x61, 0x08, 0x61, 0x08, 0x61, 0x08, 0x61, 0x08,
    0x61, 0x08, 0x61, 0x08, 0x61, 0x08, 0x61, 0x08, 0x61, 0x08, 0x61, 0x08, 0x61, 0x08, 0x61, 0x08,
    0x61, 0x08, 0x61, 0x08, 0x61, 0x08, 0x61, 0x08, 0x61, 0x08, 0x61, 0x08, 0x61, 0x08, 0x61, 0x08,
    0x61, 0x08, 0x61, 0x08, 0x61, 0x08, 0x61, 0x08, 0x61, 0x08, 0x61, 0x08, 0x61, 0x08, 0x61, 0x08,
    0x61, 0x08, 0x61, 0x08, 0x61, 0x08, 0x61, 0x08, 0x61, 0x08, 0x61, 0x08, 0x61, 0x08, 0x61, 0x08,
    0x61, 0x08, 0x61, 0x08, 0x61, 0x08, 0x61, 0x08, 0x61, 0x08, 0x61, 0x08, 0x61, 0x08, 0x61, 0x08,
    0x61, 0x08, 0x61, 0x08, 0x61, 0x08, 0x61, 0x08, 0x61, 0x08, 0x61, 0x08, 0x61, 0x08, 0x61, 0x08,
    0x61, 0x08, 0x61, 0x08, 0x61, 0x08, 0x61, 0x08, 0x61, 0x08, 0x61, 0x08, 0x61, 0x08, 0x61, 0x08,
    0x61, 0x08, 0x61, 0x08, 0x61, 0x08, 0x61, 0x08, 0x61, 0x08, 0x61, 0x08, 0x61, 0x08, 0x61, 0x08,
    0x61, 0x08, 0x61, 0x08, 0x61, 0x08, 0x61, 0x08, 0x61, 0x08, 0x61, 0x08, 0x61, 0x08, 0x61, 0x08,
    0x61, 0x08, 0x61, 0x08, 0x61, 0x08, 0x61, 0x08, 0x61, 0x08, 0x61, 0x08, 0x61, 0x08, 0xc5, 0x28,
    0x14, 0x9a, 0x1c, 0xe3, 0x3e, 0xf3, 0x5f, 0xfb, 0x5f, 0xfb, 0x5f, 0xfb, 0x5f, 0xfb, 0x5f, 0xfb,
    0x5f, 0xfb, 0x5f, 0xfb, 0x5f, 0xfb, 0x5f, 0xfb, 0x5f, 0xfb, 0x5f, 0xfb, 0x5f, 0xfb, 0x5f, 0xfb,
    0x5f, 0xfb, 0x5f, 0xfb, 0x5f, 0xfb, 0x5f, 0xfb, 0x5f, 0xfb, 0x5f, 0xfb, 0x5f, 0xfb, 0x5f, 0xfb,
    0x5f, 0xfb, 0x5f, 0xfb, 0x5f, 0xfb, 0x5f, 0xfb, 0x5f, 0xfb, 0xfd, 0xea, 0xaf, 0x79, 0x61, 0x08,
    0x61, 0x08, 0x61, 0x08, 0x61, 0x08, 0x61, 0x08, 0x61, 0x08, 0x61, 0x08, 0x61, 0x08, 0x61, 0x08,
    0x61, 0x08, 0x61, 0x08, 0x61, 0x08, 0x61, 0x08, 0x61, 0x08, 0x61, 0x08, 0x61, 0x08, 0x61, 0x08,
    0x61, 0x08, 0x61, 0x08, 0x61, 0x08, 0x61, 0x08, 0x61, 0x08, 0x61, 0x08, 0x61, 0x08, 0x61, 0x08,
    0x61, 0x08, 0x61, 0x08, 0x61, 0x08, 0x61, 0x08, 0x61, 0x08, 0x61, 0x08, 0x61, 0x08, 0x61, 0x08,
    0x61, 0x08, 0x61, 0x08, 0x61, 0x08, 0x61, 0x08, 0x61, 0x08, 0x61, 0x08, 0x61, 0x08, 0x61, 0x08,
    0x61, 0x08, 0x61, 0x08, 0x61, 0x08, 0x61, 0x08, 0x61, 0x08, 0x61, 0x08, 0x61, 0x08, 0x61, 0x08,
    0x61, 0x08, 0x61, 0x08, 0x61, 0x08, 0x61, 0x08, 0x61, 0x08, 0x61, 0x08, 0x61, 0x08, 0x61, 0x08,
    0x61, 0x08, 0x61, 0x08, 0x61, 0x08, 0x61, 0x08, 0x61, 0x08, 0x61, 0x08, 0x61, 0x08, 0x61, 0x08,
    0x08, 0x41, 0x96, 0xb2, 0x5f, 0xfb, 0x5f, 0xfb, 0x5f, 0xfb, 0x5f, 0xfb, 0x5f, 0xfb, 0x5f, 0xfb,
    0x5f, 0xfb, 0x5f, 0xfb, 0x5f, 0xfb, 0x5f, 0xfb, 0x5f, 0xfb, 0x5f, 0xfb, 0x5f, 0xfb, 0x5f, 0xfb,
    0x5f, 0xfb, 0x5f, 0xfb, 0x5f, 0xfb, 0x5f, 0xfb, 0x5f, 0xfb, 0x5f, 0xfb, 0x5f, 0xfb, 0x5f, 0xfb,
    0x5f, 0xfb, 0x5f, 0xfb, 0x5f, 0xfb, 0x5f, 0xfb, 0x5f, 0xfb, 0x5f, 0xfb, 0x1e, 0xf3, 0xba, 0xd2,
    0xf2, 0x91, 0x08, 0x41, 0x61, 0x08, 0x61, 0x08, 0x61, 0x08, 0x61, 0x08, 0x61, 0x08, 0x61, 0x08,
    0x61, 0x08, 0x61, 0x08, 0x61, 0x08, 0x61, 0x08, 0x61, 0x08, 0x61, 0x08, 0x61, 0x08, 0x61, 0x08,
    0x61, 0x08, 0x61, 0x08, 0x61, 0x08, 0x61, 0x08, 0x61, 0x08, 0x61, 0x08, 0x61, 0x08, 0x61, 0x08,
    0x61, 0x08, 0x61, 0x08, 0x61, 0x08, 0x61, 0x08, 0x61, 0x08, 0x61, 0x08, 0x61, 0x08, 0x61, 0x08,
    0x61, 0x08, 0x61, 0x08, 0x61, 0x08, 0x61, 0x08, 0x61, 0x08, 0x61, 0x08, 0x61, 0x08, 0x61, 0x08,
    0x61, 0x08, 0x61, 0x08, 0x61, 0x08, 0x61, 0x08, 0x61, 0x08, 0x61, 0x08, 0x61, 0x08, 0x61, 0x08,
    0x61, 0x08, 0x61, 0x08, 0x61, 0x08, 0x61, 0x08, 0x61, 0x08, 0x61, 0x08, 0x61, 0x08, 0x61, 0x08,
    0x61, 0x08, 0x61, 0x08, 0x61, 0x08, 0x61, 0x08, 0x61, 0x08, 0x61, 0x08, 0x61, 0x08, 0x61, 0x08,
    0x61, 0x08, 0x61, 0x08, 0x61, 0x08, 0x61, 0x08, 0x61, 0x08, 0x61, 0x08, 0x61, 0x08, 0x61, 0x08,
    0x61, 0x08, 0x61, 0x08, 0x61, 0x08, 0x61, 0x08, 0x61, 0x08, 0x61, 0x08, 0x61, 0x08, 0x61, 0x08,
    0x61, 0x08, 0x61, 0x08, 0x61, 0x08, 0x61, 0x08, 0x61, 0x08, 0x61, 0x08, 0x61, 0x08, 0x61, 0x08,
    0x61, 0x08, 0x61, 0x08, 0x61, 0x08, 0x61, 0x08, 0x61, 0x08, 0x61, 0x08, 0x61, 0x08, 0x61, 0x08,
    0x61, 0x08, 0x61, 0x08, 0x61, 0x08, 0x61, 0x08, 0x61, 0x08, 0x61, 0x08, 0x61, 0x08, 0x61, 0x08,
    0x61, 0x08, 0x61, 0x08, 0x61, 0x08, 0x61, 0x08, 0x61, 0x08, 0x07, 0x39, 0xf1, 0x91, 0xba, 0xd2,
    0x1e, 0xf3, 0x5f, 0xfb, 0x5f, 0xfb, 0x5f, 0xfb, 0x5f, 0xfb, 0x5f, 0xfb, 0x5f, 0xfb, 0x5f, 0xfb,
    0x5f, 0xfb, 0x5f, 0xfb, 0x5f, 0xfb, 0x5f, 0xfb, 0x5f, 0xfb, 0x5f, 0xfb, 0x5f, 0xfb, 0x5f, 0xfb,
    0x5f, 0xfb, 0x5f, 0xfb, 0x5f, 0xfb, 0x5f, 0xfb, 0x5f, 0xfb, 0x5f, 0xfb, 0x5f, 0xfb, 0x5f, 0xfb,
    0x5f, 0xfb, 0x5f, 0xfb, 0x5f, 0xfb, 0x5f, 0xfb, 0x5f, 0xfb, 0x97, 0xba, 0x09, 0x51, 0x61, 0x08,
    0x61, 0x08, 0x61, 0x08, 0x61, 0x08, 0x61, 0x08, 0x61, 0x08, 0x61, 0x08, 0x61, 0x08, 0x61, 0x08,
    0x61, 0x08, 0x61, 0x08, 0x61, 0x08, 0x61, 0x08, 0x61, 0x08, 0x61, 0x08, 0x61, 0x08, 0x61, 0x08,
    0x61, 0x08, 0x61, 0x08, 0x61, 0x08, 0x61, 0x08, 0x61, 0x08, 0x61, 0x08, 0x61, 0x08, 0x61, 0x08,
    0x61, 0x08, 0x61, 0x08, 0x61, 0x08, 0x61, 0x08, 0x61, 0x08, 0x61, 0x08, 0x61, 0x08, 0x61, 0x08,
    0x61, 0x08, 0x61, 0x08, 0x61, 0x08, 0x61, 0x08, 0x61, 0x08, 0x61, 0x08, 0x61, 0x08, 0x61, 0x08,
    0x61, 0x08, 0x61, 0x08, 0x61, 0x08, 0x61, 0x08, 0x61, 0x08, 0x61, 0x08, 0x61, 0x08, 0x61, 0x08,
    0x61, 0x08, 0x61, 0x08, 0x61, 0x08, 0x61, 0x08, 0x61, 0x08, 0x61, 0x08, 0x61, 0x08, 0x61, 0x08,
    0x61, 0x08, 0x61, 0x08, 0x61, 0x08, 0x61, 0x08, 0x61, 0x08, 0x61, 0x08, 0x61, 0x08, 0x61, 0x08,
    0x83, 0x10, 0xd0, 0x81, 0x3e, 0xeb, 0x5f, 0xfb, 0x5f, 0xfb, 0x5f, 0xfb, 0x5f, 0xfb, 0x5f, 0xfb,
    0x5f, 0xfb, 0x5f, 0xfb, 0x5f, 0xfb, 0x5f, 0xfb, 0x5f, 0xfb, 0x5f, 0xfb, 0x5f, 0xfb, 0x5f, 0xfb,
    0x5f, 0xfb, 0x5f, 0xfb, 0x5f, 0xfb, 0x5f, 0xfb, 0x5f, 0xfb, 0x5f, 0xfb, 0x5f, 0xfb, 0x5f, 0xfb,
    0x5f, 0xfb, 0x5f, 0xfb, 0x5f, 0xfb, 0x5f, 0xfb, 0x5f, 0xfb, 0x5f, 0xfb, 0x5f, 0xfb, 0x1f, 0xfb,
    0x1e, 0xf3, 0xdb, 0xda, 0xb0, 0x79, 0x61, 0x08, 0x61, 0x08, 0x61, 0x08, 0x61, 0x08, 0x61, 0x08,
    0x61, 0x08, 0x61, 0x08, 0x61, 0x08, 0x61, 0x08, 0x61, 0x08, 0x61, 0x08, 0x61, 0x08, 0x61, 0x08,
    0x61, 0x08, 0x61, 0x08, 0x61, 0x08, 0x61, 0x08, 0x61, 0x08, 0x61, 0x08, 0x61, 0x08, 0x61, 0x08,
    0x61, 0x08, 0x61, 0x08, 0x61, 0x08, 0x61, 0x08, 0x61, 0x08, 0x61, 0x08, 0x61, 0x08, 0x61, 0x08,
    0x61, 0x08, 0x61, 0x08, 0x61, 0x08, 0x61, 0x08, 0x61, 0x08, 0x61, 0x08, 0x61, 0x08, 0x61, 0x08,
    0x61, 0x08, 0x61, 0x08, 0x61, 0x08, 0x61, 0x08, 0x61, 0x08, 0x61, 0x08, 0x61, 0x08, 0x61, 0x08,
    0x61, 0x08, 0x61, 0x08, 0x61, 0x08, 0x61, 0x08, 0x61, 0x08, 0x61, 0x08, 0x61, 0x08, 0x61, 0x08,
    0x61, 0x08, 0x61, 0x08, 0x61, 0x08, 0x61, 0x08, 0x61, 0x08, 0x61, 0x08, 0x61, 0x08, 0x61, 0x08,
    0x61, 0x08, 0x61, 0x08, 0x61, 0x08, 0x61, 0x08, 0x61, 0x08, 0x61, 0x08, 0x61, 0x08, 0x61, 0x08,
    0x61, 0x08, 0x61, 0x08, 0x61, 0x08, 0x61, 0x08, 0x61, 0x08, 0x61, 0x08, 0x61, 0x08, 0x61, 0x08,
    0x61, 0x08, 0x61, 0x08, 0x61, 0x08, 0x61, 0x08, 0x61, 0x08, 0x61, 0x08, 0x61, 0x08, 0x61, 0x08,
    0x61, 0x08, 0x61, 0x08, 0x61, 0x08, 0x61, 0x08, 0x61, 0x08, 0x61, 0x08, 0x61, 0x08, 0x61, 0x08,
    0x61, 0x08, 0x61, 0x08, 0x61, 0x08, 0x61, 0x08, 0x61, 0x08, 0x61, 0x08, 0x61, 0x08, 0x61, 0x08,
    0x61, 0x08, 0x61, 0x08, 0x61, 0x08, 0xc6, 0x30, 0xd1, 0x89, 0xdb, 0xda, 0x1e, 0xf3, 0x1f, 0xfb,
    0x5f, 0xfb, 0x5f, 0xfb, 0x5f, 0xfb, 0x5f, 0xfb, 0x5f, 0xfb, 0x5f, 0xfb, 0x5f, 0xfb, 0x5f, 0xfb,
    0x5f, 0xfb, 0x5f, 0xfb, 0x5f, 0xfb, 0x5f, 0xfb, 0x5f, 0xfb, 0x5f, 0xfb, 0x5f, 0xfb, 0x5f, 0xfb,
    0x5f, 0xfb, 0x5f, 0xfb, 0x5f, 0xfb, 0x5f, 0xfb, 0x5f, 0xfb, 0x5f, 0xfb, 0x5f, 0xfb, 0x5f, 0xfb,
    0x5f, 0xfb, 0x5f, 0xfb, 0x5f, 0xfb, 0x5f, 0xfb, 0x3e, 0xf3, 0x13, 0x9a, 0xc4, 0x20, 0x61, 0x08,
    0x61, 0x08, 0x61, 0x08, 0x61, 0x08, 0x61, 0x08, 0x61, 0x08, 0x61, 0x08, 0x61, 0x08, 0x61, 0x08,
    0x61, 0x08, 0x61, 0x08, 0x61, 0x08, 0x61, 0x08, 0x61, 0x08, 0x61, 0x08, 0x61, 0x08, 0x61, 0x08,
    0x61, 0x08, 0x61, 0x08, 0x61, 0x08, 0x61, 0x08, 0x61, 0x08, 0x61, 0x08, 0x61, 0x08, 0x61, 0x08,
    0x61, 0x08, 0x61, 0x08, 0x61, 0x08, 0x61, 0x08, 0x61, 0x08, 0x61, 0x08, 0x61, 0x08, 0x61, 0x08,
    0x61, 0x08, 0x61, 0x08, 0x61, 0x08, 0x61, 0x08, 0x61, 0x08, 0x61, 0x08, 0x61, 0x08, 0x61, 0x08,
    0x61, 0x08, 0x61, 0x08, 0x61, 0x08, 0x61, 0x08, 0x61, 0x08, 0x61, 0x08, 0x61, 0x08, 0x61, 0x08,
    0x61, 0x08, 0x61, 0x08, 0x61, 0x08, 0x61, 0x08, 0x61, 0x08, 0x61, 0x08, 0x61, 0x08, 0x61, 0x08,
    0x61, 0x08, 0x61, 0x08, 0x61, 0x08, 0x61, 0x08, 0x61, 0x08, 0x61, 0x08, 0x61, 0x08, 0x61, 0x08,
    0x61, 0x08, 0x6d, 0x69, 0xdb, 0xe2, 0x5f, 0xfb, 0x5f, 0xfb, 0x5f, 0xfb, 0x5f, 0xfb, 0x5f, 0xfb,
    0x5f, 0xfb, 0x5f, 0xfb, 0x5f, 0xfb, 0x5f, 0xfb, 0x5f, 0xfb, 0x5f, 0xfb, 0x5f, 0xfb, 0x5f, 0xfb,
    0x5f, 0xfb, 0x5f, 0xfb, 0x5f, 0xfb, 0x5f, 0xfb, 0x5f, 0xfb, 0x5f, 0xfb, 0x5f, 0xfb, 0x5f, 0xfb,
    0x5f, 0xfb, 0x5f, 0xfb, 0x5f, 0xfb, 0x5f, 0xfb, 0x5f, 0xfb, 0x5f, 0xfb, 0x5f, 0xfb, 0x5f, 0xfb,
    0x5f, 0xfb, 0x5f, 0xfb, 0xfd, 0xe2, 0x56, 0xaa, 0x2a, 0x59, 0x84, 0x20, 0x82, 0x10, 0x61, 0x08,
    0x61, 0x08, 0x61, 0x08, 0x61, 0x08, 0x61, 0x08, 0x61, 0x08, 0x61, 0x08, 0x61, 0x08, 0x61, 0x08,
    0x61, 0x08, 0x61, 0x08, 0x61, 0x08, 0x61, 0x08, 0x61, 0x08, 0x61, 0x08, 0x61, 0x08, 0x61, 0x08,
    0x61, 0x08, 0x61, 0x08, 0x61, 0x08, 0x61, 0x08, 0x61, 0x08, 0x61, 0x08, 0x61, 0x08, 0x61, 0x08,
    0x61, 0x08, 0x61, 0x08, 0x61, 0x08, 0x61, 0x08, 0x61, 0x08, 0x61, 0x08, 0x61, 0x08, 0x61, 0x08,
    0x61, 0x08, 0x61, 0x08, 0x61, 0x08, 0x61, 0x08, 0x61, 0x08, 0x61, 0x08, 0x61, 0x08, 0x61, 0x08,
    0x61, 0x08, 0x61, 0x08, 0x61, 0x08, 0x61, 0x08, 0x61, 0x08, 0x61, 0x08, 0x61, 0x08, 0x61, 0x08,
    0x61, 0x08, 0x61, 0x08, 0x61, 0x08, 0x61, 0x08, 0x61, 0x08, 0x61, 0x08, 0x61, 0x08, 0x61, 0x08,
    0x61, 0x08, 0x61, 0x08, 0x61, 0x08, 0x61, 0x08, 0x61, 0x08, 0x61, 0x08, 0x61, 0x08, 0x61, 0x08,
    0x61, 0x08, 0x61, 0x08, 0x61, 0x08, 0x61, 0x08, 0x61, 0x08, 0x61, 0x08, 0x61, 0x08, 0x61, 0x08,
    0x61, 0x08, 0x61, 0x08, 0x61, 0x08, 0x61, 0x08, 0x61, 0x08, 0x61, 0x08, 0x61, 0x08, 0x61, 0x08,
    0x61, 0x08, 0x61, 0x08, 0x61, 0x08, 0x61, 0x08, 0x61, 0x08, 0x61, 0x08, 0x61, 0x08, 0x61, 0x08,
    0x61, 0x08, 0x61, 0x08, 0x61, 0x08, 0x61, 0x08, 0x61, 0x08, 0x61, 0x08, 0x61, 0x08, 0x61, 0x08,
    0x82, 0x10, 0xa4, 0x20, 0x2a, 0x59, 0x56, 0xb2, 0x1e, 0xf3, 0x5f, 0xfb, 0x5f, 0xfb, 0x5f, 0xfb,
    0x5f, 0xfb, 0x5f, 0xfb, 0x5f, 0xfb, 0x5f, 0xfb, 0x5f, 0xfb, 0x5f, 0xfb, 0x5f, 0xfb, 0x5f, 0xfb,
    0x5f, 0xfb, 0x5f, 0xfb, 0x5f, 0xfb, 0x5f, 0xfb, 0x5f, 0xfb, 0x5f, 0xfb, 0x5f, 0xfb, 0x5f, 0xfb,
    0x5f, 0xfb, 0x5f, 0xfb, 0x5f, 0xfb, 0x5f, 0xfb, 0x5f, 0xfb, 0x5f, 0xfb, 0x5f, 0xfb, 0x5f, 0xfb,
    0x5f, 0xfb, 0x5f, 0xfb, 0x5f, 0xfb, 0x5f, 0xfb, 0x3e, 0xeb, 0xd0, 0x81, 0x61, 0x08, 0x61, 0x08,
    0x61, 0x08, 0x61, 0x08, 0x61, 0x08, 0x61, 0x08, 0x61, 0x08, 0x61, 0x08, 0x61, 0x08, 0x61, 0x08,
    0x61, 0x08, 0x61, 0x08, 0x61, 0x08, 0x61, 0x08, 0x61, 0x08, 0x61, 0x08, 0x61, 0x08, 0x61, 0x08,
    0x61, 0x08, 0x61, 0x08, 0x61, 0x08, 0x61, 0x08, 0x61, 0x08, 0x61, 0x08, 0x61, 0x08, 0x61, 0x08,
    0x61, 0x08, 0x61, 0x08, 0x61, 0x08, 0x61, 0x08, 0x61, 0x08, 0x61, 0x08, 0x61, 0x08, 0x61, 0x08,
    0x61, 0x08, 0x61, 0x08, 0x61, 0x08, 0x61, 0x08, 0x61, 0x08, 0x61, 0x08, 0x61, 0x08, 0x61, 0x08,
    0x61, 0x08, 0x61, 0x08, 0x61, 0x08, 0x61, 0x08, 0x61, 0x08, 0x61, 0x08, 0x61, 0x08, 0x61, 0x08,
    0x61, 0x08, 0x61, 0x08, 0x61, 0x08, 0x61, 0x08, 0x61, 0x08, 0x61, 0x08, 0x61, 0x08, 0x61, 0x08,
    0x61, 0x08, 0x61, 0x08, 0x61, 0x08, 0x61, 0x08, 0x61, 0x08, 0x61, 0x08, 0x61, 0x08, 0x61, 0x08,
    0x61, 0x08, 0xe7, 0x38, 0x56, 0xb2, 0x5f, 0xfb, 0x5f, 0xfb, 0x5f, 0xfb, 0x5f, 0xfb, 0x5f, 0xfb,
    0x5f, 0xfb, 0x5f, 0xfb, 0x5f, 0xfb, 0x5f, 0xfb, 0x5f, 0xfb, 0x5f, 0xfb, 0x5f, 0xfb, 0x5f, 0xfb,
    0x5f, 0xfb, 0x5f, 0xfb, 0x5f, 0xfb, 0x5f, 0xfb, 0x5f, 0xfb, 0x5f, 0xfb, 0x5f, 0xfb, 0x5f, 0xfb,
    0x5f, 0xfb, 0x5f, 0xfb, 0x5f, 0xfb, 0x5f, 0xfb, 0x5f, 0xfb, 0x5f, 0xfb, 0x5f, 0xfb, 0x5f, 0xfb,
    0x5f, 0xfb, 0x5f, 0xfb, 0x5f, 0xfb, 0x3e, 0xf3, 0x1c, 0xe3, 0x77, 0xba, 0x6c, 0x61, 0xa4, 0x20,
    0x61, 0x08, 0x61, 0x08, 0x61, 0x08, 0x61, 0x08, 0x61, 0x08, 0x61, 0x08, 0x61, 0x08, 0x61, 0x08,
    0x61, 0x08, 0x61, 0x08, 0x61, 0x08, 0x61, 0x08, 0x61, 0x08, 0x61, 0x08, 0x61, 0x08, 0x61, 0x08,
    0x61, 0x08, 0x61, 0x08, 0x61, 0x08, 0x61, 0x08, 0x61, 0x08, 0x61, 0x08, 0x61, 0x08, 0x61, 0x08,
    0x61, 0x08, 0x61, 0x08, 0x61, 0x08, 0x61, 0x08, 0x61, 0x08, 0x61, 0x08, 0x61, 0x08, 0x61, 0x08,
    0x61, 0x08, 0x61, 0x08, 0x61, 0x08, 0x61, 0x08, 0x61, 0x08, 0x61, 0x08, 0x61, 0x08, 0x61, 0x08,
    0x61, 0x08, 0x61, 0x08, 0x61, 0x08, 0x61, 0x08, 0x61, 0x08, 0x61, 0x08, 0x61, 0x08, 0x61, 0x08,
    0x61, 0x08, 0x61, 0x08, 0x61, 0x08, 0x61, 0x08, 0x61, 0x08, 0x61, 0x08, 0x61, 0x08, 0x61, 0x08,
    0x61, 0x08, 0x61, 0x08, 0x61, 0x08, 0x61, 0x08, 0x61, 0x08, 0x61, 0x08, 0x61, 0x08, 0x61, 0x08,
    0x61, 0x08, 0x61, 0x08, 0x61, 0x08, 0x61, 0x08, 0x61, 0x08, 0x61, 0x08, 0x61, 0x08, 0x61, 0x08,
    0x61, 0x08, 0x61, 0x08, 0x61, 0x08, 0x61, 0x08, 0x61, 0x08, 0x61, 0x08, 0x61, 0x08, 0x61, 0x08,
    0x61, 0x08, 0x61, 0x08, 0x61, 0x08, 0x61, 0x08, 0x61, 0x08, 0x61, 0x08, 0x61, 0x08, 0x61, 0x08,
    0x61, 0x08, 0x61, 0x08, 0x61, 0x08, 0x61, 0x08, 0x61, 0x08, 0x61, 0x08, 0x61, 0x08, 0x84, 0x20,
    0x6b, 0x61, 0x77, 0xba, 0x1e, 0xf3, 0x3e, 0xf3, 0x5f, 0xfb, 0x5f, 0xfb, 0x5f, 0xfb, 0x5f, 0xfb,
    0x5f, 0xfb, 0x5f, 0xfb, 0x5f, 0xfb, 0x5f, 0xfb, 0x5f, 0xfb, 0x5f, 0xfb, 0x5f, 0xfb, 0x5f, 0xfb,
    0x5f, 0xfb, 0x5f, 0xfb, 0x5f, 0xfb, 0x5f, 0xfb, 0x5f, 0xfb, 0x5f, 0xfb, 0x5f, 0xfb, 0x5f, 0xfb,
    0x5f, 0xfb, 0x5f, 0xfb, 0x5f, 0xfb, 0x5f, 0xfb, 0x5f, 0xfb, 0x5f, 0xfb, 0x5f, 0xfb, 0x5f, 0xfb,
    0x5f, 0xfb, 0x5f, 0xfb, 0x5f, 0xfb, 0x5f, 0xfb, 0x97, 0xba, 0x29, 0x49, 0x61, 0x08, 0x61, 0x08,
    0x61, 0x08, 0x61, 0x08, 0x61, 0x08, 0x61, 0x08, 0x61, 0x08, 0x61, 0x08, 0x61, 0x08, 0x61, 0x08,
    0x61, 0x08, 0x61, 0x08, 0x61, 0x08, 0x61, 0x08, 0x61, 0x08, 0x61, 0x08, 0x61, 0x08, 0x61, 0x08,
    0x61, 0x08, 0x61, 0x08, 0x61, 0x08, 0x61, 0x08, 0x61, 0x08, 0x61, 0x08, 0x61, 0x08, 0x61, 0x08,
    0x61, 0x08, 0x61, 0x08, 0x61, 0x08, 0x61, 0x08, 0x61, 0x08, 0x61, 0x08, 0x61, 0x08, 0x61, 0x08,
    0x61, 0x08, 0x61, 0x08, 0x61, 0x08, 0x61, 0x08, 0x61, 0x08, 0x61, 0x08, 0x61, 0x08, 0x61, 0x08,
    0x61, 0x08, 0x61, 0x08, 0x61, 0x08, 0x61, 0x08, 0x61, 0x08, 0x61, 0x08, 0x61, 0x08, 0x61, 0x08,
    0x61, 0x08, 0x61, 0x08, 0x61, 0x08, 0x61, 0x08, 0x61, 0x08, 0x61, 0x08, 0x61, 0x08, 0x61, 0x08,
    0x61, 0x08, 0x61, 0x08, 0x61, 0x08, 0x61, 0x08, 0x61, 0x08, 0x61, 0x08, 0x61, 0x08, 0x61, 0x08,
    0x61, 0x08, 0x61, 0x08, 0xd0, 0x81, 0x3e, 0xeb, 0x5f, 0xfb, 0x5f, 0xfb, 0x5f, 0xfb, 0x5f, 0xfb,
    0x5f, 0xfb, 0x5f, 0xfb, 0x5f, 0xfb, 0x5f, 0xfb, 0x5f, 0xfb, 0x5f, 0xfb, 0x5f, 0xfb, 0x5f, 0xfb,
    0x5f, 0xfb, 0x5f, 0xfb, 0x5f, 0xfb, 0x5f, 0xfb, 0x5f, 0xfb, 0x5f, 0xfb, 0x5f, 0xfb, 0x5f, 0xfb,
    0x5f, 0xfb, 0x5f, 0xfb, 0x5f, 0xfb, 0x5f, 0xfb, 0x5f, 0xfb, 0x5f, 0xfb, 0x5f, 0xfb, 0x5f, 0xfb,
    0x5f, 0xfb, 0x5f, 0xfb, 0x5f, 0xfb, 0x5f, 0xfb, 0x5f, 0xfb, 0x1f, 0xfb, 0x1e, 0xf3, 0xd0, 0x81,
    0xe8, 0x38, 0x84, 0x20, 0x61, 0x08, 0x61, 0x08, 0x61, 0x08, 0x61, 0x08, 0x61, 0x08, 0x61, 0x08,
    0x61, 0x08, 0x61, 0x08, 0x61, 0x08, 0x61, 0x08, 0x61, 0x08, 0x61, 0x08, 0x61, 0x08, 0x61, 0x08,
    0x61, 0x08, 0x61, 0x08, 0x61, 0x08, 0x61, 0x08, 0x61, 0x08, 0x61, 0x08, 0x61, 0x08, 0x61, 0x08,
    0x61, 0x08, 0x61, 0x08, 0x61, 0x08, 0x61, 0x08, 0x61, 0x08, 0x61, 0x08, 0x61, 0x08, 0x61, 0x08,
    0x61, 0x08, 0x61, 0x08, 0x61, 0x08, 0x61, 0x08, 0x61, 0x08, 0x61, 0x08, 0x61, 0x08, 0x61, 0x08,
    0x61, 0x08, 0x61, 0x08, 0x61, 0x08, 0x61, 0x08, 0x61, 0x08, 0x61, 0x08, 0x61, 0x08, 0x61, 0x08,
    0x61, 0x08, 0x61, 0x08, 0x61, 0x08, 0x61, 0x08, 0x61, 0x08, 0x61, 0x08, 0x61, 0x08, 0x61, 0x08,
    0x61, 0x08, 0x61, 0x08, 0x61, 0x08, 0x61, 0x08, 0x61, 0x08, 0x61, 0x08, 0x61, 0x08, 0x61, 0x08,
    0x61, 0x08, 0x61, 0x08, 0x61, 0x08, 0x61, 0x08, 0x61, 0x08, 0x61, 0x08, 0x61, 0x08, 0x61, 0x08,
    0x61, 0x08, 0x61, 0x08, 0x61, 0x08, 0x61, 0x08, 0x61, 0x08, 0x61, 0x08, 0x61, 0x08, 0x61, 0x08,
    0x61, 0x08, 0x61, 0x08, 0x61, 0x08, 0x61, 0x08, 0x61, 0x08, 0x61, 0x08, 0x61, 0x08, 0x61, 0x08,
    0x61, 0x08, 0x61, 0x08, 0x61, 0x08, 0x61, 0x08, 0x61, 0x08, 0xa4, 0x20, 0xe8, 0x38, 0xb0, 0x79,
    0xfd, 0xea, 0x1f, 0xfb, 0x5f, 0xfb, 0x5f, 0xfb, 0x5f, 0xfb, 0x5f, 0xfb, 0x5f, 0xfb, 0x5f, 0xfb,
    0x5f, 0xfb, 0x5f, 0xfb, 0x5f, 0xfb, 0x5f, 0xfb, 0x5f, 0xfb, 0x5f, 0xfb, 0x5f, 0xfb, 0x5f, 0xfb,
    0x5f, 0xfb, 0x5f, 0xfb, 0x5f, 0xfb, 0x5f, 0xfb, 0x5f, 0xfb, 0x5f, 0xfb, 0x5f, 0xfb, 0x5f, 0xfb,
    0x5f, 0xfb, 0x5f, 0xfb, 0x5f, 0xfb, 0x5f, 0xfb, 0x5f, 0xfb, 0x5f, 0xfb, 0x5f, 0xfb, 0x5f, 0xfb,
    0x5f, 0xfb, 0x5f, 0xfb, 0x5f, 0xfb, 0x3e, 0xf3, 0x13, 0x9a, 0x82, 0x10, 0x61, 0x08, 0x61, 0x08,
    0x61, 0x08, 0x61, 0x08, 0x61, 0x08, 0x61, 0x08, 0x61, 0x08, 0x61, 0x08, 0x61, 0x08, 0x61, 0x08,
    0x61, 0x08, 0x61, 0x08, 0x61, 0x08, 0x61, 0x08, 0x61, 0x08, 0x61, 0x08, 0x61, 0x08, 0x61, 0x08,
    0x61, 0x08, 0x61, 0x08, 0x61, 0x08, 0x61, 0x08, 0x61, 0x08, 0x61, 0x08, 0x61, 0x08, 0x61, 0x08,
    0x61, 0x08, 0x61, 0x08, 0x61, 0x08, 0x61, 0x08, 0x61, 0x08, 0x61, 0x08, 0x61, 0x08, 0x61, 0x08,
    0x61, 0x08, 0x61, 0x08, 0x61, 0x08, 0x61, 0x08, 0x61, 0x08, 0x61, 0x08, 0x61, 0x08, 0x61, 0x08,
    0x61, 0x08, 0x61, 0x08, 0x61, 0x08, 0x61, 0x08, 0x61, 0x08, 0x61, 0x08, 0x61, 0x08, 0x61, 0x08,
    0x61, 0x08, 0x61, 0x08, 0x61, 0x08, 0x61, 0x08, 0x61, 0x08, 0x61, 0x08, 0x61, 0x08, 0x61, 0x08,
    0x61, 0x08, 0x61, 0x08, 0x61, 0x08, 0x61, 0x08, 0x61, 0x08, 0x61, 0x08, 0x61, 0x08, 0x61, 0x08,
    0x61, 0x08, 0x61, 0x08, 0x4c, 0x61, 0xba, 0xd2, 0x5f, 0xfb, 0x5f, 0xfb, 0x5f, 0xfb, 0x5f, 0xfb,
    0x5f, 0xfb, 0x5f, 0xfb, 0x5f, 0xfb, 0x5f, 0xfb, 0x5f, 0xfb, 0x5f, 0xfb, 0x5f, 0xfb, 0x5f, 0xfb,
    0x5f, 0xfb, 0x5f, 0xfb, 0x5f, 0xfb, 0x5f, 0xfb, 0x5f, 0xfb, 0x5f, 0xfb, 0x5f, 0xfb, 0x5f, 0xfb,
    0x5f, 0xfb, 0x5f, 0xfb, 0x5f, 0xfb, 0x5f, 0xfb, 0x5f, 0xfb, 0x5f, 0xfb, 0x5f, 0xfb, 0x5f, 0xfb,
    0x5f, 0xfb, 0x5f, 0xfb, 0x5f, 0xfb, 0x5f, 0xfb, 0x5f, 0xfb, 0x5f, 0xfb, 0x5f, 0xfb, 0x3e, 0xf3,
    0xba, 0xd2, 0xd0, 0x81, 0x09, 0x49, 0xa3, 0x18, 0x61, 0x08, 0x61, 0x08, 0x61, 0x08, 0x61, 0x08,
    0x61, 0x08, 0x61, 0x08, 0x61, 0x08, 0x61, 0x08, 0x61, 0x08, 0x61, 0x08, 0x61, 0x08, 0x61, 0x08,
    0x61, 0x08, 0x61, 0x08, 0x61, 0x08, 0x61, 0x08, 0x61, 0x08, 0x61, 0x08, 0x61, 0x08, 0x61, 0x08,
    0x61, 0x08, 0x61, 0x08, 0x61, 0x08, 0x61, 0x08, 0x61, 0x08, 0x61, 0x08, 0x61, 0x08, 0x61, 0x08,
    0x61, 0x08, 0x61, 0x08, 0x61, 0x08, 0x61, 0x08, 0x61, 0x08, 0x61, 0x08, 0x61, 0x08, 0x61, 0x08,
    0x61, 0x08, 0x61, 0x08, 0x61, 0x08, 0x61, 0x08, 0x61, 0x08, 0x61, 0x08, 0x61, 0x08, 0x61, 0x08,
    0x61, 0x08, 0x61, 0x08, 0x61, 0x08, 0x61, 0x08, 0x61, 0x08, 0x61, 0x08, 0x61, 0x08, 0x61, 0x08,
    0x61, 0x08, 0x61, 0x08, 0x61, 0x08, 0x61, 0x08, 0x61, 0x08, 0x61, 0x08, 0x61, 0x08, 0x61, 0x08,
    0x61, 0x08, 0x61, 0x08, 0x61, 0x08, 0x61, 0x08, 0x61, 0x08, 0x61, 0x08, 0x61, 0x08, 0x61, 0x08,
    0x61, 0x08, 0x61, 0x08, 0x61, 0x08, 0x61, 0x08, 0x61, 0x08, 0x61, 0x08, 0x61, 0x08, 0x61, 0x08,
    0x61, 0x08, 0x61, 0x08, 0x61, 0x08, 0x61, 0x08, 0x61, 0x08, 0x61, 0x08, 0x61, 0x08, 0x61, 0x08,
    0x61, 0x08, 0x61, 0x08, 0x61, 0x08, 0x82, 0x10, 0x08, 0x41, 0xd0, 0x81, 0xba, 0xd2, 0x3e, 0xf3,
    0x5f, 0xfb, 0x5f, 0xfb, 0x5f, 0xfb, 0x5f, 0xfb, 0x5f, 0xfb, 0x5f, 0xfb, 0x5f, 0xfb, 0x5f, 0xfb,
    0x5f, 0xfb, 0x5f, 0xfb, 0x5f, 0xfb, 0x5f, 0xfb, 0x5f, 0xfb, 0x5f, 0xfb, 0x5f, 0xfb, 0x5f, 0xfb,
    0x5f, 0xfb, 0x5f, 0xfb, 0x5f, 0xfb, 0x5f, 0xfb, 0x5f, 0xfb, 0x5f, 0xfb, 0x5f, 0xfb, 0x5f, 0xfb,
    0x5f, 0xfb, 0x5f, 0xfb, 0x5f, 0xfb, 0x5f, 0xfb, 0x5f, 0xfb, 0x5f, 0xfb, 0x5f, 0xfb, 0x5f, 0xfb,
    0x5f, 0xfb, 0x5f, 0xfb, 0x5f, 0xfb, 0xfd, 0xe2, 0xd0, 0x81, 0x61, 0x08, 0x61, 0x08, 0x61, 0x08,
    0x61, 0x08, 0x61, 0x08, 0x61, 0x08, 0x61, 0x08, 0x61, 0x08, 0x61, 0x08, 0x61, 0x08, 0x61, 0x08,
    0x61, 0x08, 0x61, 0x08, 0x61, 0x08, 0x61, 0x08, 0x61, 0x08, 0x61, 0x08, 0x61, 0x08, 0x61, 0x08,
    0x61, 0x08, 0x61, 0x08, 0x61, 0x08, 0x61, 0x08, 0x61, 0x08, 0x61, 0x08, 0x61, 0x08, 0x61, 0x08,
    0x61, 0x08, 0x61, 0x08, 0x61, 0x08, 0x61, 0x08, 0x61, 0x08, 0x61, 0x08, 0x61, 0x08, 0x61, 0x08,
    0x61, 0x08, 0x61, 0x08, 0x61, 0x08, 0x61, 0x08, 0x61, 0x08, 0x61, 0x08, 0x61, 0x08, 0x61, 0x08,
    0x61, 0x08, 0x61, 0x08, 0x61, 0x08, 0x61, 0x08, 0x61, 0x08, 0x61, 0x08, 0x61, 0x08, 0x61, 0x08,
    0x61, 0x08, 0x61, 0x08, 0x61, 0x08, 0x61, 0x08, 0x61, 0x08, 0x61, 0x08, 0x61, 0x08, 0x61, 0x08,
    0x61, 0x08, 0x61, 0x08, 0x61, 0x08, 0x61, 0x08, 0x61, 0x08, 0x61, 0x08, 0x61, 0x08, 0x61, 0x08,
    0x61, 0x08, 0x61, 0x08, 0x07, 0x39, 0x56, 0xaa, 0x5f, 0xfb, 0x5f, 0xfb, 0x5f, 0xfb, 0x5f, 0xfb,
    0x5f, 0xfb, 0x5f, 0xfb, 0x5f, 0xfb, 0x5f, 0xfb, 0x5f, 0xfb, 0x5f, 0xfb, 0x5f, 0xfb, 0x5f, 0xfb,
    0x5f, 0xfb, 0x5f, 0xfb, 0x5f, 0xfb, 0x5f, 0xfb, 0x5f, 0xfb, 0x5f, 0xfb, 0x5f, 0xfb, 0x5f, 0xfb,
    0x5f, 0xfb, 0x5f, 0xfb, 0x5f, 0xfb, 0x5f, 0xfb, 0x5f, 0xfb, 0x5f, 0xfb, 0x5f, 0xfb, 0x5f, 0xfb,
    0x5f, 0xfb, 0x5f, 0xfb, 0x5f, 0xfb, 0x5f, 0xfb, 0x5f, 0xfb, 0x5f, 0xfb, 0x5f, 0xfb, 0x5f, 0xfb,
    0x5f, 0xfb, 0x3e, 0xf3, 0xdb, 0xda, 0x8e, 0x71, 0xe7, 0x38, 0x82, 0x10, 0x61, 0x08, 0x61, 0x08,
    0x61, 0x08, 0x61, 0x08, 0x61, 0x08, 0x61, 0x08, 0x61, 0x08, 0x61, 0x08, 0x61, 0x08, 0x61, 0x08,
    0x61, 0x08, 0x61, 0x08, 0x61, 0x08, 0x61, 0x08, 0x61, 0x08, 0x61, 0x08, 0x61, 0x08, 0x61, 0x08,
    0x61, 0x08, 0x61, 0x08, 0x61, 0x08, 0x61, 0x08, 0x61, 0x08, 0x61, 0x08, 0x61, 0x08, 0x61, 0x08,
    0x61, 0x08, 0x61, 0x08, 0x61, 0x08, 0x61, 0x08, 0x61, 0x08, 0x61, 0x08, 0x61, 0x08, 0x61, 0x08,
    0x61, 0x08, 0x61, 0x08, 0x61, 0x08, 0x61, 0x08, 0x61, 0x08, 0x61, 0x08, 0x61, 0x08, 0x61, 0x08,
    0x61, 0x08, 0x61, 0x08, 0x61, 0x08, 0x61, 0x08, 0x61, 0x08, 0x61, 0x08, 0x61, 0x08, 0x61, 0x08,
    0x61, 0x08, 0x61, 0x08, 0x61, 0x08, 0x61, 0x08, 0x61, 0x08, 0x61, 0x08, 0x61, 0x08, 0x61, 0x08,
    0x61, 0x08, 0x61, 0x08, 0x61, 0x08, 0x61, 0x08, 0x61, 0x08, 0x61, 0x08, 0x61, 0x08, 0x61, 0x08,
    0x61, 0x08, 0x61, 0x08, 0x61, 0x08, 0x61, 0x08, 0x61, 0x08, 0x61, 0x08, 0x61, 0x08, 0x61, 0x08,
    0x61, 0x08, 0x61, 0x08, 0x61, 0x08, 0x61, 0x08, 0x61, 0x08, 0x61, 0x08, 0x61, 0x08, 0x61, 0x08,
    0x61, 0x08, 0x82, 0x10, 0xe7, 0x38, 0x4c, 0x61, 0x99, 0xca, 0x3e, 0xf3, 0x5f, 0xfb, 0x5f, 0xfb,
    0x5f, 0xfb, 0x5f, 0xfb, 0x5f, 0xfb, 0x5f, 0xfb, 0x5f, 0xfb, 0x5f, 0xfb, 0x5f, 0xfb, 0x5f, 0xfb,
    0x5f, 0xfb, 0x5f, 0xfb, 0x5f, 0xfb, 0x5f, 0xfb, 0x5f, 0xfb, 0x5f, 0xfb, 0x5f, 0xfb, 0x5f, 0xfb,
    0x5f, 0xfb, 0x5f, 0xfb, 0x5f, 0xfb, 0x5f, 0xfb, 0x5f, 0xfb, 0x5f, 0xfb, 0x5f, 0xfb, 0x5f, 0xfb,
    0x5f, 0xfb, 0x5f, 0xfb, 0x5f, 0xfb, 0x5f, 0xfb, 0x5f, 0xfb, 0x5f, 0xfb, 0x5f, 0xfb, 0x5f, 0xfb,
    0x5f, 0xfb, 0x5f, 0xfb, 0x5f, 0xfb, 0x56, 0xb2, 0xc6, 0x30, 0x61, 0x08, 0x61, 0x08, 0x61, 0x08,
    0x61, 0x08, 0x61, 0x08, 0x61, 0x08, 0x61, 0x08, 0x61, 0x08, 0x61, 0x08, 0x61, 0x08, 0x61, 0x08,
    0x61, 0x08, 0x61, 0x08, 0x61, 0x08, 0x61, 0x08, 0x61, 0x08, 0x61, 0x08, 0x61, 0x08, 0x61, 0x08,
    0x61, 0x08, 0x61, 0x08, 0x61, 0x08, 0x61, 0x08, 0x61, 0x08, 0x61, 0x08, 0x61, 0x08, 0x61, 0x08,
    0x61, 0x08, 0x61, 0x08, 0x61, 0x08, 0x61, 0x08, 0x61, 0x08, 0x61, 0x08, 0x61, 0x08, 0x61, 0x08,
    0x61, 0x08, 0x61, 0x08, 0x61, 0x08, 0x61, 0x08, 0x61, 0x08, 0x61, 0x08, 0x61, 0x08, 0x61, 0x08,
    0x61, 0x08, 0x61, 0x08, 0x61, 0x08, 0x61, 0x08, 0x61, 0x08, 0x61, 0x08, 0x61, 0x08, 0x61, 0x08,
    0x61, 0x08, 0x61, 0x08, 0x61, 0x08, 0x61, 0x08, 0x61, 0x08, 0x61, 0x08, 0x61, 0x08, 0x61, 0x08,
    0x61, 0x08, 0x61, 0x08, 0x61, 0x08, 0x61, 0x08, 0x61, 0x08, 0x61, 0x08, 0x61, 0x08, 0x61, 0x08,
    0x61, 0x08, 0x61, 0x08, 0x61, 0x08, 0xf2, 0x91, 0x3e, 0xf3, 0x5f, 0xfb, 0x5f, 0xfb, 0x5f, 0xfb,
    0x5f, 0xfb, 0x5f, 0xfb, 0x5f, 0xfb, 0x5f, 0xfb, 0x5f, 0xfb, 0x5f, 0xfb, 0x5f, 0xfb, 0x5f, 0xfb,
    0x5f, 0xfb, 0x5f, 0xfb, 0x5f, 0xfb, 0x5f, 0xfb, 0x5f, 0xfb, 0x5f, 0xfb, 0x5f, 0xfb, 0x5f, 0xfb,
    0x5f, 0xfb, 0x5f, 0xfb, 0x5f, 0xfb, 0x5f, 0xfb, 0x5f, 0xfb, 0x5f, 0xfb, 0x5f, 0xfb, 0x5f, 0xfb,
    0x5f, 0xfb, 0x5f, 0xfb, 0x5f, 0xfb, 0x5f, 0xfb, 0x5f, 0xfb, 0x5f, 0xfb, 0x5f, 0xfb, 0x5f, 0xfb,
    0x5f, 0xfb, 0x5f, 0xfb, 0x5f, 0xfb, 0xfd, 0xe2, 0x36, 0xaa, 0x6d, 0x69, 0x07, 0x41, 0x83, 0x10,
    0x61, 0x08, 0x61, 0x08, 0x61, 0x08, 0x61, 0x08, 0x61, 0x08, 0x61, 0x08, 0x61, 0x08, 0x61, 0x08,
    0x61, 0x08, 0x61, 0x08, 0x61, 0x08, 0x61, 0x08, 0x61, 0x08, 0x61, 0x08, 0x61, 0x08, 0x61, 0x08,
    0x61, 0x08, 0x61, 0x08, 0x61, 0x08, 0x61, 0x08, 0x61, 0x08, 0x61, 0x08, 0x61, 0x08, 0x61, 0x08,
    0x61, 0x08, 0x61, 0x08, 0x61, 0x08, 0x61, 0x08, 0x61, 0x08, 0x61, 0x08, 0x61, 0x08, 0x61, 0x08,
    0x61, 0x08, 0x61, 0x08, 0x61, 0x08, 0x61, 0x08, 0x61, 0x08, 0x61, 0x08, 0x61, 0x08, 0x61, 0x08,
    0x61, 0x08, 0x61, 0x08, 0x61, 0x08, 0x61, 0x08, 0x61, 0x08, 0x61, 0x08, 0x61, 0x08, 0x61, 0x08,
    0x61, 0x08, 0x61, 0x08, 0x61, 0x08, 0x61, 0x08, 0x61, 0x08, 0x61, 0x08, 0x61, 0x08, 0x61, 0x08,
    0x61, 0x08, 0x61, 0x08, 0x61, 0x08, 0x61, 0x08, 0x61, 0x08, 0x61, 0x08, 0x61, 0x08, 0x61, 0x08,
    0x61, 0x08, 0x61, 0x08, 0x61, 0x08, 0x61, 0x08, 0x61, 0x08, 0x61, 0x08, 0x61, 0x08, 0x61, 0x08,
    0x61, 0x08, 0x61, 0x08, 0x61, 0x08, 0x61, 0x08, 0x61, 0x08, 0x61, 0x08, 0x61, 0x08, 0x82, 0x10,
    0xa5, 0x28, 0x6c, 0x61, 0x56, 0xb2, 0xfd, 0xe2, 0x1f, 0xfb, 0x5f, 0xfb, 0x5f, 0xfb, 0x5f, 0xfb,
    0x5f, 0xfb, 0x5f, 0xfb, 0x5f, 0xfb, 0x5f, 0xfb, 0x5f, 0xfb, 0x5f, 0xfb, 0x5f, 0xfb, 0x5f, 0xfb,
    0x5f, 0xfb, 0x5f, 0xfb, 0x5f, 0xfb, 0x5f, 0xfb, 0x5f, 0xfb, 0x5f, 0xfb, 0x5f, 0xfb, 0x5f, 0xfb,
    0x5f, 0xfb, 0x5f, 0xfb, 0x5f, 0xfb, 0x5f, 0xfb, 0x5f, 0xfb, 0x5f, 0xfb, 0x5f, 0xfb, 0x5f, 0xfb,
    0x5f, 0xfb, 0x5f, 0xfb, 0x5f, 0xfb, 0x5f, 0xfb, 0x5f, 0xfb, 0x5f, 0xfb, 0x5f, 0xfb, 0x5f, 0xfb,
    0x5f, 0xfb, 0x5f, 0xfb, 0x3e, 0xf3, 0x14, 0x9a, 0x61, 0x08, 0x61, 0x08, 0x61, 0x08, 0x61, 0x08,
    0x61, 0x08, 0x61, 0x08, 0x61, 0x08, 0x61, 0x08, 0x61, 0x08, 0x61, 0x08, 0x61, 0x08, 0x61, 0x08,
    0x61, 0x08, 0x61, 0x08, 0x61, 0x08, 0x61, 0x08, 0x61, 0x08, 0x61, 0x08, 0x61, 0x08, 0x61, 0x08,
    0x61, 0x08, 0x61, 0x08, 0x61, 0x08, 0x61, 0x08, 0x61, 0x08, 0x61, 0x08, 0x61, 0x08, 0x61, 0x08,
    0x61, 0x08, 0x61, 0x08, 0x61, 0x08, 0x61, 0x08, 0x61, 0x08, 0x61, 0x08, 0x61, 0x08, 0x61, 0x08,
    0x61, 0x08, 0x61, 0x08, 0x61, 0x08, 0x61, 0x08, 0x61, 0x08, 0x61, 0x08, 0x61, 0x08, 0x61, 0x08,
    0x61, 0x08, 0x61, 0x08, 0x61, 0x08, 0x61, 0x08, 0x61, 0x08, 0x61, 0x08, 0x61, 0x08, 0x61, 0x08,
    0x61, 0x08, 0x61, 0x08, 0x61, 0x08, 0x61, 0x08, 0x61, 0x08, 0x61, 0x08, 0x61, 0x08, 0x61, 0x08,
    0x61, 0x08, 0x61, 0x08, 0x61, 0x08, 0x61, 0x08, 0x61, 0x08, 0x61, 0x08, 0x61, 0x08, 0x61, 0x08,
    0x61, 0x08, 0x61, 0x08, 0x61, 0x08, 0x4c, 0x61, 0xba, 0xd2, 0x5f, 0xfb, 0x5f, 0xfb, 0x5f, 0xfb,
    0x5f, 0xfb, 0x5f, 0xfb, 0x5f, 0xfb, 0x5f, 0xfb, 0x5f, 0xfb, 0x5f, 0xfb, 0x5f, 0xfb, 0x5f, 0xfb,
    0x5f, 0xfb, 0x5f, 0xfb, 0x5f, 0xfb, 0x5f, 0xfb, 0x5f, 0xfb, 0x5f, 0xfb, 0x5f, 0xfb, 0x5f, 0xfb,
    0x5f, 0xfb, 0x5f, 0xfb, 0x5f, 0xfb, 0x5f, 0xfb, 0x5f, 0xfb, 0x5f, 0xfb, 0x5f, 0xfb, 0x5f, 0xfb,
    0x5f, 0xfb, 0x5f, 0xfb, 0x5f, 0xfb, 0x5f, 0xfb, 0x5f, 0xfb, 0x5f, 0xfb, 0x5f, 0xfb, 0x5f, 0xfb,
    0x5f, 0xfb, 0x5f, 0xfb, 0x5f, 0xfb, 0x5f, 0xfb, 0x5f, 0xfb, 0x3e, 0xf3, 0x96, 0xb2, 0x6c, 0x61,
    0xa4, 0x20, 0x61, 0x08, 0x61, 0x08, 0x61, 0x08, 0x61, 0x08, 0x61, 0x08, 0x61, 0x08, 0x61, 0x08,
    0x61, 0x08, 0x61, 0x08, 0x61, 0x08, 0x61, 0x08, 0x61, 0x08, 0x61, 0x08, 0x61, 0x08, 0x61, 0x08,
    0x61, 0x08, 0x61, 0x08, 0x61, 0x08, 0x61, 0x08, 0x61, 0x08, 0x61, 0x08, 0x61, 0x08, 0x61, 0x08,
    0x61, 0x08, 0x61, 0x08, 0x61, 0x08, 0x61, 0x08, 0x61, 0x08, 0x61, 0x08, 0x61, 0x08, 0x61, 0x08,
    0x61, 0x08, 0x61, 0x08, 0x61, 0x08, 0x61, 0x08, 0x61, 0x08, 0x61, 0x08, 0x61, 0x08, 0x61, 0x08,
    0x61, 0x08, 0x61, 0x08, 0x61, 0x08, 0x61, 0x08, 0x61, 0x08, 0x61, 0x08, 0x61, 0x08, 0x61, 0x08,
    0x61, 0x08, 0x61, 0x08, 0x61, 0x08, 0x61, 0x08, 0x61, 0x08, 0x61, 0x08, 0x61, 0x08, 0x61, 0x08,
    0x61, 0x08, 0x61, 0x08, 0x61, 0x08, 0x61, 0x08, 0x61, 0x08, 0x61, 0x08, 0x61, 0x08, 0x61, 0x08,
    0x61, 0x08, 0x61, 0x08, 0x61, 0x08, 0x61, 0x08, 0x61, 0x08, 0x61, 0x08, 0x61, 0x08, 0x61, 0x08,
    0x61, 0x08, 0x61, 0x08, 0x61, 0x08, 0x61, 0x08, 0x61, 0x08, 0x61, 0x08, 0xa5, 0x20, 0x2a, 0x59,
    0xf2, 0x91, 0x1d, 0xeb, 0x5f, 0xfb, 0x5f, 0xfb, 0x5f, 0xfb, 0x5f, 0xfb, 0x5f, 0xfb, 0x5f, 0xfb,
    0x5f, 0xfb, 0x5f, 0xfb, 0x5f, 0xfb, 0x5f, 0xfb, 0x5f, 0xfb, 0x5f, 0xfb, 0x5f, 0xfb, 0x5f, 0xfb,
    0x5f, 0xfb, 0x5f, 0xfb, 0x5f, 0xfb, 0x5f, 0xfb, 0x5f, 0xfb, 0x5f, 0xfb, 0x5f, 0xfb, 0x5f, 0xfb,
    0x5f, 0xfb, 0x5f, 0xfb, 0x5f, 0xfb, 0x5f, 0xfb, 0x5f, 0xfb, 0x5f, 0xfb, 0x5f, 0xfb, 0x5f, 0xfb,
    0x5f, 0xfb, 0x5f, 0xfb, 0x5f, 0xfb, 0x5f, 0xfb, 0x5f, 0xfb, 0x5f, 0xfb, 0x5f, 0xfb, 0x5f, 0xfb,
    0x5f, 0xfb, 0x5f, 0xfb, 0xfc, 0xda, 0xaf, 0x79, 0x61, 0x08, 0x61, 0x08, 0x61, 0x08, 0x61, 0x08,
    0x61, 0x08, 0x61, 0x08, 0x61, 0x08, 0x61, 0x08, 0x61, 0x08, 0x61, 0x08, 0x61, 0x08, 0x61, 0x08,
    0x61, 0x08, 0x61, 0x08, 0x61, 0x08, 0x61, 0x08, 0x61, 0x08, 0x61, 0x08, 0x61, 0x08, 0x61, 0x08,
    0x61, 0x08, 0x61, 0x08, 0x61, 0x08, 0x61, 0x08, 0x61, 0x08, 0x61, 0x08, 0x61, 0x08, 0x61, 0x08,
    0x61, 0x08, 0x61, 0x08, 0x61, 0x08, 0x61, 0x08, 0x61, 0x08, 0x61, 0x08, 0x61, 0x08, 0x61, 0x08,
    0x61, 0x08, 0x61, 0x08, 0x61, 0x08, 0x61, 0x08, 0x61, 0x08, 0x61, 0x08, 0x61, 0x08, 0x61, 0x08,
    0x61, 0x08, 0x61, 0x08, 0x61, 0x08, 0x61, 0x08, 0x61, 0x08, 0x61, 0x08, 0x61, 0x08, 0x61, 0x08,
    0x61, 0x08, 0x61, 0x08, 0x61, 0x08, 0x61, 0x08, 0x61, 0x08, 0x61, 0x08, 0x61, 0x08, 0x61, 0x08,
    0x61, 0x08, 0x61, 0x08, 0x61, 0x08, 0x61, 0x08, 0x61, 0x08, 0x61, 0x08, 0x61, 0x08, 0x61, 0x08,
    0x61, 0x08, 0x61, 0x08, 0x61, 0x08, 0xe6, 0x30, 0x56, 0xaa, 0x5f, 0xfb, 0x5f, 0xfb, 0x5f, 0xfb,
    0x5f, 0xfb, 0x5f, 0xfb, 0x5f, 0xfb, 0x5f, 0xfb, 0x5f, 0xfb, 0x5f, 0xfb, 0x5f, 0xfb, 0x5f, 0xfb,
    0x5f, 0xfb, 0x5f, 0xfb, 0x5f, 0xfb, 0x5f, 0xfb, 0x5f, 0xfb, 0x5f, 0xfb, 0x5f, 0xfb, 0x5f, 0xfb,
    0x5f, 0xfb, 0x5f, 0xfb, 0x5f, 0xfb, 0x5f, 0xfb, 0x5f, 0xfb, 0x5f, 0xfb, 0x5f, 0xfb, 0x5f, 0xfb,
    0x5f, 0xfb, 0x5f, 0xfb, 0x5f, 0xfb, 0x5f, 0xfb, 0x5f, 0xfb, 0x5f, 0xfb, 0x5f, 0xfb, 0x5f, 0xfb,
    0x5f, 0xfb, 0x5f, 0xfb, 0x5f, 0xfb, 0x5f, 0xfb, 0x5f, 0xfb, 0x5f, 0xfb, 0x1f, 0xfb, 0xda, 0xd2,
    0xd1, 0x89, 0x4b, 0x59, 0xa5, 0x20, 0x61, 0x08, 0x61, 0x08, 0x61, 0x08, 0x61, 0x08, 0x61, 0x08,
    0x61, 0x08, 0x61, 0x08, 0x61, 0x08, 0x61, 0x08, 0x61, 0x08, 0x61, 0x08, 0x61, 0x08, 0x61, 0x08,
    0x61, 0x08, 0x61, 0x08, 0x61, 0x08, 0x61, 0x08, 0x61, 0x08, 0x61, 0x08, 0x61, 0x08, 0x61, 0x08,
    0x61, 0x08, 0x61, 0x08, 0x61, 0x08, 0x61, 0x08, 0x61, 0x08, 0x61, 0x08, 0x61, 0x08, 0x61, 0x08,
    0x61, 0x08, 0x61, 0x08, 0x61, 0x08, 0x61, 0x08, 0x61, 0x08, 0x61, 0x08, 0x61, 0x08, 0x61, 0x08,
    0x61, 0x08, 0x61, 0x08, 0x61, 0x08, 0x61, 0x08, 0x61, 0x08, 0x61, 0x08, 0x61, 0x08, 0x61, 0x08,
    0x61, 0x08, 0x61, 0x08, 0x61, 0x08, 0x61, 0x08, 0x61, 0x08, 0x61, 0x08, 0x61, 0x08, 0x61, 0x08,
    0x61, 0x08, 0x61, 0x08, 0x61, 0x08, 0x61, 0x08, 0x61, 0x08, 0x61, 0x08, 0x61, 0x08, 0x61, 0x08,
    0x61, 0x08, 0x61, 0x08, 0x61, 0x08, 0x61, 0x08, 0x61, 0x08, 0x61, 0x08, 0x61, 0x08, 0x61, 0x08,
    0x61, 0x08, 0x61, 0x08, 0x61, 0x08, 0x61, 0x08, 0xc5, 0x28, 0x4b, 0x59, 0xf1, 0x91, 0xda, 0xd2,
    0x1f, 0xfb, 0x5f, 0xfb, 0x5f, 0xfb, 0x5f, 0xfb, 0x5f, 0xfb, 0x5f, 0xfb, 0x5f, 0xfb, 0x5f, 0xfb,
    0x5f, 0xfb, 0x5f, 0xfb, 0x5f, 0xfb, 0x5f, 0xfb, 0x5f, 0xfb, 0x5f, 0xfb, 0x5f, 0xfb, 0x5f, 0xfb,
    0x5f, 0xfb, 0x5f, 0xfb, 0x5f, 0xfb, 0x5f, 0xfb, 0x5f, 0xfb, 0x5f, 0xfb, 0x5f, 0xfb, 0x5f, 0xfb,
    0x5f, 0xfb, 0x5f, 0xfb, 0x5f, 0xfb, 0x5f, 0xfb, 0x5f, 0xfb, 0x5f, 0xfb, 0x5f, 0xfb, 0x5f, 0xfb,
    0x5f, 0xfb, 0x5f, 0xfb, 0x5f, 0xfb, 0x5f, 0xfb, 0x5f, 0xfb, 0x5f, 0xfb, 0x5f, 0xfb, 0x5f, 0xfb,
    0x5f, 0xfb, 0x5f, 0xfb, 0x77, 0xba, 0xe6, 0x30, 0x61, 0x08, 0x61, 0x08, 0x61, 0x08, 0x61, 0x08,
    0x61, 0x08, 0x61, 0x08, 0x61, 0x08, 0x61, 0x08, 0x61, 0x08, 0x61, 0x08, 0x61, 0x08, 0x61, 0x08,
    0x61, 0x08, 0x61, 0x08, 0x61, 0x08, 0x61, 0x08, 0x61, 0x08, 0x61, 0x08, 0x61, 0x08, 0x61, 0x08,
    0x61, 0x08, 0x61, 0x08, 0x61, 0x08, 0x61, 0x08, 0x61, 0x08, 0x61, 0x08, 0x61, 0x08, 0x61, 0x08,
    0x61, 0x08, 0x61, 0x08, 0x61, 0x08, 0x61, 0x08, 0x61, 0x08, 0x61, 0x08, 0x61, 0x08, 0x61, 0x08,
    0x61, 0x08, 0x61, 0x08, 0x61, 0x08, 0x61, 0x08, 0x61, 0x08, 0x61, 0x08, 0x61, 0x08, 0x61, 0x08,
    0x61, 0x08, 0x61, 0x08, 0x61, 0x08, 0x61, 0x08, 0x61, 0x08, 0x61, 0x08, 0x61, 0x08, 0x61, 0x08,
    0x61, 0x08, 0x61, 0x08, 0x61, 0x08, 0x61, 0x08, 0x61, 0x08, 0x61, 0x08, 0x61, 0x08, 0x61, 0x08,
    0x61, 0x08, 0x61, 0x08, 0x61, 0x08, 0x61, 0x08, 0x61, 0x08, 0x61, 0x08, 0x61, 0x08, 0x61, 0x08,
    0x61, 0x08, 0x61, 0x08, 0x61, 0x08, 0x61, 0x08, 0xd1, 0x89, 0x1d, 0xeb, 0x5f, 0xfb, 0x5f, 0xfb,
    0x5f, 0xfb, 0x5f, 0xfb, 0x5f, 0xfb, 0x5f, 0xfb, 0x5f, 0xfb, 0x5f, 0xfb, 0x5f, 0xfb, 0x5f, 0xfb,
    0x5f, 0xfb, 0x5f, 0xfb, 0x5f, 0xfb, 0x5f, 0xfb, 0x5f, 0xfb, 0x5f, 0xfb, 0x5f, 0xfb, 0x5f, 0xfb,
    0x5f, 0xfb, 0x5f, 0xfb, 0x5f, 0xfb, 0x5f, 0xfb, 0x5f, 0xfb, 0x5f, 0xfb, 0x5f, 0xfb, 0x5f, 0xfb,
    0x5f, 0xfb, 0x5f, 0xfb, 0x5f, 0xfb, 0x5f, 0xfb, 0x5f, 0xfb, 0x5f, 0xfb, 0x5f, 0xfb, 0x5f, 0xfb,
    0x5f, 0xfb, 0x5f, 0xfb, 0x5f, 0xfb, 0x5f, 0xfb, 0x5f, 0xfb, 0x5f, 0xfb, 0x5f, 0xfb, 0x5f, 0xfb,
    0x1f, 0xfb, 0xda, 0xd2, 0xf1, 0x91, 0x2a, 0x49, 0xa4, 0x20, 0x61, 0x08, 0x61, 0x08, 0x61, 0x08,
    0x61, 0x08, 0x61, 0x08, 0x61, 0x08, 0x61, 0x08, 0x61, 0x08, 0x61, 0x08, 0x61, 0x08, 0x61, 0x08,
    0x61, 0x08, 0x61, 0x08, 0x61, 0x08, 0x61, 0x08, 0x61, 0x08, 0x61, 0x08, 0x61, 0x08, 0x61, 0x08,
    0x61, 0x08, 0x61, 0x08, 0x61, 0x08, 0x61, 0x08, 0x61, 0x08, 0x61, 0x08, 0x61, 0x08, 0x61, 0x08,
    0x61, 0x08, 0x61, 0x08, 0x61, 0x08, 0x61, 0x08, 0x61, 0x08, 0x61, 0x08, 0x61, 0x08, 0x61, 0x08,
    0x61, 0x08, 0x61, 0x08, 0x61, 0x08, 0x61, 0x08, 0x61, 0x08, 0x61, 0x08, 0x61, 0x08, 0x61, 0x08,
    0x61, 0x08, 0x61, 0x08, 0x61, 0x08, 0x61, 0x08, 0x61, 0x08, 0x61, 0x08, 0x61, 0x08, 0x61, 0x08,
    0x61, 0x08, 0x61, 0x08, 0x61, 0x08, 0x61, 0x08, 0x61, 0x08, 0x61, 0x08, 0x61, 0x08, 0x61, 0x08,
    0x61, 0x08, 0x61, 0x08, 0x61, 0x08, 0x61, 0x08, 0x61, 0x08, 0x61, 0x08, 0x61, 0x08, 0x61, 0x08,
    0x61, 0x08, 0x61, 0x08, 0x61, 0x08, 0x08, 0x41, 0xf1, 0x91, 0xda, 0xd2, 0x3e, 0xf3, 0x5f, 0xfb,
    0x5f, 0xfb, 0x5f, 0xfb, 0x5f, 0xfb, 0x5f, 0xfb, 0x5f, 0xfb, 0x5f, 0xfb, 0x5f, 0xfb, 0x5f, 0xfb,
    0x5f, 0xfb, 0x5f, 0xfb, 0x5f, 0xfb, 0x5f, 0xfb, 0x5f, 0xfb, 0x5f, 0xfb, 0x5f, 0xfb, 0x5f, 0xfb,
    0x5f, 0xfb, 0x5f, 0xfb, 0x5f, 0xfb, 0x5f, 0xfb, 0x5f, 0xfb, 0x5f, 0xfb, 0x5f, 0xfb, 0x5f, 0xfb,
    0x5f, 0xfb, 0x5f, 0xfb, 0x5f, 0xfb, 0x5f, 0xfb, 0x5f, 0xfb, 0x5f, 0xfb, 0x5f, 0xfb, 0x5f, 0xfb,
    0x5f, 0xfb, 0x5f, 0xfb, 0x5f, 0xfb, 0x5f, 0xfb, 0x5f, 0xfb, 0x5f, 0xfb, 0x5f, 0xfb, 0x5f, 0xfb,
    0x5f, 0xfb, 0x3e, 0xf3, 0x14, 0xa2, 0x61, 0x08, 0x61, 0x08, 0x61, 0x08, 0x61, 0x08, 0x61, 0x08,
    0x61, 0x08, 0x61, 0x08, 0x61, 0x08, 0x61, 0x08, 0x61, 0x08, 0x61, 0x08, 0x61, 0x08, 0x61, 0x08,
    0x61, 0x08, 0x61, 0x08, 0x61, 0x08, 0x61, 0x08, 0x61, 0x08, 0x61, 0x08, 0x61, 0x08, 0x61, 0x08,
    0x61, 0x08, 0x61, 0x08, 0x61, 0x08, 0x61, 0x08, 0x61, 0x08, 0x61, 0x08, 0x61, 0x08, 0x61, 0x08,
    0x61, 0x08, 0x61, 0x08, 0x61, 0x08, 0x61, 0x08, 0x61, 0x08, 0x61, 0x08, 0x61, 0x08, 0x61, 0x08,
    0x61, 0x08, 0x61, 0x08, 0x61, 0x08, 0x61, 0x08, 0x61, 0x08, 0x61, 0x08, 0x61, 0x08, 0x61, 0x08,
    0x61, 0x08, 0x61, 0x08, 0x61, 0x08, 0x61, 0x08, 0x61, 0x08, 0x61, 0x08, 0x61, 0x08, 0x61, 0x08,
    0x61, 0x08, 0x61, 0x08, 0x61, 0x08, 0x61, 0x08, 0x61, 0x08, 0x61, 0x08, 0x61, 0x08, 0x61, 0x08,
    0x61, 0x08, 0x61, 0x08, 0x61, 0x08, 0x61, 0x08, 0x61, 0x08, 0x61, 0x08, 0x61, 0x08, 0x61, 0x08,
    0x61, 0x08, 0x61, 0x08, 0x61, 0x08, 0x61, 0x08, 0x2a, 0x59, 0x99, 0xc2, 0x5f, 0xfb, 0x5f, 0xfb,
    0x5f, 0xfb, 0x5f, 0xfb, 0x5f, 0xfb, 0x5f, 0xfb, 0x5f, 0xfb, 0x5f, 0xfb, 0x5f, 0xfb, 0x5f, 0xfb,
    0x5f, 0xfb, 0x5f, 0xfb, 0x5f, 0xfb, 0x5f, 0xfb, 0x5f, 0xfb, 0x5f, 0xfb, 0x5f, 0xfb, 0x5f, 0xfb,
    0x5f, 0xfb, 0x5f, 0xfb, 0x5f, 0xfb, 0x5f, 0xfb, 0x5f, 0xfb, 0x5f, 0xfb, 0x5f, 0xfb, 0x5f, 0xfb,
    0x5f, 0xfb, 0x5f, 0xfb, 0x5f, 0xfb, 0x5f, 0xfb, 0x5f, 0xfb, 0x5f, 0xfb, 0x5f, 0xfb, 0x5f, 0xfb,
    0x5f, 0xfb, 0x5f, 0xfb, 0x5f, 0xfb, 0x5f, 0xfb, 0x5f, 0xfb, 0x5f, 0xfb, 0x5f, 0xfb, 0x5f, 0xfb,
    0x5f, 0xfb, 0x5f, 0xfb, 0x1e, 0xf3, 0x97, 0xba, 0xd0, 0x81, 0x08, 0x41, 0x61, 0x08, 0x61, 0x08,
    0x61, 0x08, 0x61, 0x08, 0x61, 0x08, 0x61, 0x08, 0x61, 0x08, 0x61, 0x08, 0x61, 0x08, 0x61, 0x08,
    0x61, 0x08, 0x61, 0x08, 0x61, 0x08, 0x61, 0x08, 0x61, 0x08, 0x61, 0x08, 0x61, 0x08, 0x61, 0x08,
    0x61, 0x08, 0x61, 0x08, 0x61, 0x08, 0x61, 0x08, 0x61, 0x08, 0x61, 0x08, 0x61, 0x08, 0x61, 0x08,
    0x61, 0x08, 0x61, 0x08, 0x61, 0x08, 0x61, 0x08, 0x61, 0x08, 0x61, 0x08, 0x61, 0x08, 0x61, 0x08,
    0x61, 0x08, 0x61, 0x08, 0x61, 0x08, 0x61, 0x08, 0x61, 0x08, 0x61, 0x08, 0x61, 0x08, 0x61, 0x08,
    0x61, 0x08, 0x61, 0x08, 0x61, 0x08, 0x61, 0x08, 0x61, 0x08, 0x61, 0x08, 0x61, 0x08, 0x61, 0x08,
    0x61, 0x08, 0x61, 0x08, 0x61, 0x08, 0x61, 0x08, 0x61, 0x08, 0x61, 0x08, 0x61, 0x08, 0x61, 0x08,
    0x61, 0x08, 0x61, 0x08, 0x61, 0x08, 0x61, 0x08, 0x61, 0x08, 0x61, 0x08, 0x61, 0x08, 0x61, 0x08,
    0x61, 0x08, 0xe8, 0x40, 0x8e, 0x71, 0x56, 0xb2, 0xfd, 0xea, 0x5f, 0xfb, 0x5f, 0xfb, 0x5f, 0xfb,
    0x5f, 0xfb, 0x5f, 0xfb, 0x5f, 0xfb, 0x5f, 0xfb, 0x5f, 0xfb, 0x5f, 0xfb, 0x5f, 0xfb, 0x5f, 0xfb,
    0x5f, 0xfb, 0x5f, 0xfb, 0x5f, 0xfb, 0x5f, 0xfb, 0x5f, 0xfb, 0x5f, 0xfb, 0x5f, 0xfb, 0x5f, 0xfb,
    0x5f, 0xfb, 0x5f, 0xfb, 0x5f, 0xfb, 0x5f, 0xfb, 0x5f, 0xfb, 0x5f, 0xfb, 0x5f, 0xfb, 0x5f, 0xfb,
    0x5f, 0xfb, 0x5f, 0xfb, 0x5f, 0xfb, 0x5f, 0xfb, 0x5f, 0xfb, 0x5f, 0xfb, 0x5f, 0xfb, 0x5f, 0xfb,
    0x5f, 0xfb, 0x5f, 0xfb, 0x5f, 0xfb, 0x5f, 0xfb, 0x5f, 0xfb, 0x5f, 0xfb, 0x5f, 0xfb, 0x5f, 0xfb,
    0x5f, 0xfb, 0x1c, 0xe3, 0xb0, 0x79, 0x61, 0x08, 0x61, 0x08, 0x61, 0x08, 0x61, 0x08, 0x61, 0x08,
    0x61, 0x08, 0x61, 0x08, 0x61, 0x08, 0x61, 0x08, 0x61, 0x08, 0x61, 0x08, 0x61, 0x08, 0x61, 0x08,
    0x61, 0x08, 0x61, 0x08, 0x61, 0x08, 0x61, 0x08, 0x61, 0x08, 0x61, 0x08, 0x61, 0x08, 0x61, 0x08,
    0x61, 0x08, 0x61, 0x08, 0x61, 0x08, 0x61, 0x08, 0x61, 0x08, 0x61, 0x08, 0x61, 0x08, 0x61, 0x08,
    0x61, 0x08, 0x61, 0x08, 0x61, 0x08, 0x61, 0x08, 0x61, 0x08, 0x61, 0x08, 0x61, 0x08, 0x61, 0x08,
    0x61, 0x08, 0x61, 0x08, 0x61, 0x08, 0x61, 0x08, 0x61, 0x08, 0x61, 0x08, 0x61, 0x08, 0x61, 0x08,
    0x61, 0x08, 0x61, 0x08, 0x61, 0x08, 0x61, 0x08, 0x61, 0x08, 0x61, 0x08, 0x61, 0x08, 0x61, 0x08,
    0x61, 0x08, 0x61, 0x08, 0x61, 0x08, 0x61, 0x08, 0x61, 0x08, 0x61, 0x08, 0x61, 0x08, 0x61, 0x08,
    0x61, 0x08, 0x61, 0x08, 0x61, 0x08, 0x61, 0x08, 0x61, 0x08, 0x61, 0x08, 0x61, 0x08, 0x61, 0x08,
    0x61, 0x08, 0x61, 0x08, 0x61, 0x08, 0x61, 0x08, 0xc4, 0x20, 0x56, 0xb2, 0x5f, 0xfb, 0x5f, 0xfb,
    0x5f, 0xfb, 0x5f, 0xfb, 0x5f, 0xfb, 0x5f, 0xfb, 0x5f, 0xfb, 0x5f, 0xfb, 0x5f, 0xfb, 0x5f, 0xfb,
    0x5f, 0xfb, 0x5f, 0xfb, 0x5f, 0xfb, 0x5f, 0xfb, 0x5f, 0xfb, 0x5f, 0xfb, 0x5f, 0xfb, 0x5f, 0xfb,
    0x5f, 0xfb, 0x5f, 0xfb, 0x5f, 0xfb, 0x5f, 0xfb, 0x5f, 0xfb, 0x5f, 0xfb, 0x5f, 0xfb, 0x5f, 0xfb,
    0x5f, 0xfb, 0x5f, 0xfb, 0x5f, 0xfb, 0x5f, 0xfb, 0x5f, 0xfb, 0x5f, 0xfb, 0x5f, 0xfb, 0x5f, 0xfb,
    0x5f, 0xfb, 0x5f, 0xfb, 0x5f, 0xfb, 0x5f, 0xfb, 0x5f, 0xfb, 0x5f, 0xfb, 0x5f, 0xfb, 0x5f, 0xfb,
    0x5f, 0xfb, 0x5f, 0xfb, 0x5f, 0xfb, 0x1f, 0xfb, 0x1c, 0xe3, 0x77, 0xba, 0xb0, 0x79, 0x08, 0x41,
    0x61, 0x08, 0x61, 0x08, 0x61, 0x08, 0x61, 0x08, 0x61, 0x08, 0x61, 0x08, 0x61, 0x08, 0x61, 0x08,
    0x61, 0x08, 0x61, 0x08, 0x61, 0x08, 0x61, 0x08, 0x61, 0x08, 0x61, 0x08, 0x61, 0x08, 0x61, 0x08,
    0x61, 0x08, 0x61, 0x08, 0x61, 0x08, 0x61, 0x08, 0x61, 0x08, 0x61, 0x08, 0x61, 0x08, 0x61, 0x08,
    0x61, 0x08, 0x61, 0x08, 0x61, 0x08, 0x61, 0x08, 0x61, 0x08, 0x61, 0x08, 0x61, 0x08, 0x61, 0x08,
    0x61, 0x08, 0x61, 0x08, 0x61, 0x08, 0x61, 0x08, 0x61, 0x08, 0x61, 0x08, 0x61, 0x08, 0x61, 0x08,
    0x61, 0x08, 0x61, 0x08, 0x61, 0x08, 0x61, 0x08, 0x61, 0x08, 0x61, 0x08, 0x61, 0x08, 0x61, 0x08,
    0x61, 0x08, 0x61, 0x08, 0x61, 0x08, 0x61, 0x08, 0x61, 0x08, 0x61, 0x08, 0x61, 0x08, 0x61, 0x08,
    0x61, 0x08, 0x61, 0x08, 0x61, 0x08, 0x61, 0x08, 0x61, 0x08, 0x61, 0x08, 0x61, 0x08, 0xe7, 0x38,
    0xb0, 0x79, 0x96, 0xb2, 0x1c, 0xe3, 0x1f, 0xfb, 0x5f, 0xfb, 0x5f, 0xfb, 0x5f, 0xfb, 0x5f, 0xfb,
    0x5f, 0xfb, 0x5f, 0xfb, 0x5f, 0xfb, 0x5f, 0xfb, 0x5f, 0xfb, 0x5f, 0xfb, 0x5f, 0xfb, 0x5f, 0xfb,
    0x5f, 0xfb, 0x5f, 0xfb, 0x5f, 0xfb, 0x5f, 0xfb, 0x5f, 0xfb, 0x5f, 0xfb, 0x5f, 0xfb, 0x5f, 0xfb,
    0x5f, 0xfb, 0x5f, 0xfb, 0x5f, 0xfb, 0x5f, 0xfb, 0x5f, 0xfb, 0x5f, 0xfb, 0x5f, 0xfb, 0x5f, 0xfb,
    0x5f, 0xfb, 0x5f, 0xfb, 0x5f, 0xfb, 0x5f, 0xfb, 0x5f, 0xfb, 0x5f, 0xfb, 0x5f, 0xfb, 0x5f, 0xfb,
    0x5f, 0xfb, 0x5f, 0xfb, 0x5f, 0xfb, 0x5f, 0xfb, 0x5f, 0xfb, 0x5f, 0xfb, 0x5f, 0xfb, 0x5f, 0xfb,
    0x5f, 0xfb, 0x77, 0xba, 0xa3, 0x18, 0x61, 0x08, 0x61, 0x08, 0x61, 0x08, 0x61, 0x08, 0x61, 0x08,
    0x61, 0x08, 0x61, 0x08, 0x61, 0x08, 0x61, 0x08, 0x61, 0x08, 0x61, 0x08, 0x61, 0x08, 0x61, 0x08,
    0x61, 0x08, 0x61, 0x08, 0x61, 0x08, 0x61, 0x08, 0x61, 0x08, 0x61, 0x08, 0x61, 0x08, 0x61, 0x08,
    0x61, 0x08, 0x61, 0x08, 0x61, 0x08, 0x61, 0x08, 0x61, 0x08, 0x61, 0x08, 0x61, 0x08, 0x61, 0x08,
    0x61, 0x08, 0x61, 0x08, 0x61, 0x08, 0x61, 0x08, 0x61, 0x08, 0x61, 0x08, 0x61, 0x08, 0x61, 0x08,
    0x61, 0x08, 0x61, 0x08, 0x61, 0x08, 0x61, 0x08, 0x61, 0x08, 0x61, 0x08, 0x61, 0x08, 0x61, 0x08,
    0x61, 0x08, 0x61, 0x08, 0x61, 0x08, 0x61, 0x08, 0x61, 0x08, 0x61, 0x08, 0x61, 0x08, 0x61, 0x08,
    0x61, 0x08, 0x61, 0x08, 0x61, 0x08, 0x61, 0x08, 0x61, 0x08, 0x61, 0x08, 0x61, 0x08, 0x61, 0x08,
    0x61, 0x08, 0x61, 0x08, 0x61, 0x08, 0x61, 0x08, 0x61, 0x08, 0x61, 0x08, 0x61, 0x08, 0x61, 0x08,
    0x61, 0x08, 0x61, 0x08, 0x61, 0x08, 0x61, 0x08, 0x61, 0x08, 0xf2, 0x91, 0x3e, 0xeb, 0x5f, 0xfb,
    0x5f, 0xfb, 0x5f, 0xfb, 0x5f, 0xfb, 0x5f, 0xfb, 0x5f, 0xfb, 0x5f, 0xfb, 0x5f, 0xfb, 0x5f, 0xfb,
    0x5f, 0xfb, 0x5f, 0xfb, 0x5f, 0xfb, 0x5f, 0xfb, 0x5f, 0xfb, 0x5f, 0xfb, 0x5f, 0xfb, 0x5f, 0xfb,
    0x5f, 0xfb, 0x5f, 0xfb, 0x5f, 0xfb, 0x5f, 0xfb, 0x5f, 0xfb, 0x5f, 0xfb, 0x5f, 0xfb, 0x5f, 0xfb,
    0x5f, 0xfb, 0x5f, 0xfb, 0x5f, 0xfb, 0x5f, 0xfb, 0x5f, 0xfb, 0x5f, 0xfb, 0x5f, 0xfb, 0x5f, 0xfb,
    0x5f, 0xfb, 0x5f, 0xfb, 0x5f, 0xfb, 0x5f, 0xfb, 0x5f, 0xfb, 0x5f, 0xfb, 0x5f, 0xfb, 0x5f, 0xfb,
    0x5f, 0xfb, 0x5f, 0xfb, 0x5f, 0xfb, 0x5f, 0xfb, 0x5f, 0xfb, 0x5f, 0xfb, 0x1d, 0xeb, 0x56, 0xb2,
    0x8d, 0x69, 0x83, 0x10, 0x61, 0x08, 0x61, 0x08, 0x61, 0x08, 0x61, 0x08, 0x61, 0x08, 0x61, 0x08,
    0x61, 0x08, 0x61, 0x08, 0x61, 0x08, 0x61, 0x08, 0x61, 0x08, 0x61, 0x08, 0x61, 0x08, 0x61, 0x08,
    0x61, 0x08, 0x61, 0x08, 0x61, 0x08, 0x61, 0x08, 0x61, 0x08, 0x61, 0x08, 0x61, 0x08, 0x61, 0x08,
    0x61, 0x08, 0x61, 0x08, 0x61, 0x08, 0x61, 0x08, 0x61, 0x08, 0x61, 0x08, 0x61, 0x08, 0x61, 0x08,
    0x61, 0x08, 0x61, 0x08, 0x61, 0x08, 0x61, 0x08, 0x61, 0x08, 0x61, 0x08, 0x61, 0x08, 0x61, 0x08,
    0x61, 0x08, 0x61, 0x08, 0x61, 0x08, 0x61, 0x08, 0x61, 0x08, 0x61, 0x08, 0x61, 0x08, 0x61, 0x08,
    0x61, 0x08, 0x61, 0x08, 0x61, 0x08, 0x61, 0x08, 0x61, 0x08, 0x61, 0x08, 0x61, 0x08, 0x61, 0x08,
    0x61, 0x08, 0x61, 0x08, 0x61, 0x08, 0x61, 0x08, 0x61, 0x08, 0x82, 0x10, 0x4c, 0x61, 0x35, 0xaa,
    0xfd, 0xea, 0x5f, 0xfb, 0x5f, 0xfb, 0x5f, 0xfb, 0x5f, 0xfb, 0x5f, 0xfb, 0x5f, 0xfb, 0x5f, 0xfb,
    0x5f, 0xfb, 0x5f, 0xfb, 0x5f, 0xfb, 0x5f, 0xfb, 0x5f, 0xfb, 0x5f, 0xfb, 0x5f, 0xfb, 0x5f, 0xfb,
    0x5f, 0xfb, 0x5f, 0xfb, 0x5f, 0xfb, 0x5f, 0xfb, 0x5f, 0xfb, 0x5f, 0xfb, 0x5f, 0xfb, 0x5f, 0xfb,
    0x5f, 0xfb, 0x5f, 0xfb, 0x5f, 0xfb, 0x5f, 0xfb, 0x5f, 0xfb, 0x5f, 0xfb, 0x5f, 0xfb, 0x5f, 0xfb,
    0x5f, 0xfb, 0x5f, 0xfb, 0x5f, 0xfb, 0x5f, 0xfb, 0x5f, 0xfb, 0x5f, 0xfb, 0x5f, 0xfb, 0x5f, 0xfb,
    0x5f, 0xfb, 0x5f, 0xfb, 0x5f, 0xfb, 0x5f, 0xfb, 0x5f, 0xfb, 0x5f, 0xfb, 0x5f, 0xfb, 0x5f, 0xfb,
    0x1e, 0xf3, 0x14, 0x9a, 0x61, 0x08, 0x61, 0x08, 0x61, 0x08, 0x61, 0x08, 0x61, 0x08, 0x61, 0x08,
    0x61, 0x08, 0x61, 0x08, 0x61, 0x08, 0x61, 0x08, 0x61, 0x08, 0x61, 0x08, 0x61, 0x08, 0x61, 0x08,
    0x61, 0x08, 0x61, 0x08, 0x61, 0x08, 0x61, 0x08, 0x61, 0x08, 0x61, 0x08, 0x61, 0x08, 0x61, 0x08,
    0x61, 0x08, 0x61, 0x08, 0x61, 0x08, 0x61, 0x08, 0x61, 0x08, 0x61, 0x08, 0x61, 0x08, 0x61, 0x08,
    0x61, 0x08, 0x61, 0x08, 0x61, 0x08, 0x61, 0x08, 0x61, 0x08, 0x61, 0x08, 0x61, 0x08, 0x61, 0x08,
    0x61, 0x08, 0x61, 0x08, 0x61, 0x08, 0x61, 0x08, 0x61, 0x08, 0x61, 0x08, 0x61, 0x08, 0x61, 0x08,
    0x61, 0x08, 0x61, 0x08, 0x61, 0x08, 0x61, 0x08, 0x61, 0x08, 0x61, 0x08, 0x61, 0x08, 0x61, 0x08,
    0x61, 0x08, 0x61, 0x08, 0x61, 0x08, 0x61, 0x08, 0x61, 0x08, 0x61, 0x08, 0x61, 0x08, 0x61, 0x08,
    0x61, 0x08, 0x61, 0x08, 0x61, 0x08, 0x61, 0x08, 0x61, 0x08, 0x61, 0x08, 0x61, 0x08, 0x61, 0x08,
    0x61, 0x08, 0x61, 0x08, 0x61, 0x08, 0x61, 0x08, 0x61, 0x08, 0x4b, 0x59, 0xba, 0xd2, 0x5f, 0xfb,
    0x5f, 0xfb, 0x5f, 0xfb, 0x5f, 0xfb, 0x5f, 0xfb, 0x5f, 0xfb, 0x5f, 0xfb, 0x5f, 0xfb, 0x5f, 0xfb,
    0x5f, 0xfb, 0x5f, 0xfb, 0x5f, 0xfb, 0x5f, 0xfb, 0x5f, 0xfb, 0x5f, 0xfb, 0x5f, 0xfb, 0x5f, 0xfb,
    0x5f, 0xfb, 0x5f, 0xfb, 0x5f, 0xfb, 0x5f, 0xfb, 0x5f, 0xfb, 0x5f, 0xfb, 0x5f, 0xfb, 0x5f, 0xfb,
    0x5f, 0xfb, 0x5f, 0xfb, 0x5f, 0xfb, 0x5f, 0xfb, 0x5f, 0xfb, 0x5f, 0xfb, 0x5f, 0xfb, 0x5f, 0xfb,
    0x5f, 0xfb, 0x5f, 0xfb, 0x5f, 0xfb, 0x5f, 0xfb, 0x5f, 0xfb, 0x5f, 0xfb, 0x5f, 0xfb, 0x5f, 0xfb,
    0x5f, 0xfb, 0x5f, 0xfb, 0x5f, 0xfb, 0x5f, 0xfb, 0x5f, 0xfb, 0x5f, 0xfb, 0x5f, 0xfb, 0x1f, 0xfb,
    0xda, 0xd2, 0x14, 0xa2, 0x6c, 0x61, 0x83, 0x18, 0x61, 0x08, 0x61, 0x08, 0x61, 0x08, 0x61, 0x08,
    0x61, 0x08, 0x61, 0x08, 0x61, 0x08, 0x61, 0x08, 0x61, 0x08, 0x61, 0x08, 0x61, 0x08, 0x61, 0x08,
    0x61, 0x08, 0x61, 0x08, 0x61, 0x08, 0x61, 0x08, 0x61, 0x08, 0x61, 0x08, 0x61, 0x08, 0x61, 0x08,
    0x61, 0x08, 0x61, 0x08, 0x61, 0x08, 0x61, 0x08, 0x61, 0x08, 0x61, 0x08, 0x61, 0x08, 0x61, 0x08,
    0x61, 0x08, 0x61, 0x08, 0x61, 0x08, 0x61, 0x08, 0x61, 0x08, 0x61, 0x08, 0x61, 0x08, 0x61, 0x08,
    0x61, 0x08, 0x61, 0x08, 0x61, 0x08, 0x61, 0x08, 0x61, 0x08, 0x61, 0x08, 0x61, 0x08, 0x61, 0x08,
    0x61, 0x08, 0x61, 0x08, 0x61, 0x08, 0x61, 0x08, 0x61, 0x08, 0x61, 0x08, 0x61, 0x08, 0x61, 0x08,
    0x61, 0x08, 0x61, 0x08, 0x61, 0x08, 0x61, 0x08, 0x08, 0x41, 0x13, 0xa2, 0xba, 0xd2, 0x3e, 0xf3,
    0x5f, 0xfb, 0x5f, 0xfb, 0x5f, 0xfb, 0x5f, 0xfb, 0x5f, 0xfb, 0x5f, 0xfb, 0x5f, 0xfb, 0x5f, 0xfb,
    0x5f, 0xfb, 0x5f, 0xfb, 0x5f, 0xfb, 0x5f, 0xfb, 0x5f, 0xfb, 0x5f, 0xfb, 0x5f, 0xfb, 0x5f, 0xfb,
    0x5f, 0xfb, 0x5f, 0xfb, 0x5f, 0xfb, 0x5f, 0xfb, 0x5f, 0xfb, 0x5f, 0xfb, 0x5f, 0xfb, 0x5f, 0xfb,
    0x5f, 0xfb, 0x5f, 0xfb, 0x5f, 0xfb, 0x5f, 0xfb, 0x5f, 0xfb, 0x5f, 0xfb, 0x5f, 0xfb, 0x5f, 0xfb,
    0x5f, 0xfb, 0x5f, 0xfb, 0x5f, 0xfb, 0x5f, 0xfb, 0x5f, 0xfb, 0x5f, 0xfb, 0x5f, 0xfb, 0x5f, 0xfb,
    0x5f, 0xfb, 0x5f, 0xfb, 0x5f, 0xfb, 0x5f, 0xfb, 0x5f, 0xfb, 0x5f, 0xfb, 0x5f, 0xfb, 0x5f, 0xfb,
    0xda, 0xd2, 0x8d, 0x69, 0x61, 0x08, 0x61, 0x08, 0x61, 0x08, 0x61, 0x08, 0x61, 0x08, 0x61, 0x08,
    0x61, 0x08, 0x61, 0x08, 0x61, 0x08, 0x61, 0x08, 0x61, 0x08, 0x61, 0x08, 0x61, 0x08, 0x61, 0x08,
    0x61, 0x08, 0x61, 0x08, 0x61, 0x08, 0x61, 0x08, 0x61, 0x08, 0x61, 0x08, 0x61, 0x08, 0x61, 0x08,
    0x61, 0x08, 0x61, 0x08, 0x61, 0x08, 0x61, 0x08, 0x61, 0x08, 0x61, 0x08, 0x61, 0x08, 0x61, 0x08,
    0x61, 0x08, 0x61, 0x08, 0x61, 0x08, 0x61, 0x08, 0x61, 0x08, 0x61, 0x08, 0x61, 0x08, 0x61, 0x08,
    0x61, 0x08, 0x61, 0x08, 0x61, 0x08, 0x61, 0x08, 0x61, 0x08, 0x61, 0x08, 0x61, 0x08, 0x61, 0x08,
    0x61, 0x08, 0x61, 0x08, 0x61, 0x08, 0x61, 0x08, 0x61, 0x08, 0x61, 0x08, 0x61, 0x08, 0x61, 0x08,
    0x61, 0x08, 0x61, 0x08, 0x61, 0x08, 0x61, 0x08, 0x61, 0x08, 0x61, 0x08, 0x61, 0x08, 0x61, 0x08,
    0x61, 0x08, 0x61, 0x08, 0x61, 0x08, 0x61, 0x08, 0x61, 0x08, 0x61, 0x08, 0x61, 0x08, 0x61, 0x08,
    0x61, 0x08, 0x61, 0x08, 0x61, 0x08, 0x61, 0x08, 0x61, 0x08, 0x82, 0x10, 0x56, 0xb2, 0x1f, 0xfb,
    0x5f, 0xfb, 0x5f, 0xfb, 0x5f, 0xfb, 0x5f, 0xfb, 0x5f, 0xfb, 0x5f, 0xfb, 0x5f, 0xfb, 0x5f, 0xfb,
    0x5f, 0xfb, 0x5f, 0xfb, 0x5f, 0xfb, 0x5f, 0xfb, 0x5f, 0xfb, 0x5f, 0xfb, 0x5f, 0xfb, 0x5f, 0xfb,
    0x5f, 0xfb, 0x5f, 0xfb, 0x5f, 0xfb, 0x5f, 0xfb, 0x5f, 0xfb, 0x5f, 0xfb, 0x5f, 0xfb, 0x5f, 0xfb,
    0x5f, 0xfb, 0x5f, 0xfb, 0x5f, 0xfb, 0x5f, 0xfb, 0x5f, 0xfb, 0x5f, 0xfb, 0x5f, 0xfb, 0x5f, 0xfb,
    0x5f, 0xfb, 0x5f, 0xfb, 0x5f, 0xfb, 0x5f, 0xfb, 0x5f, 0xfb, 0x5f, 0xfb, 0x5f, 0xfb, 0x5f, 0xfb,
    0x5f, 0xfb, 0x5f, 0xfb, 0x5f, 0xfb, 0x5f, 0xfb, 0x5f, 0xfb, 0x5f, 0xfb, 0x5f, 0xfb, 0x5f, 0xfb,
    0x5f, 0xfb, 0x3e, 0xf3, 0xda, 0xd2, 0x14, 0xa2, 0xe8, 0x40, 0x61, 0x08, 0x61, 0x08, 0x61, 0x08,
    0x61, 0x08, 0x61, 0x08, 0x61, 0x08, 0x61, 0x08, 0x61, 0x08, 0x61, 0x08, 0x61, 0x08, 0x61, 0x08,
    0x61, 0x08, 0x61, 0x08, 0x61, 0x08, 0x61, 0x08, 0x61, 0x08, 0x61, 0x08, 0x61, 0x08, 0x61, 0x08,
    0x61, 0x08, 0x61, 0x08, 0x61, 0x08, 0x61, 0x08, 0x61, 0x08, 0x61, 0x08, 0x61, 0x08, 0x61, 0x08,
    0x61, 0x08, 0x61, 0x08, 0x61, 0x08, 0x61, 0x08, 0x61, 0x08, 0x61, 0x08, 0x61, 0x08, 0x61, 0x08,
    0x61, 0x08, 0x61, 0x08, 0x61, 0x08, 0x61, 0x08, 0x61, 0x08, 0x61, 0x08, 0x61, 0x08, 0x61, 0x08,
    0x61, 0x08, 0x61, 0x08, 0x61, 0x08, 0x61, 0x08, 0x61, 0x08, 0x61, 0x08, 0x61, 0x08, 0x61, 0x08,
    0x61, 0x08, 0x61, 0x08, 0xe6, 0x38, 0xd0, 0x81, 0x78, 0xc2, 0x3e, 0xf3, 0x5f, 0xfb, 0x5f, 0xfb,
    0x5f, 0xfb, 0x5f, 0xfb, 0x5f, 0xfb, 0x5f, 0xfb, 0x5f, 0xfb, 0x5f, 0xfb, 0x5f, 0xfb, 0x5f, 0xfb,
    0x5f, 0xfb, 0x5f, 0xfb, 0x5f, 0xfb, 0x5f, 0xfb, 0x5f, 0xfb, 0x5f, 0xfb, 0x5f, 0xfb, 0x5f, 0xfb,
    0x5f, 0xfb, 0x5f, 0xfb, 0x5f, 0xfb, 0x5f, 0xfb, 0x5f, 0xfb, 0x5f, 0xfb, 0x5f, 0xfb, 0x5f, 0xfb,
    0x5f, 0xfb, 0x5f, 0xfb, 0x5f, 0xfb, 0x5f, 0xfb, 0x5f, 0xfb, 0x5f, 0xfb, 0x5f, 0xfb, 0x5f, 0xfb,
    0x5f, 0xfb, 0x5f, 0xfb, 0x5f, 0xfb, 0x5f, 0xfb, 0x5f, 0xfb, 0x5f, 0xfb, 0x5f, 0xfb, 0x5f, 0xfb,
    0x5f, 0xfb, 0x5f, 0xfb, 0x5f, 0xfb, 0x5f, 0xfb, 0x5f, 0xfb, 0x5f, 0xfb, 0x5f, 0xfb, 0x5f, 0xfb,
    0x97, 0xba, 0xc4, 0x20, 0x61, 0x08, 0x61, 0x08, 0x61, 0x08, 0x61, 0x08, 0x61, 0x08, 0x61, 0x08,
    0x61, 0x08, 0x61, 0x08, 0x61, 0x08, 0x61, 0x08, 0x61, 0x08, 0x61, 0x08, 0x61, 0x08, 0x61, 0x08,
    0x61, 0x08, 0x61, 0x08, 0x61, 0x08, 0x61, 0x08, 0x61, 0x08, 0x61, 0x08, 0x61, 0x08, 0x61, 0x08,
    0x61, 0x08, 0x61, 0x08, 0x61, 0x08, 0x61, 0x08, 0x61, 0x08, 0x61, 0x08, 0x61, 0x08, 0x61, 0x08,
    0x61, 0x08, 0x61, 0x08, 0x61, 0x08, 0x61, 0x08, 0x61, 0x08, 0x61, 0x08, 0x61, 0x08, 0x61, 0x08,
    0x61, 0x08, 0x61, 0x08, 0x61, 0x08, 0x61, 0x08, 0x61, 0x08, 0x61, 0x08, 0x61, 0x08, 0x61, 0x08,
    0x61, 0x08, 0x61, 0x08, 0x61, 0x08, 0x61, 0x08, 0x61, 0x08, 0x61, 0x08, 0x61, 0x08, 0x61, 0x08,
    0x61, 0x08, 0x61, 0x08, 0x61, 0x08, 0x61, 0x08, 0x61, 0x08, 0x61, 0x08, 0x61, 0x08, 0x61, 0x08,
    0x61, 0x08, 0x61, 0x08, 0x61, 0x08, 0x61, 0x08, 0x61, 0x08, 0x61, 0x08, 0x61, 0x08, 0x61, 0x08,
    0x61, 0x08, 0x61, 0x08, 0x61, 0x08, 0x61, 0x08, 0x61, 0x08, 0x61, 0x08, 0xb0, 0x79, 0xfc, 0xda,
    0x5f, 0xfb, 0x5f, 0xfb, 0x5f, 0xfb, 0x5f, 0xfb, 0x5f, 0xfb, 0x5f, 0xfb, 0x5f, 0xfb, 0x5f, 0xfb,
    0x5f, 0xfb, 0x5f, 0xfb, 0x5f, 0xfb, 0x5f, 0xfb, 0x5f, 0xfb, 0x5f, 0xfb, 0x5f, 0xfb, 0x5f, 0xfb,
    0x5f, 0xfb, 0x5f, 0xfb, 0x5f, 0xfb, 0x5f, 0xfb, 0x5f, 0xfb, 0x5f, 0xfb, 0x5f, 0xfb, 0x5f, 0xfb,
    0x5f, 0xfb, 0x5f, 0xfb, 0x5f, 0xfb, 0x5f, 0xfb, 0x5f, 0xfb, 0x5f, 0xfb, 0x5f, 0xfb, 0x5f, 0xfb,
    0x5f, 0xfb, 0x5f, 0xfb, 0x5f, 0xfb, 0x5f, 0xfb, 0x5f, 0xfb, 0x5f, 0xfb, 0x5f, 0xfb, 0x5f, 0xfb,
    0x5f, 0xfb, 0x5f, 0xfb, 0x5f, 0xfb, 0x5f, 0xfb, 0x5f, 0xfb, 0x5f, 0xfb, 0x5f, 0xfb, 0x5f, 0xfb,
    0x5f, 0xfb, 0x5f, 0xfb, 0x5f, 0xfb, 0x3e, 0xf3, 0x78, 0xc2, 0xd1, 0x89, 0xe6, 0x38, 0x61, 0x08,
    0x61, 0x08, 0x61, 0x08, 0xa3, 0x18, 0x2a, 0x51, 0x49, 0x49, 0xe7, 0x30, 0xc5, 0x28, 0xc5, 0x28,
    0xc5, 0x20, 0xa3, 0x18, 0x82, 0x10, 0x82, 0x10, 0x82, 0x10, 0x82, 0x10, 0x82, 0x10, 0x82, 0x10,
    0x82, 0x10, 0x82, 0x10, 0x82, 0x10, 0x82, 0x10, 0x82, 0x10, 0x82, 0x10, 0xa3, 0x18, 0x6c, 0x61,
    0xf2, 0x91, 0xf1, 0x91, 0x4a, 0x51, 0xa2, 0x18, 0x82, 0x10, 0x82, 0x10, 0x82, 0x10, 0x82, 0x10,
    0x82, 0x10, 0x82, 0x10, 0x82, 0x10, 0x82, 0x10, 0x82, 0x10, 0xa3, 0x18, 0xc5, 0x20, 0xc5, 0x28,
    0xe5, 0x28, 0x28, 0x41, 0x4a, 0x51, 0x4a, 0x51, 0xa3, 0x18, 0x61, 0x08, 0x61, 0x08, 0x61, 0x08,
    0x61, 0x08, 0x6c, 0x61, 0x98, 0xba, 0xfc, 0xe2, 0x5f, 0xfb, 0x5f, 0xfb, 0x5f, 0xfb, 0x5f, 0xfb,
    0x5f, 0xfb, 0x5f, 0xfb, 0x5f, 0xfb, 0x5f, 0xfb, 0x5f, 0xfb, 0x5f, 0xfb, 0x5f, 0xfb, 0x5f, 0xfb,
    0x5f, 0xfb, 0x5f, 0xfb, 0x5f, 0xfb, 0x5f, 0xfb, 0x5f, 0xfb, 0x5f, 0xfb, 0x5f, 0xfb, 0x5f, 0xfb,
    0x5f, 0xfb, 0x5f, 0xfb, 0x5f, 0xfb, 0x5f, 0xfb, 0x5f, 0xfb, 0x5f, 0xfb, 0x5f, 0xfb, 0x5f, 0xfb,
    0x5f, 0xfb, 0x5f, 0xfb, 0x5f, 0xfb, 0x5f, 0xfb, 0x5f, 0xfb, 0x5f, 0xfb, 0x5f, 0xfb, 0x5f, 0xfb,
    0x5f, 0xfb, 0x5f, 0xfb, 0x5f, 0xfb, 0x5f, 0xfb, 0x5f, 0xfb, 0x5f, 0xfb, 0x5f, 0xfb, 0x5f, 0xfb,
    0x5f, 0xfb, 0x5f, 0xfb, 0x5f, 0xfb, 0x5f, 0xfb, 0x5f, 0xfb, 0x5f, 0xfb, 0x5f, 0xfb, 0x1e, 0xf3,
    0x13, 0xa2, 0x61, 0x08, 0x61, 0x08, 0x61, 0x08, 0x61, 0x08, 0x61, 0x08, 0x61, 0x08, 0x61, 0x08,
    0x61, 0x08, 0x61, 0x08, 0x61, 0x08, 0x61, 0x08, 0x61, 0x08, 0x61, 0x08, 0x61, 0x08, 0x61, 0x08,
    0x61, 0x08, 0x61, 0x08, 0x61, 0x08, 0x61, 0x08, 0x61, 0x08, 0x61, 0x08, 0x61, 0x08, 0x61, 0x08,
    0x61, 0x08, 0x61, 0x08, 0x61, 0x08, 0x61, 0x08, 0x61, 0x08, 0x61, 0x08, 0x61, 0x08, 0x61, 0x08,
    0x61, 0x08, 0x61, 0x08, 0x61, 0x08, 0x61, 0x08, 0x61, 0x08, 0x61, 0x08, 0x61, 0x08, 0x61, 0x08,
    0x61, 0x08, 0x61, 0x08, 0x61, 0x08, 0x61, 0x08, 0x61, 0x08, 0x61, 0x08, 0x61, 0x08, 0x61, 0x08,
    0x61, 0x08, 0x61, 0x08, 0x61, 0x08, 0x61, 0x08, 0x61, 0x08, 0x61, 0x08, 0x61, 0x08, 0x61, 0x08,
    0x61, 0x08, 0x61, 0x08, 0x61, 0x08, 0x61, 0x08, 0x61, 0x08, 0x61, 0x08, 0x61, 0x08, 0x61, 0x08,
    0x61, 0x08, 0x61, 0x08, 0x61, 0x08, 0x61, 0x08, 0x61, 0x08, 0x61, 0x08, 0x61, 0x08, 0x61, 0x08,
    0x61, 0x08, 0x61, 0x08, 0x61, 0x08, 0x61, 0x08, 0x61, 0x08, 0x61, 0x08, 0x28, 0x41, 0x99, 0xc2,
    0x5f, 0xfb, 0x5f, 0xfb, 0x5f, 0xfb, 0x5f, 0xfb, 0x5f, 0xfb, 0x5f, 0xfb, 0x5f, 0xfb, 0x5f, 0xfb,
    0x5f, 0xfb, 0x5f, 0xfb, 0x5f, 0xfb, 0x5f, 0xfb, 0x5f, 0xfb, 0x5f, 0xfb, 0x5f, 0xfb, 0x5f, 0xfb,
    0x5f, 0xfb, 0x5f, 0xfb, 0x5f, 0xfb, 0x5f, 0xfb, 0x5f, 0xfb, 0x5f, 0xfb, 0x5f, 0xfb, 0x5f, 0xfb,
    0x5f, 0xfb, 0x5f, 0xfb, 0x5f, 0xfb, 0x5f, 0xfb, 0x5f, 0xfb, 0x5f, 0xfb, 0x5f, 0xfb, 0x5f, 0xfb,
    0x5f, 0xfb, 0x5f, 0xfb, 0x5f, 0xfb, 0x5f, 0xfb, 0x5f, 0xfb, 0x5f, 0xfb, 0x5f, 0xfb, 0x5f, 0xfb,
    0x5f, 0xfb, 0x5f, 0xfb, 0x5f, 0xfb, 0x5f, 0xfb, 0x5f, 0xfb, 0x5f, 0xfb, 0x5f, 0xfb, 0x5f, 0xfb,
    0x5f, 0xfb, 0x5f, 0xfb, 0x5f, 0xfb, 0x5f, 0xfb, 0x5f, 0xfb, 0xfc, 0xe2, 0x97, 0xba, 0x35, 0xaa,
    0x56, 0xaa, 0x35, 0xaa, 0x78, 0xc2, 0xba, 0xd2, 0xba, 0xd2, 0x99, 0xc2, 0x78, 0xc2, 0x78, 0xc2,
    0x78, 0xc2, 0x78, 0xc2, 0x78, 0xc2, 0x78, 0xc2, 0x78, 0xc2, 0x78, 0xc2, 0x78, 0xc2, 0x78, 0xc2,
    0x78, 0xc2, 0x78, 0xc2, 0x78, 0xc2, 0x78, 0xc2, 0x78, 0xc2, 0x78, 0xc2, 0x78, 0xc2, 0xda, 0xd2,
    0x1d, 0xeb, 0x1d, 0xeb, 0xba, 0xd2, 0x78, 0xc2, 0x78, 0xc2, 0x78, 0xc2, 0x78, 0xc2, 0x78, 0xc2,
    0x78, 0xc2, 0x78, 0xc2, 0x78, 0xc2, 0x78, 0xc2, 0x78, 0xc2, 0x78, 0xc2, 0x78, 0xc2, 0x78, 0xc2,
    0xb8, 0xca, 0x99, 0xc2, 0xba, 0xd2, 0xba, 0xd2, 0x78, 0xc2, 0x35, 0xaa, 0x56, 0xaa, 0x56, 0xb2,
    0x56, 0xb2, 0xda, 0xd2, 0x5f, 0xfb, 0x5f, 0xfb, 0x5f, 0xfb, 0x5f, 0xfb, 0x5f, 0xfb, 0x5f, 0xfb,
    0x5f, 0xfb, 0x5f, 0xfb, 0x5f, 0xfb, 0x5f, 0xfb, 0x5f, 0xfb, 0x5f, 0xfb, 0x5f, 0xfb, 0x5f, 0xfb,
    0x5f, 0xfb, 0x5f, 0xfb, 0x5f, 0xfb, 0x5f, 0xfb, 0x5f, 0xfb, 0x5f, 0xfb, 0x5f, 0xfb, 0x5f, 0xfb,
    0x5f, 0xfb, 0x5f, 0xfb, 0x5f, 0xfb, 0x5f, 0xfb, 0x5f, 0xfb, 0x5f, 0xfb, 0x5f, 0xfb, 0x5f, 0xfb,
    0x5f, 0xfb, 0x5f, 0xfb, 0x5f, 0xfb, 0x5f, 0xfb, 0x5f, 0xfb, 0x5f, 0xfb, 0x5f, 0xfb, 0x5f, 0xfb,
    0x5f, 0xfb, 0x5f, 0xfb, 0x5f, 0xfb, 0x5f, 0xfb, 0x5f, 0xfb, 0x5f, 0xfb, 0x5f, 0xfb, 0x5f, 0xfb,
    0x5f, 0xfb, 0x5f, 0xfb, 0x5f, 0xfb, 0x5f, 0xfb, 0x5f, 0xfb, 0x5f, 0xfb, 0x5f, 0xfb, 0xfc, 0xda,
    0x8d, 0x71, 0x61, 0x08, 0x61, 0x08, 0x61, 0x08, 0x61, 0x08, 0x61, 0x08, 0x61, 0x08, 0x61, 0x08,
    0x61, 0x08, 0x61, 0x08, 0x61, 0x08, 0x61, 0x08, 0x61, 0x08, 0x61, 0x08, 0x61, 0x08, 0x61, 0x08,
    0x61, 0x08, 0x61, 0x08, 0x61, 0x08, 0x61, 0x08, 0x61, 0x08, 0x61, 0x08, 0x61, 0x08, 0x61, 0x08,
    0x61, 0x08, 0x61, 0x08, 0x61, 0x08, 0x61, 0x08, 0x61, 0x08, 0x61, 0x08, 0x61, 0x08, 0x61, 0x08,
    0x61, 0x08, 0x61, 0x08, 0x61, 0x08, 0x61, 0x08, 0x61, 0x08, 0x61, 0x08, 0x61, 0x08, 0x61, 0x08,
    0x61, 0x08, 0x61, 0x08, 0x61, 0x08, 0x61, 0x08, 0x61, 0x08, 0x61, 0x08, 0x61, 0x08, 0x61, 0x08,
    0x61, 0x08, 0x61, 0x08, 0x61, 0x08, 0x61, 0x08, 0x61, 0x08, 0x61, 0x08, 0x61, 0x08, 0x61, 0x08,
    0x61, 0x08, 0x61, 0x08, 0x61, 0x08, 0x61, 0x08, 0x61, 0x08, 0x61, 0x08, 0x61, 0x08, 0x61, 0x08,
    0x61, 0x08, 0x61, 0x08, 0x61, 0x08, 0x61, 0x08, 0x61, 0x08, 0x61, 0x08, 0x61, 0x08, 0x61, 0x08,
    0x61, 0x08, 0x61, 0x08, 0x61, 0x08, 0x61, 0x08, 0x61, 0x08, 0x61, 0x08, 0x61, 0x08, 0x56, 0xb2,
    0x3e, 0xf3, 0x5f, 0xfb, 0x5f, 0xfb, 0x5f, 0xfb, 0x5f, 0xfb, 0x5f, 0xfb, 0x5f, 0xfb, 0x5f, 0xfb,
    0x5f, 0xfb, 0x5f, 0xfb, 0x5f, 0xfb, 0x5f, 0xfb, 0x5f, 0xfb, 0x5f, 0xfb, 0x5f, 0xfb, 0x5f, 0xfb,
    0x5f, 0xfb, 0x5f, 0xfb, 0x5f, 0xfb, 0x5f, 0xfb, 0x5f, 0xfb, 0x5f, 0xfb, 0x5f, 0xfb, 0x5f, 0xfb,
    0x5f, 0xfb, 0x5f, 0xfb, 0x5f, 0xfb, 0x5f, 0xfb, 0x5f, 0xfb, 0x5f, 0xfb, 0x5f, 0xfb, 0x5f, 0xfb,
    0x5f, 0xfb, 0x5f, 0xfb, 0x5f, 0xfb, 0x5f, 0xfb, 0x5f, 0xfb, 0x5f, 0xfb, 0x5f, 0xfb, 0x5f, 0xfb,
    0x5f, 0xfb, 0x5f, 0xfb, 0x5f, 0xfb, 0x5f, 0xfb, 0x5f, 0xfb, 0x5f, 0xfb, 0x5f, 0xfb, 0x5f, 0xfb,
    0x5f, 0xfb, 0x5f, 0xfb, 0x5f, 0xfb, 0x5f, 0xfb, 0x5f, 0xfb, 0x5f, 0xfb, 0x1f, 0xfb, 0x3e, 0xf3,
    0x1f, 0xfb, 0x3e, 0xf3, 0x5f, 0xfb, 0x5f, 0xfb, 0x5f, 0xfb, 0x5f, 0xfb, 0x5f, 0xfb, 0x5f, 0xfb,
    0x5f, 0xfb, 0x5f, 0xfb, 0x5f, 0xfb, 0x5f, 0xfb, 0x5f, 0xfb, 0x5f, 0xfb, 0x5f, 0xfb, 0x5f, 0xfb,
    0x5f, 0xfb, 0x5f, 0xfb, 0x5f, 0xfb, 0x5f, 0xfb, 0x5f, 0xfb, 0x5f, 0xfb, 0x5f, 0xfb, 0x5f, 0xfb,
    0x5f, 0xfb, 0x5f, 0xfb, 0x5f, 0xfb, 0x5f, 0xfb, 0x5f, 0xfb, 0x5f, 0xfb, 0x5f, 0xfb, 0x5f, 0xfb,
    0x5f, 0xfb, 0x5f, 0xfb, 0x5f, 0xfb, 0x5f, 0xfb, 0x5f, 0xfb, 0x5f, 0xfb, 0x5f, 0xfb, 0x5f, 0xfb,
    0x5f, 0xfb, 0x5f, 0xfb, 0x5f, 0xfb, 0x5f, 0xfb, 0x5f, 0xfb, 0x3e, 0xf3, 0x1f, 0xfb, 0x1f, 0xfb,
    0x1f, 0xfb, 0x5f, 0xfb, 0x5f, 0xfb, 0x5f, 0xfb, 0x5f, 0xfb, 0x5f, 0xfb, 0x5f, 0xfb, 0x5f, 0xfb,
    0x5f, 0xfb, 0x5f, 0xfb, 0x5f, 0xfb, 0x5f, 0xfb, 0x5f, 0xfb, 0x5f, 0xfb, 0x5f, 0xfb, 0x5f, 0xfb,
    0x5f, 0xfb, 0x5f, 0xfb, 0x5f, 0xfb, 0x5f, 0xfb, 0x5f, 0xfb, 0x5f, 0xfb, 0x5f, 0xfb, 0x5f, 0xfb,
    0x5f, 0xfb, 0x5f, 0xfb, 0x5f, 0xfb, 0x5f, 0xfb, 0x5f, 0xfb, 0x5f, 0xfb, 0x5f, 0xfb, 0x5f, 0xfb,
    0x5f, 0xfb, 0x5f, 0xfb, 0x5f, 0xfb, 0x5f, 0xfb, 0x5f, 0xfb, 0x5f, 0xfb, 0x5f, 0xfb, 0x5f, 0xfb,
    0x5f, 0xfb, 0x5f, 0xfb, 0x5f, 0xfb, 0x5f, 0xfb, 0x5f, 0xfb, 0x5f, 0xfb, 0x5f, 0xfb, 0x5f, 0xfb,
    0x5f, 0xfb, 0x5f, 0xfb, 0x5f, 0xfb, 0x5f, 0xfb, 0x5f, 0xfb, 0x5f, 0xfb, 0x5f, 0xfb, 0x78, 0xc2,
    0xa3, 0x18, 0x61, 0x08, 0x61, 0x08, 0x61, 0x08, 0x61, 0x08, 0x61, 0x08, 0x61, 0x08, 0x61, 0x08,
    0x61, 0x08, 0x61, 0x08, 0x61, 0x08, 0x61, 0x08, 0x61, 0x08, 0x61, 0x08, 0x61, 0x08, 0x61, 0x08,
    0x61, 0x08, 0x61, 0x08, 0x61, 0x08, 0x61, 0x08, 0x61, 0x08, 0x61, 0x08, 0x61, 0x08, 0x61, 0x08,
    0x61, 0x08, 0x61, 0x08, 0x61, 0x08, 0x61, 0x08, 0x61, 0x08, 0x61, 0x08, 0x61, 0x08, 0x61, 0x08,
    0x61, 0x08, 0x61, 0x08, 0x61, 0x08, 0x61, 0x08, 0x61, 0x08, 0x61, 0x08, 0x61, 0x08, 0x61, 0x08,
    0x61, 0x08, 0x61, 0x08, 0x61, 0x08, 0x61, 0x08, 0x61, 0x08, 0x61, 0x08, 0x61, 0x08, 0x61, 0x08,
    0x61, 0x08, 0x61, 0x08, 0x61, 0x08, 0x61, 0x08, 0x61, 0x08, 0x61, 0x08, 0x61, 0x08, 0x61, 0x08,
    0x61, 0x08, 0x61, 0x08, 0x61, 0x08, 0x61, 0x08, 0x61, 0x08, 0x61, 0x08, 0x61, 0x08, 0x61, 0x08,
    0x61, 0x08, 0x61, 0x08, 0x61, 0x08, 0x61, 0x08, 0x61, 0x08, 0x61, 0x08, 0x61, 0x08, 0x61, 0x08,
    0x61, 0x08, 0x61, 0x08, 0x61, 0x08, 0x61, 0x08, 0x61, 0x08, 0x61, 0x08, 0x61, 0x08, 0xaf, 0x79,
    0xfc, 0xda, 0x5f, 0xfb, 0x5f, 0xfb, 0x5f, 0xfb, 0x5f, 0xfb, 0x5f, 0xfb, 0x5f, 0xfb, 0x5f, 0xfb,
    0x5f, 0xfb, 0x5f, 0xfb, 0x5f, 0xfb, 0x5f, 0xfb, 0x5f, 0xfb, 0x5f, 0xfb, 0x5f, 0xfb, 0x5f, 0xfb,
    0x5f, 0xfb, 0x5f, 0xfb, 0x5f, 0xfb, 0x5f, 0xfb, 0x5f, 0xfb, 0x5f, 0xfb, 0x5f, 0xfb, 0x5f, 0xfb,
    0x5f, 0xfb, 0x5f, 0xfb, 0x5f, 0xfb, 0x5f, 0xfb, 0x5f, 0xfb, 0x5f, 0xfb, 0x5f, 0xfb, 0x5f, 0xfb,
    0x5f, 0xfb, 0x5f, 0xfb, 0x5f, 0xfb, 0x5f, 0xfb, 0x5f, 0xfb, 0x5f, 0xfb, 0x5f, 0xfb, 0x5f, 0xfb,
    0x5f, 0xfb, 0x5f, 0xfb, 0x5f, 0xfb, 0x5f, 0xfb, 0x5f, 0xfb, 0x5f, 0xfb, 0x5f, 0xfb, 0x5f, 0xfb,
    0x5f, 0xfb, 0x5f, 0xfb, 0x5f, 0xfb, 0x5f, 0xfb, 0x5f, 0xfb, 0x5f, 0xfb, 0x5f, 0xfb, 0x5f, 0xfb,
    0x5f, 0xfb, 0x5f, 0xfb, 0x5f, 0xfb, 0x5f, 0xfb, 0x5f, 0xfb, 0x5f, 0xfb, 0x5f, 0xfb, 0x5f, 0xfb,
    0x5f, 0xfb, 0x5f, 0xfb, 0x5f, 0xfb, 0x5f, 0xfb, 0x5f, 0xfb, 0x5f, 0xfb, 0x5f, 0xfb, 0x5f, 0xfb,
    0x5f, 0xfb, 0x5f, 0xfb, 0x5f, 0xfb, 0x5f, 0xfb, 0x5f, 0xfb, 0x5f, 0xfb, 0x5f, 0xfb, 0x5f, 0xfb,
    0x5f, 0xfb, 0x5f, 0xfb, 0x5f, 0xfb, 0x5f, 0xfb, 0x5f, 0xfb, 0x5f, 0xfb, 0x5f, 0xfb, 0x5f, 0xfb,
    0x5f, 0xfb, 0x5f, 0xfb, 0x5f, 0xfb, 0x5f, 0xfb, 0x5f, 0xfb, 0x5f, 0xfb, 0x5f, 0xfb, 0x5f, 0xfb,
    0x5f, 0xfb, 0x5f, 0xfb, 0x5f, 0xfb, 0x5f, 0xfb, 0x5f, 0xfb, 0x5f, 0xfb, 0x5f, 0xfb, 0x5f, 0xfb,
    0x5f, 0xfb, 0x5f, 0xfb, 0x5f, 0xfb, 0x5f, 0xfb, 0x5f, 0xfb, 0x5f, 0xfb, 0x5f, 0xfb, 0x5f, 0xfb,
    0x5f, 0xfb, 0x5f, 0xfb, 0x5f, 0xfb, 0x5f, 0xfb, 0x5f, 0xfb, 0x5f, 0xfb, 0x5f, 0xfb, 0x5f, 0xfb,
    0x5f, 0xfb, 0x5f, 0xfb, 0x5f, 0xfb, 0x5f, 0xfb, 0x5f, 0xfb, 0x5f, 0xfb, 0x5f, 0xfb, 0x5f, 0xfb,
    0x5f, 0xfb, 0x5f, 0xfb, 0x5f, 0xfb, 0x5f, 0xfb, 0x5f, 0xfb, 0x5f, 0xfb, 0x5f, 0xfb, 0x5f, 0xfb,
    0x5f, 0xfb, 0x5f, 0xfb, 0x5f, 0xfb, 0x5f, 0xfb, 0x5f, 0xfb, 0x5f, 0xfb, 0x5f, 0xfb, 0x5f, 0xfb,
    0x5f, 0xfb, 0x5f, 0xfb, 0x5f, 0xfb, 0x5f, 0xfb, 0x5f, 0xfb, 0x5f, 0xfb, 0x5f, 0xfb, 0x5f, 0xfb,
    0x5f, 0xfb, 0x5f, 0xfb, 0x5f, 0xfb, 0x5f, 0xfb, 0x5f, 0xfb, 0x5f, 0xfb, 0x1e, 0xf3, 0x14, 0xa2,
    0x61, 0x08, 0x61, 0x08, 0x61, 0x08, 0x61, 0x08, 0x61, 0x08, 0x61, 0x08, 0x61, 0x08, 0x61, 0x08,
    0x61, 0x08, 0x61, 0x08, 0x61, 0x08, 0x61, 0x08, 0x61, 0x08, 0x61, 0x08, 0x61, 0x08, 0x61, 0x08,
    0x61, 0x08, 0x61, 0x08, 0x61, 0x08, 0x61, 0x08, 0x61, 0x08, 0x61, 0x08, 0x61, 0x08, 0x61, 0x08,
    0x61, 0x08, 0x61, 0x08, 0x61, 0x08, 0x61, 0x08, 0x61, 0x08, 0x61, 0x08, 0x61, 0x08, 0x61, 0x08,
    0x61, 0x08, 0x61, 0x08, 0x61, 0x08, 0x61, 0x08, 0x61, 0x08, 0x61, 0x08, 0x61, 0x08, 0x61, 0x08,
    0x61, 0x08, 0x61, 0x08, 0x61, 0x08, 0x61, 0x08, 0x61, 0x08, 0x61, 0x08, 0x61, 0x08, 0x61, 0x08,
    0x61, 0x08, 0x61, 0x08, 0x61, 0x08, 0x61, 0x08, 0x61, 0x08, 0x61, 0x08, 0x61, 0x08, 0x61, 0x08,
    0x61, 0x08, 0x61, 0x08, 0x61, 0x08, 0x61, 0x08, 0x61, 0x08, 0x61, 0x08, 0x61, 0x08, 0x61, 0x08,
    0x61, 0x08, 0x61, 0x08, 0x61, 0x08, 0x61, 0x08, 0x61, 0x08, 0x61, 0x08, 0x61, 0x08, 0x61, 0x08,
    0x61, 0x08, 0x61, 0x08, 0x61, 0x08, 0x61, 0x08, 0x61, 0x08, 0x61, 0x08, 0x61, 0x08, 0x28, 0x41,
    0xba, 0xd2, 0x5f, 0xfb, 0x5f, 0xfb, 0x5f, 0xfb, 0x5f, 0xfb, 0x5f, 0xfb, 0x5f, 0xfb, 0x5f, 0xfb,
    0x5f, 0xfb, 0x5f, 0xfb, 0x5f, 0xfb, 0x5f, 0xfb, 0x5f, 0xfb, 0x5f, 0xfb, 0x5f, 0xfb, 0x5f, 0xfb,
    0x5f, 0xfb, 0x5f, 0xfb, 0x5f, 0xfb, 0x5f, 0xfb, 0x5f, 0xfb, 0x5f, 0xfb, 0x5f, 0xfb, 0x5f, 0xfb,
    0x5f, 0xfb, 0x5f, 0xfb, 0x5f, 0xfb, 0x5f, 0xfb, 0x5f, 0xfb, 0x5f, 0xfb, 0x5f, 0xfb, 0x5f, 0xfb,
    0x5f, 0xfb, 0x5f, 0xfb, 0x5f, 0xfb, 0x5f, 0xfb, 0x5f, 0xfb, 0x5f, 0xfb, 0x5f, 0xfb, 0x5f, 0xfb,
    0x5f, 0xfb, 0x5f, 0xfb, 0x5f, 0xfb, 0x5f, 0xfb, 0x5f, 0xfb, 0x5f, 0xfb, 0x5f, 0xfb, 0x5f, 0xfb,
    0x5f, 0xfb, 0x5f, 0xfb, 0x5f, 0xfb, 0x5f, 0xfb, 0x5f, 0xfb, 0x5f, 0xfb, 0x5f, 0xfb, 0x5f, 0xfb,
    0x5f, 0xfb, 0x5f, 0xfb, 0x5f, 0xfb, 0x5f, 0xfb, 0x5f, 0xfb, 0x5f, 0xfb, 0x5f, 0xfb, 0x5f, 0xfb,
    0x5f, 0xfb, 0x5f, 0xfb, 0x5f, 0xfb, 0x5f, 0xfb, 0x5f, 0xfb, 0x5f, 0xfb, 0x5f, 0xfb, 0x5f, 0xfb,
    0x5f, 0xfb, 0x5f, 0xfb, 0x5f, 0xfb, 0x5f, 0xfb, 0x5f, 0xfb, 0x5f, 0xfb, 0x5f, 0xfb, 0x5f, 0xfb,
    0x5f, 0xfb, 0x5f, 0xfb, 0x5f, 0xfb, 0x5f, 0xfb, 0x5f, 0xfb, 0x5f, 0xfb, 0x5f, 0xfb, 0x5f, 0xfb,
    0x5f, 0xfb, 0x5f, 0xfb, 0x5f, 0xfb, 0x5f, 0xfb, 0x5f, 0xfb, 0x5f, 0xfb, 0x5f, 0xfb, 0x5f, 0xfb,
    0x5f, 0xfb, 0x5f, 0xfb, 0x5f, 0xfb, 0x5f, 0xfb, 0x5f, 0xfb, 0x5f, 0xfb, 0x5f, 0xfb, 0x5f, 0xfb,
    0x5f, 0xfb, 0x5f, 0xfb, 0x5f, 0xfb, 0x5f, 0xfb, 0x5f, 0xfb, 0x5f, 0xfb, 0x5f, 0xfb, 0x5f, 0xfb,
    0x5f, 0xfb, 0x5f, 0xfb, 0x5f, 0xfb, 0x5f, 0xfb, 0x5f, 0xfb, 0x5f, 0xfb, 0x5f, 0xfb, 0x5f, 0xfb,
    0x5f, 0xfb, 0x5f, 0xfb, 0x5f, 0xfb, 0x5f, 0xfb, 0x5f, 0xfb, 0x5f, 0xfb, 0x5f, 0xfb, 0x5f, 0xfb,
    0x5f, 0xfb, 0x5f, 0xfb, 0x5f, 0xfb, 0x5f, 0xfb, 0x5f, 0xfb, 0x5f, 0xfb, 0x5f, 0xfb, 0x5f, 0xfb,
    0x5f, 0xfb, 0x5f, 0xfb, 0x5f, 0xfb, 0x5f, 0xfb, 0x5f, 0xfb, 0x5f, 0xfb, 0x5f, 0xfb, 0x5f, 0xfb,
    0x5f, 0xfb, 0x5f, 0xfb, 0x5f, 0xfb, 0x5f, 0xfb, 0x5f, 0xfb, 0x5f, 0xfb, 0x5f, 0xfb, 0x5f, 0xfb,
    0x5f, 0xfb, 0x5f, 0xfb, 0x5f, 0xfb, 0x5f, 0xfb, 0x5f, 0xfb, 0x5f, 0xfb, 0xdb, 0xda, 0x4b, 0x59,
    0x61, 0x08, 0x61, 0x08, 0x61, 0x08, 0x61, 0x08, 0x61, 0x08, 0x61, 0x08, 0x61, 0x08, 0x61, 0x08,
    0x61, 0x08, 0x61, 0x08, 0x61, 0x08, 0x61, 0x08, 0x61, 0x08, 0x61, 0x08, 0x61, 0x08, 0x61, 0x08,
    0x61, 0x08, 0x61, 0x08, 0x61, 0x08, 0x61, 0x08, 0x61, 0x08, 0x61, 0x08, 0x61, 0x08, 0x61, 0x08,
    0x61, 0x08, 0x61, 0x08, 0x61, 0x08, 0x61, 0x08, 0x61, 0x08, 0x61, 0x08, 0x61, 0x08, 0x61, 0x08,
    0x61, 0x08, 0x61, 0x08, 0x61, 0x08, 0x61, 0x08, 0x61, 0x08, 0x61, 0x08, 0x61, 0x08, 0x61, 0x08,
    0x61, 0x08, 0x61, 0x08, 0x61, 0x08, 0x61, 0x08, 0x61, 0x08, 0x61, 0x08, 0x61, 0x08, 0x61, 0x08,
    0x61, 0x08, 0x61, 0x08, 0x61, 0x08, 0x61, 0x08, 0x61, 0x08, 0x61, 0x08, 0x61, 0x08, 0x61, 0x08,
    0x61, 0x08, 0x61, 0x08, 0x61, 0x08, 0x61, 0x08, 0x61, 0x08, 0x61, 0x08, 0x61, 0x08, 0x61, 0x08,
    0x61, 0x08, 0x61, 0x08, 0x61, 0x08, 0x61, 0x08, 0x61, 0x08, 0x61, 0x08, 0x61, 0x08, 0x61, 0x08,
    0x61, 0x08, 0x61, 0x08, 0x61, 0x08, 0x61, 0x08, 0x61, 0x08, 0x61, 0x08, 0x61, 0x08, 0x61, 0x08,
    0x56, 0xb2, 0x3e, 0xf3, 0x5f, 0xfb, 0x5f, 0xfb, 0x5f, 0xfb, 0x5f, 0xfb, 0x5f, 0xfb, 0x5f, 0xfb,
    0x5f, 0xfb, 0x5f, 0xfb, 0x5f, 0xfb, 0x5f, 0xfb, 0x5f, 0xfb, 0x5f, 0xfb, 0x5f, 0xfb, 0x5f, 0xfb,
    0x5f, 0xfb, 0x5f, 0xfb, 0x5f, 0xfb, 0x5f, 0xfb, 0x5f, 0xfb, 0x5f, 0xfb, 0x5f, 0xfb, 0x5f, 0xfb,
    0x5f, 0xfb, 0x5f, 0xfb, 0x5f, 0xfb, 0x5f, 0xfb, 0x5f, 0xfb, 0x5f, 0xfb, 0x5f, 0xfb, 0x5f, 0xfb,
    0x5f, 0xfb, 0x5f, 0xfb, 0x5f, 0xfb, 0x5f, 0xfb, 0x5f, 0xfb, 0x5f, 0xfb, 0x5f, 0xfb, 0x5f, 0xfb,
    0x5f, 0xfb, 0x5f, 0xfb, 0x5f, 0xfb, 0x5f, 0xfb, 0x5f, 0xfb, 0x5f, 0xfb, 0x5f, 0xfb, 0x5f, 0xfb,
    0x5f, 0xfb, 0x5f, 0xfb, 0x5f, 0xfb, 0x5f, 0xfb, 0x5f, 0xfb, 0x5f, 0xfb, 0x5f, 0xfb, 0x5f, 0xfb,
    0x5f, 0xfb, 0x5f, 0xfb, 0x5f, 0xfb, 0x5f, 0xfb, 0x5f, 0xfb, 0x5f, 0xfb, 0x5f, 0xfb, 0x5f, 0xfb,
    0x5f, 0xfb, 0x5f, 0xfb, 0x5f, 0xfb, 0x5f, 0xfb, 0x5f, 0xfb, 0x5f, 0xfb, 0x5f, 0xfb, 0x5f, 0xfb,
    0x5f, 0xfb, 0x5f, 0xfb, 0x5f, 0xfb, 0x5f, 0xfb, 0x5f, 0xfb, 0x5f, 0xfb, 0x5f, 0xfb, 0x5f, 0xfb,
    0x5f, 0xfb, 0x5f, 0xfb, 0x5f, 0xfb, 0x5f, 0xfb, 0x5f, 0xfb, 0x5f, 0xfb, 0x5f, 0xfb, 0x5f, 0xfb,
    0x5f, 0xfb, 0x5f, 0xfb, 0x5f, 0xfb, 0x5f, 0xfb, 0x5f, 0xfb, 0x5f, 0xfb, 0x5f, 0xfb, 0x5f, 0xfb,
    0x5f, 0xfb, 0x5f, 0xfb, 0x5f, 0xfb, 0x5f, 0xfb, 0x5f, 0xfb, 0x5f, 0xfb, 0x5f, 0xfb, 0x5f, 0xfb,
    0x5f, 0xfb, 0x5f, 0xfb, 0x5f, 0xfb, 0x5f, 0xfb, 0x5f, 0xfb, 0x5f, 0xfb, 0x5f, 0xfb, 0x5f, 0xfb,
    0x5f, 0xfb, 0x5f, 0xfb, 0x5f, 0xfb, 0x5f, 0xfb, 0x5f, 0xfb, 0x5f, 0xfb, 0x5f, 0xfb, 0x5f, 0xfb,
    0x5f, 0xfb, 0x5f, 0xfb, 0x5f, 0xfb, 0x5f, 0xfb, 0x5f, 0xfb, 0x5f, 0xfb, 0x5f, 0xfb, 0x5f, 0xfb,
    0x5f, 0xfb, 0x5f, 0xfb, 0x5f, 0xfb, 0x5f, 0xfb, 0x5f, 0xfb, 0x5f, 0xfb, 0x5f, 0xfb, 0x5f, 0xfb,
    0x5f, 0xfb, 0x5f, 0xfb, 0x5f, 0xfb, 0x5f, 0xfb, 0x5f, 0xfb, 0x5f, 0xfb, 0x5f, 0xfb, 0x5f, 0xfb,
    0x5f, 0xfb, 0x5f, 0xfb, 0x5f, 0xfb, 0x5f, 0xfb, 0x5f, 0xfb, 0x5f, 0xfb, 0x5f, 0xfb, 0x5f, 0xfb,
    0x5f, 0xfb, 0x5f, 0xfb, 0x5f, 0xfb, 0x5f, 0xfb, 0x5f, 0xfb, 0x3e, 0xf3, 0x56, 0xb2, 0x61, 0x08,
    0x61, 0x08, 0x61, 0x08, 0x61, 0x08, 0x61, 0x08, 0x61, 0x08, 0x61, 0x08, 0x61, 0x08, 0x61, 0x08,
    0x61, 0x08, 0x61, 0x08, 0x61, 0x08, 0x61, 0x08, 0x61, 0x08, 0x61, 0x08, 0x61, 0x08, 0x61, 0x08,
    0x61, 0x08, 0x61, 0x08, 0x61, 0x08, 0x61, 0x08, 0x61, 0x08, 0x61, 0x08, 0x61, 0x08, 0x61, 0x08,
    0x61, 0x08, 0x61, 0x08, 0x61, 0x08, 0x61, 0x08, 0x61, 0x08, 0x61, 0x08, 0x61, 0x08, 0x61, 0x08,
    0x61, 0x08, 0x61, 0x08, 0x61, 0x08, 0x61, 0x08, 0x61, 0x08, 0x61, 0x08, 0x61, 0x08, 0x61, 0x08,
    0x61, 0x08, 0x61, 0x08, 0x61, 0x08, 0x61, 0x08, 0x61, 0x08, 0x61, 0x08, 0x61, 0x08, 0x61, 0x08,
    0x61, 0x08, 0x61, 0x08, 0x61, 0x08, 0x61, 0x08, 0x61, 0x08, 0x61, 0x08, 0x61, 0x08, 0x61, 0x08,
    0x61, 0x08, 0x61, 0x08, 0x61, 0x08, 0x61, 0x08, 0x61, 0x08, 0x61, 0x08, 0x61, 0x08, 0x61, 0x08,
    0x61, 0x08, 0x61, 0x08, 0x61, 0x08, 0x61, 0x08, 0x61, 0x08, 0x61, 0x08, 0x61, 0x08, 0x61, 0x08,
    0x61, 0x08, 0x61, 0x08, 0x61, 0x08, 0x61, 0x08, 0x61, 0x08, 0x61, 0x08, 0x61, 0x08, 0x61, 0x08,
    0x8e, 0x71, 0xfc, 0xda, 0x5f, 0xfb, 0x5f, 0xfb, 0x5f, 0xfb, 0x5f, 0xfb, 0x5f, 0xfb, 0x5f, 0xfb,
    0x5f, 0xfb, 0x5f, 0xfb, 0x5f, 0xfb, 0x5f, 0xfb, 0x5f, 0xfb, 0x5f, 0xfb, 0x5f, 0xfb, 0x5f, 0xfb,
    0x5f, 0xfb, 0x5f, 0xfb, 0x5f, 0xfb, 0x5f, 0xfb, 0x5f, 0xfb, 0x5f, 0xfb, 0x5f, 0xfb, 0x5f, 0xfb,
    0x5f, 0xfb, 0x5f, 0xfb, 0x5f, 0xfb, 0x5f, 0xfb, 0x5f, 0xfb, 0x5f, 0xfb, 0x5f, 0xfb, 0x5f, 0xfb,
    0x5f, 0xfb, 0x5f, 0xfb, 0x5f, 0xfb, 0x5f, 0xfb, 0x5f, 0xfb, 0x5f, 0xfb, 0x5f, 0xfb, 0x5f, 0xfb,
    0x5f, 0xfb, 0x5f, 0xfb, 0x5f, 0xfb, 0x5f, 0xfb, 0x5f, 0xfb, 0x5f, 0xfb, 0x5f, 0xfb, 0x5f, 0xfb,
    0x5f, 0xfb, 0x5f, 0xfb, 0x5f, 0xfb, 0x5f, 0xfb, 0x5f, 0xfb, 0x5f, 0xfb, 0x5f, 0xfb, 0x5f, 0xfb,
    0x5f, 0xfb, 0x5f, 0xfb, 0x5f, 0xfb, 0x5f, 0xfb, 0x5f, 0xfb, 0x5f, 0xfb, 0x5f, 0xfb, 0x5f, 0xfb,
    0x5f, 0xfb, 0x5f, 0xfb, 0x5f, 0xfb, 0x5f, 0xfb, 0x5f, 0xfb, 0x5f, 0xfb, 0x5f, 0xfb, 0x5f, 0xfb,
    0x5f, 0xfb, 0x5f, 0xfb, 0x5f, 0xfb, 0x5f, 0xfb, 0x5f, 0xfb, 0x5f, 0xfb, 0x5f, 0xfb, 0x5f, 0xfb,
    0x5f, 0xfb, 0x5f, 0xfb, 0x5f, 0xfb, 0x5f, 0xfb, 0x5f, 0xfb, 0x5f, 0xfb, 0x5f, 0xfb, 0x5f, 0xfb,
    0x5f, 0xfb, 0x5f, 0xfb, 0x5f, 0xfb, 0x5f, 0xfb, 0x5f, 0xfb, 0x5f, 0xfb, 0x5f, 0xfb, 0x5f, 0xfb,
    0x5f, 0xfb, 0x5f, 0xfb, 0x5f, 0xfb, 0x5f, 0xfb, 0x5f, 0xfb, 0x5f, 0xfb, 0x5f, 0xfb, 0x5f, 0xfb,
    0x5f, 0xfb, 0x5f, 0xfb, 0x5f, 0xfb, 0x5f, 0xfb, 0x5f, 0xfb, 0x5f, 0xfb, 0x5f, 0xfb, 0x5f, 0xfb,
    0x5f, 0xfb, 0x5f, 0xfb, 0x5f, 0xfb, 0x5f, 0xfb, 0x5f, 0xfb, 0x5f, 0xfb, 0x5f, 0xfb, 0x5f, 0xfb,
    0x5f, 0xfb, 0x5f, 0xfb, 0x5f, 0xfb, 0x5f, 0xfb, 0x5f, 0xfb, 0x5f, 0xfb, 0x5f, 0xfb, 0x5f, 0xfb,
    0x5f, 0xfb, 0x5f, 0xfb, 0x5f, 0xfb, 0x5f, 0xfb, 0x5f, 0xfb, 0x5f, 0xfb, 0x5f, 0xfb, 0x5f, 0xfb,
    0x5f, 0xfb, 0x5f, 0xfb, 0x5f, 0xfb, 0x5f, 0xfb, 0x5f, 0xfb, 0x5f, 0xfb, 0x5f, 0xfb, 0x5f, 0xfb,
    0x5f, 0xfb, 0x5f, 0xfb, 0x5f, 0xfb, 0x5f, 0xfb, 0x5f, 0xfb, 0x5f, 0xfb, 0x5f, 0xfb, 0x5f, 0xfb,
    0x5f, 0xfb, 0x5f, 0xfb, 0x5f, 0xfb, 0x5f, 0xfb, 0x5f, 0xfb, 0x1c, 0xe3, 0x8e, 0x71, 0x61, 0x08,
    0x61, 0x08, 0x61, 0x08, 0x61, 0x08, 0x61, 0x08, 0x61, 0x08, 0x61, 0x08, 0x61, 0x08, 0x61, 0x08,
    0x61, 0x08, 0x61, 0x08, 0x61, 0x08, 0x61, 0x08, 0x61, 0x08, 0x61, 0x08, 0x61, 0x08, 0x61, 0x08,
    0x61, 0x08, 0x61, 0x08, 0x61, 0x08, 0x61, 0x08, 0x61, 0x08, 0x61, 0x08, 0x61, 0x08, 0x61, 0x08,
    0x61, 0x08, 0x61, 0x08, 0x61, 0x08, 0x61, 0x08, 0x61, 0x08, 0x61, 0x08, 0x61, 0x08, 0x61, 0x08,
    0x61, 0x08, 0x61, 0x08, 0x61, 0x08, 0x61, 0x08, 0x61, 0x08, 0x61, 0x08, 0x61, 0x08, 0x61, 0x08,
    0x61, 0x08, 0x61, 0x08, 0x61, 0x08, 0x61, 0x08, 0x61, 0x08, 0x61, 0x08, 0x61, 0x08, 0x61, 0x08,
    0x61, 0x08, 0x61, 0x08, 0x61, 0x08, 0x61, 0x08, 0x61, 0x08, 0x61, 0x08, 0x61, 0x08, 0x61, 0x08,
    0x61, 0x08, 0x61, 0x08, 0x61, 0x08, 0x61, 0x08, 0x61, 0x08, 0x61, 0x08, 0x61, 0x08, 0x61, 0x08,
    0x61, 0x08, 0x61, 0x08, 0x61, 0x08, 0x61, 0x08, 0x61, 0x08, 0x61, 0x08, 0x61, 0x08, 0x61, 0x08,
    0x61, 0x08, 0x61, 0x08, 0x61, 0x08, 0x61, 0x08, 0x61, 0x08, 0x61, 0x08, 0x61, 0x08, 0x61, 0x08,
    0xc4, 0x20, 0xba, 0xd2, 0x5f, 0xfb, 0x5f, 0xfb, 0x5f, 0xfb, 0x5f, 0xfb, 0x5f, 0xfb, 0x5f, 0xfb,
    0x5f, 0xfb, 0x5f, 0xfb, 0x5f, 0xfb, 0x5f, 0xfb, 0x5f, 0xfb, 0x5f, 0xfb, 0x5f, 0xfb, 0x5f, 0xfb,
    0x5f, 0xfb, 0x5f, 0xfb, 0x5f, 0xfb, 0x5f, 0xfb, 0x5f, 0xfb, 0x5f, 0xfb, 0x5f, 0xfb, 0x5f, 0xfb,
    0x5f, 0xfb, 0x5f, 0xfb, 0x5f, 0xfb, 0x5f, 0xfb, 0x5f, 0xfb, 0x5f, 0xfb, 0x5f, 0xfb, 0x5f, 0xfb,
    0x5f, 0xfb, 0x5f, 0xfb, 0x5f, 0xfb, 0x5f, 0xfb, 0x5f, 0xfb, 0x5f, 0xfb, 0x5f, 0xfb, 0x5f, 0xfb,
    0x5f, 0xfb, 0x5f, 0xfb, 0x5f, 0xfb, 0x5f, 0xfb, 0x5f, 0xfb, 0x5f, 0xfb, 0x5f, 0xfb, 0x5f, 0xfb,
    0x5f, 0xfb, 0x5f, 0xfb, 0x5f, 0xfb, 0x5f, 0xfb, 0x5f, 0xfb, 0x5f, 0xfb, 0x5f, 0xfb, 0x5f, 0xfb,
    0x5f, 0xfb, 0x5f, 0xfb, 0x5f, 0xfb, 0x5f, 0xfb, 0x5f, 0xfb, 0x5f, 0xfb, 0x5f, 0xfb, 0x5f, 0xfb,
    0x5f, 0xfb, 0x5f, 0xfb, 0x5f, 0xfb, 0x5f, 0xfb, 0x5f, 0xfb, 0x5f, 0xfb, 0x5f, 0xfb, 0x5f, 0xfb,
    0x5f, 0xfb, 0x5f, 0xfb, 0x5f, 0xfb, 0x5f, 0xfb, 0x5f, 0xfb, 0x5f, 0xfb, 0x5f, 0xfb, 0x5f, 0xfb,
    0x5f, 0xfb, 0x5f, 0xfb, 0x5f, 0xfb, 0x5f, 0xfb, 0x5f, 0xfb, 0x5f, 0xfb, 0x5f, 0xfb, 0x5f, 0xfb,
    0x5f, 0xfb, 0x5f, 0xfb, 0x5f, 0xfb, 0x5f, 0xfb, 0x5f, 0xfb, 0x5f, 0xfb, 0x5f, 0xfb, 0x5f, 0xfb,
    0x5f, 0xfb, 0x5f, 0xfb, 0x5f, 0xfb, 0x5f, 0xfb, 0x5f, 0xfb, 0x5f, 0xfb, 0x5f, 0xfb, 0x5f, 0xfb,
    0x5f, 0xfb, 0x5f, 0xfb, 0x5f, 0xfb, 0x5f, 0xfb, 0x5f, 0xfb, 0x5f, 0xfb, 0x5f, 0xfb, 0x5f, 0xfb,
    0x5f, 0xfb, 0x5f, 0xfb, 0x5f, 0xfb, 0x5f, 0xfb, 0x5f, 0xfb, 0x5f, 0xfb, 0x5f, 0xfb, 0x5f, 0xfb,
    0x5f, 0xfb, 0x5f, 0xfb, 0x5f, 0xfb, 0x5f, 0xfb, 0x5f, 0xfb, 0x5f, 0xfb, 0x5f, 0xfb, 0x5f, 0xfb,
    0x5f, 0xfb, 0x5f, 0xfb, 0x5f, 0xfb, 0x5f, 0xfb, 0x5f, 0xfb, 0x5f, 0xfb, 0x5f, 0xfb, 0x5f, 0xfb,
    0x5f, 0xfb, 0x5f, 0xfb, 0x5f, 0xfb, 0x5f, 0xfb, 0x5f, 0xfb, 0x5f, 0xfb, 0x5f, 0xfb, 0x5f, 0xfb,
    0x5f, 0xfb, 0x5f, 0xfb, 0x5f, 0xfb, 0x5f, 0xfb, 0x5f, 0xfb, 0x5f, 0xfb, 0x5f, 0xfb, 0x5f, 0xfb,
    0x5f, 0xfb, 0x5f, 0xfb, 0x5f, 0xfb, 0x5f, 0xfb, 0x5f, 0xfb, 0x99, 0xc2, 0xc5, 0x28, 0x61, 0x08,
    0x61, 0x08, 0x61, 0x08, 0x61, 0x08, 0x61, 0x08, 0x61, 0x08, 0x61, 0x08, 0x61, 0x08, 0x61, 0x08,
    0x61, 0x08, 0x61, 0x08, 0x61, 0x08, 0x61, 0x08, 0x61, 0x08, 0x61, 0x08, 0x61, 0x08, 0x61, 0x08,
    0x61, 0x08, 0x61, 0x08, 0x61, 0x08, 0x61, 0x08, 0x61, 0x08, 0x61, 0x08, 0x61, 0x08, 0x61, 0x08,
    0x61, 0x08, 0x61, 0x08, 0x61, 0x08, 0x61, 0x08, 0x61, 0x08, 0x61, 0x08, 0x61, 0x08, 0x61, 0x08,
    0x61, 0x08, 0x61, 0x08, 0x61, 0x08, 0x61, 0x08, 0x61, 0x08, 0x61, 0x08, 0x61, 0x08, 0x61, 0x08,
    0x61, 0x08, 0x61, 0x08, 0x61, 0x08, 0x61, 0x08, 0x61, 0x08, 0x61, 0x08, 0x61, 0x08, 0x61, 0x08,
    0x61, 0x08, 0x61, 0x08, 0x61, 0x08, 0x61, 0x08, 0x61, 0x08, 0x61, 0x08, 0x61, 0x08, 0x61, 0x08,
    0x61, 0x08, 0x61, 0x08, 0x61, 0x08, 0x61, 0x08, 0x61, 0x08, 0x61, 0x08, 0x61, 0x08, 0x61, 0x08,
    0x61, 0x08, 0x61, 0x08, 0x61, 0x08, 0x61, 0x08, 0x61, 0x08, 0x61, 0x08, 0x61, 0x08, 0x61, 0x08,
    0x61, 0x08, 0x61, 0x08, 0x61, 0x08, 0x61, 0x08, 0x61, 0x08, 0x61, 0x08, 0x61, 0x08, 0x61, 0x08,
    0x61, 0x08, 0x56, 0xb2, 0x3e, 0xf3, 0x5f, 0xfb, 0x5f, 0xfb, 0x5f, 0xfb, 0x5f, 0xfb, 0x5f, 0xfb,
    0x5f, 0xfb, 0x5f, 0xfb, 0x5f, 0xfb, 0x5f, 0xfb, 0x5f, 0xfb, 0x5f, 0xfb, 0x5f, 0xfb, 0x5f, 0xfb,
    0x5f, 0xfb, 0x5f, 0xfb, 0x5f, 0xfb, 0x5f, 0xfb, 0x5f, 0xfb, 0x5f, 0xfb, 0x5f, 0xfb, 0x5f, 0xfb,
    0x5f, 0xfb, 0x5f, 0xfb, 0x5f, 0xfb, 0x5f, 0xfb, 0x5f, 0xfb, 0x5f, 0xfb, 0x5f, 0xfb, 0x5f, 0xfb,
    0x5f, 0xfb, 0x5f, 0xfb, 0x5f, 0xfb, 0x5f, 0xfb, 0x5f, 0xfb, 0x5f, 0xfb, 0x5f, 0xfb, 0x5f, 0xfb,
    0x5f, 0xfb, 0x5f, 0xfb, 0x5f, 0xfb, 0x5f, 0xfb, 0x5f, 0xfb, 0x5f, 0xfb, 0x5f, 0xfb, 0x5f, 0xfb,
    0x5f, 0xfb, 0x5f, 0xfb, 0x5f, 0xfb, 0x5f, 0xfb, 0x5f, 0xfb, 0x5f, 0xfb, 0x5f, 0xfb, 0x5f, 0xfb,
    0x5f, 0xfb, 0x5f, 0xfb, 0x5f, 0xfb, 0x5f, 0xfb, 0x5f, 0xfb, 0x5f, 0xfb, 0x5f, 0xfb, 0x5f, 0xfb,
    0x5f, 0xfb, 0x5f, 0xfb, 0x5f, 0xfb, 0x5f, 0xfb, 0x5f, 0xfb, 0x5f, 0xfb, 0x5f, 0xfb, 0x5f, 0xfb,
    0x5f, 0xfb, 0x5f, 0xfb, 0x5f, 0xfb, 0x5f, 0xfb, 0x5f, 0xfb, 0x5f, 0xfb, 0x5f, 0xfb, 0x5f, 0xfb,
    0x5f, 0xfb, 0x5f, 0xfb, 0x5f, 0xfb, 0x5f, 0xfb, 0x5f, 0xfb, 0x5f, 0xfb, 0x5f, 0xfb, 0x5f, 0xfb,
    0x5f, 0xfb, 0x5f, 0xfb, 0x5f, 0xfb, 0x5f, 0xfb, 0x5f, 0xfb, 0x5f, 0xfb, 0x5f, 0xfb, 0x5f, 0xfb,
    0x5f, 0xfb, 0x5f, 0xfb, 0x5f, 0xfb, 0x5f, 0xfb, 0x5f, 0xfb, 0x5f, 0xfb, 0x5f, 0xfb, 0x5f, 0xfb,
    0x5f, 0xfb, 0x5f, 0xfb, 0x5f, 0xfb, 0x5f, 0xfb, 0x5f, 0xfb, 0x5f, 0xfb, 0x5f, 0xfb, 0x5f, 0xfb,
    0x5f, 0xfb, 0x5f, 0xfb, 0x5f, 0xfb, 0x5f, 0xfb, 0x5f, 0xfb, 0x5f, 0xfb, 0x5f, 0xfb, 0x5f, 0xfb,
    0x5f, 0xfb, 0x5f, 0xfb, 0x5f, 0xfb, 0x5f, 0xfb, 0x5f, 0xfb, 0x5f, 0xfb, 0x5f, 0xfb, 0x5f, 0xfb,
    0x5f, 0xfb, 0x5f, 0xfb, 0x5f, 0xfb, 0x5f, 0xfb, 0x5f, 0xfb, 0x5f, 0xfb, 0x5f, 0xfb, 0x5f, 0xfb,
    0x5f, 0xfb, 0x5f, 0xfb, 0x5f, 0xfb, 0x5f, 0xfb, 0x5f, 0xfb, 0x5f, 0xfb, 0x5f, 0xfb, 0x5f, 0xfb,
    0x5f, 0xfb, 0x5f, 0xfb, 0x5f, 0xfb, 0x5f, 0xfb, 0x5f, 0xfb, 0x5f, 0xfb, 0x5f, 0xfb, 0x5f, 0xfb,
    0x5f, 0xfb, 0x5f, 0xfb, 0x5f, 0xfb, 0x5f, 0xfb, 0x1f, 0xfb, 0x97, 0xba, 0x61, 0x08, 0x61, 0x08,
    0x61, 0x08, 0x61, 0x08, 0x61, 0x08, 0x61, 0x08, 0x61, 0x08, 0x61, 0x08, 0x61, 0x08, 0x61, 0x08,
    0x61, 0x08, 0x61, 0x08, 0x61, 0x08, 0x61, 0x08, 0x61, 0x08, 0x61, 0x08, 0x61, 0x08, 0x61, 0x08,
    0x61, 0x08, 0x61, 0x08, 0x61, 0x08, 0x61, 0x08, 0x61, 0x08, 0x61, 0x08, 0x61, 0x08, 0x61, 0x08,
    0x61, 0x08, 0x61, 0x08, 0x61, 0x08, 0x61, 0x08, 0x61, 0x08, 0x61, 0x08, 0x61, 0x08, 0x61, 0x08,
    0x61, 0x08, 0x61, 0x08, 0x61, 0x08, 0x61, 0x08, 0x61, 0x08, 0x61, 0x08, 0x61, 0x08, 0x61, 0x08,
    0x61, 0x08, 0x61, 0x08, 0x61, 0x08, 0x61, 0x08, 0x61, 0x08, 0x61, 0x08, 0x61, 0x08, 0x61, 0x08,
    0x61, 0x08, 0x61, 0x08, 0x61, 0x08, 0x61, 0x08, 0x61, 0x08, 0x61, 0x08, 0x61, 0x08, 0x61, 0x08,
    0x61, 0x08, 0x61, 0x08, 0x61, 0x08, 0x61, 0x08, 0x61, 0x08, 0x61, 0x08, 0x61, 0x08, 0x61, 0x08,
    0x61, 0x08, 0x61, 0x08, 0x61, 0x08, 0x61, 0x08, 0x61, 0x08, 0x61, 0x08, 0x61, 0x08, 0x61, 0x08,
    0x61, 0x08, 0x61, 0x08, 0x61, 0x08, 0x61, 0x08, 0x61, 0x08, 0x61, 0x08, 0x61, 0x08, 0x61, 0x08,
    0x61, 0x08, 0x8d, 0x69, 0xfc, 0xda, 0x5f, 0xfb, 0x5f, 0xfb, 0x5f, 0xfb, 0x5f, 0xfb, 0x5f, 0xfb,
    0x5f, 0xfb, 0x5f, 0xfb, 0x5f, 0xfb, 0x5f, 0xfb, 0x5f, 0xfb, 0x5f, 0xfb, 0x5f, 0xfb, 0x5f, 0xfb,
    0x5f, 0xfb, 0x5f, 0xfb, 0x5f, 0xfb, 0x5f, 0xfb, 0x5f, 0xfb, 0x5f, 0xfb, 0x5f, 0xfb, 0x5f, 0xfb,
    0x5f, 0xfb, 0x5f, 0xfb, 0x5f, 0xfb, 0x5f, 0xfb, 0x5f, 0xfb, 0x5f, 0xfb, 0x5f, 0xfb, 0x5f, 0xfb,
    0x5f, 0xfb, 0x5f, 0xfb, 0x5f, 0xfb, 0x5f, 0xfb, 0x5f, 0xfb, 0x5f, 0xfb, 0x5f, 0xfb, 0x5f, 0xfb,
    0x5f, 0xfb, 0x5f, 0xfb, 0x5f, 0xfb, 0x5f, 0xfb, 0x5f, 0xfb, 0x5f, 0xfb, 0x5f, 0xfb, 0x5f, 0xfb,
    0x5f, 0xfb, 0x5f, 0xfb, 0x5f, 0xfb, 0x5f, 0xfb, 0x5f, 0xfb, 0x5f, 0xfb, 0x5f, 0xfb, 0x5f, 0xfb,
    0x5f, 0xfb, 0x5f, 0xfb, 0x5f, 0xfb, 0x5f, 0xfb, 0x5f, 0xfb, 0x5f, 0xfb, 0x5f, 0xfb, 0x5f, 0xfb,
    0x5f, 0xfb, 0x5f, 0xfb, 0x5f, 0xfb, 0x5f, 0xfb, 0x5f, 0xfb, 0x5f, 0xfb, 0x5f, 0xfb, 0x5f, 0xfb,
    0x5f, 0xfb, 0x5f, 0xfb, 0x5f, 0xfb, 0x5f, 0xfb, 0x5f, 0xfb, 0x5f, 0xfb, 0x5f, 0xfb, 0x5f, 0xfb,
    0x5f, 0xfb, 0x5f, 0xfb, 0x5f, 0xfb, 0x5f, 0xfb, 0x5f, 0xfb, 0x5f, 0xfb, 0x5f, 0xfb, 0x5f, 0xfb,
    0x5f, 0xfb, 0x5f, 0xfb, 0x5f, 0xfb, 0x5f, 0xfb, 0x5f, 0xfb, 0x5f, 0xfb, 0x5f, 0xfb, 0x5f, 0xfb,
    0x5f, 0xfb, 0x5f, 0xfb, 0x5f, 0xfb, 0x5f, 0xfb, 0x5f, 0xfb, 0x5f, 0xfb, 0x5f, 0xfb, 0x5f, 0xfb,
    0x5f, 0xfb, 0x5f, 0xfb, 0x5f, 0xfb, 0x5f, 0xfb, 0x5f, 0xfb, 0x5f, 0xfb, 0x5f, 0xfb, 0x5f, 0xfb,
    0x5f, 0xfb, 0x5f, 0xfb, 0x5f, 0xfb, 0x5f, 0xfb, 0x5f, 0xfb, 0x5f, 0xfb, 0x5f, 0xfb, 0x5f, 0xfb,
    0x5f, 0xfb, 0x5f, 0xfb, 0x5f, 0xfb, 0x5f, 0xfb, 0x5f, 0xfb, 0x5f, 0xfb, 0x5f, 0xfb, 0x5f, 0xfb,
    0x5f, 0xfb, 0x5f, 0xfb, 0x5f, 0xfb, 0x5f, 0xfb, 0x5f, 0xfb, 0x5f, 0xfb, 0x5f, 0xfb, 0x5f, 0xfb,
    0x5f, 0xfb, 0x5f, 0xfb, 0x5f, 0xfb, 0x5f, 0xfb, 0x5f, 0xfb, 0x5f, 0xfb, 0x5f, 0xfb, 0x5f, 0xfb,
    0x5f, 0xfb, 0x5f, 0xfb, 0x5f, 0xfb, 0x5f, 0xfb, 0x5f, 0xfb, 0x5f, 0xfb, 0x5f, 0xfb, 0x5f, 0xfb,
    0x5f, 0xfb, 0x5f, 0xfb, 0x5f, 0xfb, 0x5f, 0xfb, 0xfc, 0xe2, 0xaf, 0x79, 0x61, 0x08, 0x61, 0x08,
    0x61, 0x08, 0x61, 0x08, 0x61, 0x08, 0x61, 0x08, 0x61, 0x08, 0x61, 0x08, 0x61, 0x08, 0x61, 0x08,
    0x61, 0x08, 0x61, 0x08, 0x61, 0x08, 0x61, 0x08, 0x61, 0x08, 0x61, 0x08, 0x61, 0x08, 0x61, 0x08,
    0x61, 0x08, 0x61, 0x08, 0x61, 0x08, 0x61, 0x08, 0x61, 0x08, 0x61, 0x08, 0x61, 0x08, 0x61, 0x08,
    0x61, 0x08, 0x61, 0x08, 0x61, 0x08, 0x61, 0x08, 0x61, 0x08, 0x61, 0x08, 0x61, 0x08, 0x61, 0x08,
    0x61, 0x08, 0x61, 0x08, 0x61, 0x08, 0x61, 0x08, 0x61, 0x08, 0x61, 0x08, 0x61, 0x08, 0x61, 0x08,
    0x61, 0x08, 0x61, 0x08, 0x61, 0x08, 0x61, 0x08, 0x61, 0x08, 0x61, 0x08, 0x61, 0x08, 0x61, 0x08,
    0x61, 0x08, 0x61, 0x08, 0x61, 0x08, 0x61, 0x08, 0x61, 0x08, 0x61, 0x08, 0x61, 0x08, 0x61, 0x08,
    0x61, 0x08, 0x61, 0x08, 0x61, 0x08, 0x61, 0x08, 0x61, 0x08, 0x61, 0x08, 0x61, 0x08, 0x61, 0x08,
    0x61, 0x08, 0x61, 0x08, 0x61, 0x08, 0x61, 0x08, 0x61, 0x08, 0x61, 0x08, 0x61, 0x08, 0x61, 0x08,
    0x61, 0x08, 0x61, 0x08, 0x61, 0x08, 0x61, 0x08, 0x61, 0x08, 0x61, 0x08, 0x61, 0x08, 0x61, 0x08,
    0x61, 0x08, 0xa3, 0x18, 0x99, 0xc2, 0x1f, 0xfb, 0x5f, 0xfb, 0x5f, 0xfb, 0x5f, 0xfb, 0x5f, 0xfb,
    0x5f, 0xfb, 0x5f, 0xfb, 0x5f, 0xfb, 0x5f, 0xfb, 0x5f, 0xfb, 0x5f, 0xfb, 0x5f, 0xfb, 0x5f, 0xfb,
    0x5f, 0xfb, 0x5f, 0xfb, 0x5f, 0xfb, 0x5f, 0xfb, 0x5f, 0xfb, 0x5f, 0xfb, 0x5f, 0xfb, 0x5f, 0xfb,
    0x5f, 0xfb, 0x5f, 0xfb, 0x5f, 0xfb, 0x5f, 0xfb, 0x5f, 0xfb, 0x5f, 0xfb, 0x5f, 0xfb, 0x5f, 0xfb,
    0x5f, 0xfb, 0x5f, 0xfb, 0x5f, 0xfb, 0x5f, 0xfb, 0x5f, 0xfb, 0x5f, 0xfb, 0x5f, 0xfb, 0x5f, 0xfb,
    0x5f, 0xfb, 0x5f, 0xfb, 0x5f, 0xfb, 0x5f, 0xfb, 0x5f, 0xfb, 0x5f, 0xfb, 0x5f, 0xfb, 0x5f, 0xfb,
    0x5f, 0xfb, 0x5f, 0xfb, 0x5f, 0xfb, 0x5f, 0xfb, 0x5f, 0xfb, 0x5f, 0xfb, 0x5f, 0xfb, 0x5f, 0xfb,
    0x5f, 0xfb, 0x5f, 0xfb, 0x5f, 0xfb, 0x5f, 0xfb, 0x5f, 0xfb, 0x5f, 0xfb, 0x5f, 0xfb, 0x5f, 0xfb,
    0x5f, 0xfb, 0x5f, 0xfb, 0x5f, 0xfb, 0x5f, 0xfb, 0x5f, 0xfb, 0x5f, 0xfb, 0x5f, 0xfb, 0x5f, 0xfb,
    0x5f, 0xfb, 0x5f, 0xfb, 0x5f, 0xfb, 0x5f, 0xfb, 0x5f, 0xfb, 0x5f, 0xfb, 0x5f, 0xfb, 0x5f, 0xfb,
    0x5f, 0xfb, 0x5f, 0xfb, 0x5f, 0xfb, 0x5f, 0xfb, 0x5f, 0xfb, 0x5f, 0xfb, 0x5f, 0xfb, 0x5f, 0xfb,
    0x5f, 0xfb, 0x5f, 0xfb, 0x5f, 0xfb, 0x5f, 0xfb, 0x5f, 0xfb, 0x5f, 0xfb, 0x5f, 0xfb, 0x5f, 0xfb,
    0x5f, 0xfb, 0x5f, 0xfb, 0x5f, 0xfb, 0x5f, 0xfb, 0x5f, 0xfb, 0x5f, 0xfb, 0x5f, 0xfb, 0x5f, 0xfb,
    0x5f, 0xfb, 0x5f, 0xfb, 0x5f, 0xfb, 0x5f, 0xfb, 0x5f, 0xfb, 0x5f, 0xfb, 0x5f, 0xfb, 0x5f, 0xfb,
    0x5f, 0xfb, 0x5f, 0xfb, 0x5f, 0xfb, 0x5f, 0xfb, 0x5f, 0xfb, 0x5f, 0xfb, 0x5f, 0xfb, 0x5f, 0xfb,
    0x5f, 0xfb, 0x5f, 0xfb, 0x5f, 0xfb, 0x5f, 0xfb, 0x5f, 0xfb, 0x5f, 0xfb, 0x5f, 0xfb, 0x5f, 0xfb,
    0x5f, 0xfb, 0x5f, 0xfb, 0x5f, 0xfb, 0x5f, 0xfb, 0x5f, 0xfb, 0x5f, 0xfb, 0x5f, 0xfb, 0x5f, 0xfb,
    0x5f, 0xfb, 0x5f, 0xfb, 0x5f, 0xfb, 0x5f, 0xfb, 0x5f, 0xfb, 0x5f, 0xfb, 0x5f, 0xfb, 0x5f, 0xfb,
    0x5f, 0xfb, 0x5f, 0xfb, 0x5f, 0xfb, 0x5f, 0xfb, 0x5f, 0xfb, 0x5f, 0xfb, 0x5f, 0xfb, 0x5f, 0xfb,
    0x5f, 0xfb, 0x5f, 0xfb, 0x5f, 0xfb, 0x5f, 0xfb, 0xdb, 0xda, 0xe6, 0x30, 0x61, 0x08, 0x61, 0x08,
    0x61, 0x08, 0x61, 0x08, 0x61, 0x08, 0x61, 0x08, 0x61, 0x08, 0x61, 0x08, 0x61, 0x08, 0x61, 0x08,
    0x61, 0x08, 0x61, 0x08, 0x61, 0x08, 0x61, 0x08, 0x61, 0x08, 0x61, 0x08, 0x61, 0x08, 0x61, 0x08,
    0x61, 0x08, 0x61, 0x08, 0x61, 0x08, 0x61, 0x08, 0x61, 0x08, 0x61, 0x08, 0x61, 0x08, 0x61, 0x08,
    0x61, 0x08, 0x61, 0x08, 0x61, 0x08, 0x61, 0x08, 0x61, 0x08, 0x61, 0x08, 0x61, 0x08, 0x61, 0x08,
    0x61, 0x08, 0x61, 0x08, 0x61, 0x08, 0x61, 0x08, 0x61, 0x08, 0x61, 0x08, 0x61, 0x08, 0x61, 0x08,
    0x61, 0x08, 0x61, 0x08, 0x61, 0x08, 0x61, 0x08, 0x61, 0x08, 0x61, 0x08, 0x61, 0x08, 0x61, 0x08,
    0x61, 0x08, 0x61, 0x08, 0x61, 0x08, 0x61, 0x08, 0x61, 0x08, 0x61, 0x08, 0x61, 0x08, 0x61, 0x08,
    0x61, 0x08, 0x61, 0x08, 0x61, 0x08, 0x61, 0x08, 0x61, 0x08, 0x61, 0x08, 0x61, 0x08, 0x61, 0x08,
    0x61, 0x08, 0x61, 0x08, 0x61, 0x08, 0x61, 0x08, 0x61, 0x08, 0x61, 0x08, 0x61, 0x08, 0x61, 0x08,
    0x61, 0x08, 0x61, 0x08, 0x61, 0x08, 0x61, 0x08, 0x61, 0x08, 0x61, 0x08, 0x61, 0x08, 0x61, 0x08,
    0x61, 0x08, 0x61, 0x08, 0x13, 0x9a, 0x1d, 0xeb, 0x5f, 0xfb, 0x5f, 0xfb, 0x5f, 0xfb, 0x5f, 0xfb,
    0x5f, 0xfb, 0x5f, 0xfb, 0x5f, 0xfb, 0x5f, 0xfb, 0x5f, 0xfb, 0x5f, 0xfb, 0x5f, 0xfb, 0x5f, 0xfb,
    0x5f, 0xfb, 0x5f, 0xfb, 0x5f, 0xfb, 0x5f, 0xfb, 0x5f, 0xfb, 0x5f, 0xfb, 0x5f, 0xfb, 0x5f, 0xfb,
    0x5f, 0xfb, 0x5f, 0xfb, 0x5f, 0xfb, 0x5f, 0xfb, 0x5f, 0xfb, 0x5f, 0xfb, 0x5f, 0xfb, 0x5f, 0xfb,
    0x5f, 0xfb, 0x5f, 0xfb, 0x5f, 0xfb, 0x5f, 0xfb, 0x5f, 0xfb, 0x5f, 0xfb, 0x5f, 0xfb, 0x5f, 0xfb,
    0x5f, 0xfb, 0x5f, 0xfb, 0x5f, 0xfb, 0x5f, 0xfb, 0x5f, 0xfb, 0x5f, 0xfb, 0x5f, 0xfb, 0x5f, 0xfb,
    0x5f, 0xfb, 0x5f, 0xfb, 0x5f, 0xfb, 0x5f, 0xfb, 0x5f, 0xfb, 0x5f, 0xfb, 0x5f, 0xfb, 0x5f, 0xfb,
    0x5f, 0xfb, 0x5f, 0xfb, 0x5f, 0xfb, 0x5f, 0xfb, 0x5f, 0xfb, 0x5f, 0xfb, 0x5f, 0xfb, 0x5f, 0xfb,
    0x5f, 0xfb, 0x5f, 0xfb, 0x5f, 0xfb, 0x5f, 0xfb, 0x5f, 0xfb, 0x5f, 0xfb, 0x5f, 0xfb, 0x5f, 0xfb,
    0x5f, 0xfb, 0x5f, 0xfb, 0x5f, 0xfb, 0x5f, 0xfb, 0x5f, 0xfb, 0x5f, 0xfb, 0x5f, 0xfb, 0x5f, 0xfb,
    0x5f, 0xfb, 0x5f, 0xfb, 0x5f, 0xfb, 0x5f, 0xfb, 0x5f, 0xfb, 0x5f, 0xfb, 0x5f, 0xfb, 0x5f, 0xfb,
    0x5f, 0xfb, 0x5f, 0xfb, 0x5f, 0xfb, 0x5f, 0xfb, 0x5f, 0xfb, 0x5f, 0xfb, 0x5f, 0xfb, 0x5f, 0xfb,
    0x5f, 0xfb, 0x5f, 0xfb, 0x5f, 0xfb, 0x5f, 0xfb, 0x5f, 0xfb, 0x5f, 0xfb, 0x5f, 0xfb, 0x5f, 0xfb,
    0x5f, 0xfb, 0x5f, 0xfb, 0x5f, 0xfb, 0x5f, 0xfb, 0x5f, 0xfb, 0x5f, 0xfb, 0x5f, 0xfb, 0x5f, 0xfb,
    0x5f, 0xfb, 0x5f, 0xfb, 0x5f, 0xfb, 0x5f, 0xfb, 0x5f, 0xfb, 0x5f, 0xfb, 0x5f, 0xfb, 0x5f, 0xfb,
    0x5f, 0xfb, 0x5f, 0xfb, 0x5f, 0xfb, 0x5f, 0xfb, 0x5f, 0xfb, 0x5f, 0xfb, 0x5f, 0xfb, 0x5f, 0xfb,
    0x5f, 0xfb, 0x5f, 0xfb, 0x5f, 0xfb, 0x5f, 0xfb, 0x5f, 0xfb, 0x5f, 0xfb, 0x5f, 0xfb, 0x5f, 0xfb,
    0x5f, 0xfb, 0x5f, 0xfb, 0x5f, 0xfb, 0x5f, 0xfb, 0x5f, 0xfb, 0x5f, 0xfb, 0x5f, 0xfb, 0x5f, 0xfb,
    0x5f, 0xfb, 0x5f, 0xfb, 0x5f, 0xfb, 0x5f, 0xfb, 0x5f, 0xfb, 0x5f, 0xfb, 0x5f, 0xfb, 0x5f, 0xfb,
    0x5f, 0xfb, 0x5f, 0xfb, 0x5f, 0xfb, 0x1f, 0xfb, 0x98, 0xba, 0x61, 0x08, 0x61, 0x08, 0x61, 0x08,
    0x61, 0x08, 0x61, 0x08, 0x61, 0x08, 0x61, 0x08, 0x61, 0x08, 0x61, 0x08, 0x61, 0x08, 0x61, 0x08,
    0x61, 0x08, 0x61, 0x08, 0x61, 0x08, 0x61, 0x08, 0x61, 0x08, 0x61, 0x08, 0x61, 0x08, 0x61, 0x08,
    0x61, 0x08, 0x61, 0x08, 0x61, 0x08, 0x61, 0x08, 0x61, 0x08, 0x61, 0x08, 0x61, 0x08, 0x61, 0x08,
    0x61, 0x08, 0x61, 0x08, 0x61, 0x08, 0x61, 0x08, 0x61, 0x08, 0x61, 0x08, 0x61, 0x08, 0x61, 0x08,
    0x61, 0x08, 0x61, 0x08, 0x61, 0x08, 0x61, 0x08, 0x61, 0x08, 0x61, 0x08, 0x61, 0x08, 0x61, 0x08,
    0x61, 0x08, 0x61, 0x08, 0x61, 0x08, 0x61, 0x08, 0x61, 0x08, 0x61, 0x08, 0x61, 0x08, 0x61, 0x08,
    0x61, 0x08, 0x61, 0x08, 0x61, 0x08, 0x61, 0x08, 0x61, 0x08, 0x61, 0x08, 0x61, 0x08, 0x61, 0x08,
    0x61, 0x08, 0x61, 0x08, 0x61, 0x08, 0x61, 0x08, 0x61, 0x08, 0x61, 0x08, 0x61, 0x08, 0x61, 0x08,
    0x61, 0x08, 0x61, 0x08, 0x61, 0x08, 0x61, 0x08, 0x61, 0x08, 0x61, 0x08, 0x61, 0x08, 0x61, 0x08,
    0x61, 0x08, 0x61, 0x08, 0x61, 0x08, 0x61, 0x08, 0x61, 0x08, 0x61, 0x08, 0x61, 0x08, 0x61, 0x08,
    0x61, 0x08, 0x61, 0x08, 0x6c, 0x61, 0xfc, 0xda, 0x5f, 0xfb, 0x5f, 0xfb, 0x5f, 0xfb, 0x5f, 0xfb,
    0x5f, 0xfb, 0x5f, 0xfb, 0x5f, 0xfb, 0x5f, 0xfb, 0x5f, 0xfb, 0x5f, 0xfb, 0x5f, 0xfb, 0x5f, 0xfb,
    0x5f, 0xfb, 0x5f, 0xfb, 0x5f, 0xfb, 0x5f, 0xfb, 0x5f, 0xfb, 0x5f, 0xfb, 0x5f, 0xfb, 0x5f, 0xfb,
    0x5f, 0xfb, 0x5f, 0xfb, 0x5f, 0xfb, 0x5f, 0xfb, 0x5f, 0xfb, 0x5f, 0xfb, 0x5f, 0xfb, 0x5f, 0xfb,
    0x5f, 0xfb, 0x5f, 0xfb, 0x5f, 0xfb, 0x5f, 0xfb, 0x5f, 0xfb, 0x5f, 0xfb, 0x5f, 0xfb, 0x5f, 0xfb,
    0x5f, 0xfb, 0x5f, 0xfb, 0x5f, 0xfb, 0x5f, 0xfb, 0x5f, 0xfb, 0x5f, 0xfb, 0x5f, 0xfb, 0x5f, 0xfb,
    0x5f, 0xfb, 0x5f, 0xfb, 0x5f, 0xfb, 0x5f, 0xfb, 0x5f, 0xfb, 0x5f, 0xfb, 0x5f, 0xfb, 0x5f, 0xfb,
    0x5f, 0xfb, 0x5f, 0xfb, 0x5f, 0xfb, 0x5f, 0xfb, 0x5f, 0xfb, 0x5f, 0xfb, 0x5f, 0xfb, 0x5f, 0xfb,
    0x5f, 0xfb, 0x5f, 0xfb, 0x5f, 0xfb, 0x5f, 0xfb, 0x5f, 0xfb, 0x5f, 0xfb, 0x5f, 0xfb, 0x5f, 0xfb,
    0x5f, 0xfb, 0x5f, 0xfb, 0x5f, 0xfb, 0x5f, 0xfb, 0x5f, 0xfb, 0x5f, 0xfb, 0x5f, 0xfb, 0x5f, 0xfb,
    0x5f, 0xfb, 0x5f, 0xfb, 0x5f, 0xfb, 0x5f, 0xfb, 0x5f, 0xfb, 0x5f, 0xfb, 0x5f, 0xfb, 0x5f, 0xfb,
    0x5f, 0xfb, 0x5f, 0xfb, 0x5f, 0xfb, 0x5f, 0xfb, 0x5f, 0xfb, 0x5f, 0xfb, 0x5f, 0xfb, 0x5f, 0xfb,
    0x5f, 0xfb, 0x5f, 0xfb, 0x5f, 0xfb, 0x5f, 0xfb, 0x5f, 0xfb, 0x5f, 0xfb, 0x5f, 0xfb, 0x5f, 0xfb,
    0x5f, 0xfb, 0x5f, 0xfb, 0x5f, 0xfb, 0x5f, 0xfb, 0x5f, 0xfb, 0x5f, 0xfb, 0x5f, 0xfb, 0x5f, 0xfb,
    0x5f, 0xfb, 0x5f, 0xfb, 0x5f, 0xfb, 0x5f, 0xfb, 0x5f, 0xfb, 0x5f, 0xfb, 0x5f, 0xfb, 0x5f, 0xfb,
    0x5f, 0xfb, 0x5f, 0xfb, 0x5f, 0xfb, 0x5f, 0xfb, 0x5f, 0xfb, 0x5f, 0xfb, 0x5f, 0xfb, 0x5f, 0xfb,
    0x5f, 0xfb, 0x5f, 0xfb, 0x5f, 0xfb, 0x5f, 0xfb, 0x5f, 0xfb, 0x5f, 0xfb, 0x5f, 0xfb, 0x5f, 0xfb,
    0x5f, 0xfb, 0x5f, 0xfb, 0x5f, 0xfb, 0x5f, 0xfb, 0x5f, 0xfb, 0x5f, 0xfb, 0x5f, 0xfb, 0x5f, 0xfb,
    0x5f, 0xfb, 0x5f, 0xfb, 0x5f, 0xfb, 0x5f, 0xfb, 0x5f, 0xfb, 0x5f, 0xfb, 0x5f, 0xfb, 0x5f, 0xfb,
    0x5f, 0xfb, 0x5f, 0xfb, 0x5f, 0xfb, 0x3e, 0xeb, 0x13, 0x9a, 0x61, 0x08, 0x61, 0x08, 0x61, 0x08,
    0x61, 0x08, 0x61, 0x08, 0x61, 0x08, 0x61, 0x08, 0x61, 0x08, 0x61, 0x08, 0x61, 0x08, 0x61, 0x08,
    0x61, 0x08, 0x61, 0x08, 0x61, 0x08, 0x61, 0x08, 0x61, 0x08, 0x61, 0x08, 0x61, 0x08, 0x61, 0x08,
    0x61, 0x08, 0x61, 0x08, 0x61, 0x08, 0x61, 0x08, 0x61, 0x08, 0x61, 0x08, 0x61, 0x08, 0x61, 0x08,
    0x61, 0x08, 0x61, 0x08, 0x61, 0x08, 0x61, 0x08, 0x61, 0x08, 0x61, 0x08, 0x61, 0x08, 0x61, 0x08,
    0x61, 0x08, 0x61, 0x08, 0x61, 0x08, 0x61, 0x08, 0x61, 0x08, 0x61, 0x08, 0x61, 0x08, 0x61, 0x08,
    0x61, 0x08, 0x61, 0x08, 0x61, 0x08, 0x61, 0x08, 0x61, 0x08, 0x61, 0x08, 0x61, 0x08, 0x61, 0x08,
    0x61, 0x08, 0x61, 0x08, 0x61, 0x08, 0x61, 0x08, 0x61, 0x08, 0x61, 0x08, 0x61, 0x08, 0x61, 0x08,
    0x61, 0x08, 0x61, 0x08, 0x61, 0x08, 0x61, 0x08, 0x61, 0x08, 0x61, 0x08, 0x61, 0x08, 0x61, 0x08,
    0x61, 0x08, 0x61, 0x08, 0x61, 0x08, 0x61, 0x08, 0x61, 0x08, 0x61, 0x08, 0x61, 0x08, 0x61, 0x08,
    0x61, 0x08, 0x61, 0x08, 0x61, 0x08, 0x61, 0x08, 0x61, 0x08, 0x61, 0x08, 0x61, 0x08, 0x61, 0x08,
    0x61, 0x08, 0x61, 0x08, 0xa4, 0x18, 0x99, 0xc2, 0x1f, 0xfb, 0x5f, 0xfb, 0x5f, 0xfb, 0x5f, 0xfb,
    0x5f, 0xfb, 0x5f, 0xfb, 0x5f, 0xfb, 0x5f, 0xfb, 0x5f, 0xfb, 0x5f, 0xfb, 0x5f, 0xfb, 0x5f, 0xfb,
    0x5f, 0xfb, 0x5f, 0xfb, 0x5f, 0xfb, 0x5f, 0xfb, 0x5f, 0xfb, 0x5f, 0xfb, 0x5f, 0xfb, 0x5f, 0xfb,
    0x5f, 0xfb, 0x5f, 0xfb, 0x5f, 0xfb, 0x5f, 0xfb, 0x5f, 0xfb, 0x5f, 0xfb, 0x5f, 0xfb, 0x5f, 0xfb,
    0x5f, 0xfb, 0x5f, 0xfb, 0x5f, 0xfb, 0x5f, 0xfb, 0x5f, 0xfb, 0x5f, 0xfb, 0x5f, 0xfb, 0x5f, 0xfb,
    0x5f, 0xfb, 0x5f, 0xfb, 0x5f, 0xfb, 0x5f, 0xfb, 0x5f, 0xfb, 0x5f, 0xfb, 0x5f, 0xfb, 0x5f, 0xfb,
    0x5f, 0xfb, 0x5f, 0xfb, 0x5f, 0xfb, 0x5f, 0xfb, 0x5f, 0xfb, 0x5f, 0xfb, 0x5f, 0xfb, 0x5f, 0xfb,
    0x5f, 0xfb, 0x5f, 0xfb, 0x5f, 0xfb, 0x5f, 0xfb, 0x5f, 0xfb, 0x5f, 0xfb, 0x5f, 0xfb, 0x5f, 0xfb,
    0x5f, 0xfb, 0x5f, 0xfb, 0x5f, 0xfb, 0x5f, 0xfb, 0x5f, 0xfb, 0x5f, 0xfb, 0x5f, 0xfb, 0x5f, 0xfb,
    0x5f, 0xfb, 0x5f, 0xfb, 0x5f, 0xfb, 0x5f, 0xfb, 0x5f, 0xfb, 0x5f, 0xfb, 0x5f, 0xfb, 0x5f, 0xfb,
    0x5f, 0xfb, 0x5f, 0xfb, 0x5f, 0xfb, 0x5f, 0xfb, 0x5f, 0xfb, 0x5f, 0xfb, 0x5f, 0xfb, 0x5f, 0xfb,
    0x5f, 0xfb, 0x5f, 0xfb, 0x5f, 0xfb, 0x5f, 0xfb, 0x5f, 0xfb, 0x5f, 0xfb, 0x5f, 0xfb, 0x5f, 0xfb,
    0x5f, 0xfb, 0x5f, 0xfb, 0x5f, 0xfb, 0x5f, 0xfb, 0x5f, 0xfb, 0x5f, 0xfb, 0x5f, 0xfb, 0x5f, 0xfb,
    0x5f, 0xfb, 0x5f, 0xfb, 0x5f, 0xfb, 0x5f, 0xfb, 0x5f, 0xfb, 0x5f, 0xfb, 0x5f, 0xfb, 0x5f, 0xfb,
    0x5f, 0xfb, 0x5f, 0xfb, 0x5f, 0xfb, 0x5f, 0xfb, 0x5f, 0xfb, 0x5f, 0xfb, 0x5f, 0xfb, 0x5f, 0xfb,
    0x5f, 0xfb, 0x5f, 0xfb, 0x5f, 0xfb, 0x5f, 0xfb, 0x5f, 0xfb, 0x5f, 0xfb, 0x5f, 0xfb, 0x5f, 0xfb,
    0x5f, 0xfb, 0x5f, 0xfb, 0x5f, 0xfb, 0x5f, 0xfb, 0x5f, 0xfb, 0x5f, 0xfb, 0x5f, 0xfb, 0x5f, 0xfb,
    0x5f, 0xfb, 0x5f, 0xfb, 0x5f, 0xfb, 0x5f, 0xfb, 0x5f, 0xfb, 0x5f, 0xfb, 0x5f, 0xfb, 0x5f, 0xfb,
    0x5f, 0xfb, 0x5f, 0xfb, 0x5f, 0xfb, 0x5f, 0xfb, 0x5f, 0xfb, 0x5f, 0xfb, 0x5f, 0xfb, 0x5f, 0xfb,
    0x5f, 0xfb, 0x5f, 0xfb, 0x5f, 0xfb, 0xdb, 0xda, 0x07, 0x39, 0x61, 0x08, 0x61, 0x08, 0x61, 0x08,
    0x61, 0x08, 0x61, 0x08, 0x61, 0x08, 0x61, 0x08, 0x61, 0x08, 0x61, 0x08, 0x61, 0x08, 0x61, 0x08,
    0x61, 0x08, 0x61, 0x08, 0x61, 0x08, 0x61, 0x08, 0x61, 0x08, 0x61, 0x08, 0x61, 0x08, 0x61, 0x08,
    0x61, 0x08, 0x61, 0x08, 0x61, 0x08, 0x61, 0x08, 0x61, 0x08, 0x61, 0x08, 0x61, 0x08, 0x61, 0x08,
    0x61, 0x08, 0x61, 0x08, 0x61, 0x08, 0x61, 0x08, 0x61, 0x08, 0x61, 0x08, 0x61, 0x08, 0x61, 0x08,
    0x61, 0x08, 0x61, 0x08, 0x61, 0x08, 0x61, 0x08, 0x61, 0x08, 0x61, 0x08, 0x61, 0x08, 0x61, 0x08,
    0x61, 0x08, 0x61, 0x08, 0x61, 0x08, 0x61, 0x08, 0x61, 0x08, 0x61, 0x08, 0x61, 0x08, 0x61, 0x08,
    0x61, 0x08, 0x61, 0x08, 0x61, 0x08, 0x61, 0x08, 0x61, 0x08, 0x61, 0x08, 0x61, 0x08, 0x61, 0x08,
    0x61, 0x08, 0x61, 0x08, 0x61, 0x08, 0x61, 0x08, 0x61, 0x08, 0x61, 0x08, 0x61, 0x08, 0x61, 0x08,
    0x61, 0x08, 0x61, 0x08, 0x61, 0x08, 0x61, 0x08, 0x61, 0x08, 0x61, 0x08, 0x61, 0x08, 0x61, 0x08,
    0x61, 0x08, 0x61, 0x08, 0x61, 0x08, 0x61, 0x08, 0x61, 0x08, 0x61, 0x08, 0x61, 0x08, 0x61, 0x08,
    0x61, 0x08, 0x61, 0x08, 0x61, 0x08, 0xd2, 0x91, 0xfd, 0xea, 0x5f, 0xfb, 0x5f, 0xfb, 0x5f, 0xfb,
    0x5f, 0xfb, 0x5f, 0xfb, 0x5f, 0xfb, 0x5f, 0xfb, 0x5f, 0xfb, 0x5f, 0xfb, 0x5f, 0xfb, 0x5f, 0xfb,
    0x5f, 0xfb, 0x5f, 0xfb, 0x5f, 0xfb, 0x5f, 0xfb, 0x5f, 0xfb, 0x5f, 0xfb, 0x5f, 0xfb, 0x5f, 0xfb,
    0x5f, 0xfb, 0x5f, 0xfb, 0x5f, 0xfb, 0x5f, 0xfb, 0x5f, 0xfb, 0x5f, 0xfb, 0x5f, 0xfb, 0x5f, 0xfb,
    0x5f, 0xfb, 0x5f, 0xfb, 0x5f, 0xfb, 0x5f, 0xfb, 0x5f, 0xfb, 0x5f, 0xfb, 0x5f, 0xfb, 0x5f, 0xfb,
    0x5f, 0xfb, 0x5f, 0xfb, 0x5f, 0xfb, 0x5f, 0xfb, 0x5f, 0xfb, 0x5f, 0xfb, 0x5f, 0xfb, 0x5f, 0xfb,
    0x5f, 0xfb, 0x5f, 0xfb, 0x5f, 0xfb, 0x5f, 0xfb, 0x5f, 0xfb, 0x5f, 0xfb, 0x5f, 0xfb, 0x5f, 0xfb,
    0x5f, 0xfb, 0x5f, 0xfb, 0x5f, 0xfb, 0x5f, 0xfb, 0x5f, 0xfb, 0x5f, 0xfb, 0x5f, 0xfb, 0x5f, 0xfb,
    0x5f, 0xfb, 0x5f, 0xfb, 0x5f, 0xfb, 0x5f, 0xfb, 0x5f, 0xfb, 0x5f, 0xfb, 0x5f, 0xfb, 0x5f, 0xfb,
    0x5f, 0xfb, 0x5f, 0xfb, 0x5f, 0xfb, 0x5f, 0xfb, 0x5f, 0xfb, 0x5f, 0xfb, 0x5f, 0xfb, 0x5f, 0xfb,
    0x5f, 0xfb, 0x5f, 0xfb, 0x5f, 0xfb, 0x5f, 0xfb, 0x5f, 0xfb, 0x5f, 0xfb, 0x5f, 0xfb, 0x5f, 0xfb,
    0x5f, 0xfb, 0x5f, 0xfb, 0x5f, 0xfb, 0x5f, 0xfb, 0x5f, 0xfb, 0x5f, 0xfb, 0x5f, 0xfb, 0x5f, 0xfb,
    0x5f, 0xfb, 0x5f, 0xfb, 0x5f, 0xfb, 0x5f, 0xfb, 0x5f, 0xfb, 0x5f, 0xfb, 0x5f, 0xfb, 0x5f, 0xfb,
    0x5f, 0xfb, 0x5f, 0xfb, 0x5f, 0xfb, 0x5f, 0xfb, 0x5f, 0xfb, 0x5f, 0xfb, 0x5f, 0xfb, 0x5f, 0xfb,
    0x5f, 0xfb, 0x5f, 0xfb, 0x5f, 0xfb, 0x5f, 0xfb, 0x5f, 0xfb, 0x5f, 0xfb, 0x5f, 0xfb, 0x5f, 0xfb,
    0x5f, 0xfb, 0x5f, 0xfb, 0x5f, 0xfb, 0x5f, 0xfb, 0x5f, 0xfb, 0x5f, 0xfb, 0x5f, 0xfb, 0x5f, 0xfb,
    0x5f, 0xfb, 0x5f, 0xfb, 0x5f, 0xfb, 0x5f, 0xfb, 0x5f, 0xfb, 0x5f, 0xfb, 0x5f, 0xfb, 0x5f, 0xfb,
    0x5f, 0xfb, 0x5f, 0xfb, 0x5f, 0xfb, 0x5f, 0xfb, 0x5f, 0xfb, 0x5f, 0xfb, 0x5f, 0xfb, 0x5f, 0xfb,
    0x5f, 0xfb, 0x5f, 0xfb, 0x5f, 0xfb, 0x5f, 0xfb, 0x5f, 0xfb, 0x5f, 0xfb, 0x5f, 0xfb, 0x5f, 0xfb,
    0x5f, 0xfb, 0x5f, 0xfb, 0x3e, 0xf3, 0x56, 0xaa, 0x61, 0x08, 0x61, 0x08, 0x61, 0x08, 0x61, 0x08,
    0x61, 0x08, 0x61, 0x08, 0x61, 0x08, 0x61, 0x08, 0x61, 0x08, 0x61, 0x08, 0x61, 0x08, 0x61, 0x08,
    0x61, 0x08, 0x61, 0x08, 0x61, 0x08, 0x61, 0x08, 0x61, 0x08, 0x61, 0x08, 0x61, 0x08, 0x61, 0x08,
    0x61, 0x08, 0x61, 0x08, 0x61, 0x08, 0x61, 0x08, 0x61, 0x08, 0x61, 0x08, 0x61, 0x08, 0x61, 0x08,
    0x61, 0x08, 0x61, 0x08, 0x61, 0x08, 0x61, 0x08, 0x61, 0x08, 0x61, 0x08, 0x61, 0x08, 0x61, 0x08,
    0x61, 0x08, 0x61, 0x08, 0x61, 0x08, 0x61, 0x08, 0x61, 0x08, 0x61, 0x08, 0x61, 0x08, 0x61, 0x08,
    0x61, 0x08, 0x61, 0x08, 0x61, 0x08, 0x61, 0x08, 0x61, 0x08, 0x61, 0x08, 0x61, 0x08, 0x61, 0x08,
    0x61, 0x08, 0x61, 0x08, 0x61, 0x08, 0x61, 0x08, 0x61, 0x08, 0x61, 0x08, 0x61, 0x08, 0x61, 0x08,
    0x61, 0x08, 0x61, 0x08, 0x61, 0x08, 0x61, 0x08, 0x61, 0x08, 0x61, 0x08, 0x61, 0x08, 0x61, 0x08,
    0x61, 0x08, 0x61, 0x08, 0x61, 0x08, 0x61, 0x08, 0x61, 0x08, 0x61, 0x08, 0x61, 0x08, 0x61, 0x08,
    0x61, 0x08, 0x61, 0x08, 0x61, 0x08, 0x61, 0x08, 0x61, 0x08, 0x61, 0x08, 0x61, 0x08, 0x61, 0x08,
    0x61, 0x08, 0x61, 0x08, 0x61, 0x08, 0x2a, 0x49, 0xfc, 0xda, 0x5f, 0xfb, 0x5f, 0xfb, 0x5f, 0xfb,
    0x5f, 0xfb, 0x5f, 0xfb, 0x5f, 0xfb, 0x5f, 0xfb, 0x5f, 0xfb, 0x5f, 0xfb, 0x5f, 0xfb, 0x5f, 0xfb,
    0x5f, 0xfb, 0x5f, 0xfb, 0x5f, 0xfb, 0x5f, 0xfb, 0x5f, 0xfb, 0x5f, 0xfb, 0x5f, 0xfb, 0x5f, 0xfb,
    0x5f, 0xfb, 0x5f, 0xfb, 0x5f, 0xfb, 0x5f, 0xfb, 0x5f, 0xfb, 0x5f, 0xfb, 0x5f, 0xfb, 0x5f, 0xfb,
    0x5f, 0xfb, 0x5f, 0xfb, 0x5f, 0xfb, 0x5f, 0xfb, 0x5f, 0xfb, 0x5f, 0xfb, 0x5f, 0xfb, 0x5f, 0xfb,
    0x5f, 0xfb, 0x5f, 0xfb, 0x5f, 0xfb, 0x5f, 0xfb, 0x5f, 0xfb, 0x5f, 0xfb, 0x5f, 0xfb, 0x5f, 0xfb,
    0x5f, 0xfb, 0x5f, 0xfb, 0x5f, 0xfb, 0x5f, 0xfb, 0x5f, 0xfb, 0x5f, 0xfb, 0x5f, 0xfb, 0x5f, 0xfb,
    0x5f, 0xfb, 0x5f, 0xfb, 0x5f, 0xfb, 0x5f, 0xfb, 0x5f, 0xfb, 0x5f, 0xfb, 0x5f, 0xfb, 0x5f, 0xfb,
    0x5f, 0xfb, 0x5f, 0xfb, 0x5f, 0xfb, 0x5f, 0xfb, 0x5f, 0xfb, 0x5f, 0xfb, 0x5f, 0xfb, 0x5f, 0xfb,
    0x5f, 0xfb, 0x5f, 0xfb, 0x5f, 0xfb, 0x5f, 0xfb, 0x5f, 0xfb, 0x5f, 0xfb, 0x5f, 0xfb, 0x5f, 0xfb,
    0x5f, 0xfb, 0x5f, 0xfb, 0x5f, 0xfb, 0x5f, 0xfb, 0x5f, 0xfb, 0x5f, 0xfb, 0x5f, 0xfb, 0x5f, 0xfb,
    0x5f, 0xfb, 0x5f, 0xfb, 0x5f, 0xfb, 0x5f, 0xfb, 0x5f, 0xfb, 0x5f, 0xfb, 0x5f, 0xfb, 0x5f, 0xfb,
    0x5f, 0xfb, 0x5f, 0xfb, 0x5f, 0xfb, 0x5f, 0xfb, 0x5f, 0xfb, 0x5f, 0xfb, 0x5f, 0xfb, 0x5f, 0xfb,
    0x5f, 0xfb, 0x5f, 0xfb, 0x5f, 0xfb, 0x5f, 0xfb, 0x5f, 0xfb, 0x5f, 0xfb, 0x5f, 0xfb, 0x5f, 0xfb,
    0x5f, 0xfb, 0x5f, 0xfb, 0x5f, 0xfb, 0x5f, 0xfb, 0x5f, 0xfb, 0x5f, 0xfb, 0x5f, 0xfb, 0x5f, 0xfb,
    0x5f, 0xfb, 0x5f, 0xfb, 0x5f, 0xfb, 0x5f, 0xfb, 0x5f, 0xfb, 0x5f, 0xfb, 0x5f, 0xfb, 0x5f, 0xfb,
    0x5f, 0xfb, 0x5f, 0xfb, 0x5f, 0xfb, 0x5f, 0xfb, 0x5f, 0xfb, 0x5f, 0xfb, 0x5f, 0xfb, 0x5f, 0xfb,
    0x5f, 0xfb, 0x5f, 0xfb, 0x5f, 0xfb, 0x5f, 0xfb, 0x5f, 0xfb, 0x5f, 0xfb, 0x5f, 0xfb, 0x5f, 0xfb,
    0x5f, 0xfb, 0x5f, 0xfb, 0x5f, 0xfb, 0x5f, 0xfb, 0x5f, 0xfb, 0x5f, 0xfb, 0x5f, 0xfb, 0x5f, 0xfb,
    0x5f, 0xfb, 0x5f, 0xfb, 0xfd, 0xea, 0x8d, 0x69, 0x61, 0x08, 0x61, 0x08, 0x61, 0x08, 0x61, 0x08,
    0x61, 0x08, 0x61, 0x08, 0x61, 0x08, 0x61, 0x08, 0x61, 0x08, 0x61, 0x08, 0x61, 0x08, 0x61, 0x08,
    0x61, 0x08, 0x61, 0x08, 0x61, 0x08, 0x61, 0x08, 0x61, 0x08, 0x61, 0x08, 0x61, 0x08, 0x61, 0x08,
    0x61, 0x08, 0x61, 0x08, 0x61, 0x08, 0x61, 0x08, 0x61, 0x08, 0x61, 0x08, 0x61, 0x08, 0x61, 0x08,
    0x61, 0x08, 0x61, 0x08, 0x61, 0x08, 0x61, 0x08, 0x61, 0x08, 0x61, 0x08, 0x61, 0x08, 0x61, 0x08,
    0x61, 0x08, 0x61, 0x08, 0x61, 0x08, 0x61, 0x08, 0x61, 0x08, 0x61, 0x08, 0x61, 0x08, 0x61, 0x08,
    0x61, 0x08, 0x61, 0x08, 0x61, 0x08, 0x61, 0x08, 0x61, 0x08, 0x61, 0x08, 0x61, 0x08, 0x61, 0x08,
    0x61, 0x08, 0x61, 0x08, 0x61, 0x08, 0x61, 0x08, 0x61, 0x08, 0x61, 0x08, 0x61, 0x08, 0x61, 0x08,
    0x61, 0x08, 0x61, 0x08, 0x61, 0x08, 0x61, 0x08, 0x61, 0x08, 0x61, 0x08, 0x61, 0x08, 0x61, 0x08,
    0x61, 0x08, 0x61, 0x08, 0x61, 0x08, 0x61, 0x08, 0x61, 0x08, 0x61, 0x08, 0x61, 0x08, 0x61, 0x08,
    0x61, 0x08, 0x61, 0x08, 0x61, 0x08, 0x61, 0x08, 0x61, 0x08, 0x61, 0x08, 0x61, 0x08, 0x61, 0x08,
    0x61, 0x08, 0x61, 0x08, 0x61, 0x08, 0x61, 0x08, 0x99, 0xc2, 0x1f, 0xfb, 0x5f, 0xfb, 0x5f, 0xfb,
    0x5f, 0xfb, 0x5f, 0xfb, 0x5f, 0xfb, 0x5f, 0xfb, 0x5f, 0xfb, 0x5f, 0xfb, 0x5f, 0xfb, 0x5f, 0xfb,
    0x5f, 0xfb, 0x5f, 0xfb, 0x5f, 0xfb, 0x5f, 0xfb, 0x5f, 0xfb, 0x5f, 0xfb, 0x5f, 0xfb, 0x5f, 0xfb,
    0x5f, 0xfb, 0x5f, 0xfb, 0x5f, 0xfb, 0x5f, 0xfb, 0x5f, 0xfb, 0x5f, 0xfb, 0x5f, 0xfb, 0x5f, 0xfb,
    0x5f, 0xfb, 0x5f, 0xfb, 0x5f, 0xfb, 0x5f, 0xfb, 0x5f, 0xfb, 0x5f, 0xfb, 0x5f, 0xfb, 0x5f, 0xfb,
    0x5f, 0xfb, 0x5f, 0xfb, 0x5f, 0xfb, 0x5f, 0xfb, 0x5f, 0xfb, 0x5f, 0xfb, 0x5f, 0xfb, 0x5f, 0xfb,
    0x5f, 0xfb, 0x5f, 0xfb, 0x5f, 0xfb, 0x5f, 0xfb, 0x5f, 0xfb, 0x5f, 0xfb, 0x5f, 0xfb, 0x5f, 0xfb,
    0x5f, 0xfb, 0x5f, 0xfb, 0x5f, 0xfb, 0x5f, 0xfb, 0x5f, 0xfb, 0x5f, 0xfb, 0x5f, 0xfb, 0x5f, 0xfb,
    0x5f, 0xfb, 0x5f, 0xfb, 0x5f, 0xfb, 0x5f, 0xfb, 0x5f, 0xfb, 0x5f, 0xfb, 0x5f, 0xfb, 0x5f, 0xfb,
    0x5f, 0xfb, 0x5f, 0xfb, 0x5f, 0xfb, 0x5f, 0xfb, 0x5f, 0xfb, 0x5f, 0xfb, 0x5f, 0xfb, 0x5f, 0xfb,
    0x5f, 0xfb, 0x5f, 0xfb, 0x5f, 0xfb, 0x5f, 0xfb, 0x5f, 0xfb, 0x5f, 0xfb, 0x5f, 0xfb, 0x5f, 0xfb,
    0x5f, 0xfb, 0x5f, 0xfb, 0x5f, 0xfb, 0x5f, 0xfb, 0x5f, 0xfb, 0x5f, 0xfb, 0x5f, 0xfb, 0x5f, 0xfb,
    0x5f, 0xfb, 0x5f, 0xfb, 0x5f, 0xfb, 0x5f, 0xfb, 0x5f, 0xfb, 0x5f, 0xfb, 0x5f, 0xfb, 0x5f, 0xfb,
    0x5f, 0xfb, 0x5f, 0xfb, 0x5f, 0xfb, 0x5f, 0xfb, 0x5f, 0xfb, 0x5f, 0xfb, 0x5f, 0xfb, 0x5f, 0xfb,
    0x5f, 0xfb, 0x5f, 0xfb, 0x5f, 0xfb, 0x5f, 0xfb, 0x5f, 0xfb, 0x5f, 0xfb, 0x5f, 0xfb, 0x5f, 0xfb,
    0x5f, 0xfb, 0x5f, 0xfb, 0x5f, 0xfb, 0x5f, 0xfb, 0x5f, 0xfb, 0x5f, 0xfb, 0x5f, 0xfb, 0x5f, 0xfb,
    0x5f, 0xfb, 0x5f, 0xfb, 0x5f, 0xfb, 0x5f, 0xfb, 0x5f, 0xfb, 0x5f, 0xfb, 0x5f, 0xfb, 0x5f, 0xfb,
    0x5f, 0xfb, 0x5f, 0xfb, 0x5f, 0xfb, 0x5f, 0xfb, 0x5f, 0xfb, 0x5f, 0xfb, 0x5f, 0xfb, 0x5f, 0xfb,
    0x5f, 0xfb, 0x5f, 0xfb, 0x5f, 0xfb, 0x5f, 0xfb, 0x5f, 0xfb, 0x5f, 0xfb, 0x5f, 0xfb, 0x5f, 0xfb,
    0x5f, 0xfb, 0x5f, 0xfb, 0xdb, 0xda, 0x83, 0x10, 0x61, 0x08, 0x61, 0x08, 0x61, 0x08, 0x61, 0x08,
    0x61, 0x08, 0x61, 0x08, 0x61, 0x08, 0x61, 0x08, 0x61, 0x08, 0x61, 0x08, 0x61, 0x08, 0x61, 0x08,
    0x61, 0x08, 0x61, 0x08, 0x61, 0x08, 0x61, 0x08, 0x61, 0x08, 0x61, 0x08, 0x61, 0x08, 0x61, 0x08,
    0x61, 0x08, 0x61, 0x08, 0x61, 0x08, 0x61, 0x08, 0x61, 0x08, 0x61, 0x08, 0x61, 0x08, 0x61, 0x08,
    0x61, 0x08, 0x61, 0x08, 0x61, 0x08, 0x61, 0x08, 0x61, 0x08, 0x61, 0x08, 0x61, 0x08, 0x61, 0x08,
    0x61, 0x08, 0x61, 0x08, 0x61, 0x08, 0x61, 0x08, 0x61, 0x08, 0x61, 0x08, 0x61, 0x08, 0x61, 0x08,
    0x61, 0x08, 0x61, 0x08, 0x61, 0x08, 0x61, 0x08, 0x61, 0x08, 0x61, 0x08, 0x61, 0x08, 0x61, 0x08,
    0x61, 0x08, 0x61, 0x08, 0x61, 0x08, 0x61, 0x08, 0x61, 0x08, 0x61, 0x08, 0x61, 0x08, 0x61, 0x08,
    0x61, 0x08, 0x61, 0x08, 0x61, 0x08, 0x61, 0x08, 0x61, 0x08, 0x61, 0x08, 0x61, 0x08, 0x61, 0x08,
    0x61, 0x08, 0x61, 0x08, 0x61, 0x08, 0x61, 0x08, 0x61, 0x08, 0x61, 0x08, 0x61, 0x08, 0x61, 0x08,
    0x61, 0x08, 0x61, 0x08, 0x61, 0x08, 0x61, 0x08, 0x61, 0x08, 0x61, 0x08, 0x61, 0x08, 0x61, 0x08,
    0x61, 0x08, 0x61, 0x08, 0x61, 0x08, 0x61, 0x08, 0xf1, 0x91, 0x3e, 0xeb, 0x5f, 0xfb, 0x5f, 0xfb,
    0x5f, 0xfb, 0x5f, 0xfb, 0x5f, 0xfb, 0x5f, 0xfb, 0x5f, 0xfb, 0x5f, 0xfb, 0x5f, 0xfb, 0x5f, 0xfb,
    0x5f, 0xfb, 0x5f, 0xfb, 0x5f, 0xfb, 0x5f, 0xfb, 0x5f, 0xfb, 0x5f, 0xfb, 0x5f, 0xfb, 0x5f, 0xfb,
    0x5f, 0xfb, 0x5f, 0xfb, 0x5f, 0xfb, 0x5f, 0xfb, 0x5f, 0xfb, 0x5f, 0xfb, 0x5f, 0xfb, 0x5f, 0xfb,
    0x5f, 0xfb, 0x5f, 0xfb, 0x5f, 0xfb, 0x5f, 0xfb, 0x5f, 0xfb, 0x5f, 0xfb, 0x5f, 0xfb, 0x5f, 0xfb,
    0x5f, 0xfb, 0x5f, 0xfb, 0x5f, 0xfb, 0x5f, 0xfb, 0x5f, 0xfb, 0x5f, 0xfb, 0x5f, 0xfb, 0x5f, 0xfb,
    0x5f, 0xfb, 0x5f, 0xfb, 0x5f, 0xfb, 0x5f, 0xfb, 0x5f, 0xfb, 0x5f, 0xfb, 0x5f, 0xfb, 0x5f, 0xfb,
    0x5f, 0xfb, 0x5f, 0xfb, 0x5f, 0xfb, 0x5f, 0xfb, 0x5f, 0xfb, 0x5f, 0xfb, 0x5f, 0xfb, 0x5f, 0xfb,
    0x5f, 0xfb, 0x5f, 0xfb, 0x5f, 0xfb, 0x5f, 0xfb, 0x5f, 0xfb, 0x5f, 0xfb, 0x5f, 0xfb, 0x5f, 0xfb,
    0x5f, 0xfb, 0x5f, 0xfb, 0x5f, 0xfb, 0x5f, 0xfb, 0x5f, 0xfb, 0x5f, 0xfb, 0x5f, 0xfb, 0x5f, 0xfb,
    0x5f, 0xfb, 0x5f, 0xfb, 0x5f, 0xfb, 0x5f, 0xfb, 0x5f, 0xfb, 0x5f, 0xfb, 0x5f, 0xfb, 0x5f, 0xfb,
    0x5f, 0xfb, 0x5f, 0xfb, 0x5f, 0xfb, 0x5f, 0xfb, 0x5f, 0xfb, 0x5f, 0xfb, 0x5f, 0xfb, 0x5f, 0xfb,
    0x5f, 0xfb, 0x5f, 0xfb, 0x5f, 0xfb, 0x5f, 0xfb, 0x5f, 0xfb, 0x5f, 0xfb, 0x5f, 0xfb, 0x5f, 0xfb,
    0x5f, 0xfb, 0x5f, 0xfb, 0x5f, 0xfb, 0x5f, 0xfb, 0x5f, 0xfb, 0x5f, 0xfb, 0x5f, 0xfb, 0x5f, 0xfb,
    0x5f, 0xfb, 0x5f, 0xfb, 0x5f, 0xfb, 0x5f, 0xfb, 0x5f, 0xfb, 0x5f, 0xfb, 0x5f, 0xfb, 0x5f, 0xfb,
    0x5f, 0xfb, 0x5f, 0xfb, 0x5f, 0xfb, 0x5f, 0xfb, 0x5f, 0xfb, 0x5f, 0xfb, 0x5f, 0xfb, 0x5f, 0xfb,
    0x5f, 0xfb, 0x5f, 0xfb, 0x5f, 0xfb, 0x5f, 0xfb, 0x5f, 0xfb, 0x5f, 0xfb, 0x5f, 0xfb, 0x5f, 0xfb,
    0x5f, 0xfb, 0x5f, 0xfb, 0x5f, 0xfb, 0x5f, 0xfb, 0x5f, 0xfb, 0x5f, 0xfb, 0x5f, 0xfb, 0x5f, 0xfb,
    0x5f, 0xfb, 0x5f, 0xfb, 0x5f, 0xfb, 0x5f, 0xfb, 0x5f, 0xfb, 0x5f, 0xfb, 0x5f, 0xfb, 0x5f, 0xfb,
    0x5f, 0xfb, 0x3e, 0xf3, 0x56, 0xb2, 0x61, 0x08, 0x61, 0x08, 0x61, 0x08, 0x61, 0x08, 0x61, 0x08,
    0x61, 0x08, 0x61, 0x08, 0x61, 0x08, 0x61, 0x08, 0x61, 0x08, 0x61, 0x08, 0x61, 0x08, 0x61, 0x08,
    0x61, 0x08, 0x61, 0x08, 0x61, 0x08, 0x61, 0x08, 0x61, 0x08, 0x61, 0x08, 0x61, 0x08, 0x61, 0x08,
    0x61, 0x08, 0x61, 0x08, 0x61, 0x08, 0x61, 0x08, 0x61, 0x08, 0x61, 0x08, 0x61, 0x08, 0x61, 0x08,
    0x61, 0x08, 0x61, 0x08, 0x61, 0x08, 0x61, 0x08, 0x61, 0x08, 0x61, 0x08, 0x61, 0x08, 0x61, 0x08,
    0x61, 0x08, 0x61, 0x08, 0x61, 0x08, 0x61, 0x08, 0x61, 0x08, 0x61, 0x08, 0x61, 0x08, 0x61, 0x08,
    0x61, 0x08, 0x61, 0x08, 0x61, 0x08, 0x61, 0x08, 0x61, 0x08, 0x61, 0x08, 0x61, 0x08, 0x61, 0x08,
    0x61, 0x08, 0x61, 0x08, 0x61, 0x08, 0x61, 0x08, 0x61, 0x08, 0x61, 0x08, 0x61, 0x08, 0x61, 0x08,
    0x61, 0x08, 0x61, 0x08, 0x61, 0x08, 0x61, 0x08, 0x61, 0x08, 0x61, 0x08, 0x61, 0x08, 0x61, 0x08,
    0x61, 0x08, 0x61, 0x08, 0x61, 0x08, 0x61, 0x08, 0x61, 0x08, 0x61, 0x08, 0x61, 0x08, 0x61, 0x08,
    0x61, 0x08, 0x61, 0x08, 0x61, 0x08, 0x61, 0x08, 0x61, 0x08, 0x61, 0x08, 0x61, 0x08, 0x61, 0x08,
    0x61, 0x08, 0x61, 0x08, 0x61, 0x08, 0x61, 0x08, 0x07, 0x39, 0xfc, 0xda, 0x5f, 0xfb, 0x5f, 0xfb,
    0x5f, 0xfb, 0x5f, 0xfb, 0x5f, 0xfb, 0x5f, 0xfb, 0x5f, 0xfb, 0x5f, 0xfb, 0x5f, 0xfb, 0x5f, 0xfb,
    0x5f, 0xfb, 0x5f, 0xfb, 0x5f, 0xfb, 0x5f, 0xfb, 0x5f, 0xfb, 0x5f, 0xfb, 0x5f, 0xfb, 0x5f, 0xfb,
    0x5f, 0xfb, 0x5f, 0xfb, 0x5f, 0xfb, 0x5f, 0xfb, 0x5f, 0xfb, 0x5f, 0xfb, 0x5f, 0xfb, 0x5f, 0xfb,
    0x5f, 0xfb, 0x5f, 0xfb, 0x5f, 0xfb, 0x5f, 0xfb, 0x5f, 0xfb, 0x5f, 0xfb, 0x5f, 0xfb, 0x5f, 0xfb,
    0x5f, 0xfb, 0x5f, 0xfb, 0x5f, 0xfb, 0x5f, 0xfb, 0x5f, 0xfb, 0x5f, 0xfb, 0x5f, 0xfb, 0x5f, 0xfb,
    0x5f, 0xfb, 0x5f, 0xfb, 0x5f, 0xfb, 0x5f, 0xfb, 0x5f, 0xfb, 0x5f, 0xfb, 0x5f, 0xfb, 0x5f, 0xfb,
    0x5f, 0xfb, 0x5f, 0xfb, 0x5f, 0xfb, 0x5f, 0xfb, 0x5f, 0xfb, 0x5f, 0xfb, 0x5f, 0xfb, 0x5f, 0xfb,
    0x5f, 0xfb, 0x5f, 0xfb, 0x5f, 0xfb, 0x5f, 0xfb, 0x5f, 0xfb, 0x5f, 0xfb, 0x5f, 0xfb, 0x5f, 0xfb,
    0x5f, 0xfb, 0x5f, 0xfb, 0x5f, 0xfb, 0x5f, 0xfb, 0x5f, 0xfb, 0x5f, 0xfb, 0x5f, 0xfb, 0x5f, 0xfb,
    0x5f, 0xfb, 0x5f, 0xfb, 0x5f, 0xfb, 0x5f, 0xfb, 0x5f, 0xfb, 0x5f, 0xfb, 0x5f, 0xfb, 0x5f, 0xfb,
    0x5f, 0xfb, 0x5f, 0xfb, 0x5f, 0xfb, 0x5f, 0xfb, 0x5f, 0xfb, 0x5f, 0xfb, 0x5f, 0xfb, 0x5f, 0xfb,
    0x5f, 0xfb, 0x5f, 0xfb, 0x5f, 0xfb, 0x5f, 0xfb, 0x5f, 0xfb, 0x5f, 0xfb, 0x5f, 0xfb, 0x5f, 0xfb,
    0x5f, 0xfb, 0x5f, 0xfb, 0x5f, 0xfb, 0x5f, 0xfb, 0x5f, 0xfb, 0x5f, 0xfb, 0x5f, 0xfb, 0x5f, 0xfb,
    0x5f, 0xfb, 0x5f, 0xfb, 0x5f, 0xfb, 0x5f, 0xfb, 0x5f, 0xfb, 0x5f, 0xfb, 0x5f, 0xfb, 0x5f, 0xfb,
    0x5f, 0xfb, 0x5f, 0xfb, 0x5f, 0xfb, 0x5f, 0xfb, 0x5f, 0xfb, 0x5f, 0xfb, 0x5f, 0xfb, 0x5f, 0xfb,
    0x5f, 0xfb, 0x5f, 0xfb, 0x5f, 0xfb, 0x5f, 0xfb, 0x5f, 0xfb, 0x5f, 0xfb, 0x5f, 0xfb, 0x5f, 0xfb,
    0x5f, 0xfb, 0x5f, 0xfb, 0x5f, 0xfb, 0x5f, 0xfb, 0x5f, 0xfb, 0x5f, 0xfb, 0x5f, 0xfb, 0x5f, 0xfb,
    0x5f, 0xfb, 0x5f, 0xfb, 0x5f, 0xfb, 0x5f, 0xfb, 0x5f, 0xfb, 0x5f, 0xfb, 0x5f, 0xfb, 0x5f, 0xfb,
    0x5f, 0xfb, 0xfd, 0xea, 0x6c, 0x61, 0x61, 0x08, 0x61, 0x08, 0x61, 0x08, 0x61, 0x08, 0x61, 0x08,
    0x61, 0x08, 0x61, 0x08, 0x61, 0x08, 0x61, 0x08, 0x61, 0x08, 0x61, 0x08, 0x61, 0x08, 0x61, 0x08,
    0x61, 0x08, 0x61, 0x08, 0x61, 0x08, 0x61, 0x08, 0x61, 0x08, 0x61, 0x08, 0x61, 0x08, 0x61, 0x08,
    0x61, 0x08, 0x61, 0x08, 0x61, 0x08, 0x61, 0x08, 0x61, 0x08, 0x61, 0x08, 0x61, 0x08, 0x61, 0x08,
    0x61, 0x08, 0x61, 0x08, 0x61, 0x08, 0x61, 0x08, 0x61, 0x08, 0x61, 0x08, 0x61, 0x08, 0x61, 0x08,
    0x61, 0x08, 0x61, 0x08, 0x61, 0x08, 0x61, 0x08, 0x61, 0x08, 0x61, 0x08, 0x61, 0x08, 0x61, 0x08,
    0x61, 0x08, 0x61, 0x08, 0x61, 0x08, 0x61, 0x08, 0x61, 0x08, 0x61, 0x08, 0x61, 0x08, 0x61, 0x08,
    0x61, 0x08, 0x61, 0x08, 0x61, 0x08, 0x61, 0x08, 0x61, 0x08, 0x61, 0x08, 0x61, 0x08, 0x61, 0x08,
    0x61, 0x08, 0x61, 0x08, 0x61, 0x08, 0x61, 0x08, 0x61, 0x08, 0x61, 0x08, 0x61, 0x08, 0x61, 0x08,
    0x61, 0x08, 0x61, 0x08, 0x61, 0x08, 0x61, 0x08, 0x61, 0x08, 0x61, 0x08, 0x61, 0x08, 0x61, 0x08,
    0x61, 0x08, 0x61, 0x08, 0x61, 0x08, 0x61, 0x08, 0x61, 0x08, 0x61, 0x08, 0x61, 0x08, 0x61, 0x08,
    0x61, 0x08, 0x61, 0x08, 0x61, 0x08, 0x61, 0x08, 0x61, 0x08, 0x97, 0xba, 0x1f, 0xfb, 0x5f, 0xfb,
    0x5f, 0xfb, 0x5f, 0xfb, 0x5f, 0xfb, 0x5f, 0xfb, 0x5f, 0xfb, 0x5f, 0xfb, 0x5f, 0xfb, 0x5f, 0xfb,
    0x5f, 0xfb, 0x5f, 0xfb, 0x5f, 0xfb, 0x5f, 0xfb, 0x5f, 0xfb, 0x5f, 0xfb, 0x5f, 0xfb, 0x5f, 0xfb,
    0x5f, 0xfb, 0x5f, 0xfb, 0x5f, 0xfb, 0x5f, 0xfb, 0x5f, 0xfb, 0x5f, 0xfb, 0x5f, 0xfb, 0x5f, 0xfb,
    0x5f, 0xfb, 0x5f, 0xfb, 0x5f, 0xfb, 0x5f, 0xfb, 0x5f, 0xfb, 0x5f, 0xfb, 0x5f, 0xfb, 0x5f, 0xfb,
    0x5f, 0xfb, 0x5f, 0xfb, 0x5f, 0xfb, 0x5f, 0xfb, 0x5f, 0xfb, 0x5f, 0xfb, 0x5f, 0xfb, 0x5f, 0xfb,
    0x5f, 0xfb, 0x5f, 0xfb, 0x5f, 0xfb, 0x5f, 0xfb, 0x5f, 0xfb, 0x5f, 0xfb, 0x5f, 0xfb, 0x5f, 0xfb,
    0x5f, 0xfb, 0x5f, 0xfb, 0x5f, 0xfb, 0x5f, 0xfb, 0x5f, 0xfb, 0x5f, 0xfb, 0x5f, 0xfb, 0x5f, 0xfb,
    0x5f, 0xfb, 0x5f, 0xfb, 0x5f, 0xfb, 0x5f, 0xfb, 0x5f, 0xfb, 0x5f, 0xfb, 0x5f, 0xfb, 0x5f, 0xfb,
    0x5f, 0xfb, 0x5f, 0xfb, 0x5f, 0xfb, 0x5f, 0xfb, 0x5f, 0xfb, 0x5f, 0xfb, 0x5f, 0xfb, 0x5f, 0xfb,
    0x5f, 0xfb, 0x5f, 0xfb, 0x5f, 0xfb, 0x5f, 0xfb, 0x5f, 0xfb, 0x5f, 0xfb, 0x5f, 0xfb, 0x5f, 0xfb,
    0x5f, 0xfb, 0x5f, 0xfb, 0x5f, 0xfb, 0x5f, 0xfb, 0x5f, 0xfb, 0x5f, 0xfb, 0x5f, 0xfb, 0x5f, 0xfb,
    0x5f, 0xfb, 0x5f, 0xfb, 0x5f, 0xfb, 0x5f, 0xfb, 0x5f, 0xfb, 0x5f, 0xfb, 0x5f, 0xfb, 0x5f, 0xfb,
    0x5f, 0xfb, 0x5f, 0xfb, 0x5f, 0xfb, 0x5f, 0xfb, 0x5f, 0xfb, 0x5f, 0xfb, 0x5f, 0xfb, 0x5f, 0xfb,
    0x5f, 0xfb, 0x5f, 0xfb, 0x5f, 0xfb, 0x5f, 0xfb, 0x5f, 0xfb, 0x5f, 0xfb, 0x5f, 0xfb, 0x5f, 0xfb,
    0x5f, 0xfb, 0x5f, 0xfb, 0x5f, 0xfb, 0x5f, 0xfb, 0x5f, 0xfb, 0x5f, 0xfb, 0x5f, 0xfb, 0x5f, 0xfb,
    0x5f, 0xfb, 0x5f, 0xfb, 0x5f, 0xfb, 0x5f, 0xfb, 0x5f, 0xfb, 0x5f, 0xfb, 0x5f, 0xfb, 0x5f, 0xfb,
    0x5f, 0xfb, 0x5f, 0xfb, 0x5f, 0xfb, 0x5f, 0xfb, 0x5f, 0xfb, 0x5f, 0xfb, 0x5f, 0xfb, 0x5f, 0xfb,
    0x5f, 0xfb, 0x5f, 0xfb, 0x5f, 0xfb, 0x5f, 0xfb, 0x5f, 0xfb, 0x5f, 0xfb, 0x5f, 0xfb, 0x5f, 0xfb,
    0x1f, 0xfb, 0xba, 0xd2, 0x82, 0x10, 0x61, 0x08, 0x61, 0x08, 0x61, 0x08, 0x61, 0x08, 0x61, 0x08,
    0x61, 0x08, 0x61, 0x08, 0x61, 0x08, 0x61, 0x08, 0x61, 0x08, 0x61, 0x08, 0x61, 0x08, 0x61, 0x08,
    0x61, 0x08, 0x61, 0x08, 0x61, 0x08, 0x61, 0x08, 0x61, 0x08, 0x61, 0x08, 0x61, 0x08, 0x61, 0x08,
    0x61, 0x08, 0x61, 0x08, 0x61, 0x08, 0x61, 0x08, 0x61, 0x08, 0x61, 0x08, 0x61, 0x08, 0x61, 0x08,
    0x61, 0x08, 0x61, 0x08, 0x61, 0x08, 0x61, 0x08, 0x61, 0x08, 0x61, 0x08, 0x61, 0x08, 0x61, 0x08,
    0x61, 0x08, 0x61, 0x08, 0x61, 0x08, 0x61, 0x08, 0x61, 0x08, 0x61, 0x08, 0x61, 0x08, 0x61, 0x08,
    0x61, 0x08, 0x61, 0x08, 0x61, 0x08, 0x61, 0x08, 0x61, 0x08, 0x61, 0x08, 0x61, 0x08, 0x61, 0x08,
    0x61, 0x08, 0x61, 0x08, 0x61, 0x08, 0x61, 0x08, 0x61, 0x08, 0x61, 0x08, 0x61, 0x08, 0x61, 0x08,
    0x61, 0x08, 0x61, 0x08, 0x61, 0x08, 0x61, 0x08, 0x61, 0x08, 0x61, 0x08, 0x61, 0x08, 0x61, 0x08,
    0x61, 0x08, 0x61, 0x08, 0x61, 0x08, 0x61, 0x08, 0x61, 0x08, 0x61, 0x08, 0x61, 0x08, 0x61, 0x08,
    0x61, 0x08, 0x61, 0x08, 0x61, 0x08, 0x61, 0x08, 0x61, 0x08, 0x61, 0x08, 0x61, 0x08, 0x61, 0x08,
    0x61, 0x08, 0x61, 0x08, 0x61, 0x08, 0x61, 0x08, 0x61, 0x08, 0x6c, 0x61, 0x1d, 0xeb, 0x5f, 0xfb,
    0x5f, 0xfb, 0x5f, 0xfb, 0x5f, 0xfb, 0x5f, 0xfb, 0x5f, 0xfb, 0x5f, 0xfb, 0x5f, 0xfb, 0x5f, 0xfb,
    0x5f, 0xfb, 0x5f, 0xfb, 0x5f, 0xfb, 0x5f, 0xfb, 0x5f, 0xfb, 0x5f, 0xfb, 0x5f, 0xfb, 0x5f, 0xfb,
    0x5f, 0xfb, 0x5f, 0xfb, 0x5f, 0xfb, 0x5f, 0xfb, 0x5f, 0xfb, 0x5f, 0xfb, 0x5f, 0xfb, 0x5f, 0xfb,
    0x5f, 0xfb, 0x5f, 0xfb, 0x5f, 0xfb, 0x5f, 0xfb, 0x5f, 0xfb, 0x5f, 0xfb, 0x5f, 0xfb, 0x5f, 0xfb,
    0x5f, 0xfb, 0x5f, 0xfb, 0x5f, 0xfb, 0x5f, 0xfb, 0x5f, 0xfb, 0x5f, 0xfb, 0x5f, 0xfb, 0x5f, 0xfb,
    0x5f, 0xfb, 0x5f, 0xfb, 0x5f, 0xfb, 0x5f, 0xfb, 0x5f, 0xfb, 0x5f, 0xfb, 0x5f, 0xfb, 0x5f, 0xfb,
    0x5f, 0xfb, 0x5f, 0xfb, 0x5f, 0xfb, 0x5f, 0xfb, 0x5f, 0xfb, 0x5f, 0xfb, 0x5f, 0xfb, 0x5f, 0xfb,
    0x5f, 0xfb, 0x5f, 0xfb, 0x5f, 0xfb, 0x5f, 0xfb, 0x5f, 0xfb, 0x5f, 0xfb, 0x5f, 0xfb, 0x5f, 0xfb,
    0x5f, 0xfb, 0x5f, 0xfb, 0x5f, 0xfb, 0x5f, 0xfb, 0x5f, 0xfb, 0x5f, 0xfb, 0x5f, 0xfb, 0x5f, 0xfb,
    0x5f, 0xfb, 0x5f, 0xfb, 0x5f, 0xfb, 0x5f, 0xfb, 0x5f, 0xfb, 0x5f, 0xfb, 0x5f, 0xfb, 0x5f, 0xfb,
    0x5f, 0xfb, 0x5f, 0xfb, 0x5f, 0xfb, 0x5f, 0xfb, 0x5f, 0xfb, 0x5f, 0xfb, 0x5f, 0xfb, 0x5f, 0xfb,
    0x5f, 0xfb, 0x5f, 0xfb, 0x5f, 0xfb, 0x5f, 0xfb, 0x5f, 0xfb, 0x5f, 0xfb, 0x5f, 0xfb, 0x5f, 0xfb,
    0x5f, 0xfb, 0x5f, 0xfb, 0x5f, 0xfb, 0x5f, 0xfb, 0x5f, 0xfb, 0x5f, 0xfb, 0x5f, 0xfb, 0x5f, 0xfb,
    0x5f, 0xfb, 0x5f, 0xfb, 0x5f, 0xfb, 0x5f, 0xfb, 0x5f, 0xfb, 0x5f, 0xfb, 0x5f, 0xfb, 0x5f, 0xfb,
    0x5f, 0xfb, 0x5f, 0xfb, 0x5f, 0xfb, 0x5f, 0xfb, 0x5f, 0xfb, 0x5f, 0xfb, 0x5f, 0xfb, 0x5f, 0xfb,
    0x5f, 0xfb, 0x5f, 0xfb, 0x5f, 0xfb, 0x5f, 0xfb, 0x5f, 0xfb, 0x5f, 0xfb, 0x5f, 0xfb, 0x5f, 0xfb,
    0x5f, 0xfb, 0x5f, 0xfb, 0x5f, 0xfb, 0x5f, 0xfb, 0x5f, 0xfb, 0x5f, 0xfb, 0x5f, 0xfb, 0x5f, 0xfb,
    0x5f, 0xfb, 0x5f, 0xfb, 0x5f, 0xfb, 0x5f, 0xfb, 0x5f, 0xfb, 0x5f, 0xfb, 0x5f, 0xfb, 0x5f, 0xfb,
    0x3e, 0xf3, 0x14, 0xa2, 0x61, 0x08, 0x61, 0x08, 0x61, 0x08, 0x61, 0x08, 0x61, 0x08, 0x61, 0x08,
    0x61, 0x08, 0x61, 0x08, 0x61, 0x08, 0x61, 0x08, 0x61, 0x08, 0x61, 0x08, 0x61, 0x08, 0x61, 0x08,
    0x61, 0x08, 0x61, 0x08, 0x61, 0x08, 0x61, 0x08, 0x61, 0x08, 0x61, 0x08, 0x61, 0x08, 0x61, 0x08,
    0x61, 0x08, 0x61, 0x08, 0x61, 0x08, 0x61, 0x08, 0x61, 0x08, 0x61, 0x08, 0x61, 0x08, 0x61, 0x08,
    0x61, 0x08, 0x61, 0x08, 0x61, 0x08, 0x61, 0x08, 0x61, 0x08, 0x61, 0x08, 0x61, 0x08, 0x61, 0x08,
    0x61, 0x08, 0x61, 0x08, 0x61, 0x08, 0x61, 0x08, 0x61, 0x08, 0x61, 0x08, 0x61, 0x08, 0x61, 0x08,
    0x61, 0x08, 0x61, 0x08, 0x61, 0x08, 0x61, 0x08, 0x61, 0x08, 0x61, 0x08, 0x61, 0x08, 0x61, 0x08,
    0x61, 0x08, 0x61, 0x08, 0x61, 0x08, 0x61, 0x08, 0x61, 0x08, 0x61, 0x08, 0x61, 0x08, 0x61, 0x08,
    0x61, 0x08, 0x61, 0x08, 0x61, 0x08, 0x61, 0x08, 0x61, 0x08, 0x61, 0x08, 0x61, 0x08, 0x61, 0x08,
    0x61, 0x08, 0x61, 0x08, 0x61, 0x08, 0x61, 0x08, 0x61, 0x08, 0x61, 0x08, 0x61, 0x08, 0x61, 0x08,
    0x61, 0x08, 0x61, 0x08, 0x61, 0x08, 0x61, 0x08, 0x61, 0x08, 0x61, 0x08, 0x61, 0x08, 0x61, 0x08,
    0x61, 0x08, 0x61, 0x08, 0x61, 0x08, 0x61, 0x08, 0x61, 0x08, 0x07, 0x39, 0xfc, 0xda, 0x5f, 0xfb,
    0x5f, 0xfb, 0x5f, 0xfb, 0x5f, 0xfb, 0x5f, 0xfb, 0x5f, 0xfb, 0x5f, 0xfb, 0x5f, 0xfb, 0x5f, 0xfb,
    0x5f, 0xfb, 0x5f, 0xfb, 0x5f, 0xfb, 0x5f, 0xfb, 0x5f, 0xfb, 0x5f, 0xfb, 0x5f, 0xfb, 0x5f, 0xfb,
    0x5f, 0xfb, 0x5f, 0xfb, 0x5f, 0xfb, 0x5f, 0xfb, 0x5f, 0xfb, 0x5f, 0xfb, 0x5f, 0xfb, 0x5f, 0xfb,
    0x5f, 0xfb, 0x5f, 0xfb, 0x5f, 0xfb, 0x5f, 0xfb, 0x5f, 0xfb, 0x5f, 0xfb, 0x5f, 0xfb, 0x5f, 0xfb,
    0x5f, 0xfb, 0x5f, 0xfb, 0x5f, 0xfb, 0x5f, 0xfb, 0x5f, 0xfb, 0x5f, 0xfb, 0x5f, 0xfb, 0x5f, 0xfb,
    0x5f, 0xfb, 0x5f, 0xfb, 0x5f, 0xfb, 0x5f, 0xfb, 0x5f, 0xfb, 0x5f, 0xfb, 0x5f, 0xfb, 0x5f, 0xfb,
    0x5f, 0xfb, 0x5f, 0xfb, 0x5f, 0xfb, 0x5f, 0xfb, 0x5f, 0xfb, 0x5f, 0xfb, 0x5f, 0xfb, 0x5f, 0xfb,
    0x5f, 0xfb, 0x5f, 0xfb, 0x5f, 0xfb, 0x5f, 0xfb, 0x5f, 0xfb, 0x5f, 0xfb, 0x5f, 0xfb, 0x5f, 0xfb,
    0x5f, 0xfb, 0x5f, 0xfb, 0x5f, 0xfb, 0x5f, 0xfb, 0x5f, 0xfb, 0x5f, 0xfb, 0x5f, 0xfb, 0x5f, 0xfb,
    0x5f, 0xfb, 0x5f, 0xfb, 0x5f, 0xfb, 0x5f, 0xfb, 0x5f, 0xfb, 0x5f, 0xfb, 0x5f, 0xfb, 0x5f, 0xfb,
    0x5f, 0xfb, 0x5f, 0xfb, 0x5f, 0xfb, 0x5f, 0xfb, 0x5f, 0xfb, 0x5f, 0xfb, 0x5f, 0xfb, 0x5f, 0xfb,
    0x5f, 0xfb, 0x5f, 0xfb, 0x5f, 0xfb, 0x5f, 0xfb, 0x5f, 0xfb, 0x5f, 0xfb, 0x5f, 0xfb, 0x5f, 0xfb,
    0x5f, 0xfb, 0x5f, 0xfb, 0x5f, 0xfb, 0x5f, 0xfb, 0x5f, 0xfb, 0x5f, 0xfb, 0x5f, 0xfb, 0x5f, 0xfb,
    0x5f, 0xfb, 0x5f, 0xfb, 0x5f, 0xfb, 0x5f, 0xfb, 0x5f, 0xfb, 0x5f, 0xfb, 0x5f, 0xfb, 0x5f, 0xfb,
    0x5f, 0xfb, 0x5f, 0xfb, 0x5f, 0xfb, 0x5f, 0xfb, 0x5f, 0xfb, 0x5f, 0xfb, 0x5f, 0xfb, 0x5f, 0xfb,
    0x5f, 0xfb, 0x5f, 0xfb, 0x5f, 0xfb, 0x5f, 0xfb, 0x5f, 0xfb, 0x5f, 0xfb, 0x5f, 0xfb, 0x5f, 0xfb,
    0x5f, 0xfb, 0x5f, 0xfb, 0x5f, 0xfb, 0x5f, 0xfb, 0x5f, 0xfb, 0x5f, 0xfb, 0x5f, 0xfb, 0x5f, 0xfb,
    0x5f, 0xfb, 0x5f, 0xfb, 0x5f, 0xfb, 0x5f, 0xfb, 0x5f, 0xfb, 0x5f, 0xfb, 0x5f, 0xfb, 0x5f, 0xfb,
    0xfd, 0xea, 0x6b, 0x59, 0x61, 0x08, 0x61, 0x08, 0x61, 0x08, 0x61, 0x08, 0x61, 0x08, 0x61, 0x08,
    0x61, 0x08, 0x61, 0x08, 0x61, 0x08, 0x61, 0x08, 0x61, 0x08, 0x61, 0x08, 0x61, 0x08, 0x61, 0x08,
    0x61, 0x08, 0x61, 0x08, 0x61, 0x08, 0x61, 0x08, 0x61, 0x08, 0x61, 0x08, 0x61, 0x08, 0x61, 0x08,
    0x61, 0x08, 0x61, 0x08, 0x61, 0x08, 0x61, 0x08, 0x61, 0x08, 0x61, 0x08, 0x61, 0x08, 0x61, 0x08,
    0x61, 0x08, 0x61, 0x08, 0x61, 0x08, 0x61, 0x08, 0x61, 0x08, 0x61, 0x08, 0x61, 0x08, 0x61, 0x08,
    0x61, 0x08, 0x61, 0x08, 0x61, 0x08, 0x61, 0x08, 0x61, 0x08, 0x61, 0x08, 0x61, 0x08, 0x61, 0x08,
    0x61, 0x08, 0x61, 0x08, 0x61, 0x08, 0x61, 0x08, 0x61, 0x08, 0x61, 0x08, 0x61, 0x08, 0x61, 0x08,
    0x61, 0x08, 0x61, 0x08, 0x61, 0x08, 0x61, 0x08, 0x61, 0x08, 0x61, 0x08, 0x61, 0x08, 0x61, 0x08,
    0x61, 0x08, 0x61, 0x08, 0x61, 0x08, 0x61, 0x08, 0x61, 0x08, 0x61, 0x08, 0x61, 0x08, 0x61, 0x08,
    0x61, 0x08, 0x61, 0x08, 0x61, 0x08, 0x61, 0x08, 0x61, 0x08, 0x61, 0x08, 0x61, 0x08, 0x61, 0x08,
    0x61, 0x08, 0x61, 0x08, 0x61, 0x08, 0x61, 0x08, 0x61, 0x08, 0x61, 0x08, 0x61, 0x08, 0x61, 0x08,
    0x61, 0x08, 0x61, 0x08, 0x61, 0x08, 0x61, 0x08, 0x61, 0x08, 0x61, 0x08, 0x56, 0xb2, 0x3e, 0xf3,
    0x5f, 0xfb, 0x5f, 0xfb, 0x5f, 0xfb, 0x5f, 0xfb, 0x5f, 0xfb, 0x5f, 0xfb, 0x5f, 0xfb, 0x5f, 0xfb,
    0x5f, 0xfb, 0x5f, 0xfb, 0x5f, 0xfb, 0x5f, 0xfb, 0x5f, 0xfb, 0x5f, 0xfb, 0x5f, 0xfb, 0x5f, 0xfb,
    0x5f, 0xfb, 0x5f, 0xfb, 0x5f, 0xfb, 0x5f, 0xfb, 0x5f, 0xfb, 0x5f, 0xfb, 0x5f, 0xfb, 0x5f, 0xfb,
    0x5f, 0xfb, 0x5f, 0xfb, 0x5f, 0xfb, 0x5f, 0xfb, 0x5f, 0xfb, 0x5f, 0xfb, 0x5f, 0xfb, 0x5f, 0xfb,
    0x5f, 0xfb, 0x5f, 0xfb, 0x5f, 0xfb, 0x5f, 0xfb, 0x5f, 0xfb, 0x5f, 0xfb, 0x5f, 0xfb, 0x5f, 0xfb,
    0x5f, 0xfb, 0x5f, 0xfb, 0x5f, 0xfb, 0x5f, 0xfb, 0x5f, 0xfb, 0x5f, 0xfb, 0x5f, 0xfb, 0x5f, 0xfb,
    0x5f, 0xfb, 0x5f, 0xfb, 0x5f, 0xfb, 0x5f, 0xfb, 0x5f, 0xfb, 0x5f, 0xfb, 0x5f, 0xfb, 0x5f, 0xfb,
    0x5f, 0xfb, 0x5f, 0xfb, 0x5f, 0xfb, 0x5f, 0xfb, 0x5f, 0xfb, 0x5f, 0xfb, 0x5f, 0xfb, 0x5f, 0xfb,
    0x5f, 0xfb, 0x5f, 0xfb, 0x5f, 0xfb, 0x5f, 0xfb, 0x5f, 0xfb, 0x5f, 0xfb, 0x5f, 0xfb, 0x5f, 0xfb,
    0x5f, 0xfb, 0x5f, 0xfb, 0x5f, 0xfb, 0x5f, 0xfb, 0x5f, 0xfb, 0x5f, 0xfb, 0x5f, 0xfb, 0x5f, 0xfb,
    0x5f, 0xfb, 0x5f, 0xfb, 0x5f, 0xfb, 0x5f, 0xfb, 0x5f, 0xfb, 0x5f, 0xfb, 0x5f, 0xfb, 0x5f, 0xfb,
    0x5f, 0xfb, 0x5f, 0xfb, 0x5f, 0xfb, 0x5f, 0xfb, 0x5f, 0xfb, 0x5f, 0xfb, 0x5f, 0xfb, 0x5f, 0xfb,
    0x5f, 0xfb, 0x5f, 0xfb, 0x5f, 0xfb, 0x5f, 0xfb, 0x5f, 0xfb, 0x5f, 0xfb, 0x5f, 0xfb, 0x5f, 0xfb,
    0x5f, 0xfb, 0x5f, 0xfb, 0x5f, 0xfb, 0x5f, 0xfb, 0x5f, 0xfb, 0x5f, 0xfb, 0x5f, 0xfb, 0x5f, 0xfb,
    0x5f, 0xfb, 0x5f, 0xfb, 0x5f, 0xfb, 0x5f, 0xfb, 0x5f, 0xfb, 0x5f, 0xfb, 0x5f, 0xfb, 0x5f, 0xfb,
    0x5f, 0xfb, 0x5f, 0xfb, 0x5f, 0xfb, 0x5f, 0xfb, 0x5f, 0xfb, 0x5f, 0xfb, 0x5f, 0xfb, 0x5f, 0xfb,
    0x5f, 0xfb, 0x5f, 0xfb, 0x5f, 0xfb, 0x5f, 0xfb, 0x5f, 0xfb, 0x5f, 0xfb, 0x5f, 0xfb, 0x5f, 0xfb,
    0x5f, 0xfb, 0x5f, 0xfb, 0x5f, 0xfb, 0x5f, 0xfb, 0x5f, 0xfb, 0x5f, 0xfb, 0x5f, 0xfb, 0x1f, 0xfb,
    0xda, 0xd2, 0x83, 0x18, 0x61, 0x08, 0x61, 0x08, 0x61, 0x08, 0x61, 0x08, 0x61, 0x08, 0x61, 0x08,
    0x61, 0x08, 0x61, 0x08, 0x61, 0x08, 0x61, 0x08, 0x61, 0x08, 0x61, 0x08, 0x61, 0x08, 0x61, 0x08,
    0x61, 0x08, 0x61, 0x08, 0x61, 0x08, 0x61, 0x08, 0x61, 0x08, 0x61, 0x08, 0x61, 0x08, 0x61, 0x08,
    0x61, 0x08, 0x61, 0x08, 0x61, 0x08, 0x61, 0x08, 0x61, 0x08, 0x61, 0x08, 0x61, 0x08, 0x61, 0x08,
    0x61, 0x08, 0x61, 0x08, 0x61, 0x08, 0x61, 0x08, 0x61, 0x08, 0x61, 0x08, 0x61, 0x08, 0x61, 0x08,
    0x61, 0x08, 0x61, 0x08, 0x61, 0x08, 0x61, 0x08, 0x61, 0x08, 0x61, 0x08, 0x61, 0x08, 0x61, 0x08,
    0x61, 0x08, 0x61, 0x08, 0x61, 0x08, 0x61, 0x08, 0x61, 0x08, 0x61, 0x08, 0x61, 0x08, 0x61, 0x08,
    0x61, 0x08, 0x61, 0x08, 0x61, 0x08, 0x61, 0x08, 0x61, 0x08, 0x61, 0x08, 0x61, 0x08, 0x61, 0x08,
    0x61, 0x08, 0x61, 0x08, 0x61, 0x08, 0x61, 0x08, 0x61, 0x08, 0x61, 0x08, 0x61, 0x08, 0x61, 0x08,
    0x61, 0x08, 0x61, 0x08, 0x61, 0x08, 0x61, 0x08, 0x61, 0x08, 0x61, 0x08, 0x61, 0x08, 0x61, 0x08,
    0x61, 0x08, 0x61, 0x08, 0x61, 0x08, 0x61, 0x08, 0x61, 0x08, 0x61, 0x08, 0x61, 0x08, 0x61, 0x08,
    0x61, 0x08, 0x61, 0x08, 0x61, 0x08, 0x61, 0x08, 0x61, 0x08, 0x61, 0x08, 0x6c, 0x61, 0x1e, 0xf3,
    0x5f, 0xfb, 0x5f, 0xfb, 0x5f, 0xfb, 0x5f, 0xfb, 0x5f, 0xfb, 0x5f, 0xfb, 0x5f, 0xfb, 0x5f, 0xfb,
    0x5f, 0xfb, 0x5f, 0xfb, 0x5f, 0xfb, 0x5f, 0xfb, 0x5f, 0xfb, 0x5f, 0xfb, 0x5f, 0xfb, 0x5f, 0xfb,
    0x5f, 0xfb, 0x5f, 0xfb, 0x5f, 0xfb, 0x5f, 0xfb, 0x5f, 0xfb, 0x5f, 0xfb, 0x5f, 0xfb, 0x5f, 0xfb,
    0x5f, 0xfb, 0x5f, 0xfb, 0x5f, 0xfb, 0x5f, 0xfb, 0x5f, 0xfb, 0x5f, 0xfb, 0x5f, 0xfb, 0x5f, 0xfb,
    0x5f, 0xfb, 0x5f, 0xfb, 0x5f, 0xfb, 0x5f, 0xfb, 0x5f, 0xfb, 0x5f, 0xfb, 0x5f, 0xfb, 0x5f, 0xfb,
    0x5f, 0xfb, 0x5f, 0xfb, 0x5f, 0xfb, 0x5f, 0xfb, 0x5f, 0xfb, 0x5f, 0xfb, 0x5f, 0xfb, 0x5f, 0xfb,
    0x5f, 0xfb, 0x5f, 0xfb, 0x5f, 0xfb, 0x5f, 0xfb, 0x5f, 0xfb, 0x5f, 0xfb, 0x5f, 0xfb, 0x5f, 0xfb,
    0x5f, 0xfb, 0x5f, 0xfb, 0x5f, 0xfb, 0x5f, 0xfb, 0x5f, 0xfb, 0x5f, 0xfb, 0x5f, 0xfb, 0x5f, 0xfb,
    0x5f, 0xfb, 0x5f, 0xfb, 0x5f, 0xfb, 0x5f, 0xfb, 0x5f, 0xfb, 0x5f, 0xfb, 0x5f, 0xfb, 0x5f, 0xfb,
    0x5f, 0xfb, 0x5f, 0xfb, 0x5f, 0xfb, 0x5f, 0xfb, 0x5f, 0xfb, 0x5f, 0xfb, 0x5f, 0xfb, 0x5f, 0xfb,
    0x5f, 0xfb, 0x5f, 0xfb, 0x5f, 0xfb, 0x5f, 0xfb, 0x5f, 0xfb, 0x5f, 0xfb, 0x5f, 0xfb, 0x5f, 0xfb,
    0x5f, 0xfb, 0x5f, 0xfb, 0x5f, 0xfb, 0x5f, 0xfb, 0x5f, 0xfb, 0x5f, 0xfb, 0x5f, 0xfb, 0x5f, 0xfb,
    0x5f, 0xfb, 0x5f, 0xfb, 0x5f, 0xfb, 0x5f, 0xfb, 0x5f, 0xfb, 0x5f, 0xfb, 0x5f, 0xfb, 0x5f, 0xfb,
    0x5f, 0xfb, 0x5f, 0xfb, 0x5f, 0xfb, 0x5f, 0xfb, 0x5f, 0xfb, 0x5f, 0xfb, 0x5f, 0xfb, 0x5f, 0xfb,
    0x5f, 0xfb, 0x5f, 0xfb, 0x5f, 0xfb, 0x5f, 0xfb, 0x5f, 0xfb, 0x5f, 0xfb, 0x5f, 0xfb, 0x5f, 0xfb,
    0x5f, 0xfb, 0x5f, 0xfb, 0x5f, 0xfb, 0x5f, 0xfb, 0x5f, 0xfb, 0x5f, 0xfb, 0x5f, 0xfb, 0x5f, 0xfb,
    0x5f, 0xfb, 0x5f, 0xfb, 0x5f, 0xfb, 0x5f, 0xfb, 0x5f, 0xfb, 0x5f, 0xfb, 0x5f, 0xfb, 0x5f, 0xfb,
    0x5f, 0xfb, 0x5f, 0xfb, 0x5f, 0xfb, 0x5f, 0xfb, 0x5f, 0xfb, 0x5f, 0xfb, 0x5f, 0xfb, 0x3e, 0xf3,
    0x35, 0xa2, 0x83, 0x10, 0x61, 0x08, 0x61, 0x08, 0x61, 0x08, 0x61, 0x08, 0x61, 0x08, 0x61, 0x08,
    0x61, 0x08, 0x61, 0x08, 0x61, 0x08, 0x61, 0x08, 0x61, 0x08, 0x61, 0x08, 0x61, 0x08, 0x61, 0x08,
    0x61, 0x08, 0x61, 0x08, 0x61, 0x08, 0x61, 0x08, 0x61, 0x08, 0x61, 0x08, 0x61, 0x08, 0x61, 0x08,
    0x61, 0x08, 0x61, 0x08, 0x61, 0x08, 0x61, 0x08, 0x61, 0x08, 0x61, 0x08, 0x61, 0x08, 0x61, 0x08,
    0x61, 0x08, 0x61, 0x08, 0x61, 0x08, 0x61, 0x08, 0x61, 0x08, 0x61, 0x08, 0x61, 0x08, 0x61, 0x08,
    0x61, 0x08, 0x61, 0x08, 0x61, 0x08, 0x61, 0x08, 0x61, 0x08, 0x61, 0x08, 0x61, 0x08, 0x61, 0x08,
    0x61, 0x08, 0x61, 0x08, 0x61, 0x08, 0x61, 0x08, 0x61, 0x08, 0x61, 0x08, 0x61, 0x08, 0x61, 0x08,
    0x61, 0x08, 0x61, 0x08, 0x61, 0x08, 0x61, 0x08, 0x61, 0x08, 0x61, 0x08, 0x61, 0x08, 0x61, 0x08,
    0x61, 0x08, 0x61, 0x08, 0x61, 0x08, 0x61, 0x08, 0x61, 0x08, 0x61, 0x08, 0x61, 0x08, 0x61, 0x08,
    0x61, 0x08, 0x61, 0x08, 0x61, 0x08, 0x61, 0x08, 0x61, 0x08, 0x61, 0x08, 0x61, 0x08, 0x61, 0x08,
    0x61, 0x08, 0x61, 0x08, 0x61, 0x08, 0x61, 0x08, 0x61, 0x08, 0x61, 0x08, 0x61, 0x08, 0x61, 0x08,
    0x61, 0x08, 0x61, 0x08, 0x61, 0x08, 0x61, 0x08, 0x61, 0x08, 0x61, 0x08, 0x07, 0x39, 0xfc, 0xda,
    0x5f, 0xfb, 0x5f, 0xfb, 0x5f, 0xfb, 0x5f, 0xfb, 0x5f, 0xfb, 0x5f, 0xfb, 0x5f, 0xfb, 0x5f, 0xfb,
    0x5f, 0xfb, 0x5f, 0xfb, 0x5f, 0xfb, 0x5f, 0xfb, 0x5f, 0xfb, 0x5f, 0xfb, 0x5f, 0xfb, 0x5f, 0xfb,
    0x5f, 0xfb, 0x5f, 0xfb, 0x5f, 0xfb, 0x5f, 0xfb, 0x5f, 0xfb, 0x5f, 0xfb, 0x5f, 0xfb, 0x5f, 0xfb,
    0x5f, 0xfb, 0x5f, 0xfb, 0x5f, 0xfb, 0x5f, 0xfb, 0x5f, 0xfb, 0x5f, 0xfb, 0x5f, 0xfb, 0x5f, 0xfb,
    0x5f, 0xfb, 0x5f, 0xfb, 0x5f, 0xfb, 0x5f, 0xfb, 0x5f, 0xfb, 0x5f, 0xfb, 0x5f, 0xfb, 0x5f, 0xfb,
    0x5f, 0xfb, 0x5f, 0xfb, 0x5f, 0xfb, 0x5f, 0xfb, 0x5f, 0xfb, 0x5f, 0xfb, 0x5f, 0xfb, 0x5f, 0xfb,
    0x5f, 0xfb, 0x5f, 0xfb, 0x5f, 0xfb, 0x5f, 0xfb, 0x5f, 0xfb, 0x5f, 0xfb, 0x5f, 0xfb, 0x5f, 0xfb,
    0x5f, 0xfb, 0x5f, 0xfb, 0x5f, 0xfb, 0x5f, 0xfb, 0x5f, 0xfb, 0x5f, 0xfb, 0x5f, 0xfb, 0x5f, 0xfb,
    0x5f, 0xfb, 0x5f, 0xfb, 0x5f, 0xfb, 0x5f, 0xfb, 0x5f, 0xfb, 0x5f, 0xfb, 0x5f, 0xfb, 0x5f, 0xfb,
    0x5f, 0xfb, 0x5f, 0xfb, 0x5f, 0xfb, 0x5f, 0xfb, 0x5f, 0xfb, 0x5f, 0xfb, 0x5f, 0xfb, 0x5f, 0xfb,
    0x5f, 0xfb, 0x5f, 0xfb, 0x5f, 0xfb, 0x5f, 0xfb, 0x5f, 0xfb, 0x5f, 0xfb, 0x5f, 0xfb, 0x5f, 0xfb,
    0x5f, 0xfb, 0x5f, 0xfb, 0x5f, 0xfb, 0x5f, 0xfb, 0x5f, 0xfb, 0x5f, 0xfb, 0x5f, 0xfb, 0x5f, 0xfb,
    0x5f, 0xfb, 0x5f, 0xfb, 0x5f, 0xfb, 0x5f, 0xfb, 0x5f, 0xfb, 0x5f, 0xfb, 0x5f, 0xfb, 0x5f, 0xfb,
    0x5f, 0xfb, 0x5f, 0xfb, 0x5f, 0xfb, 0x5f, 0xfb, 0x5f, 0xfb, 0x5f, 0xfb, 0x5f, 0xfb, 0x5f, 0xfb,
    0x5f, 0xfb, 0x5f, 0xfb, 0x5f, 0xfb, 0x5f, 0xfb, 0x5f, 0xfb, 0x5f, 0xfb, 0x5f, 0xfb, 0x5f, 0xfb,
    0x5f, 0xfb, 0x5f, 0xfb, 0x5f, 0xfb, 0x5f, 0xfb, 0x5f, 0xfb, 0x5f, 0xfb, 0x5f, 0xfb, 0x5f, 0xfb,
    0x5f, 0xfb, 0x5f, 0xfb, 0x5f, 0xfb, 0x5f, 0xfb, 0x5f, 0xfb, 0x5f, 0xfb, 0x5f, 0xfb, 0x5f, 0xfb,
    0x5f, 0xfb, 0x5f, 0xfb, 0x5f, 0xfb, 0x5f, 0xfb, 0x5f, 0xfb, 0x5f, 0xfb, 0x5f, 0xfb, 0xfc, 0xe2,
    0x4a, 0x51, 0x61, 0x08, 0x61, 0x08, 0x61, 0x08, 0x61, 0x08, 0x61, 0x08, 0x61, 0x08, 0x61, 0x08,
    0x61, 0x08, 0x61, 0x08, 0x61, 0x08, 0x61, 0x08, 0x61, 0x08, 0x61, 0x08, 0x61, 0x08, 0x61, 0x08,
    0x61, 0x08, 0x61, 0x08, 0x61, 0x08, 0x61, 0x08, 0x61, 0x08, 0x61, 0x08, 0x61, 0x08, 0x61, 0x08,
    0x61, 0x08, 0x61, 0x08, 0x61, 0x08, 0x61, 0x08, 0x61, 0x08, 0x61, 0x08, 0x61, 0x08, 0x61, 0x08,
    0x61, 0x08, 0x61, 0x08, 0x61, 0x08, 0x61, 0x08, 0x61, 0x08, 0x61, 0x08, 0x61, 0x08, 0x61, 0x08,
    0x61, 0x08, 0x61, 0x08, 0x61, 0x08, 0x61, 0x08, 0x61, 0x08, 0x61, 0x08, 0x61, 0x08, 0x61, 0x08,
    0x61, 0x08, 0x61, 0x08, 0x61, 0x08, 0x61, 0x08, 0x61, 0x08, 0x61, 0x08, 0x61, 0x08, 0x61, 0x08,
    0x61, 0x08, 0x61, 0x08, 0x61, 0x08, 0x61, 0x08, 0x61, 0x08, 0x61, 0x08, 0x61, 0x08, 0x61, 0x08,
    0x61, 0x08, 0x61, 0x08, 0x61, 0x08, 0x61, 0x08, 0x61, 0x08, 0x61, 0x08, 0x61, 0x08, 0x61, 0x08,
    0x61, 0x08, 0x61, 0x08, 0x61, 0x08, 0x61, 0x08, 0x61, 0x08, 0x61, 0x08, 0x61, 0x08, 0x61, 0x08,
    0x61, 0x08, 0x61, 0x08, 0x61, 0x08, 0x61, 0x08, 0x61, 0x08, 0x61, 0x08, 0x61, 0x08, 0x61, 0x08,
    0x61, 0x08, 0x61, 0x08, 0x61, 0x08, 0x61, 0x08, 0x61, 0x08, 0x61, 0x08, 0x83, 0x18, 0x15, 0xaa,
    0x3e, 0xf3, 0x5f, 0xfb, 0x5f, 0xfb, 0x5f, 0xfb, 0x5f, 0xfb, 0x5f, 0xfb, 0x5f, 0xfb, 0x5f, 0xfb,
    0x5f, 0xfb, 0x5f, 0xfb, 0x5f, 0xfb, 0x5f, 0xfb, 0x5f, 0xfb, 0x5f, 0xfb, 0x5f, 0xfb, 0x5f, 0xfb,
    0x5f, 0xfb, 0x5f, 0xfb, 0x5f, 0xfb, 0x5f, 0xfb, 0x5f, 0xfb, 0x5f, 0xfb, 0x5f, 0xfb, 0x5f, 0xfb,
    0x5f, 0xfb, 0x5f, 0xfb, 0x5f, 0xfb, 0x5f, 0xfb, 0x5f, 0xfb, 0x5f, 0xfb, 0x5f, 0xfb, 0x5f, 0xfb,
    0x5f, 0xfb, 0x5f, 0xfb, 0x5f, 0xfb, 0x5f, 0xfb, 0x5f, 0xfb, 0x5f, 0xfb, 0x5f, 0xfb, 0x5f, 0xfb,
    0x5f, 0xfb, 0x5f, 0xfb, 0x5f, 0xfb, 0x5f, 0xfb, 0x5f, 0xfb, 0x5f, 0xfb, 0x5f, 0xfb, 0x5f, 0xfb,
    0x5f, 0xfb, 0x5f, 0xfb, 0x5f, 0xfb, 0x5f, 0xfb, 0x5f, 0xfb, 0x5f, 0xfb, 0x5f, 0xfb, 0x5f, 0xfb,
    0x5f, 0xfb, 0x5f, 0xfb, 0x5f, 0xfb, 0x5f, 0xfb, 0x5f, 0xfb, 0x5f, 0xfb, 0x5f, 0xfb, 0x5f, 0xfb,
    0x5f, 0xfb, 0x5f, 0xfb, 0x5f, 0xfb, 0x5f, 0xfb, 0x5f, 0xfb, 0x5f, 0xfb, 0x5f, 0xfb, 0x5f, 0xfb,
    0x5f, 0xfb, 0x5f, 0xfb, 0x5f, 0xfb, 0x5f, 0xfb, 0x5f, 0xfb, 0x5f, 0xfb, 0x5f, 0xfb, 0x5f, 0xfb,
    0x5f, 0xfb, 0x5f, 0xfb, 0x5f, 0xfb, 0x5f, 0xfb, 0x5f, 0xfb, 0x5f, 0xfb, 0x5f, 0xfb, 0x5f, 0xfb,
    0x5f, 0xfb, 0x5f, 0xfb, 0x5f, 0xfb, 0x5f, 0xfb, 0x5f, 0xfb, 0x5f, 0xfb, 0x5f, 0xfb, 0x5f, 0xfb,
    0x5f, 0xfb, 0x5f, 0xfb, 0x5f, 0xfb, 0x5f, 0xfb, 0x5f, 0xfb, 0x5f, 0xfb, 0x5f, 0xfb, 0x5f, 0xfb,
    0x5f, 0xfb, 0x5f, 0xfb, 0x5f, 0xfb, 0x5f, 0xfb, 0x5f, 0xfb, 0x5f, 0xfb, 0x5f, 0xfb, 0x5f, 0xfb,
    0x5f, 0xfb, 0x5f, 0xfb, 0x5f, 0xfb, 0x5f, 0xfb, 0x5f, 0xfb, 0x5f, 0xfb, 0x5f, 0xfb, 0x5f, 0xfb,
    0x5f, 0xfb, 0x5f, 0xfb, 0x5f, 0xfb, 0x5f, 0xfb, 0x5f, 0xfb, 0x5f, 0xfb, 0x5f, 0xfb, 0x5f, 0xfb,
    0x5f, 0xfb, 0x5f, 0xfb, 0x5f, 0xfb, 0x5f, 0xfb, 0x5f, 0xfb, 0x5f, 0xfb, 0x5f, 0xfb, 0x5f, 0xfb,
    0x5f, 0xfb, 0x5f, 0xfb, 0x5f, 0xfb, 0x5f, 0xfb, 0x5f, 0xfb, 0x5f, 0xfb, 0x1f, 0xfb, 0x98, 0xba,
    0xa4, 0x20, 0x61, 0x08, 0x61, 0x08, 0x61, 0x08, 0x61, 0x08, 0x61, 0x08, 0x61, 0x08, 0x61, 0x08,
    0x61, 0x08, 0x61, 0x08, 0x61, 0x08, 0x61, 0x08, 0x61, 0x08, 0x61, 0x08, 0x61, 0x08, 0x61, 0x08,
    0x61, 0x08, 0x61, 0x08, 0x61, 0x08, 0x61, 0x08, 0x61, 0x08, 0x61, 0x08, 0x61, 0x08, 0x61, 0x08,
    0x61, 0x08, 0x61, 0x08, 0x61, 0x08, 0x61, 0x08, 0x61, 0x08, 0x61, 0x08, 0x61, 0x08, 0x61, 0x08,
    0x61, 0x08, 0x61, 0x08, 0x61, 0x08, 0x61, 0x08, 0x61, 0x08, 0x61, 0x08, 0x61, 0x08, 0x61, 0x08,
    0x61, 0x08, 0x61, 0x08, 0x61, 0x08, 0x61, 0x08, 0x61, 0x08, 0x61, 0x08, 0x61, 0x08, 0x61, 0x08,
    0x61, 0x08, 0x61, 0x08, 0x61, 0x08, 0x61, 0x08, 0x61, 0x08, 0x61, 0x08, 0x61, 0x08, 0x61, 0x08,
    0x61, 0x08, 0x61, 0x08, 0x61, 0x08, 0x61, 0x08, 0x61, 0x08, 0x61, 0x08, 0x61, 0x08, 0x61, 0x08,
    0x61, 0x08, 0x61, 0x08, 0x61, 0x08, 0x61, 0x08, 0x61, 0x08, 0x61, 0x08, 0x61, 0x08, 0x61, 0x08,
    0x61, 0x08, 0x61, 0x08, 0x61, 0x08, 0x61, 0x08, 0x61, 0x08, 0x61, 0x08, 0x61, 0x08, 0x61, 0x08,
    0x61, 0x08, 0x61, 0x08, 0x61, 0x08, 0x61, 0x08, 0x61, 0x08, 0x61, 0x08, 0x61, 0x08, 0x61, 0x08,
    0x61, 0x08, 0x61, 0x08, 0x61, 0x08, 0x61, 0x08, 0x61, 0x08, 0x61, 0x08, 0x82, 0x10, 0x6b, 0x61,
    0x1e, 0xf3, 0x5f, 0xfb, 0x5f, 0xfb, 0x5f, 0xfb, 0x5f, 0xfb, 0x5f, 0xfb, 0x5f, 0xfb, 0x5f, 0xfb,
    0x5f, 0xfb, 0x5f, 0xfb, 0x5f, 0xfb, 0x5f, 0xfb, 0x5f, 0xfb, 0x5f, 0xfb, 0x5f, 0xfb, 0x5f, 0xfb,
    0x5f, 0xfb, 0x5f, 0xfb, 0x5f, 0xfb, 0x5f, 0xfb, 0x5f, 0xfb, 0x5f, 0xfb, 0x5f, 0xfb, 0x5f, 0xfb,
    0x5f, 0xfb, 0x5f, 0xfb, 0x5f, 0xfb, 0x5f, 0xfb, 0x5f, 0xfb, 0x5f, 0xfb, 0x5f, 0xfb, 0x5f, 0xfb,
    0x5f, 0xfb, 0x5f, 0xfb, 0x5f, 0xfb, 0x5f, 0xfb, 0x5f, 0xfb, 0x5f, 0xfb, 0x5f, 0xfb, 0x5f, 0xfb,
    0x5f, 0xfb, 0x5f, 0xfb, 0x5f, 0xfb, 0x5f, 0xfb, 0x5f, 0xfb, 0x5f, 0xfb, 0x5f, 0xfb, 0x5f, 0xfb,
    0x5f, 0xfb, 0x5f, 0xfb, 0x5f, 0xfb, 0x5f, 0xfb, 0x5f, 0xfb, 0x5f, 0xfb, 0x5f, 0xfb, 0x5f, 0xfb,
    0x5f, 0xfb, 0x5f, 0xfb, 0x5f, 0xfb, 0x5f, 0xfb, 0x5f, 0xfb, 0x5f, 0xfb, 0x5f, 0xfb, 0x5f, 0xfb,
    0x5f, 0xfb, 0x5f, 0xfb, 0x5f, 0xfb, 0x5f, 0xfb, 0x5f, 0xfb, 0x5f, 0xfb, 0x5f, 0xfb, 0x5f, 0xfb,
    0x5f, 0xfb, 0x5f, 0xfb, 0x5f, 0xfb, 0x5f, 0xfb, 0x5f, 0xfb, 0x5f, 0xfb, 0x5f, 0xfb, 0x5f, 0xfb,
    0x5f, 0xfb, 0x5f, 0xfb, 0x5f, 0xfb, 0x5f, 0xfb, 0x5f, 0xfb, 0x5f, 0xfb, 0x5f, 0xfb, 0x5f, 0xfb,
    0x5f, 0xfb, 0x5f, 0xfb, 0x5f, 0xfb, 0x5f, 0xfb, 0x5f, 0xfb, 0x5f, 0xfb, 0x5f, 0xfb, 0x5f, 0xfb,
    0x5f, 0xfb, 0x5f, 0xfb, 0x5f, 0xfb, 0x5f, 0xfb, 0x5f, 0xfb, 0x5f, 0xfb, 0x5f, 0xfb, 0x5f, 0xfb,
    0x5f, 0xfb, 0x5f, 0xfb, 0x5f, 0xfb, 0x5f, 0xfb, 0x5f, 0xfb, 0x5f, 0xfb, 0x5f, 0xfb, 0x5f, 0xfb,
    0x5f, 0xfb, 0x5f, 0xfb, 0x5f, 0xfb, 0x5f, 0xfb, 0x5f, 0xfb, 0x5f, 0xfb, 0x5f, 0xfb, 0x5f, 0xfb,
    0x5f, 0xfb, 0x5f, 0xfb, 0x5f, 0xfb, 0x5f, 0xfb, 0x5f, 0xfb, 0x5f, 0xfb, 0x5f, 0xfb, 0x5f, 0xfb,
    0x5f, 0xfb, 0x5f, 0xfb, 0x5f, 0xfb, 0x5f, 0xfb, 0x5f, 0xfb, 0x5f, 0xfb, 0x5f, 0xfb, 0x5f, 0xfb,
    0x5f, 0xfb, 0x5f, 0xfb, 0x5f, 0xfb, 0x5f, 0xfb, 0x5f, 0xfb, 0x5f, 0xfb, 0x3e, 0xf3, 0xd0, 0x81,
    0x83, 0x18, 0x61, 0x08, 0x61, 0x08, 0x61, 0x08, 0x61, 0x08, 0x61, 0x08, 0x61, 0x08, 0x61, 0x08,
    0x61, 0x08, 0x61, 0x08, 0x61, 0x08, 0x61, 0x08, 0x61, 0x08, 0x61, 0x08, 0x61, 0x08, 0x61, 0x08,
    0x61, 0x08, 0x61, 0x08, 0x61, 0x08, 0x61, 0x08, 0x61, 0x08, 0x61, 0x08, 0x61, 0x08, 0x61, 0x08,
    0x61, 0x08, 0x61, 0x08, 0x61, 0x08, 0x61, 0x08, 0x61, 0x08, 0x61, 0x08, 0x61, 0x08, 0x61, 0x08,
    0x61, 0x08, 0x61, 0x08, 0x61, 0x08, 0x61, 0x08, 0x61, 0x08, 0x61, 0x08, 0x61, 0x08, 0x61, 0x08,
    0x61, 0x08, 0x61, 0x08, 0x61, 0x08, 0x61, 0x08, 0x61, 0x08, 0x61, 0x08, 0x61, 0x08, 0x61, 0x08,
    0x61, 0x08, 0x61, 0x08, 0x61, 0x08, 0x61, 0x08, 0x61, 0x08, 0x61, 0x08, 0x61, 0x08, 0x61, 0x08,
    0x61, 0x08, 0x61, 0x08, 0x61, 0x08, 0x61, 0x08, 0x61, 0x08, 0x61, 0x08, 0x61, 0x08, 0x61, 0x08,
    0x61, 0x08, 0x61, 0x08, 0x61, 0x08, 0x61, 0x08, 0x61, 0x08, 0x61, 0x08, 0x61, 0x08, 0x61, 0x08,
    0x61, 0x08, 0x61, 0x08, 0x61, 0x08, 0x61, 0x08, 0x61, 0x08, 0x61, 0x08, 0x61, 0x08, 0x61, 0x08,
    0x61, 0x08, 0x61, 0x08, 0x61, 0x08, 0x61, 0x08, 0x61, 0x08, 0x61, 0x08, 0x61, 0x08, 0x61, 0x08,
    0x61, 0x08, 0x61, 0x08, 0x61, 0x08, 0x61, 0x08, 0x61, 0x08, 0x61, 0x08, 0x61, 0x08, 0x07, 0x39,
    0xdd, 0xe2, 0x5f, 0xfb, 0x5f, 0xfb, 0x5f, 0xfb, 0x5f, 0xfb, 0x5f, 0xfb, 0x5f, 0xfb, 0x5f, 0xfb,
    0x5f, 0xfb, 0x5f, 0xfb, 0x5f, 0xfb, 0x5f, 0xfb, 0x5f, 0xfb, 0x5f, 0xfb, 0x5f, 0xfb, 0x5f, 0xfb,
    0x5f, 0xfb, 0x5f, 0xfb, 0x5f, 0xfb, 0x5f, 0xfb, 0x5f, 0xfb, 0x5f, 0xfb, 0x5f, 0xfb, 0x5f, 0xfb,
    0x5f, 0xfb, 0x5f, 0xfb, 0x5f, 0xfb, 0x5f, 0xfb, 0x5f, 0xfb, 0x5f, 0xfb, 0x5f, 0xfb, 0x5f, 0xfb,
    0x5f, 0xfb, 0x5f, 0xfb, 0x5f, 0xfb, 0x5f, 0xfb, 0x5f, 0xfb, 0x5f, 0xfb, 0x5f, 0xfb, 0x5f, 0xfb,
    0x5f, 0xfb, 0x5f, 0xfb, 0x5f, 0xfb, 0x5f, 0xfb, 0x5f, 0xfb, 0x5f, 0xfb, 0x5f, 0xfb, 0x5f, 0xfb,
    0x5f, 0xfb, 0x5f, 0xfb, 0x5f, 0xfb, 0x5f, 0xfb, 0x5f, 0xfb, 0x5f, 0xfb, 0x5f, 0xfb, 0x5f, 0xfb,
    0x5f, 0xfb, 0x5f, 0xfb, 0x5f, 0xfb, 0x5f, 0xfb, 0x5f, 0xfb, 0x5f, 0xfb, 0x5f, 0xfb, 0x5f, 0xfb,
    0x5f, 0xfb, 0x5f, 0xfb, 0x5f, 0xfb, 0x5f, 0xfb, 0x5f, 0xfb, 0x5f, 0xfb, 0x5f, 0xfb, 0x5f, 0xfb,
    0x5f, 0xfb, 0x5f, 0xfb, 0x5f, 0xfb, 0x5f, 0xfb, 0x5f, 0xfb, 0x5f, 0xfb, 0x5f, 0xfb, 0x5f, 0xfb,
    0x5f, 0xfb, 0x5f, 0xfb, 0x5f, 0xfb, 0x5f, 0xfb, 0x5f, 0xfb, 0x5f, 0xfb, 0x5f, 0xfb, 0x5f, 0xfb,
    0x5f, 0xfb, 0x5f, 0xfb, 0x5f, 0xfb, 0x5f, 0xfb, 0x5f, 0xfb, 0x5f, 0xfb, 0x5f, 0xfb, 0x5f, 0xfb,
    0x5f, 0xfb, 0x5f, 0xfb, 0x5f, 0xfb, 0x5f, 0xfb, 0x5f, 0xfb, 0x5f, 0xfb, 0x5f, 0xfb, 0x5f, 0xfb,
    0x5f, 0xfb, 0x5f, 0xfb, 0x5f, 0xfb, 0x5f, 0xfb, 0x5f, 0xfb, 0x5f, 0xfb, 0x5f, 0xfb, 0x5f, 0xfb,
    0x5f, 0xfb, 0x5f, 0xfb, 0x5f, 0xfb, 0x5f, 0xfb, 0x5f, 0xfb, 0x5f, 0xfb, 0x5f, 0xfb, 0x5f, 0xfb,
    0x5f, 0xfb, 0x5f, 0xfb, 0x5f, 0xfb, 0x5f, 0xfb, 0x5f, 0xfb, 0x5f, 0xfb, 0x5f, 0xfb, 0x5f, 0xfb,
    0x5f, 0xfb, 0x5f, 0xfb, 0x5f, 0xfb, 0x5f, 0xfb, 0x5f, 0xfb, 0x5f, 0xfb, 0x5f, 0xfb, 0x5f, 0xfb,
    0x5f, 0xfb, 0x5f, 0xfb, 0x5f, 0xfb, 0x5f, 0xfb, 0x5f, 0xfb, 0x5f, 0xfb, 0xfd, 0xe2, 0x09, 0x41,
    0x61, 0x08, 0x61, 0x08, 0x61, 0x08, 0x61, 0x08, 0x61, 0x08, 0x61, 0x08, 0x61, 0x08, 0x61, 0x08,
    0x61, 0x08, 0x61, 0x08, 0x61, 0x08, 0x61, 0x08, 0x61, 0x08, 0x61, 0x08, 0x61, 0x08, 0x61, 0x08,
    0x61, 0x08, 0x61, 0x08, 0x61, 0x08, 0x61, 0x08, 0x61, 0x08, 0x61, 0x08, 0x61, 0x08, 0x61, 0x08,
    0x61, 0x08, 0x61, 0x08, 0x61, 0x08, 0x61, 0x08, 0x61, 0x08, 0x61, 0x08, 0x61, 0x08, 0x61, 0x08,
    0x61, 0x08, 0x61, 0x08, 0x61, 0x08, 0x61, 0x08, 0x61, 0x08, 0x61, 0x08, 0x61, 0x08, 0x61, 0x08,
    0x61, 0x08, 0x61, 0x08, 0x61, 0x08, 0x61, 0x08, 0x61, 0x08, 0x61, 0x08, 0x61, 0x08, 0x61, 0x08,
    0x61, 0x08, 0x61, 0x08, 0x61, 0x08, 0x61, 0x08, 0x61, 0x08, 0x61, 0x08, 0x61, 0x08, 0x61, 0x08,
    0x61, 0x08, 0x61, 0x08, 0x61, 0x08, 0x61, 0x08, 0x61, 0x08, 0x61, 0x08, 0x61, 0x08, 0x61, 0x08,
    0x61, 0x08, 0x61, 0x08, 0x61, 0x08, 0x61, 0x08, 0x61, 0x08, 0x61, 0x08, 0x61, 0x08, 0x61, 0x08,
    0x61, 0x08, 0x61, 0x08, 0x61, 0x08, 0x61, 0x08, 0x61, 0x08, 0x61, 0x08, 0x61, 0x08, 0x61, 0x08,
    0x61, 0x08, 0x61, 0x08, 0x61, 0x08, 0x61, 0x08, 0x61, 0x08, 0x61, 0x08, 0x61, 0x08, 0x61, 0x08,
    0x61, 0x08, 0x61, 0x08, 0x61, 0x08, 0x61, 0x08, 0x61, 0x08, 0x61, 0x08, 0x61, 0x08, 0xa4, 0x20,
    0x35, 0xa2, 0x3e, 0xf3, 0x5f, 0xfb, 0x5f, 0xfb, 0x5f, 0xfb, 0x5f, 0xfb, 0x5f, 0xfb, 0x5f, 0xfb,
    0x5f, 0xfb, 0x5f, 0xfb, 0x5f, 0xfb, 0x5f, 0xfb, 0x5f, 0xfb, 0x5f, 0xfb, 0x5f, 0xfb, 0x5f, 0xfb,
    0x5f, 0xfb, 0x5f, 0xfb, 0x5f, 0xfb, 0x5f, 0xfb, 0x5f, 0xfb, 0x5f, 0xfb, 0x5f, 0xfb, 0x5f, 0xfb,
    0x5f, 0xfb, 0x5f, 0xfb, 0x5f, 0xfb, 0x5f, 0xfb, 0x5f, 0xfb, 0x5f, 0xfb, 0x5f, 0xfb, 0x5f, 0xfb,
    0x5f, 0xfb, 0x5f, 0xfb, 0x5f, 0xfb, 0x5f, 0xfb, 0x5f, 0xfb, 0x5f, 0xfb, 0x5f, 0xfb, 0x5f, 0xfb,
    0x5f, 0xfb, 0x5f, 0xfb, 0x5f, 0xfb, 0x5f, 0xfb, 0x5f, 0xfb, 0x5f, 0xfb, 0x5f, 0xfb, 0x5f, 0xfb,
    0x5f, 0xfb, 0x5f, 0xfb, 0x5f, 0xfb, 0x5f, 0xfb, 0x5f, 0xfb, 0x5f, 0xfb, 0x5f, 0xfb, 0x5f, 0xfb,
    0x5f, 0xfb, 0x5f, 0xfb, 0x5f, 0xfb, 0x5f, 0xfb, 0x5f, 0xfb, 0x5f, 0xfb, 0x5f, 0xfb, 0x5f, 0xfb,
    0x5f, 0xfb, 0x5f, 0xfb, 0x5f, 0xfb, 0x5f, 0xfb, 0x5f, 0xfb, 0x5f, 0xfb, 0x5f, 0xfb, 0x5f, 0xfb,
    0x5f, 0xfb, 0x5f, 0xfb, 0x5f, 0xfb, 0x5f, 0xfb, 0x5f, 0xfb, 0x5f, 0xfb, 0x5f, 0xfb, 0x5f, 0xfb,
    0x5f, 0xfb, 0x5f, 0xfb, 0x5f, 0xfb, 0x5f, 0xfb, 0x5f, 0xfb, 0x5f, 0xfb, 0x5f, 0xfb, 0x5f, 0xfb,
    0x5f, 0xfb, 0x5f, 0xfb, 0x5f, 0xfb, 0x5f, 0xfb, 0x5f, 0xfb, 0x5f, 0xfb, 0x5f, 0xfb, 0x5f, 0xfb,
    0x5f, 0xfb, 0x5f, 0xfb, 0x5f, 0xfb, 0x5f, 0xfb, 0x5f, 0xfb, 0x5f, 0xfb, 0x5f, 0xfb, 0x5f, 0xfb,
    0x5f, 0xfb, 0x5f, 0xfb, 0x5f, 0xfb, 0x5f, 0xfb, 0x5f, 0xfb, 0x5f, 0xfb, 0x5f, 0xfb, 0x5f, 0xfb,
    0x5f, 0xfb, 0x5f, 0xfb, 0x5f, 0xfb, 0x5f, 0xfb, 0x5f, 0xfb, 0x5f, 0xfb, 0x5f, 0xfb, 0x5f, 0xfb,
    0x5f, 0xfb, 0x5f, 0xfb, 0x5f, 0xfb, 0x5f, 0xfb, 0x5f, 0xfb, 0x5f, 0xfb, 0x5f, 0xfb, 0x5f, 0xfb,
    0x5f, 0xfb, 0x5f, 0xfb, 0x5f, 0xfb, 0x5f, 0xfb, 0x5f, 0xfb, 0x5f, 0xfb, 0x5f, 0xfb, 0x5f, 0xfb,
    0x5f, 0xfb, 0x5f, 0xfb, 0x5f, 0xfb, 0x5f, 0xfb, 0x5f, 0xfb, 0x1f, 0xfb, 0x98, 0xba, 0xc6, 0x30,
    0x61, 0x08, 0x61, 0x08, 0x61, 0x08, 0x61, 0x08, 0x61, 0x08, 0x61, 0x08, 0x61, 0x08, 0x61, 0x08,
    0x61, 0x08, 0x61, 0x08, 0x61, 0x08, 0x61, 0x08, 0x61, 0x08, 0x61, 0x08, 0x61, 0x08, 0x61, 0x08,
    0x61, 0x08, 0x61, 0x08, 0x61, 0x08, 0x61, 0x08, 0x61, 0x08, 0x61, 0x08, 0x61, 0x08, 0x61, 0x08,
    0x61, 0x08, 0x61, 0x08, 0x61, 0x08, 0x61, 0x08, 0x61, 0x08, 0x61, 0x08, 0x61, 0x08, 0x61, 0x08,
    0x61, 0x08, 0x61, 0x08, 0x61, 0x08, 0x61, 0x08, 0x61, 0x08, 0x61, 0x08, 0x61, 0x08, 0x61, 0x08,
    0x61, 0x08, 0x61, 0x08, 0x61, 0x08, 0x61, 0x08, 0x61, 0x08, 0x61, 0x08, 0x61, 0x08, 0x61, 0x08,
    0x61, 0x08, 0x61, 0x08, 0x61, 0x08, 0x61, 0x08, 0x61, 0x08, 0x61, 0x08, 0x61, 0x08, 0x61, 0x08,
    0x61, 0x08, 0x61, 0x08, 0x61, 0x08, 0x61, 0x08, 0x61, 0x08, 0x61, 0x08, 0x61, 0x08, 0x61, 0x08,
    0x61, 0x08, 0x61, 0x08, 0x61, 0x08, 0x61, 0x08, 0x61, 0x08, 0x61, 0x08, 0x61, 0x08, 0x61, 0x08,
    0x61, 0x08, 0x61, 0x08, 0x61, 0x08, 0x61, 0x08, 0x61, 0x08, 0x61, 0x08, 0x61, 0x08, 0x61, 0x08,
    0x61, 0x08, 0x61, 0x08, 0x61, 0x08, 0x61, 0x08, 0x61, 0x08, 0x61, 0x08, 0x61, 0x08, 0x61, 0x08,
    0x61, 0x08, 0x61, 0x08, 0x61, 0x08, 0x61, 0x08, 0x61, 0x08, 0x61, 0x08, 0x61, 0x08, 0x82, 0x10,
    0x6b, 0x61, 0x3e, 0xf3, 0x5f, 0xfb, 0x5f, 0xfb, 0x5f, 0xfb, 0x5f, 0xfb, 0x5f, 0xfb, 0x5f, 0xfb,
    0x5f, 0xfb, 0x5f, 0xfb, 0x5f, 0xfb, 0x5f, 0xfb, 0x5f, 0xfb, 0x5f, 0xfb, 0x5f, 0xfb, 0x5f, 0xfb,
    0x5f, 0xfb, 0x5f, 0xfb, 0x5f, 0xfb, 0x5f, 0xfb, 0x5f, 0xfb, 0x5f, 0xfb, 0x5f, 0xfb, 0x5f, 0xfb,
    0x5f, 0xfb, 0x5f, 0xfb, 0x5f, 0xfb, 0x5f, 0xfb, 0x5f, 0xfb, 0x5f, 0xfb, 0x5f, 0xfb, 0x5f, 0xfb,
    0x5f, 0xfb, 0x5f, 0xfb, 0x5f, 0xfb, 0x5f, 0xfb, 0x5f, 0xfb, 0x5f, 0xfb, 0x5f, 0xfb, 0x5f, 0xfb,
    0x5f, 0xfb, 0x5f, 0xfb, 0x5f, 0xfb, 0x5f, 0xfb, 0x5f, 0xfb, 0x5f, 0xfb, 0x5f, 0xfb, 0x5f, 0xfb,
    0x5f, 0xfb, 0x5f, 0xfb, 0x5f, 0xfb, 0x5f, 0xfb, 0x5f, 0xfb, 0x5f, 0xfb, 0x5f, 0xfb, 0x5f, 0xfb,
    0x5f, 0xfb, 0x5f, 0xfb, 0x5f, 0xfb, 0x5f, 0xfb, 0x5f, 0xfb, 0x5f, 0xfb, 0x5f, 0xfb, 0x5f, 0xfb,
    0x5f, 0xfb, 0x5f, 0xfb, 0x5f, 0xfb, 0x5f, 0xfb, 0x5f, 0xfb, 0x5f, 0xfb, 0x5f, 0xfb, 0x5f, 0xfb,
    0x5f, 0xfb, 0x5f, 0xfb, 0x5f, 0xfb, 0x5f, 0xfb, 0x5f, 0xfb, 0x5f, 0xfb, 0x5f, 0xfb, 0x5f, 0xfb,
    0x5f, 0xfb, 0x5f, 0xfb, 0x5f, 0xfb, 0x5f, 0xfb, 0x5f, 0xfb, 0x5f, 0xfb, 0x5f, 0xfb, 0x5f, 0xfb,
    0x5f, 0xfb, 0x5f, 0xfb, 0x5f, 0xfb, 0x5f, 0xfb, 0x5f, 0xfb, 0x5f, 0xfb, 0x5f, 0xfb, 0x5f, 0xfb,
    0x5f, 0xfb, 0x5f, 0xfb, 0x5f, 0xfb, 0x5f, 0xfb, 0x5f, 0xfb, 0x5f, 0xfb, 0x5f, 0xfb, 0x5f, 0xfb,
    0x5f, 0xfb, 0x5f, 0xfb, 0x5f, 0xfb, 0x5f, 0xfb, 0x5f, 0xfb, 0x5f, 0xfb, 0x5f, 0xfb, 0x5f, 0xfb,
    0x5f, 0xfb, 0x5f, 0xfb, 0x5f, 0xfb, 0x5f, 0xfb, 0x5f, 0xfb, 0x5f, 0xfb, 0x5f, 0xfb, 0x5f, 0xfb,
    0x5f, 0xfb, 0x5f, 0xfb, 0x5f, 0xfb, 0x5f, 0xfb, 0x5f, 0xfb, 0x5f, 0xfb, 0x5f, 0xfb, 0x5f, 0xfb,
    0x5f, 0xfb, 0x5f, 0xfb, 0x5f, 0xfb, 0x5f, 0xfb, 0x5f, 0xfb, 0x5f, 0xfb, 0x5f, 0xfb, 0x5f, 0xfb,
    0x5f, 0xfb, 0x5f, 0xfb, 0x5f, 0xfb, 0x5f, 0xfb, 0x5f, 0xfb, 0x3e, 0xf3, 0xb0, 0x79, 0x83, 0x18,
    0x61, 0x08, 0x61, 0x08, 0x61, 0x08, 0x61, 0x08, 0x61, 0x08, 0x61, 0x08, 0x61, 0x08, 0x61, 0x08,
    0x61, 0x08, 0x61, 0x08, 0x61, 0x08, 0x61, 0x08, 0x61, 0x08, 0x61, 0x08, 0x61, 0x08, 0x61, 0x08,
    0x61, 0x08, 0x61, 0x08, 0x61, 0x08, 0x61, 0x08, 0x61, 0x08, 0x61, 0x08, 0x61, 0x08, 0x61, 0x08,
    0x61, 0x08, 0x61, 0x08, 0x61, 0x08, 0x61, 0x08, 0x61, 0x08, 0x61, 0x08, 0x61, 0x08, 0x61, 0x08,
    0x61, 0x08, 0x61, 0x08, 0x61, 0x08, 0x61, 0x08, 0x61, 0x08, 0x61, 0x08, 0x61, 0x08, 0x61, 0x08,
    0x61, 0x08, 0x61, 0x08, 0x61, 0x08, 0x61, 0x08, 0x61, 0x08, 0x61, 0x08, 0x61, 0x08, 0x61, 0x08,
    0x61, 0x08, 0x61, 0x08, 0x61, 0x08, 0x61, 0x08, 0x61, 0x08, 0x61, 0x08, 0x61, 0x08, 0x61, 0x08,
    0x61, 0x08, 0x61, 0x08, 0x61, 0x08, 0x61, 0x08, 0x61, 0x08, 0x61, 0x08, 0x61, 0x08, 0x61, 0x08,
    0x61, 0x08, 0x61, 0x08, 0x61, 0x08, 0x61, 0x08, 0x61, 0x08, 0x61, 0x08, 0x61, 0x08, 0x61, 0x08,
    0x61, 0x08, 0x61, 0x08, 0x61, 0x08, 0x61, 0x08, 0x61, 0x08, 0x61, 0x08, 0x61, 0x08, 0x61, 0x08,
    0x61, 0x08, 0x61, 0x08, 0x61, 0x08, 0x61, 0x08, 0x61, 0x08, 0x61, 0x08, 0x61, 0x08, 0x61, 0x08,
    0x61, 0x08, 0x61, 0x08, 0x61, 0x08, 0x61, 0x08, 0x61, 0x08, 0x61, 0x08, 0x61, 0x08, 0x61, 0x08,
    0xc6, 0x30, 0xb8, 0xca, 0x1f, 0xfb, 0x5f, 0xfb, 0x5f, 0xfb, 0x5f, 0xfb, 0x5f, 0xfb, 0x5f, 0xfb,
    0x5f, 0xfb, 0x5f, 0xfb, 0x5f, 0xfb, 0x5f, 0xfb, 0x5f, 0xfb, 0x5f, 0xfb, 0x5f, 0xfb, 0x5f, 0xfb,
    0x5f, 0xfb, 0x5f, 0xfb, 0x5f, 0xfb, 0x5f, 0xfb, 0x5f, 0xfb, 0x5f, 0xfb, 0x5f, 0xfb, 0x5f, 0xfb,
    0x5f, 0xfb, 0x5f, 0xfb, 0x5f, 0xfb, 0x5f, 0xfb, 0x5f, 0xfb, 0x5f, 0xfb, 0x5f, 0xfb, 0x5f, 0xfb,
    0x5f, 0xfb, 0x5f, 0xfb, 0x5f, 0xfb, 0x5f, 0xfb, 0x5f, 0xfb, 0x5f, 0xfb, 0x5f, 0xfb, 0x5f, 0xfb,
    0x5f, 0xfb, 0x5f, 0xfb, 0x5f, 0xfb, 0x5f, 0xfb, 0x5f, 0xfb, 0x5f, 0xfb, 0x5f, 0xfb, 0x5f, 0xfb,
    0x5f, 0xfb, 0x5f, 0xfb, 0x5f, 0xfb, 0x5f, 0xfb, 0x5f, 0xfb, 0x5f, 0xfb, 0x5f, 0xfb, 0x5f, 0xfb,
    0x5f, 0xfb, 0x5f, 0xfb, 0x5f, 0xfb, 0x5f, 0xfb, 0x5f, 0xfb, 0x5f, 0xfb, 0x5f, 0xfb, 0x5f, 0xfb,
    0x5f, 0xfb, 0x5f, 0xfb, 0x5f, 0xfb, 0x5f, 0xfb, 0x5f, 0xfb, 0x5f, 0xfb, 0x5f, 0xfb, 0x5f, 0xfb,
    0x5f, 0xfb, 0x5f, 0xfb, 0x5f, 0xfb, 0x5f, 0xfb, 0x5f, 0xfb, 0x5f, 0xfb, 0x5f, 0xfb, 0x5f, 0xfb,
    0x5f, 0xfb, 0x5f, 0xfb, 0x5f, 0xfb, 0x5f, 0xfb, 0x5f, 0xfb, 0x5f, 0xfb, 0x5f, 0xfb, 0x5f, 0xfb,
    0x5f, 0xfb, 0x5f, 0xfb, 0x5f, 0xfb, 0x5f, 0xfb, 0x5f, 0xfb, 0x5f, 0xfb, 0x5f, 0xfb, 0x5f, 0xfb,
    0x5f, 0xfb, 0x5f, 0xfb, 0x5f, 0xfb, 0x5f, 0xfb, 0x5f, 0xfb, 0x5f, 0xfb, 0x5f, 0xfb, 0x5f, 0xfb,
    0x5f, 0xfb, 0x5f, 0xfb, 0x5f, 0xfb, 0x5f, 0xfb, 0x5f, 0xfb, 0x5f, 0xfb, 0x5f, 0xfb, 0x5f, 0xfb,
    0x5f, 0xfb, 0x5f, 0xfb, 0x5f, 0xfb, 0x5f, 0xfb, 0x5f, 0xfb, 0x5f, 0xfb, 0x5f, 0xfb, 0x5f, 0xfb,
    0x5f, 0xfb, 0x5f, 0xfb, 0x5f, 0xfb, 0x5f, 0xfb, 0x5f, 0xfb, 0x5f, 0xfb, 0x5f, 0xfb, 0x5f, 0xfb,
    0x5f, 0xfb, 0x5f, 0xfb, 0x5f, 0xfb, 0x5f, 0xfb, 0x5f, 0xfb, 0x5f, 0xfb, 0x5f, 0xfb, 0x5f, 0xfb,
    0x5f, 0xfb, 0x5f, 0xfb, 0x5f, 0xfb, 0x5f, 0xfb, 0x5f, 0xfb, 0x1c, 0xe3, 0x09, 0x49, 0x61, 0x08,
    0x61, 0x08, 0x61, 0x08, 0x61, 0x08, 0x61, 0x08, 0x61, 0x08, 0x61, 0x08, 0x61, 0x08, 0x61, 0x08,
    0x61, 0x08, 0x61, 0x08, 0x61, 0x08, 0x61, 0x08, 0x61, 0x08, 0x61, 0x08, 0x61, 0x08, 0x61, 0x08,
    0x61, 0x08, 0x61, 0x08, 0x61, 0x08, 0x61, 0x08, 0x61, 0x08, 0x61, 0x08, 0x61, 0x08, 0x61, 0x08,
    0x61, 0x08, 0x61, 0x08, 0x61, 0x08, 0x61, 0x08, 0x61, 0x08, 0x61, 0x08, 0x61, 0x08, 0x61, 0x08,
    0x61, 0x08, 0x61, 0x08, 0x61, 0x08, 0x61, 0x08, 0x61, 0x08, 0x61, 0x08, 0x61, 0x08, 0x61, 0x08,
    0x61, 0x08, 0x61, 0x08, 0x61, 0x08, 0x61, 0x08, 0x61, 0x08, 0x61, 0x08, 0x61, 0x08, 0x61, 0x08,
    0x61, 0x08, 0x61, 0x08, 0x61, 0x08, 0x61, 0x08, 0x61, 0x08, 0x61, 0x08, 0x61, 0x08, 0x61, 0x08,
    0x61, 0x08, 0x61, 0x08, 0x61, 0x08, 0x61, 0x08, 0x61, 0x08, 0x61, 0x08, 0x61, 0x08, 0x61, 0x08,
    0x61, 0x08, 0x61, 0x08, 0x61, 0x08, 0x61, 0x08, 0x61, 0x08, 0x61, 0x08, 0x61, 0x08, 0x61, 0x08,
    0x61, 0x08, 0x61, 0x08, 0x61, 0x08, 0x61, 0x08, 0x61, 0x08, 0x61, 0x08, 0x61, 0x08, 0x61, 0x08,
    0x61, 0x08, 0x61, 0x08, 0x61, 0x08, 0x61, 0x08, 0x61, 0x08, 0x61, 0x08, 0x61, 0x08, 0x61, 0x08,
    0x61, 0x08, 0x61, 0x08, 0x61, 0x08, 0x61, 0x08, 0x61, 0x08, 0x61, 0x08, 0x61, 0x08, 0x61, 0x08,
    0xa4, 0x20, 0xf1, 0x91, 0x3e, 0xf3, 0x5f, 0xfb, 0x5f, 0xfb, 0x5f, 0xfb, 0x5f, 0xfb, 0x5f, 0xfb,
    0x5f, 0xfb, 0x5f, 0xfb, 0x5f, 0xfb, 0x5f, 0xfb, 0x5f, 0xfb, 0x5f, 0xfb, 0x5f, 0xfb, 0x5f, 0xfb,
    0x5f, 0xfb, 0x5f, 0xfb, 0x5f, 0xfb, 0x5f, 0xfb, 0x5f, 0xfb, 0x5f, 0xfb, 0x5f, 0xfb, 0x5f, 0xfb,
    0x5f, 0xfb, 0x5f, 0xfb, 0x5f, 0xfb, 0x5f, 0xfb, 0x5f, 0xfb, 0x5f, 0xfb, 0x5f, 0xfb, 0x5f, 0xfb,
    0x5f, 0xfb, 0x5f, 0xfb, 0x5f, 0xfb, 0x5f, 0xfb, 0x5f, 0xfb, 0x5f, 0xfb, 0x5f, 0xfb, 0x5f, 0xfb,
    0x5f, 0xfb, 0x5f, 0xfb, 0x5f, 0xfb, 0x5f, 0xfb, 0x5f, 0xfb, 0x5f, 0xfb, 0x5f, 0xfb, 0x5f, 0xfb,
    0x5f, 0xfb, 0x5f, 0xfb, 0x5f, 0xfb, 0x5f, 0xfb, 0x5f, 0xfb, 0x5f, 0xfb, 0x5f, 0xfb, 0x5f, 0xfb,
    0x5f, 0xfb, 0x5f, 0xfb, 0x5f, 0xfb, 0x5f, 0xfb, 0x5f, 0xfb, 0x5f, 0xfb, 0x5f, 0xfb, 0x5f, 0xfb,
    0x5f, 0xfb, 0x5f, 0xfb, 0x5f, 0xfb, 0x5f, 0xfb, 0x5f, 0xfb, 0x5f, 0xfb, 0x5f, 0xfb, 0x5f, 0xfb,
    0x5f, 0xfb, 0x5f, 0xfb, 0x5f, 0xfb, 0x5f, 0xfb, 0x5f, 0xfb, 0x5f, 0xfb, 0x5f, 0xfb, 0x5f, 0xfb,
    0x5f, 0xfb, 0x5f, 0xfb, 0x5f, 0xfb, 0x5f, 0xfb, 0x5f, 0xfb, 0x5f, 0xfb, 0x5f, 0xfb, 0x5f, 0xfb,
    0x5f, 0xfb, 0x5f, 0xfb, 0x5f, 0xfb, 0x5f, 0xfb, 0x5f, 0xfb, 0x5f, 0xfb, 0x5f, 0xfb, 0x5f, 0xfb,
    0x5f, 0xfb, 0x5f, 0xfb, 0x5f, 0xfb, 0x5f, 0xfb, 0x5f, 0xfb, 0x5f, 0xfb, 0x5f, 0xfb, 0x5f, 0xfb,
    0x5f, 0xfb, 0x5f, 0xfb, 0x5f, 0xfb, 0x5f, 0xfb, 0x5f, 0xfb, 0x5f, 0xfb, 0x5f, 0xfb, 0x5f, 0xfb,
    0x5f, 0xfb, 0x5f, 0xfb, 0x5f, 0xfb, 0x5f, 0xfb, 0x5f, 0xfb, 0x5f, 0xfb, 0x5f, 0xfb, 0x5f, 0xfb,
    0x5f, 0xfb, 0x5f, 0xfb, 0x5f, 0xfb, 0x5f, 0xfb, 0x5f, 0xfb, 0x5f, 0xfb, 0x5f, 0xfb, 0x5f, 0xfb,
    0x5f, 0xfb, 0x5f, 0xfb, 0x5f, 0xfb, 0x5f, 0xfb, 0x5f, 0xfb, 0x5f, 0xfb, 0x5f, 0xfb, 0x5f, 0xfb,
    0x5f, 0xfb, 0x5f, 0xfb, 0x5f, 0xfb, 0x5f, 0xfb, 0x1f, 0xfb, 0x78, 0xc2, 0xc6, 0x30, 0x61, 0x08,
    0x61, 0x08, 0x61, 0x08, 0x61, 0x08, 0x61, 0x08, 0x61, 0x08, 0x61, 0x08, 0x61, 0x08, 0x61, 0x08,
    0x61, 0x08, 0x61, 0x08, 0x61, 0x08, 0x61, 0x08, 0x61, 0x08, 0x61, 0x08, 0x61, 0x08, 0x61, 0x08,
    0x61, 0x08, 0x61, 0x08, 0x61, 0x08, 0x61, 0x08, 0x61, 0x08, 0x61, 0x08, 0x61, 0x08, 0x61, 0x08,
    0x61, 0x08, 0x61, 0x08, 0x61, 0x08, 0x61, 0x08, 0x61, 0x08, 0x61, 0x08, 0x61, 0x08, 0x61, 0x08,
    0x61, 0x08, 0x61, 0x08, 0x61, 0x08, 0x61, 0x08, 0x61, 0x08, 0x61, 0x08, 0x61, 0x08, 0x61, 0x08,
    0x61, 0x08, 0x61, 0x08, 0x61, 0x08, 0x61, 0x08, 0x61, 0x08, 0x61, 0x08, 0x61, 0x08, 0x61, 0x08,
    0x61, 0x08, 0x61, 0x08, 0x61, 0x08, 0x61, 0x08, 0x61, 0x08, 0x61, 0x08, 0x61, 0x08, 0x61, 0x08,
    0x61, 0x08, 0x61, 0x08, 0x61, 0x08, 0x61, 0x08, 0x61, 0x08, 0x61, 0x08, 0x61, 0x08, 0x61, 0x08,
    0x61, 0x08, 0x61, 0x08, 0x61, 0x08, 0x61, 0x08, 0x61, 0x08, 0x61, 0x08, 0x61, 0x08, 0x61, 0x08,
    0x61, 0x08, 0x61, 0x08, 0x61, 0x08, 0x61, 0x08, 0x61, 0x08, 0x61, 0x08, 0x61, 0x08, 0x61, 0x08,
    0x61, 0x08, 0x61, 0x08, 0x61, 0x08, 0x61, 0x08, 0x61, 0x08, 0x61, 0x08, 0x61, 0x08, 0x61, 0x08,
    0x61, 0x08, 0x61, 0x08, 0x61, 0x08, 0x61, 0x08, 0x61, 0x08, 0x61, 0x08, 0x61, 0x08, 0x61, 0x08,
    0x82, 0x10, 0x6c, 0x61, 0x3e, 0xf3, 0x5f, 0xfb, 0x5f, 0xfb, 0x5f, 0xfb, 0x5f, 0xfb, 0x5f, 0xfb,
    0x5f, 0xfb, 0x5f, 0xfb, 0x5f, 0xfb, 0x5f, 0xfb, 0x5f, 0xfb, 0x5f, 0xfb, 0x5f, 0xfb, 0x5f, 0xfb,
    0x5f, 0xfb, 0x5f, 0xfb, 0x5f, 0xfb, 0x5f, 0xfb, 0x5f, 0xfb, 0x5f, 0xfb, 0x5f, 0xfb, 0x5f, 0xfb,
    0x5f, 0xfb, 0x5f, 0xfb, 0x5f, 0xfb, 0x5f, 0xfb, 0x5f, 0xfb, 0x5f, 0xfb, 0x5f, 0xfb, 0x5f, 0xfb,
    0x5f, 0xfb, 0x5f, 0xfb, 0x5f, 0xfb, 0x5f, 0xfb, 0x5f, 0xfb, 0x5f, 0xfb, 0x5f, 0xfb, 0x5f, 0xfb,
    0x5f, 0xfb, 0x5f, 0xfb, 0x5f, 0xfb, 0x5f, 0xfb, 0x5f, 0xfb, 0x5f, 0xfb, 0x5f, 0xfb, 0x5f, 0xfb,
    0x5f, 0xfb, 0x5f, 0xfb, 0x5f, 0xfb, 0x5f, 0xfb, 0x5f, 0xfb, 0x5f, 0xfb, 0x5f, 0xfb, 0x5f, 0xfb,
    0x5f, 0xfb, 0x5f, 0xfb, 0x5f, 0xfb, 0x5f, 0xfb, 0x5f, 0xfb, 0x5f, 0xfb, 0x5f, 0xfb, 0x5f, 0xfb,
    0x5f, 0xfb, 0x5f, 0xfb, 0x5f, 0xfb, 0x5f, 0xfb, 0x5f, 0xfb, 0x5f, 0xfb, 0x5f, 0xfb, 0x5f, 0xfb,
    0x5f, 0xfb, 0x5f, 0xfb, 0x5f, 0xfb, 0x5f, 0xfb, 0x5f, 0xfb, 0x5f, 0xfb, 0x5f, 0xfb, 0x5f, 0xfb,
    0x5f, 0xfb, 0x5f, 0xfb, 0x5f, 0xfb, 0x5f, 0xfb, 0x5f, 0xfb, 0x5f, 0xfb, 0x5f, 0xfb, 0x5f, 0xfb,
    0x5f, 0xfb, 0x5f, 0xfb, 0x5f, 0xfb, 0x5f, 0xfb, 0x5f, 0xfb, 0x5f, 0xfb, 0x5f, 0xfb, 0x5f, 0xfb,
    0x5f, 0xfb, 0x5f, 0xfb, 0x5f, 0xfb, 0x5f, 0xfb, 0x5f, 0xfb, 0x5f, 0xfb, 0x5f, 0xfb, 0x5f, 0xfb,
    0x5f, 0xfb, 0x5f, 0xfb, 0x5f, 0xfb, 0x5f, 0xfb, 0x5f, 0xfb, 0x5f, 0xfb, 0x5f, 0xfb, 0x5f, 0xfb,
    0x5f, 0xfb, 0x5f, 0xfb, 0x5f, 0xfb, 0x5f, 0xfb, 0x5f, 0xfb, 0x5f, 0xfb, 0x5f, 0xfb, 0x5f, 0xfb,
    0x5f, 0xfb, 0x5f, 0xfb, 0x5f, 0xfb, 0x5f, 0xfb, 0x5f, 0xfb, 0x5f, 0xfb, 0x5f, 0xfb, 0x5f, 0xfb,
    0x5f, 0xfb, 0x5f, 0xfb, 0x5f, 0xfb, 0x5f, 0xfb, 0x5f, 0xfb, 0x5f, 0xfb, 0x5f, 0xfb, 0x5f, 0xfb,
    0x5f, 0xfb, 0x5f, 0xfb, 0x5f, 0xfb, 0x5f, 0xfb, 0x3e, 0xf3, 0x8d, 0x71, 0x83, 0x10, 0x61, 0x08,
    0x61, 0x08, 0x61, 0x08, 0x61, 0x08, 0x61, 0x08, 0x61, 0x08, 0x61, 0x08, 0x61, 0x08, 0x61, 0x08,
    0x61, 0x08, 0x61, 0x08, 0x61, 0x08, 0x61, 0x08, 0x61, 0x08, 0x61, 0x08, 0x61, 0x08, 0x61, 0x08,
    0x61, 0x08, 0x61, 0x08, 0x61, 0x08, 0x61, 0x08, 0x61, 0x08, 0x61, 0x08, 0x61, 0x08, 0x61, 0x08,
    0x61, 0x08, 0x61, 0x08, 0x61, 0x08, 0x61, 0x08, 0x61, 0x08, 0x61, 0x08, 0x61, 0x08, 0x61, 0x08,
    0x61, 0x08, 0x61, 0x08, 0x61, 0x08, 0x61, 0x08, 0x61, 0x08, 0x61, 0x08, 0x61, 0x08, 0x61, 0x08,
    0x61, 0x08, 0x61, 0x08, 0x61, 0x08, 0x61, 0x08, 0x61, 0x08, 0x61, 0x08, 0x61, 0x08, 0x61, 0x08,
    0x61, 0x08, 0x61, 0x08, 0x61, 0x08, 0x61, 0x08, 0x61, 0x08, 0x61, 0x08, 0x61, 0x08, 0x61, 0x08,
    0x61, 0x08, 0x61, 0x08, 0x61, 0x08, 0x61, 0x08, 0x61, 0x08, 0x61, 0x08, 0x61, 0x08, 0x61, 0x08,
    0x61, 0x08, 0x61, 0x08, 0x61, 0x08, 0x61, 0x08, 0x61, 0x08, 0x61, 0x08, 0x61, 0x08, 0x61, 0x08,
    0x61, 0x08, 0x61, 0x08, 0x61, 0x08, 0x61, 0x08, 0x61, 0x08, 0x61, 0x08, 0x61, 0x08, 0x61, 0x08,
    0x61, 0x08, 0x61, 0x08, 0x61, 0x08, 0x61, 0x08, 0x61, 0x08, 0x61, 0x08, 0x61, 0x08, 0x61, 0x08,
    0x61, 0x08, 0x61, 0x08, 0x61, 0x08, 0x61, 0x08, 0x61, 0x08, 0x61, 0x08, 0x61, 0x08, 0x61, 0x08,
    0x61, 0x08, 0xe7, 0x38, 0x78, 0xc2, 0x5f, 0xfb, 0x5f, 0xfb, 0x5f, 0xfb, 0x5f, 0xfb, 0x5f, 0xfb,
    0x5f, 0xfb, 0x5f, 0xfb, 0x5f, 0xfb, 0x5f, 0xfb, 0x5f, 0xfb, 0x5f, 0xfb, 0x5f, 0xfb, 0x5f, 0xfb,
    0x5f, 0xfb, 0x5f, 0xfb, 0x5f, 0xfb, 0x5f, 0xfb, 0x5f, 0xfb, 0x5f, 0xfb, 0x5f, 0xfb, 0x5f, 0xfb,
    0x5f, 0xfb, 0x5f, 0xfb, 0x5f, 0xfb, 0x5f, 0xfb, 0x5f, 0xfb, 0x5f, 0xfb, 0x5f, 0xfb, 0x5f, 0xfb,
    0x5f, 0xfb, 0x5f, 0xfb, 0x5f, 0xfb, 0x5f, 0xfb, 0x5f, 0xfb, 0x5f, 0xfb, 0x5f, 0xfb, 0x5f, 0xfb,
    0x5f, 0xfb, 0x5f, 0xfb, 0x5f, 0xfb, 0x5f, 0xfb, 0x5f, 0xfb, 0x5f, 0xfb, 0x5f, 0xfb, 0x5f, 0xfb,
    0x5f, 0xfb, 0x5f, 0xfb, 0x5f, 0xfb, 0x5f, 0xfb, 0x5f, 0xfb, 0x5f, 0xfb, 0x5f, 0xfb, 0x5f, 0xfb,
    0x5f, 0xfb, 0x5f, 0xfb, 0x5f, 0xfb, 0x5f, 0xfb, 0x5f, 0xfb, 0x5f, 0xfb, 0x5f, 0xfb, 0x5f, 0xfb,
    0x5f, 0xfb, 0x5f, 0xfb, 0x5f, 0xfb, 0x5f, 0xfb, 0x5f, 0xfb, 0x5f, 0xfb, 0x5f, 0xfb, 0x5f, 0xfb,
    0x5f, 0xfb, 0x5f, 0xfb, 0x5f, 0xfb, 0x5f, 0xfb, 0x5f, 0xfb, 0x5f, 0xfb, 0x5f, 0xfb, 0x5f, 0xfb,
    0x5f, 0xfb, 0x5f, 0xfb, 0x5f, 0xfb, 0x5f, 0xfb, 0x5f, 0xfb, 0x5f, 0xfb, 0x5f, 0xfb, 0x5f, 0xfb,
    0x5f, 0xfb, 0x5f, 0xfb, 0x5f, 0xfb, 0x5f, 0xfb, 0x5f, 0xfb, 0x5f, 0xfb, 0x5f, 0xfb, 0x5f, 0xfb,
    0x5f, 0xfb, 0x5f, 0xfb, 0x5f, 0xfb, 0x5f, 0xfb, 0x5f, 0xfb, 0x5f, 0xfb, 0x5f, 0xfb, 0x5f, 0xfb,
    0x5f, 0xfb, 0x5f, 0xfb, 0x5f, 0xfb, 0x5f, 0xfb, 0x5f, 0xfb, 0x5f, 0xfb, 0x5f, 0xfb, 0x5f, 0xfb,
    0x5f, 0xfb, 0x5f, 0xfb, 0x5f, 0xfb, 0x5f, 0xfb, 0x5f, 0xfb, 0x5f, 0xfb, 0x5f, 0xfb, 0x5f, 0xfb,
    0x5f, 0xfb, 0x5f, 0xfb, 0x5f, 0xfb, 0x5f, 0xfb, 0x5f, 0xfb, 0x5f, 0xfb, 0x5f, 0xfb, 0x5f, 0xfb,
    0x5f, 0xfb, 0x5f, 0xfb, 0x5f, 0xfb, 0x5f, 0xfb, 0x5f, 0xfb, 0x5f, 0xfb, 0x5f, 0xfb, 0x5f, 0xfb,
    0x5f, 0xfb, 0x5f, 0xfb, 0x5f, 0xfb, 0x5f, 0xfb, 0xfc, 0xda, 0x09, 0x49, 0x61, 0x08, 0x61, 0x08,
    0x61, 0x08, 0x61, 0x08, 0x61, 0x08, 0x61, 0x08, 0x61, 0x08, 0x61, 0x08, 0x61, 0x08, 0x61, 0x08,
    0x61, 0x08, 0x61, 0x08, 0x61, 0x08, 0x61, 0x08, 0x61, 0x08, 0x61, 0x08, 0x61, 0x08, 0x61, 0x08,
    0x61, 0x08, 0x61, 0x08, 0x61, 0x08, 0x61, 0x08, 0x61, 0x08, 0x61, 0x08, 0x61, 0x08, 0x61, 0x08,
    0x61, 0x08, 0x61, 0x08, 0x61, 0x08, 0x61, 0x08, 0x61, 0x08, 0x61, 0x08, 0x61, 0x08, 0x61, 0x08,
    0x61, 0x08, 0x61, 0x08, 0x61, 0x08, 0x61, 0x08, 0x61, 0x08, 0x61, 0x08, 0x61, 0x08, 0x61, 0x08,
    0x61, 0x08, 0x61, 0x08, 0x61, 0x08, 0x61, 0x08, 0x61, 0x08, 0x61, 0x08, 0x61, 0x08, 0x61, 0x08,
    0x61, 0x08, 0x61, 0x08, 0x61, 0x08, 0x61, 0x08, 0x61, 0x08, 0x61, 0x08, 0x61, 0x08, 0x61, 0x08,
    0x61, 0x08, 0x61, 0x08, 0x61, 0x08, 0x61, 0x08, 0x61, 0x08, 0x61, 0x08, 0x61, 0x08, 0x61, 0x08,
    0x61, 0x08, 0x61, 0x08, 0x61, 0x08, 0x61, 0x08, 0x61, 0x08, 0x61, 0x08, 0x61, 0x08, 0x61, 0x08,
    0x61, 0x08, 0x61, 0x08, 0x61, 0x08, 0x61, 0x08, 0x61, 0x08, 0x61, 0x08, 0x61, 0x08, 0x61, 0x08,
    0x61, 0x08, 0x61, 0x08, 0x61, 0x08, 0x61, 0x08, 0x61, 0x08, 0x61, 0x08, 0x61, 0x08, 0x61, 0x08,
    0x61, 0x08, 0x61, 0x08, 0x61, 0x08, 0x61, 0x08, 0x61, 0x08, 0x61, 0x08, 0x61, 0x08, 0x61, 0x08,
    0x61, 0x08, 0xa4, 0x20, 0xf1, 0x91, 0x1f, 0xfb, 0x5f, 0xfb, 0x5f, 0xfb, 0x5f, 0xfb, 0x5f, 0xfb,
    0x5f, 0xfb, 0x5f, 0xfb, 0x5f, 0xfb, 0x5f, 0xfb, 0x5f, 0xfb, 0x5f, 0xfb, 0x5f, 0xfb, 0x5f, 0xfb,
    0x5f, 0xfb, 0x5f, 0xfb, 0x5f, 0xfb, 0x5f, 0xfb, 0x5f, 0xfb, 0x5f, 0xfb, 0x5f, 0xfb, 0x5f, 0xfb,
    0x5f, 0xfb, 0x5f, 0xfb, 0x5f, 0xfb, 0x5f, 0xfb, 0x5f, 0xfb, 0x5f, 0xfb, 0x5f, 0xfb, 0x5f, 0xfb,
    0x5f, 0xfb, 0x5f, 0xfb, 0x5f, 0xfb, 0x5f, 0xfb, 0x5f, 0xfb, 0x5f, 0xfb, 0x5f, 0xfb, 0x5f, 0xfb,
    0x5f, 0xfb, 0x5f, 0xfb, 0x5f, 0xfb, 0x5f, 0xfb, 0x5f, 0xfb, 0x5f, 0xfb, 0x5f, 0xfb, 0x5f, 0xfb,
    0x5f, 0xfb, 0x5f, 0xfb, 0x5f, 0xfb, 0x5f, 0xfb, 0x5f, 0xfb, 0x5f, 0xfb, 0x5f, 0xfb, 0x5f, 0xfb,
    0x5f, 0xfb, 0x5f, 0xfb, 0x5f, 0xfb, 0x5f, 0xfb, 0x5f, 0xfb, 0x5f, 0xfb, 0x5f, 0xfb, 0x5f, 0xfb,
    0x5f, 0xfb, 0x5f, 0xfb, 0x5f, 0xfb, 0x5f, 0xfb, 0x5f, 0xfb, 0x5f, 0xfb, 0x5f, 0xfb, 0x5f, 0xfb,
    0x5f, 0xfb, 0x5f, 0xfb, 0x5f, 0xfb, 0x5f, 0xfb, 0x5f, 0xfb, 0x5f, 0xfb, 0x5f, 0xfb, 0x5f, 0xfb,
    0x5f, 0xfb, 0x5f, 0xfb, 0x5f, 0xfb, 0x5f, 0xfb, 0x5f, 0xfb, 0x5f, 0xfb, 0x5f, 0xfb, 0x5f, 0xfb,
    0x5f, 0xfb, 0x5f, 0xfb, 0x5f, 0xfb, 0x5f, 0xfb, 0x5f, 0xfb, 0x5f, 0xfb, 0x5f, 0xfb, 0x5f, 0xfb,
    0x5f, 0xfb, 0x5f, 0xfb, 0x5f, 0xfb, 0x5f, 0xfb, 0x5f, 0xfb, 0x5f, 0xfb, 0x5f, 0xfb, 0x5f, 0xfb,
    0x5f, 0xfb, 0x5f, 0xfb, 0x5f, 0xfb, 0x5f, 0xfb, 0x5f, 0xfb, 0x5f, 0xfb, 0x5f, 0xfb, 0x5f, 0xfb,
    0x5f, 0xfb, 0x5f, 0xfb, 0x5f, 0xfb, 0x5f, 0xfb, 0x5f, 0xfb, 0x5f, 0xfb, 0x5f, 0xfb, 0x5f, 0xfb,
    0x5f, 0xfb, 0x5f, 0xfb, 0x5f, 0xfb, 0x5f, 0xfb, 0x5f, 0xfb, 0x5f, 0xfb, 0x5f, 0xfb, 0x5f, 0xfb,
    0x5f, 0xfb, 0x5f, 0xfb, 0x5f, 0xfb, 0x5f, 0xfb, 0x5f, 0xfb, 0x5f, 0xfb, 0x5f, 0xfb, 0x5f, 0xfb,
    0x5f, 0xfb, 0x5f, 0xfb, 0x5f, 0xfb, 0x1f, 0xfb, 0x13, 0x9a, 0xa5, 0x28, 0x61, 0x08, 0x61, 0x08,
    0x61, 0x08, 0x61, 0x08, 0x61, 0x08, 0x61, 0x08, 0x61, 0x08, 0x61, 0x08, 0x61, 0x08, 0x61, 0x08,
    0x61, 0x08, 0x61, 0x08, 0x61, 0x08, 0x61, 0x08, 0x61, 0x08, 0x61, 0x08, 0x61, 0x08, 0x61, 0x08,
    0x61, 0x08, 0x61, 0x08, 0x61, 0x08, 0x61, 0x08, 0x61, 0x08, 0x61, 0x08, 0x61, 0x08, 0x61, 0x08,
    0x61, 0x08, 0x61, 0x08, 0x61, 0x08, 0x61, 0x08, 0x61, 0x08, 0x61, 0x08, 0x61, 0x08, 0x61, 0x08,
    0x61, 0x08, 0x61, 0x08, 0x61, 0x08, 0x61, 0x08, 0x61, 0x08, 0x61, 0x08, 0x61, 0x08, 0x61, 0x08,
    0x61, 0x08, 0x61, 0x08, 0x61, 0x08, 0x61, 0x08, 0x61, 0x08, 0x61, 0x08, 0x61, 0x08, 0x61, 0x08,
    0x61, 0x08, 0x61, 0x08, 0x61, 0x08, 0x61, 0x08, 0x61, 0x08, 0x61, 0x08, 0x61, 0x08, 0x61, 0x08,
    0x61, 0x08, 0x61, 0x08, 0x61, 0x08, 0x61, 0x08, 0x61, 0x08, 0x61, 0x08, 0x61, 0x08, 0x61, 0x08,
    0x61, 0x08, 0x61, 0x08, 0x61, 0x08, 0x61, 0x08, 0x61, 0x08, 0x61, 0x08, 0x61, 0x08, 0x61, 0x08,
    0x61, 0x08, 0x61, 0x08, 0x61, 0x08, 0x61, 0x08, 0x61, 0x08, 0x61, 0x08, 0x61, 0x08, 0x61, 0x08,
    0x61, 0x08, 0x61, 0x08, 0x61, 0x08, 0x61, 0x08, 0x61, 0x08, 0x61, 0x08, 0x61, 0x08, 0x61, 0x08,
    0x61, 0x08, 0x61, 0x08, 0x61, 0x08, 0x61, 0x08, 0x61, 0x08, 0x61, 0x08, 0x61, 0x08, 0x61, 0x08,
    0x61, 0x08, 0x82, 0x10, 0x0a, 0x51, 0xfd, 0xe2, 0x5f, 0xfb, 0x5f, 0xfb, 0x5f, 0xfb, 0x5f, 0xfb,
    0x5f, 0xfb, 0x5f, 0xfb, 0x5f, 0xfb, 0x5f, 0xfb, 0x5f, 0xfb, 0x5f, 0xfb, 0x5f, 0xfb, 0x5f, 0xfb,
    0x5f, 0xfb, 0x5f, 0xfb, 0x5f, 0xfb, 0x5f, 0xfb, 0x5f, 0xfb, 0x5f, 0xfb, 0x5f, 0xfb, 0x5f, 0xfb,
    0x5f, 0xfb, 0x5f, 0xfb, 0x5f, 0xfb, 0x5f, 0xfb, 0x5f, 0xfb, 0x5f, 0xfb, 0x5f, 0xfb, 0x5f, 0xfb,
    0x5f, 0xfb, 0x5f, 0xfb, 0x5f, 0xfb, 0x5f, 0xfb, 0x5f, 0xfb, 0x5f, 0xfb, 0x5f, 0xfb, 0x5f, 0xfb,
    0x5f, 0xfb, 0x5f, 0xfb, 0x5f, 0xfb, 0x5f, 0xfb, 0x5f, 0xfb, 0x5f, 0xfb, 0x5f, 0xfb, 0x5f, 0xfb,
    0x5f, 0xfb, 0x5f, 0xfb, 0x5f, 0xfb, 0x5f, 0xfb, 0x5f, 0xfb, 0x5f, 0xfb, 0x5f, 0xfb, 0x5f, 0xfb,
    0x5f, 0xfb, 0x5f, 0xfb, 0x5f, 0xfb, 0x5f, 0xfb, 0x5f, 0xfb, 0x5f, 0xfb, 0x5f, 0xfb, 0x5f, 0xfb,
    0x5f, 0xfb, 0x5f, 0xfb, 0x5f, 0xfb, 0x5f, 0xfb, 0x5f, 0xfb, 0x5f, 0xfb, 0x5f, 0xfb, 0x5f, 0xfb,
    0x5f, 0xfb, 0x5f, 0xfb, 0x5f, 0xfb, 0x5f, 0xfb, 0x5f, 0xfb, 0x5f, 0xfb, 0x5f, 0xfb, 0x5f, 0xfb,
    0x5f, 0xfb, 0x5f, 0xfb, 0x5f, 0xfb, 0x5f, 0xfb, 0x5f, 0xfb, 0x5f, 0xfb, 0x5f, 0xfb, 0x5f, 0xfb,
    0x5f, 0xfb, 0x5f, 0xfb, 0x5f, 0xfb, 0x5f, 0xfb, 0x5f, 0xfb, 0x5f, 0xfb, 0x5f, 0xfb, 0x5f, 0xfb,
    0x5f, 0xfb, 0x5f, 0xfb, 0x5f, 0xfb, 0x5f, 0xfb, 0x5f, 0xfb, 0x5f, 0xfb, 0x5f, 0xfb, 0x5f, 0xfb,
    0x5f, 0xfb, 0x5f, 0xfb, 0x5f, 0xfb, 0x5f, 0xfb, 0x5f, 0xfb, 0x5f, 0xfb, 0x5f, 0xfb, 0x5f, 0xfb,
    0x5f, 0xfb, 0x5f, 0xfb, 0x5f, 0xfb, 0x5f, 0xfb, 0x5f, 0xfb, 0x5f, 0xfb, 0x5f, 0xfb, 0x5f, 0xfb,
    0x5f, 0xfb, 0x5f, 0xfb, 0x5f, 0xfb, 0x5f, 0xfb, 0x5f, 0xfb, 0x5f, 0xfb, 0x5f, 0xfb, 0x5f, 0xfb,
    0x5f, 0xfb, 0x5f, 0xfb, 0x5f, 0xfb, 0x5f, 0xfb, 0x5f, 0xfb, 0x5f, 0xfb, 0x5f, 0xfb, 0x5f, 0xfb,
    0x5f, 0xfb, 0x5f, 0xfb, 0x5f, 0xfb, 0x1f, 0xfb, 0x6d, 0x69, 0x83, 0x10, 0x61, 0x08, 0x61, 0x08,
    0x61, 0x08, 0x61, 0x08, 0x61, 0x08, 0x61, 0x08, 0x61, 0x08, 0x61, 0x08, 0x61, 0x08, 0x61, 0x08,
    0x61, 0x08, 0x61, 0x08, 0x61, 0x08, 0x61, 0x08, 0x61, 0x08, 0x61, 0x08, 0x61, 0x08, 0x61, 0x08,
    0x61, 0x08, 0x61, 0x08, 0x61, 0x08, 0x61, 0x08, 0x61, 0x08, 0x61, 0x08, 0x61, 0x08, 0x61, 0x08,
    0x61, 0x08, 0x61, 0x08, 0x61, 0x08, 0x61, 0x08, 0x61, 0x08, 0x61, 0x08, 0x61, 0x08, 0x61, 0x08,
    0x61, 0x08, 0x61, 0x08, 0x61, 0x08, 0x61, 0x08, 0x61, 0x08, 0x61, 0x08, 0x61, 0x08, 0x61, 0x08,
    0x61, 0x08, 0x61, 0x08, 0x61, 0x08, 0x61, 0x08, 0x61, 0x08, 0x61, 0x08, 0x61, 0x08, 0x61, 0x08,
    0x61, 0x08, 0x61, 0x08, 0x61, 0x08, 0x61, 0x08, 0x61, 0x08, 0x61, 0x08, 0x61, 0x08, 0x61, 0x08,
    0x61, 0x08, 0x61, 0x08, 0x61, 0x08, 0x61, 0x08, 0x61, 0x08, 0x61, 0x08, 0x61, 0x08, 0x61, 0x08,
    0x61, 0x08, 0x61, 0x08, 0x61, 0x08, 0x61, 0x08, 0x61, 0x08, 0x61, 0x08, 0x61, 0x08, 0x61, 0x08,
    0x61, 0x08, 0x61, 0x08, 0x61, 0x08, 0x61, 0x08, 0x61, 0x08, 0x61, 0x08, 0x61, 0x08, 0x61, 0x08,
    0x61, 0x08, 0x61, 0x08, 0x61, 0x08, 0x61, 0x08, 0x61, 0x08, 0x61, 0x08, 0x61, 0x08, 0x61, 0x08,
    0x61, 0x08, 0x61, 0x08, 0x61, 0x08, 0x61, 0x08, 0x61, 0x08, 0x61, 0x08, 0x61, 0x08, 0x61, 0x08,
    0x61, 0x08, 0x61, 0x08, 0xe8, 0x38, 0x99, 0xca, 0x5f, 0xfb, 0x5f, 0xfb, 0x5f, 0xfb, 0x5f, 0xfb,
    0x5f, 0xfb, 0x5f, 0xfb, 0x5f, 0xfb, 0x5f, 0xfb, 0x5f, 0xfb, 0x5f, 0xfb, 0x5f, 0xfb, 0x5f, 0xfb,
    0x5f, 0xfb, 0x5f, 0xfb, 0x5f, 0xfb, 0x5f, 0xfb, 0x5f, 0xfb, 0x5f, 0xfb, 0x5f, 0xfb, 0x5f, 0xfb,
    0x5f, 0xfb, 0x5f, 0xfb, 0x5f, 0xfb, 0x5f, 0xfb, 0x5f, 0xfb, 0x5f, 0xfb, 0x5f, 0xfb, 0x5f, 0xfb,
    0x5f, 0xfb, 0x5f, 0xfb, 0x5f, 0xfb, 0x5f, 0xfb, 0x5f, 0xfb, 0x5f, 0xfb, 0x5f, 0xfb, 0x5f, 0xfb,
    0x5f, 0xfb, 0x5f, 0xfb, 0x5f, 0xfb, 0x5f, 0xfb, 0x5f, 0xfb, 0x5f, 0xfb, 0x5f, 0xfb, 0x5f, 0xfb,
    0x5f, 0xfb, 0x5f, 0xfb, 0x5f, 0xfb, 0x5f, 0xfb, 0x5f, 0xfb, 0x5f, 0xfb, 0x5f, 0xfb, 0x5f, 0xfb,
    0x5f, 0xfb, 0x5f, 0xfb, 0x5f, 0xfb, 0x5f, 0xfb, 0x5f, 0xfb, 0x5f, 0xfb, 0x5f, 0xfb, 0x5f, 0xfb,
    0x5f, 0xfb, 0x5f, 0xfb, 0x5f, 0xfb, 0x5f, 0xfb, 0x5f, 0xfb, 0x5f, 0xfb, 0x5f, 0xfb, 0x5f, 0xfb,
    0x5f, 0xfb, 0x5f, 0xfb, 0x5f, 0xfb, 0x5f, 0xfb, 0x5f, 0xfb, 0x5f, 0xfb, 0x5f, 0xfb, 0x5f, 0xfb,
    0x5f, 0xfb, 0x5f, 0xfb, 0x5f, 0xfb, 0x5f, 0xfb, 0x5f, 0xfb, 0x5f, 0xfb, 0x5f, 0xfb, 0x5f, 0xfb,
    0x5f, 0xfb, 0x5f, 0xfb, 0x5f, 0xfb, 0x5f, 0xfb, 0x5f, 0xfb, 0x5f, 0xfb, 0x5f, 0xfb, 0x5f, 0xfb,
    0x5f, 0xfb, 0x5f, 0xfb, 0x5f, 0xfb, 0x5f, 0xfb, 0x5f, 0xfb, 0x5f, 0xfb, 0x5f, 0xfb, 0x5f, 0xfb,
    0x5f, 0xfb, 0x5f, 0xfb, 0x5f, 0xfb, 0x5f, 0xfb, 0x5f, 0xfb, 0x5f, 0xfb, 0x5f, 0xfb, 0x5f, 0xfb,
    0x5f, 0xfb, 0x5f, 0xfb, 0x5f, 0xfb, 0x5f, 0xfb, 0x5f, 0xfb, 0x5f, 0xfb, 0x5f, 0xfb, 0x5f, 0xfb,
    0x5f, 0xfb, 0x5f, 0xfb, 0x5f, 0xfb, 0x5f, 0xfb, 0x5f, 0xfb, 0x5f, 0xfb, 0x5f, 0xfb, 0x5f, 0xfb,
    0x5f, 0xfb, 0x5f, 0xfb, 0x5f, 0xfb, 0x5f, 0xfb, 0x5f, 0xfb, 0x5f, 0xfb, 0x5f, 0xfb, 0x5f, 0xfb,
    0x5f, 0xfb, 0x5f, 0xfb, 0x5f, 0xfb, 0xdb, 0xda, 0x0a, 0x49, 0x61, 0x08, 0x61, 0x08, 0x61, 0x08,
    0x61, 0x08, 0x61, 0x08, 0x61, 0x08, 0x61, 0x08, 0x61, 0x08, 0x61, 0x08, 0x61, 0x08, 0x61, 0x08,
    0x61, 0x08, 0x61, 0x08, 0x61, 0x08, 0x61, 0x08, 0x61, 0x08, 0x61, 0x08, 0x61, 0x08, 0x61, 0x08,
    0x61, 0x08, 0x61, 0x08, 0x61, 0x08, 0x61, 0x08, 0x61, 0x08, 0x61, 0x08, 0x61, 0x08, 0x61, 0x08,
    0x61, 0x08, 0x61, 0x08, 0x61, 0x08, 0x61, 0x08, 0x61, 0x08, 0x61, 0x08, 0x61, 0x08, 0x61, 0x08,
    0x61, 0x08, 0x61, 0x08, 0x61, 0x08, 0x61, 0x08, 0x61, 0x08, 0x61, 0x08, 0x61, 0x08, 0x61, 0x08,
    0x61, 0x08, 0x61, 0x08, 0x61, 0x08, 0x61, 0x08, 0x61, 0x08, 0x61, 0x08, 0x61, 0x08, 0x61, 0x08,
    0x61, 0x08, 0x61, 0x08, 0x61, 0x08, 0x61, 0x08, 0x61, 0x08, 0x61, 0x08, 0x61, 0x08, 0x61, 0x08,
    0x61, 0x08, 0x61, 0x08, 0x61, 0x08, 0x61, 0x08, 0x61, 0x08, 0x61, 0x08, 0x61, 0x08, 0x61, 0x08,
    0x61, 0x08, 0x61, 0x08, 0x61, 0x08, 0x61, 0x08, 0x61, 0x08, 0x61, 0x08, 0x61, 0x08, 0x61, 0x08,
    0x61, 0x08, 0x61, 0x08, 0x61, 0x08, 0x61, 0x08, 0x61, 0x08, 0x61, 0x08, 0x61, 0x08, 0x61, 0x08,
    0x61, 0x08, 0x61, 0x08, 0x61, 0x08, 0x61, 0x08, 0x61, 0x08, 0x61, 0x08, 0x61, 0x08, 0x61, 0x08,
    0x61, 0x08, 0x61, 0x08, 0x61, 0x08, 0x61, 0x08, 0x61, 0x08, 0x61, 0x08, 0x61, 0x08, 0x61, 0x08,
    0x61, 0x08, 0x82, 0x10, 0x2a, 0x49, 0xfc, 0xda, 0x5f, 0xfb, 0x5f, 0xfb, 0x5f, 0xfb, 0x5f, 0xfb,
    0x5f, 0xfb, 0x5f, 0xfb, 0x5f, 0xfb, 0x5f, 0xfb, 0x5f, 0xfb, 0x5f, 0xfb, 0x5f, 0xfb, 0x5f, 0xfb,
    0x5f, 0xfb, 0x5f, 0xfb, 0x5f, 0xfb, 0x5f, 0xfb, 0x5f, 0xfb, 0x5f, 0xfb, 0x5f, 0xfb, 0x5f, 0xfb,
    0x5f, 0xfb, 0x5f, 0xfb, 0x5f, 0xfb, 0x5f, 0xfb, 0x5f, 0xfb, 0x5f, 0xfb, 0x5f, 0xfb, 0x5f, 0xfb,
    0x5f, 0xfb, 0x5f, 0xfb, 0x5f, 0xfb, 0x5f, 0xfb, 0x5f, 0xfb, 0x5f, 0xfb, 0x5f, 0xfb, 0x5f, 0xfb,
    0x5f, 0xfb, 0x5f, 0xfb, 0x5f, 0xfb, 0x5f, 0xfb, 0x5f, 0xfb, 0x5f, 0xfb, 0x5f, 0xfb, 0x5f, 0xfb,
    0x5f, 0xfb, 0x5f, 0xfb, 0x5f, 0xfb, 0x5f, 0xfb, 0x5f, 0xfb, 0x5f, 0xfb, 0x5f, 0xfb, 0x5f, 0xfb,
    0x5f, 0xfb, 0x5f, 0xfb, 0x5f, 0xfb, 0x5f, 0xfb, 0x5f, 0xfb, 0x5f, 0xfb, 0x5f, 0xfb, 0x5f, 0xfb,
    0x5f, 0xfb, 0x5f, 0xfb, 0x5f, 0xfb, 0x5f, 0xfb, 0x5f, 0xfb, 0x5f, 0xfb, 0x5f, 0xfb, 0x5f, 0xfb,
    0x5f, 0xfb, 0x5f, 0xfb, 0x5f, 0xfb, 0x5f, 0xfb, 0x5f, 0xfb, 0x5f, 0xfb, 0x5f, 0xfb, 0x5f, 0xfb,
    0x5f, 0xfb, 0x5f, 0xfb, 0x5f, 0xfb, 0x5f, 0xfb, 0x5f, 0xfb, 0x5f, 0xfb, 0x5f, 0xfb, 0x5f, 0xfb,
    0x5f, 0xfb, 0x5f, 0xfb, 0x5f, 0xfb, 0x5f, 0xfb, 0x5f, 0xfb, 0x5f, 0xfb, 0x5f, 0xfb, 0x5f, 0xfb,
    0x5f, 0xfb, 0x5f, 0xfb, 0x5f, 0xfb, 0x5f, 0xfb, 0x5f, 0xfb, 0x5f, 0xfb, 0x5f, 0xfb, 0x5f, 0xfb,
    0x5f, 0xfb, 0x5f, 0xfb, 0x5f, 0xfb, 0x5f, 0xfb, 0x5f, 0xfb, 0x5f, 0xfb, 0x5f, 0xfb, 0x5f, 0xfb,
    0x5f, 0xfb, 0x5f, 0xfb, 0x5f, 0xfb, 0x5f, 0xfb, 0x5f, 0xfb, 0x5f, 0xfb, 0x5f, 0xfb, 0x5f, 0xfb,
    0x5f, 0xfb, 0x5f, 0xfb, 0x5f, 0xfb, 0x5f, 0xfb, 0x5f, 0xfb, 0x5f, 0xfb, 0x5f, 0xfb, 0x5f, 0xfb,
    0x5f, 0xfb, 0x5f, 0xfb, 0x5f, 0xfb, 0x5f, 0xfb, 0x5f, 0xfb, 0x5f, 0xfb, 0x5f, 0xfb, 0x5f, 0xfb,
    0x5f, 0xfb, 0x5f, 0xfb, 0x5f, 0xfb, 0x3e, 0xeb, 0x4c, 0x61, 0x82, 0x10, 0x61, 0x08, 0x61, 0x08,
    0x61, 0x08, 0x61, 0x08, 0x61, 0x08, 0x61, 0x08, 0x61, 0x08, 0x61, 0x08, 0x61, 0x08, 0x61, 0x08,
    0x61, 0x08, 0x61, 0x08, 0x61, 0x08, 0x61, 0x08, 0x61, 0x08, 0x61, 0x08, 0x61, 0x08, 0x61, 0x08,
    0x61, 0x08, 0x61, 0x08, 0x61, 0x08, 0x61, 0x08, 0x61, 0x08, 0x61, 0x08, 0x61, 0x08, 0x61, 0x08,
    0x61, 0x08, 0x61, 0x08, 0x61, 0x08, 0x61, 0x08, 0x61, 0x08, 0x61, 0x08, 0x61, 0x08, 0x61, 0x08,
    0x61, 0x08, 0x61, 0x08, 0x61, 0x08, 0x61, 0x08, 0x61, 0x08, 0x61, 0x08, 0x61, 0x08, 0x61, 0x08,
    0x61, 0x08, 0x61, 0x08, 0x61, 0x08, 0x61, 0x08, 0x61, 0x08, 0x61, 0x08, 0x61, 0x08, 0x61, 0x08,
    0x61, 0x08, 0x61, 0x08, 0x61, 0x08, 0x61, 0x08, 0x61, 0x08, 0x61, 0x08, 0x61, 0x08, 0x61, 0x08,
    0x61, 0x08, 0x61, 0x08, 0x61, 0x08, 0x61, 0x08, 0x61, 0x08, 0x61, 0x08, 0x61, 0x08, 0x61, 0x08,
    0x61, 0x08, 0x61, 0x08, 0x61, 0x08, 0x61, 0x08, 0x61, 0x08, 0x61, 0x08, 0x61, 0x08, 0x61, 0x08,
    0x61, 0x08, 0x61, 0x08, 0x61, 0x08, 0x61, 0x08, 0x61, 0x08, 0x61, 0x08, 0x61, 0x08, 0x61, 0x08,
    0x61, 0x08, 0x61, 0x08, 0x61, 0x08, 0x61, 0x08, 0x61, 0x08, 0x61, 0x08, 0x61, 0x08, 0x61, 0x08,
    0x61, 0x08, 0x61, 0x08, 0x61, 0x08, 0x61, 0x08, 0x61, 0x08, 0x61, 0x08, 0x61, 0x08, 0x61, 0x08,
    0x61, 0x08, 0xa4, 0x20, 0xf2, 0x91, 0x1f, 0xfb, 0x5f, 0xfb, 0x5f, 0xfb, 0x5f, 0xfb, 0x5f, 0xfb,
    0x5f, 0xfb, 0x5f, 0xfb, 0x5f, 0xfb, 0x5f, 0xfb, 0x5f, 0xfb, 0x5f, 0xfb, 0x5f, 0xfb, 0x5f, 0xfb,
    0x5f, 0xfb, 0x5f, 0xfb, 0x5f, 0xfb, 0x5f, 0xfb, 0x5f, 0xfb, 0x5f, 0xfb, 0x5f, 0xfb, 0x5f, 0xfb,
    0x5f, 0xfb, 0x5f, 0xfb, 0x5f, 0xfb, 0x5f, 0xfb, 0x5f, 0xfb, 0x5f, 0xfb, 0x5f, 0xfb, 0x5f, 0xfb,
    0x5f, 0xfb, 0x5f, 0xfb, 0x5f, 0xfb, 0x5f, 0xfb, 0x5f, 0xfb, 0x5f, 0xfb, 0x5f, 0xfb, 0x5f, 0xfb,
    0x5f, 0xfb, 0x5f, 0xfb, 0x5f, 0xfb, 0x5f, 0xfb, 0x5f, 0xfb, 0x5f, 0xfb, 0x5f, 0xfb, 0x5f, 0xfb,
    0x5f, 0xfb, 0x5f, 0xfb, 0x5f, 0xfb, 0x5f, 0xfb, 0x5f, 0xfb, 0x5f, 0xfb, 0x5f, 0xfb, 0x5f, 0xfb,
    0x5f, 0xfb, 0x5f, 0xfb, 0x5f, 0xfb, 0x5f, 0xfb, 0x5f, 0xfb, 0x5f, 0xfb, 0x5f, 0xfb, 0x5f, 0xfb,
    0x5f, 0xfb, 0x5f, 0xfb, 0x5f, 0xfb, 0x5f, 0xfb, 0x5f, 0xfb, 0x5f, 0xfb, 0x5f, 0xfb, 0x5f, 0xfb,
    0x5f, 0xfb, 0x5f, 0xfb, 0x5f, 0xfb, 0x5f, 0xfb, 0x5f, 0xfb, 0x5f, 0xfb, 0x5f, 0xfb, 0x5f, 0xfb,
    0x5f, 0xfb, 0x5f, 0xfb, 0x5f, 0xfb, 0x5f, 0xfb, 0x5f, 0xfb, 0x5f, 0xfb, 0x5f, 0xfb, 0x5f, 0xfb,
    0x5f, 0xfb, 0x5f, 0xfb, 0x5f, 0xfb, 0x5f, 0xfb, 0x5f, 0xfb, 0x5f, 0xfb, 0x5f, 0xfb, 0x5f, 0xfb,
    0x5f, 0xfb, 0x5f, 0xfb, 0x5f, 0xfb, 0x5f, 0xfb, 0x5f, 0xfb, 0x5f, 0xfb, 0x5f, 0xfb, 0x5f, 0xfb,
    0x5f, 0xfb, 0x5f, 0xfb, 0x5f, 0xfb, 0x5f, 0xfb, 0x5f, 0xfb, 0x5f, 0xfb, 0x5f, 0xfb, 0x5f, 0xfb,
    0x5f, 0xfb, 0x5f, 0xfb, 0x5f, 0xfb, 0x5f, 0xfb, 0x5f, 0xfb, 0x5f, 0xfb, 0x5f, 0xfb, 0x5f, 0xfb,
    0x5f, 0xfb, 0x5f, 0xfb, 0x5f, 0xfb, 0x5f, 0xfb, 0x5f, 0xfb, 0x5f, 0xfb, 0x5f, 0xfb, 0x5f, 0xfb,
    0x5f, 0xfb, 0x5f, 0xfb, 0x5f, 0xfb, 0x5f, 0xfb, 0x5f, 0xfb, 0x5f, 0xfb, 0x5f, 0xfb, 0x5f, 0xfb,
    0x5f, 0xfb, 0x5f, 0xfb, 0x5f, 0xfb, 0x1f, 0xfb, 0x35, 0xaa, 0xe7, 0x38, 0x61, 0x08, 0x61, 0x08,
    0x61, 0x08, 0x61, 0x08, 0x61, 0x08, 0x61, 0x08, 0x61, 0x08, 0x61, 0x08, 0x61, 0x08, 0x61, 0x08,
    0x61, 0x08, 0x61, 0x08, 0x61, 0x08, 0x61, 0x08, 0x61, 0x08, 0x61, 0x08, 0x61, 0x08, 0x61, 0x08,
    0x61, 0x08, 0x61, 0x08, 0x61, 0x08, 0x61, 0x08, 0x61, 0x08, 0x61, 0x08, 0x61, 0x08, 0x61, 0x08,
    0x61, 0x08, 0x61, 0x08, 0x61, 0x08, 0x61, 0x08, 0x61, 0x08, 0x61, 0x08, 0x61, 0x08, 0x61, 0x08,
    0x61, 0x08, 0x61, 0x08, 0x61, 0x08, 0x61, 0x08, 0x61, 0x08, 0x61, 0x08, 0x61, 0x08, 0x61, 0x08,
    0x61, 0x08, 0x61, 0x08, 0x61, 0x08, 0x61, 0x08, 0x61, 0x08, 0x61, 0x08, 0x61, 0x08, 0x61, 0x08,
    0x61, 0x08, 0x61, 0x08, 0x61, 0x08, 0x61, 0x08, 0x61, 0x08, 0x61, 0x08, 0x61, 0x08, 0x61, 0x08,
    0x61, 0x08, 0x61, 0x08, 0x61, 0x08, 0x61, 0x08, 0x61, 0x08, 0x61, 0x08, 0x61, 0x08, 0x61, 0x08,
    0x61, 0x08, 0x61, 0x08, 0x61, 0x08, 0x61, 0x08, 0x61, 0x08, 0x61, 0x08, 0x61, 0x08, 0x61, 0x08,
    0x61, 0x08, 0x61, 0x08, 0x61, 0x08, 0x61, 0x08, 0x61, 0x08, 0x61, 0x08, 0x61, 0x08, 0x61, 0x08,
    0x61, 0x08, 0x61, 0x08, 0x61, 0x08, 0x61, 0x08, 0x61, 0x08, 0x61, 0x08, 0x61, 0x08, 0x61, 0x08,
    0x61, 0x08, 0x61, 0x08, 0x61, 0x08, 0x61, 0x08, 0x61, 0x08, 0x61, 0x08, 0x61, 0x08, 0x61, 0x08,
    0x82, 0x10, 0x0a, 0x49, 0xfc, 0xda, 0x5f, 0xfb, 0x5f, 0xfb, 0x5f, 0xfb, 0x5f, 0xfb, 0x5f, 0xfb,
    0x5f, 0xfb, 0x5f, 0xfb, 0x5f, 0xfb, 0x5f, 0xfb, 0x5f, 0xfb, 0x5f, 0xfb, 0x5f, 0xfb, 0x5f, 0xfb,
    0x5f, 0xfb, 0x5f, 0xfb, 0x5f, 0xfb, 0x5f, 0xfb, 0x5f, 0xfb, 0x5f, 0xfb, 0x5f, 0xfb, 0x5f, 0xfb,
    0x5f, 0xfb, 0x5f, 0xfb, 0x5f, 0xfb, 0x5f, 0xfb, 0x5f, 0xfb, 0x5f, 0xfb, 0x5f, 0xfb, 0x5f, 0xfb,
    0x5f, 0xfb, 0x5f, 0xfb, 0x5f, 0xfb, 0x5f, 0xfb, 0x5f, 0xfb, 0x5f, 0xfb, 0x5f, 0xfb, 0x5f, 0xfb,
    0x5f, 0xfb, 0x5f, 0xfb, 0x5f, 0xfb, 0x5f, 0xfb, 0x5f, 0xfb, 0x5f, 0xfb, 0x5f, 0xfb, 0x5f, 0xfb,
    0x5f, 0xfb, 0x5f, 0xfb, 0x5f, 0xfb, 0x5f, 0xfb, 0x5f, 0xfb, 0x5f, 0xfb, 0x5f, 0xfb, 0x5f, 0xfb,
    0x5f, 0xfb, 0x5f, 0xfb, 0x5f, 0xfb, 0x5f, 0xfb, 0x5f, 0xfb, 0x5f, 0xfb, 0x5f, 0xfb, 0x5f, 0xfb,
    0x5f, 0xfb, 0x5f, 0xfb, 0x5f, 0xfb, 0x5f, 0xfb, 0x5f, 0xfb, 0x5f, 0xfb, 0x5f, 0xfb, 0x5f, 0xfb,
    0x5f, 0xfb, 0x5f, 0xfb, 0x5f, 0xfb, 0x5f, 0xfb, 0x5f, 0xfb, 0x5f, 0xfb, 0x5f, 0xfb, 0x5f, 0xfb,
    0x5f, 0xfb, 0x5f, 0xfb, 0x5f, 0xfb, 0x5f, 0xfb, 0x5f, 0xfb, 0x5f, 0xfb, 0x5f, 0xfb, 0x5f, 0xfb,
    0x5f, 0xfb, 0x5f, 0xfb, 0x5f, 0xfb, 0x5f, 0xfb, 0x5f, 0xfb, 0x5f, 0xfb, 0x5f, 0xfb, 0x5f, 0xfb,
    0x5f, 0xfb, 0x5f, 0xfb, 0x5f, 0xfb, 0x5f, 0xfb, 0x5f, 0xfb, 0x5f, 0xfb, 0x5f, 0xfb, 0x5f, 0xfb,
    0x5f, 0xfb, 0x5f, 0xfb, 0x5f, 0xfb, 0x5f, 0xfb, 0x5f, 0xfb, 0x5f, 0xfb, 0x5f, 0xfb, 0x5f, 0xfb,
    0x5f, 0xfb, 0x5f, 0xfb, 0x5f, 0xfb, 0x5f, 0xfb, 0x5f, 0xfb, 0x5f, 0xfb, 0x5f, 0xfb, 0x5f, 0xfb,
    0x5f, 0xfb, 0x5f, 0xfb, 0x5f, 0xfb, 0x5f, 0xfb, 0x5f, 0xfb, 0x5f, 0xfb, 0x5f, 0xfb, 0x5f, 0xfb,
    0x5f, 0xfb, 0x5f, 0xfb, 0x5f, 0xfb, 0x5f, 0xfb, 0x5f, 0xfb, 0x5f, 0xfb, 0x5f, 0xfb, 0x5f, 0xfb,
    0x5f, 0xfb, 0x5f, 0xfb, 0x5f, 0xfb, 0x5f, 0xfb, 0x3e, 0xf3, 0x6c, 0x61, 0x82, 0x10, 0x61, 0x08,
    0x61, 0x08, 0x61, 0x08, 0x61, 0x08, 0x61, 0x08, 0x61, 0x08, 0x61, 0x08, 0x61, 0x08, 0x61, 0x08,
    0x61, 0x08, 0x61, 0x08, 0x61, 0x08, 0x61, 0x08, 0x61, 0x08, 0x61, 0x08, 0x61, 0x08, 0x61, 0x08,
    0x61, 0x08, 0x61, 0x08, 0x61, 0x08, 0x61, 0x08, 0x61, 0x08, 0x61, 0x08, 0x61, 0x08, 0x61, 0x08,
    0x61, 0x08, 0x61, 0x08, 0x61, 0x08, 0x61, 0x08, 0x61, 0x08, 0x61, 0x08, 0x61, 0x08, 0x61, 0x08,
    0x61, 0x08, 0x61, 0x08, 0x61, 0x08, 0x61, 0x08, 0x61, 0x08, 0x61, 0x08, 0x61, 0x08, 0x61, 0x08,
    0x61, 0x08, 0x61, 0x08, 0x61, 0x08, 0x61, 0x08, 0x61, 0x08, 0x61, 0x08, 0x61, 0x08, 0x61, 0x08,
    0x61, 0x08, 0x61, 0x08, 0x61, 0x08, 0x61, 0x08, 0x61, 0x08, 0x61, 0x08, 0x61, 0x08, 0x61, 0x08,
    0x61, 0x08, 0x61, 0x08, 0x61, 0x08, 0x61, 0x08, 0x61, 0x08, 0x61, 0x08, 0x61, 0x08, 0x61, 0x08,
    0x61, 0x08, 0x61, 0x08, 0x61, 0x08, 0x61, 0x08, 0x61, 0x08, 0x61, 0x08, 0x61, 0x08, 0x61, 0x08,
    0x61, 0x08, 0x61, 0x08, 0x61, 0x08, 0x61, 0x08, 0x61, 0x08, 0x61, 0x08, 0x61, 0x08, 0x61, 0x08,
    0x61, 0x08, 0x61, 0x08, 0x61, 0x08, 0x61, 0x08, 0x61, 0x08, 0x61, 0x08, 0x61, 0x08, 0x61, 0x08,
    0x61, 0x08, 0x61, 0x08, 0x61, 0x08, 0x61, 0x08, 0x61, 0x08, 0x61, 0x08, 0x61, 0x08, 0x61, 0x08,
    0xa4, 0x20, 0x13, 0x9a, 0x3e, 0xf3, 0x5f, 0xfb, 0x5f, 0xfb, 0x5f, 0xfb, 0x5f, 0xfb, 0x5f, 0xfb,
    0x5f, 0xfb, 0x5f, 0xfb, 0x5f, 0xfb, 0x5f, 0xfb, 0x5f, 0xfb, 0x5f, 0xfb, 0x5f, 0xfb, 0x5f, 0xfb,
    0x5f, 0xfb, 0x5f, 0xfb, 0x5f, 0xfb, 0x5f, 0xfb, 0x5f, 0xfb, 0x5f, 0xfb, 0x5f, 0xfb, 0x5f, 0xfb,
    0x5f, 0xfb, 0x5f, 0xfb, 0x5f, 0xfb, 0x5f, 0xfb, 0x5f, 0xfb, 0x5f, 0xfb, 0x5f, 0xfb, 0x5f, 0xfb,
    0x5f, 0xfb, 0x5f, 0xfb, 0x5f, 0xfb, 0x5f, 0xfb, 0x5f, 0xfb, 0x5f, 0xfb, 0x5f, 0xfb, 0x5f, 0xfb,
    0x5f, 0xfb, 0x5f, 0xfb, 0x5f, 0xfb, 0x5f, 0xfb, 0x5f, 0xfb, 0x5f, 0xfb, 0x5f, 0xfb, 0x5f, 0xfb,
    0x5f, 0xfb, 0x5f, 0xfb, 0x5f, 0xfb, 0x5f, 0xfb, 0x5f, 0xfb, 0x5f, 0xfb, 0x5f, 0xfb, 0x5f, 0xfb,
    0x5f, 0xfb, 0x5f, 0xfb, 0x5f, 0xfb, 0x5f, 0xfb, 0x5f, 0xfb, 0x5f, 0xfb, 0x5f, 0xfb, 0x5f, 0xfb,
    0x5f, 0xfb, 0x5f, 0xfb, 0x5f, 0xfb, 0x5f, 0xfb, 0x5f, 0xfb, 0x5f, 0xfb, 0x5f, 0xfb, 0x5f, 0xfb,
    0x5f, 0xfb, 0x5f, 0xfb, 0x5f, 0xfb, 0x5f, 0xfb, 0x5f, 0xfb, 0x5f, 0xfb, 0x5f, 0xfb, 0x5f, 0xfb,
    0x5f, 0xfb, 0x5f, 0xfb, 0x5f, 0xfb, 0x5f, 0xfb, 0x5f, 0xfb, 0x5f, 0xfb, 0x5f, 0xfb, 0x5f, 0xfb,
    0x5f, 0xfb, 0x5f, 0xfb, 0x5f, 0xfb, 0x5f, 0xfb, 0x5f, 0xfb, 0x5f, 0xfb, 0x5f, 0xfb, 0x5f, 0xfb,
    0x5f, 0xfb, 0x5f, 0xfb, 0x5f, 0xfb, 0x5f, 0xfb, 0x5f, 0xfb, 0x5f, 0xfb, 0x5f, 0xfb, 0x5f, 0xfb,
    0x5f, 0xfb, 0x5f, 0xfb, 0x5f, 0xfb, 0x5f, 0xfb, 0x5f, 0xfb, 0x5f, 0xfb, 0x5f, 0xfb, 0x5f, 0xfb,
    0x5f, 0xfb, 0x5f, 0xfb, 0x5f, 0xfb, 0x5f, 0xfb, 0x5f, 0xfb, 0x5f, 0xfb, 0x5f, 0xfb, 0x5f, 0xfb,
    0x5f, 0xfb, 0x5f, 0xfb, 0x5f, 0xfb, 0x5f, 0xfb, 0x5f, 0xfb, 0x5f, 0xfb, 0x5f, 0xfb, 0x5f, 0xfb,
    0x5f, 0xfb, 0x5f, 0xfb, 0x5f, 0xfb, 0x5f, 0xfb, 0x5f, 0xfb, 0x5f, 0xfb, 0x5f, 0xfb, 0x5f, 0xfb,
    0x5f, 0xfb, 0x5f, 0xfb, 0x5f, 0xfb, 0x5f, 0xfb, 0x1f, 0xfb, 0xf2, 0x89, 0xa4, 0x20, 0x61, 0x08,
    0x61, 0x08, 0x61, 0x08, 0x61, 0x08, 0x61, 0x08, 0x61, 0x08, 0x61, 0x08, 0x61, 0x08, 0x61, 0x08,
    0x61, 0x08, 0x61, 0x08, 0x61, 0x08, 0x61, 0x08, 0x61, 0x08, 0x61, 0x08, 0x61, 0x08, 0x61, 0x08,
    0x61, 0x08, 0x61, 0x08, 0x61, 0x08, 0x61, 0x08, 0x61, 0x08, 0x61, 0x08, 0x61, 0x08, 0x61, 0x08,
    0x61, 0x08, 0x61, 0x08, 0x61, 0x08, 0x61, 0x08, 0x61, 0x08, 0x61, 0x08, 0x61, 0x08, 0x61, 0x08,
    0x61, 0x08, 0x61, 0x08, 0x61, 0x08, 0x61, 0x08, 0x61, 0x08, 0x61, 0x08, 0x61, 0x08, 0x61, 0x08,
    0x61, 0x08, 0x61, 0x08, 0x61, 0x08, 0x61, 0x08, 0x61, 0x08, 0x61, 0x08, 0x61, 0x08, 0x61, 0x08,
    0x61, 0x08, 0x61, 0x08, 0x61, 0x08, 0x61, 0x08, 0x61, 0x08, 0x61, 0x08, 0x61, 0x08, 0x61, 0x08,
    0x61, 0x08, 0x61, 0x08, 0x61, 0x08, 0x61, 0x08, 0x61, 0x08, 0x61, 0x08, 0x61, 0x08, 0x61, 0x08,
    0x61, 0x08, 0x61, 0x08, 0x61, 0x08, 0x61, 0x08, 0x61, 0x08, 0x61, 0x08, 0x61, 0x08, 0x61, 0x08,
    0x61, 0x08, 0x61, 0x08, 0x61, 0x08, 0x61, 0x08, 0x61, 0x08, 0x61, 0x08, 0x61, 0x08, 0x61, 0x08,
    0x61, 0x08, 0x61, 0x08, 0x61, 0x08, 0x61, 0x08, 0x61, 0x08, 0x61, 0x08, 0x61, 0x08, 0x61, 0x08,
    0x61, 0x08, 0x61, 0x08, 0x61, 0x08, 0x61, 0x08, 0x61, 0x08, 0x61, 0x08, 0x61, 0x08, 0x61, 0x08,
    0xe7, 0x38, 0xfc, 0xda, 0x5f, 0xfb, 0x5f, 0xfb, 0x5f, 0xfb, 0x5f, 0xfb, 0x5f, 0xfb, 0x5f, 0xfb,
    0x5f, 0xfb, 0x5f, 0xfb, 0x5f, 0xfb, 0x5f, 0xfb, 0x5f, 0xfb, 0x5f, 0xfb, 0x5f, 0xfb, 0x5f, 0xfb,
    0x5f, 0xfb, 0x5f, 0xfb, 0x5f, 0xfb, 0x5f, 0xfb, 0x5f, 0xfb, 0x5f, 0xfb, 0x5f, 0xfb, 0x5f, 0xfb,
    0x5f, 0xfb, 0x5f, 0xfb, 0x5f, 0xfb, 0x5f, 0xfb, 0x5f, 0xfb, 0x5f, 0xfb, 0x5f, 0xfb, 0x5f, 0xfb,
    0x5f, 0xfb, 0x5f, 0xfb, 0x5f, 0xfb, 0x5f, 0xfb, 0x5f, 0xfb, 0x5f, 0xfb, 0x5f, 0xfb, 0x5f, 0xfb,
    0x5f, 0xfb, 0x5f, 0xfb, 0x5f, 0xfb, 0x5f, 0xfb, 0x5f, 0xfb, 0x5f, 0xfb, 0x5f, 0xfb, 0x5f, 0xfb,
    0x5f, 0xfb, 0x5f, 0xfb, 0x5f, 0xfb, 0x5f, 0xfb, 0x5f, 0xfb, 0x5f, 0xfb, 0x5f, 0xfb, 0x5f, 0xfb,
    0x5f, 0xfb, 0x5f, 0xfb, 0x5f, 0xfb, 0x5f, 0xfb, 0x5f, 0xfb, 0x5f, 0xfb, 0x5f, 0xfb, 0x5f, 0xfb,
    0x5f, 0xfb, 0x5f, 0xfb, 0x5f, 0xfb, 0x5f, 0xfb, 0x5f, 0xfb, 0x5f, 0xfb, 0x5f, 0xfb, 0x5f, 0xfb,
    0x5f, 0xfb, 0x5f, 0xfb, 0x5f, 0xfb, 0x5f, 0xfb, 0x5f, 0xfb, 0x5f, 0xfb, 0x5f, 0xfb, 0x5f, 0xfb,
    0x5f, 0xfb, 0x5f, 0xfb, 0x5f, 0xfb, 0x5f, 0xfb, 0x5f, 0xfb, 0x5f, 0xfb, 0x5f, 0xfb, 0x5f, 0xfb,
    0x5f, 0xfb, 0x5f, 0xfb, 0x5f, 0xfb, 0x5f, 0xfb, 0x5f, 0xfb, 0x5f, 0xfb, 0x5f, 0xfb, 0x5f, 0xfb,
    0x5f, 0xfb, 0x5f, 0xfb, 0x5f, 0xfb, 0x5f, 0xfb, 0x5f, 0xfb, 0x5f, 0xfb, 0x5f, 0xfb, 0x5f, 0xfb,
    0x5f, 0xfb, 0x5f, 0xfb, 0x5f, 0xfb, 0x5f, 0xfb, 0x5f, 0xfb, 0x5f, 0xfb, 0x5f, 0xfb, 0x5f, 0xfb,
    0x5f, 0xfb, 0x5f, 0xfb, 0x5f, 0xfb, 0x5f, 0xfb, 0x5f, 0xfb, 0x5f, 0xfb, 0x5f, 0xfb, 0x5f, 0xfb,
    0x5f, 0xfb, 0x5f, 0xfb, 0x5f, 0xfb, 0x5f, 0xfb, 0x5f, 0xfb, 0x5f, 0xfb, 0x5f, 0xfb, 0x5f, 0xfb,
    0x5f, 0xfb, 0x5f, 0xfb, 0x5f, 0xfb, 0x5f, 0xfb, 0x5f, 0xfb, 0x5f, 0xfb, 0x5f, 0xfb, 0x5f, 0xfb,
    0x5f, 0xfb, 0x5f, 0xfb, 0x5f, 0xfb, 0x5f, 0xfb, 0x5f, 0xfb, 0xdb, 0xda, 0x2a, 0x49, 0x82, 0x10,
    0x61, 0x08, 0x61, 0x08, 0x61, 0x08, 0x61, 0x08, 0x61, 0x08, 0x61, 0x08, 0x61, 0x08, 0x61, 0x08,
    0x61, 0x08, 0x61, 0x08, 0x61, 0x08, 0x61, 0x08, 0x61, 0x08, 0x61, 0x08, 0x61, 0x08, 0x61, 0x08,
    0x61, 0x08, 0x61, 0x08, 0x61, 0x08, 0x61, 0x08, 0x61, 0x08, 0x61, 0x08, 0x61, 0x08, 0x61, 0x08,
    0x61, 0x08, 0x61, 0x08, 0x61, 0x08, 0x61, 0x08, 0x61, 0x08, 0x61, 0x08, 0x61, 0x08, 0x61, 0x08,
    0x61, 0x08, 0x61, 0x08, 0x61, 0x08, 0x61, 0x08, 0x61, 0x08, 0x61, 0x08, 0x61, 0x08, 0x61, 0x08,
    0x61, 0x08, 0x61, 0x08, 0x61, 0x08, 0x61, 0x08, 0x61, 0x08, 0x61, 0x08, 0x61, 0x08, 0x61, 0x08,
    0x61, 0x08, 0x61, 0x08, 0x61, 0x08, 0x61, 0x08, 0x61, 0x08, 0x61, 0x08, 0x61, 0x08, 0x61, 0x08,
    0x61, 0x08, 0x61, 0x08, 0x61, 0x08, 0x61, 0x08, 0x61, 0x08, 0x61, 0x08, 0x61, 0x08, 0x61, 0x08,
    0x61, 0x08, 0x61, 0x08, 0x61, 0x08, 0x61, 0x08, 0x61, 0x08, 0x61, 0x08, 0x61, 0x08, 0x61, 0x08,
    0x61, 0x08, 0x61, 0x08, 0x61, 0x08, 0x61, 0x08, 0x61, 0x08, 0x61, 0x08, 0x61, 0x08, 0x61, 0x08,
    0x61, 0x08, 0x61, 0x08, 0x61, 0x08, 0x61, 0x08, 0x61, 0x08, 0x61, 0x08, 0x61, 0x08, 0x61, 0x08,
    0x61, 0x08, 0x61, 0x08, 0x61, 0x08, 0x61, 0x08, 0x61, 0x08, 0x61, 0x08, 0x61, 0x08, 0x82, 0x10,
    0xae, 0x79, 0x3e, 0xf3, 0x5f, 0xfb, 0x5f, 0xfb, 0x5f, 0xfb, 0x5f, 0xfb, 0x5f, 0xfb, 0x5f, 0xfb,
    0x5f, 0xfb, 0x5f, 0xfb, 0x5f, 0xfb, 0x5f, 0xfb, 0x5f, 0xfb, 0x5f, 0xfb, 0x5f, 0xfb, 0x5f, 0xfb,
    0x5f, 0xfb, 0x5f, 0xfb, 0x5f, 0xfb, 0x5f, 0xfb, 0x5f, 0xfb, 0x5f, 0xfb, 0x5f, 0xfb, 0x5f, 0xfb,
    0x5f, 0xfb, 0x5f, 0xfb, 0x5f, 0xfb, 0x5f, 0xfb, 0x5f, 0xfb, 0x5f, 0xfb, 0x5f, 0xfb, 0x5f, 0xfb,
    0x5f, 0xfb, 0x5f, 0xfb, 0x5f, 0xfb, 0x5f, 0xfb, 0x5f, 0xfb, 0x5f, 0xfb, 0x5f, 0xfb, 0x5f, 0xfb,
    0x5f, 0xfb, 0x5f, 0xfb, 0x5f, 0xfb, 0x5f, 0xfb, 0x5f, 0xfb, 0x5f, 0xfb, 0x5f, 0xfb, 0x5f, 0xfb,
    0x5f, 0xfb, 0x5f, 0xfb, 0x5f, 0xfb, 0x5f, 0xfb, 0x5f, 0xfb, 0x5f, 0xfb, 0x5f, 0xfb, 0x5f, 0xfb,
    0x5f, 0xfb, 0x5f, 0xfb, 0x5f, 0xfb, 0x5f, 0xfb, 0x5f, 0xfb, 0x5f, 0xfb, 0x5f, 0xfb, 0x5f, 0xfb,
    0x5f, 0xfb, 0x5f, 0xfb, 0x5f, 0xfb, 0x5f, 0xfb, 0x5f, 0xfb, 0x5f, 0xfb, 0x5f, 0xfb, 0x5f, 0xfb,
    0x5f, 0xfb, 0x5f, 0xfb, 0x5f, 0xfb, 0x5f, 0xfb, 0x5f, 0xfb, 0x5f, 0xfb, 0x5f, 0xfb, 0x5f, 0xfb,
    0x5f, 0xfb, 0x5f, 0xfb, 0x5f, 0xfb, 0x5f, 0xfb, 0x5f, 0xfb, 0x5f, 0xfb, 0x5f, 0xfb, 0x5f, 0xfb,
    0x5f, 0xfb, 0x5f, 0xfb, 0x5f, 0xfb, 0x5f, 0xfb, 0x5f, 0xfb, 0x5f, 0xfb, 0x5f, 0xfb, 0x5f, 0xfb,
    0x5f, 0xfb, 0x5f, 0xfb, 0x5f, 0xfb, 0x5f, 0xfb, 0x5f, 0xfb, 0x5f, 0xfb, 0x5f, 0xfb, 0x5f, 0xfb,
    0x5f, 0xfb, 0x5f, 0xfb, 0x5f, 0xfb, 0x5f, 0xfb, 0x5f, 0xfb, 0x5f, 0xfb, 0x5f, 0xfb, 0x5f, 0xfb,
    0x5f, 0xfb, 0x5f, 0xfb, 0x5f, 0xfb, 0x5f, 0xfb, 0x5f, 0xfb, 0x5f, 0xfb, 0x5f, 0xfb, 0x5f, 0xfb,
    0x5f, 0xfb, 0x5f, 0xfb, 0x5f, 0xfb, 0x5f, 0xfb, 0x5f, 0xfb, 0x5f, 0xfb, 0x5f, 0xfb, 0x5f, 0xfb,
    0x5f, 0xfb, 0x5f, 0xfb, 0x5f, 0xfb, 0x5f, 0xfb, 0x5f, 0xfb, 0x5f, 0xfb, 0x5f, 0xfb, 0x5f, 0xfb,
    0x5f, 0xfb, 0x5f, 0xfb, 0x5f, 0xfb, 0x5f, 0xfb, 0x5f, 0xfb, 0x3e, 0xf3, 0xf1, 0x91, 0x84, 0x20,
    0x61, 0x08, 0x61, 0x08, 0x61, 0x08, 0x61, 0x08, 0x61, 0x08, 0x61, 0x08, 0x61, 0x08, 0x61, 0x08,
    0x61, 0x08, 0x61, 0x08, 0x61, 0x08, 0x61, 0x08, 0x61, 0x08, 0x61, 0x08, 0x61, 0x08, 0x61, 0x08,
    0x61, 0x08, 0x61, 0x08, 0x61, 0x08, 0x61, 0x08, 0x61, 0x08, 0x61, 0x08, 0x61, 0x08, 0x61, 0x08,
    0x61, 0x08, 0x61, 0x08, 0x61, 0x08, 0x61, 0x08, 0x61, 0x08, 0x61, 0x08, 0x61, 0x08, 0x61, 0x08,
    0x61, 0x08, 0x61, 0x08, 0x61, 0x08, 0x61, 0x08, 0x61, 0x08, 0x61, 0x08, 0x61, 0x08, 0x61, 0x08,
    0x61, 0x08, 0x61, 0x08, 0x61, 0x08, 0x61, 0x08, 0x61, 0x08, 0x61, 0x08, 0x61, 0x08, 0x61, 0x08,
    0x61, 0x08, 0x61, 0x08, 0x61, 0x08, 0x61, 0x08, 0x61, 0x08, 0x61, 0x08, 0x61, 0x08, 0x61, 0x08,
    0x61, 0x08, 0x61, 0x08, 0x61, 0x08, 0x61, 0x08, 0x61, 0x08, 0x61, 0x08, 0x61, 0x08, 0x61, 0x08,
    0x61, 0x08, 0x61, 0x08, 0x61, 0x08, 0x61, 0x08, 0x61, 0x08, 0x61, 0x08, 0x61, 0x08, 0x61, 0x08,
    0x61, 0x08, 0x61, 0x08, 0x61, 0x08, 0x61, 0x08, 0x61, 0x08, 0x61, 0x08, 0x61, 0x08, 0x61, 0x08,
    0x61, 0x08, 0x61, 0x08, 0x61, 0x08, 0x61, 0x08, 0x61, 0x08, 0x61, 0x08, 0x61, 0x08, 0x61, 0x08,
    0x61, 0x08, 0x61, 0x08, 0x61, 0x08, 0x61, 0x08, 0x61, 0x08, 0x61, 0x08, 0x61, 0x08, 0x84, 0x20,
    0x97, 0xba, 0x1f, 0xfb, 0x5f, 0xfb, 0x5f, 0xfb, 0x5f, 0xfb, 0x5f, 0xfb, 0x5f, 0xfb, 0x5f, 0xfb,
    0x5f, 0xfb, 0x5f, 0xfb, 0x5f, 0xfb, 0x5f, 0xfb, 0x5f, 0xfb, 0x5f, 0xfb, 0x5f, 0xfb, 0x5f, 0xfb,
    0x5f, 0xfb, 0x5f, 0xfb, 0x5f, 0xfb, 0x5f, 0xfb, 0x5f, 0xfb, 0x5f, 0xfb, 0x5f, 0xfb, 0x5f, 0xfb,
    0x5f, 0xfb, 0x5f, 0xfb, 0x5f, 0xfb, 0x5f, 0xfb, 0x5f, 0xfb, 0x5f, 0xfb, 0x5f, 0xfb, 0x5f, 0xfb,
    0x5f, 0xfb, 0x5f, 0xfb, 0x5f, 0xfb, 0x5f, 0xfb, 0x5f, 0xfb, 0x5f, 0xfb, 0x5f, 0xfb, 0x5f, 0xfb,
    0x5f, 0xfb, 0x5f, 0xfb, 0x5f, 0xfb, 0x5f, 0xfb, 0x5f, 0xfb, 0x5f, 0xfb, 0x5f, 0xfb, 0x5f, 0xfb,
    0x5f, 0xfb, 0x5f, 0xfb, 0x5f, 0xfb, 0x5f, 0xfb, 0x5f, 0xfb, 0x5f, 0xfb, 0x5f, 0xfb, 0x5f, 0xfb,
    0x5f, 0xfb, 0x5f, 0xfb, 0x5f, 0xfb, 0x5f, 0xfb, 0x5f, 0xfb, 0x5f, 0xfb, 0x5f, 0xfb, 0x5f, 0xfb,
    0x5f, 0xfb, 0x5f, 0xfb, 0x5f, 0xfb, 0x5f, 0xfb, 0x5f, 0xfb, 0x5f, 0xfb, 0x5f, 0xfb, 0x5f, 0xfb,
    0x5f, 0xfb, 0x5f, 0xfb, 0x5f, 0xfb, 0x5f, 0xfb, 0x5f, 0xfb, 0x5f, 0xfb, 0x5f, 0xfb, 0x5f, 0xfb,
    0x5f, 0xfb, 0x5f, 0xfb, 0x5f, 0xfb, 0x5f, 0xfb, 0x5f, 0xfb, 0x5f, 0xfb, 0x5f, 0xfb, 0x5f, 0xfb,
    0x5f, 0xfb, 0x5f, 0xfb, 0x5f, 0xfb, 0x5f, 0xfb, 0x5f, 0xfb, 0x5f, 0xfb, 0x5f, 0xfb, 0x5f, 0xfb,
    0x5f, 0xfb, 0x5f, 0xfb, 0x5f, 0xfb, 0x5f, 0xfb, 0x5f, 0xfb, 0x5f, 0xfb, 0x5f, 0xfb, 0x5f, 0xfb,
    0x5f, 0xfb, 0x5f, 0xfb, 0x5f, 0xfb, 0x5f, 0xfb, 0x5f, 0xfb, 0x5f, 0xfb, 0x5f, 0xfb, 0x5f, 0xfb,
    0x5f, 0xfb, 0x5f, 0xfb, 0x5f, 0xfb, 0x5f, 0xfb, 0x5f, 0xfb, 0x5f, 0xfb, 0x5f, 0xfb, 0x5f, 0xfb,
    0x5f, 0xfb, 0x5f, 0xfb, 0x5f, 0xfb, 0x5f, 0xfb, 0x5f, 0xfb, 0x5f, 0xfb, 0x5f, 0xfb, 0x5f, 0xfb,
    0x5f, 0xfb, 0x5f, 0xfb, 0x5f, 0xfb, 0x5f, 0xfb, 0x5f, 0xfb, 0x5f, 0xfb, 0x5f, 0xfb, 0x5f, 0xfb,
    0x5f, 0xfb, 0x5f, 0xfb, 0x5f, 0xfb, 0x5f, 0xfb, 0x5f, 0xfb, 0x1f, 0xfb, 0x98, 0xba, 0xe6, 0x30,
    0x61, 0x08, 0x61, 0x08, 0x61, 0x08, 0x61, 0x08, 0x61, 0x08, 0x61, 0x08, 0x61, 0x08, 0x61, 0x08,
    0x61, 0x08, 0x61, 0x08, 0x61, 0x08, 0x61, 0x08, 0x61, 0x08, 0x61, 0x08, 0x61, 0x08, 0x61, 0x08,
    0x61, 0x08, 0x61, 0x08, 0x61, 0x08, 0x61, 0x08, 0x61, 0x08, 0x61, 0x08, 0x61, 0x08, 0x61, 0x08,
    0x61, 0x08, 0x61, 0x08, 0x61, 0x08, 0x61, 0x08, 0x61, 0x08, 0x61, 0x08, 0x61, 0x08, 0x61, 0x08,
    0x61, 0x08, 0x61, 0x08, 0x61, 0x08, 0x61, 0x08, 0x61, 0x08, 0x61, 0x08, 0x61, 0x08, 0x61, 0x08,
    0x61, 0x08, 0x61, 0x08, 0x61, 0x08, 0x61, 0x08, 0x61, 0x08, 0x61, 0x08, 0x61, 0x08, 0x61, 0x08,
    0x61, 0x08, 0x61, 0x08, 0x61, 0x08, 0x61, 0x08, 0x61, 0x08, 0x61, 0x08, 0x61, 0x08, 0x61, 0x08,
    0x61, 0x08, 0x61, 0x08, 0x61, 0x08, 0x61, 0x08, 0x61, 0x08, 0x61, 0x08, 0x61, 0x08, 0x61, 0x08,
    0x61, 0x08, 0x61, 0x08, 0x61, 0x08, 0x61, 0x08, 0x61, 0x08, 0x61, 0x08, 0x61, 0x08, 0x61, 0x08,
    0x61, 0x08, 0x61, 0x08, 0x61, 0x08, 0x61, 0x08, 0x61, 0x08, 0x61, 0x08, 0x61, 0x08, 0x61, 0x08,
    0x61, 0x08, 0x61, 0x08, 0x61, 0x08, 0x61, 0x08, 0x61, 0x08, 0x61, 0x08, 0x61, 0x08, 0x61, 0x08,
    0x61, 0x08, 0x61, 0x08, 0x61, 0x08, 0x61, 0x08, 0x61, 0x08, 0x61, 0x08, 0x61, 0x08, 0x4a, 0x51,
    0xfc, 0xda, 0x5f, 0xfb, 0x5f, 0xfb, 0x5f, 0xfb, 0x5f, 0xfb, 0x5f, 0xfb, 0x5f, 0xfb, 0x5f, 0xfb,
    0x5f, 0xfb, 0x5f, 0xfb, 0x5f, 0xfb, 0x5f, 0xfb, 0x5f, 0xfb, 0x5f, 0xfb, 0x5f, 0xfb, 0x5f, 0xfb,
    0x5f, 0xfb, 0x5f, 0xfb, 0x5f, 0xfb, 0x5f, 0xfb, 0x5f, 0xfb, 0x5f, 0xfb, 0x5f, 0xfb, 0x5f, 0xfb,
    0x5f, 0xfb, 0x5f, 0xfb, 0x5f, 0xfb, 0x5f, 0xfb, 0x5f, 0xfb, 0x5f, 0xfb, 0x5f, 0xfb, 0x5f, 0xfb,
    0x5f, 0xfb, 0x5f, 0xfb, 0x5f, 0xfb, 0x5f, 0xfb, 0x5f, 0xfb, 0x5f, 0xfb, 0x5f, 0xfb, 0x5f, 0xfb,
    0x5f, 0xfb, 0x5f, 0xfb, 0x5f, 0xfb, 0x5f, 0xfb, 0x5f, 0xfb, 0x5f, 0xfb, 0x5f, 0xfb, 0x5f, 0xfb,
    0x5f, 0xfb, 0x5f, 0xfb, 0x5f, 0xfb, 0x5f, 0xfb, 0x5f, 0xfb, 0x5f, 0xfb, 0x5f, 0xfb, 0x5f, 0xfb,
    0x5f, 0xfb, 0x5f, 0xfb, 0x5f, 0xfb, 0x5f, 0xfb, 0x5f, 0xfb, 0x5f, 0xfb, 0x5f, 0xfb, 0x5f, 0xfb,
    0x5f, 0xfb, 0x5f, 0xfb, 0x5f, 0xfb, 0x5f, 0xfb, 0x5f, 0xfb, 0x5f, 0xfb, 0x5f, 0xfb, 0x5f, 0xfb,
    0x5f, 0xfb, 0x5f, 0xfb, 0x5f, 0xfb, 0x5f, 0xfb, 0x5f, 0xfb, 0x5f, 0xfb, 0x5f, 0xfb, 0x5f, 0xfb,
    0x5f, 0xfb, 0x5f, 0xfb, 0x5f, 0xfb, 0x5f, 0xfb, 0x5f, 0xfb, 0x5f, 0xfb, 0x5f, 0xfb, 0x5f, 0xfb,
    0x5f, 0xfb, 0x5f, 0xfb, 0x5f, 0xfb, 0x5f, 0xfb, 0x5f, 0xfb, 0x5f, 0xfb, 0x5f, 0xfb, 0x5f, 0xfb,
    0x5f, 0xfb, 0x5f, 0xfb, 0x5f, 0xfb, 0x5f, 0xfb, 0x5f, 0xfb, 0x5f, 0xfb, 0x5f, 0xfb, 0x5f, 0xfb,
    0x5f, 0xfb, 0x5f, 0xfb, 0x5f, 0xfb, 0x5f, 0xfb, 0x5f, 0xfb, 0x5f, 0xfb, 0x5f, 0xfb, 0x5f, 0xfb,
    0x5f, 0xfb, 0x5f, 0xfb, 0x5f, 0xfb, 0x5f, 0xfb, 0x5f, 0xfb, 0x5f, 0xfb, 0x5f, 0xfb, 0x5f, 0xfb,
    0x5f, 0xfb, 0x5f, 0xfb, 0x5f, 0xfb, 0x5f, 0xfb, 0x5f, 0xfb, 0x5f, 0xfb, 0x5f, 0xfb, 0x5f, 0xfb,
    0x5f, 0xfb, 0x5f, 0xfb, 0x5f, 0xfb, 0x5f, 0xfb, 0x5f, 0xfb, 0x5f, 0xfb, 0x5f, 0xfb, 0x5f, 0xfb,
    0x5f, 0xfb, 0x5f, 0xfb, 0x5f, 0xfb, 0x5f, 0xfb, 0x5f, 0xfb, 0x5f, 0xfb, 0xfd, 0xe2, 0x4b, 0x59,
    0x82, 0x10, 0x61, 0x08, 0x61, 0x08, 0x61, 0x08, 0x61, 0x08, 0x61, 0x08, 0x61, 0x08, 0x61, 0x08,
    0x61, 0x08, 0x61, 0x08, 0x61, 0x08, 0x61, 0x08, 0x61, 0x08, 0x61, 0x08, 0x61, 0x08, 0x61, 0x08,
    0x61, 0x08, 0x61, 0x08, 0x61, 0x08, 0x61, 0x08, 0x61, 0x08, 0x61, 0x08, 0x61, 0x08, 0x61, 0x08,
    0x61, 0x08, 0x61, 0x08, 0x61, 0x08, 0x61, 0x08, 0x61, 0x08, 0x61, 0x08, 0x61, 0x08, 0x61, 0x08,
    0x61, 0x08, 0x61, 0x08, 0x61, 0x08, 0x61, 0x08, 0x61, 0x08, 0x61, 0x08, 0x61, 0x08, 0x61, 0x08,
    0x61, 0x08, 0x61, 0x08, 0x61, 0x08, 0x61, 0x08, 0x61, 0x08, 0x61, 0x08, 0x61, 0x08, 0x61, 0x08,
    0x61, 0x08, 0x61, 0x08, 0x61, 0x08, 0x61, 0x08, 0x61, 0x08, 0x61, 0x08, 0x61, 0x08, 0x61, 0x08,
    0x61, 0x08, 0x61, 0x08, 0x61, 0x08, 0x61, 0x08, 0x61, 0x08, 0x61, 0x08, 0x61, 0x08, 0x61, 0x08,
    0x61, 0x08, 0x61, 0x08, 0x61, 0x08, 0x61, 0x08, 0x61, 0x08, 0x61, 0x08, 0x61, 0x08, 0x61, 0x08,
    0x61, 0x08, 0x61, 0x08, 0x61, 0x08, 0x61, 0x08, 0x61, 0x08, 0x61, 0x08, 0x61, 0x08, 0x61, 0x08,
    0x61, 0x08, 0x61, 0x08, 0x61, 0x08, 0x61, 0x08, 0x61, 0x08, 0x61, 0x08, 0x61, 0x08, 0x61, 0x08,
    0x61, 0x08, 0x61, 0x08, 0x61, 0x08, 0x61, 0x08, 0x61, 0x08, 0x61, 0x08, 0x82, 0x10, 0xf1, 0x91,
    0x3e, 0xf3, 0x5f, 0xfb, 0x5f, 0xfb, 0x5f, 0xfb, 0x5f, 0xfb, 0x5f, 0xfb, 0x5f, 0xfb, 0x5f, 0xfb,
    0x5f, 0xfb, 0x5f, 0xfb, 0x5f, 0xfb, 0x5f, 0xfb, 0x5f, 0xfb, 0x5f, 0xfb, 0x5f, 0xfb, 0x5f, 0xfb,
    0x5f, 0xfb, 0x5f, 0xfb, 0x5f, 0xfb, 0x5f, 0xfb, 0x5f, 0xfb, 0x5f, 0xfb, 0x5f, 0xfb, 0x5f, 0xfb,
    0x5f, 0xfb, 0x5f, 0xfb, 0x5f, 0xfb, 0x5f, 0xfb, 0x5f, 0xfb, 0x5f, 0xfb, 0x5f, 0xfb, 0x5f, 0xfb,
    0x5f, 0xfb, 0x5f, 0xfb, 0x5f, 0xfb, 0x5f, 0xfb, 0x5f, 0xfb, 0x5f, 0xfb, 0x5f, 0xfb, 0x5f, 0xfb,
    0x5f, 0xfb, 0x5f, 0xfb, 0x5f, 0xfb, 0x5f, 0xfb, 0x5f, 0xfb, 0x5f, 0xfb, 0x5f, 0xfb, 0x5f, 0xfb,
    0x5f, 0xfb, 0x5f, 0xfb, 0x5f, 0xfb, 0x5f, 0xfb, 0x5f, 0xfb, 0x5f, 0xfb, 0x5f, 0xfb, 0x5f, 0xfb,
    0x5f, 0xfb, 0x5f, 0xfb, 0x5f, 0xfb, 0x5f, 0xfb, 0x5f, 0xfb, 0x5f, 0xfb, 0x5f, 0xfb, 0x5f, 0xfb,
    0x5f, 0xfb, 0x5f, 0xfb, 0x5f, 0xfb, 0x5f, 0xfb, 0x5f, 0xfb, 0x5f, 0xfb, 0x5f, 0xfb, 0x5f, 0xfb,
    0x5f, 0xfb, 0x5f, 0xfb, 0x5f, 0xfb, 0x5f, 0xfb, 0x5f, 0xfb, 0x5f, 0xfb, 0x5f, 0xfb, 0x5f, 0xfb,
    0x5f, 0xfb, 0x5f, 0xfb, 0x5f, 0xfb, 0x5f, 0xfb, 0x5f, 0xfb, 0x5f, 0xfb, 0x5f, 0xfb, 0x5f, 0xfb,
    0x5f, 0xfb, 0x5f, 0xfb, 0x5f, 0xfb, 0x5f, 0xfb, 0x5f, 0xfb, 0x5f, 0xfb, 0x5f, 0xfb, 0x5f, 0xfb,
    0x5f, 0xfb, 0x5f, 0xfb, 0x5f, 0xfb, 0x5f, 0xfb, 0x5f, 0xfb, 0x5f, 0xfb, 0x5f, 0xfb, 0x5f, 0xfb,
    0x5f, 0xfb, 0x5f, 0xfb, 0x5f, 0xfb, 0x5f, 0xfb, 0x5f, 0xfb, 0x5f, 0xfb, 0x5f, 0xfb, 0x5f, 0xfb,
    0x5f, 0xfb, 0x5f, 0xfb, 0x5f, 0xfb, 0x5f, 0xfb, 0x5f, 0xfb, 0x5f, 0xfb, 0x5f, 0xfb, 0x5f, 0xfb,
    0x5f, 0xfb, 0x5f, 0xfb, 0x5f, 0xfb, 0x5f, 0xfb, 0x5f, 0xfb, 0x5f, 0xfb, 0x5f, 0xfb, 0x5f, 0xfb,
    0x5f, 0xfb, 0x5f, 0xfb, 0x5f, 0xfb, 0x5f, 0xfb, 0x5f, 0xfb, 0x5f, 0xfb, 0x5f, 0xfb, 0x5f, 0xfb,
    0x5f, 0xfb, 0x5f, 0xfb, 0x5f, 0xfb, 0x5f, 0xfb, 0x5f, 0xfb, 0x5f, 0xfb, 0x3e, 0xf3, 0x14, 0xa2,
    0x84, 0x20, 0x61, 0x08, 0x61, 0x08, 0x61, 0x08, 0x61, 0x08, 0x61, 0x08, 0x61, 0x08, 0x61, 0x08,
    0x61, 0x08, 0x61, 0x08, 0x61, 0x08, 0x61, 0x08, 0x61, 0x08, 0x61, 0x08, 0x61, 0x08, 0x61, 0x08,
    0x61, 0x08, 0x61, 0x08, 0x61, 0x08, 0x61, 0x08, 0x61, 0x08, 0x61, 0x08, 0x61, 0x08, 0x61, 0x08,
    0x61, 0x08, 0x61, 0x08, 0x61, 0x08, 0x61, 0x08, 0x61, 0x08, 0x61, 0x08, 0x61, 0x08, 0x61, 0x08,
    0x61, 0x08, 0x61, 0x08, 0x61, 0x08, 0x61, 0x08, 0x61, 0x08, 0x61, 0x08, 0x61, 0x08, 0x61, 0x08,
    0x61, 0x08, 0x61, 0x08, 0x61, 0x08, 0x61, 0x08, 0x61, 0x08, 0x61, 0x08, 0x61, 0x08, 0x61, 0x08,
    0x61, 0x08, 0x61, 0x08, 0x61, 0x08, 0x61, 0x08, 0x61, 0x08, 0x61, 0x08, 0x61, 0x08, 0x61, 0x08,
    0x61, 0x08, 0x61, 0x08, 0x61, 0x08, 0x61, 0x08, 0x61, 0x08, 0x61, 0x08, 0x61, 0x08, 0x61, 0x08,
    0x61, 0x08, 0x61, 0x08, 0x61, 0x08, 0x61, 0x08, 0x61, 0x08, 0x61, 0x08, 0x61, 0x08, 0x61, 0x08,
    0x61, 0x08, 0x61, 0x08, 0x61, 0x08, 0x61, 0x08, 0x61, 0x08, 0x61, 0x08, 0x61, 0x08, 0x61, 0x08,
    0x61, 0x08, 0x61, 0x08, 0x61, 0x08, 0x61, 0x08, 0x61, 0x08, 0x61, 0x08, 0x61, 0x08, 0x61, 0x08,
    0x61, 0x08, 0x61, 0x08, 0x61, 0x08, 0x61, 0x08, 0x61, 0x08, 0x61, 0x08, 0x83, 0x18, 0x97, 0xba,
    0x1f, 0xfb, 0x5f, 0xfb, 0x5f, 0xfb, 0x5f, 0xfb, 0x5f, 0xfb, 0x5f, 0xfb, 0x5f, 0xfb, 0x5f, 0xfb,
    0x5f, 0xfb, 0x5f, 0xfb, 0x5f, 0xfb, 0x5f, 0xfb, 0x5f, 0xfb, 0x5f, 0xfb, 0x5f, 0xfb, 0x5f, 0xfb,
    0x5f, 0xfb, 0x5f, 0xfb, 0x5f, 0xfb, 0x5f, 0xfb, 0x5f, 0xfb, 0x5f, 0xfb, 0x5f, 0xfb, 0x5f, 0xfb,
    0x5f, 0xfb, 0x5f, 0xfb, 0x5f, 0xfb, 0x5f, 0xfb, 0x5f, 0xfb, 0x5f, 0xfb, 0x5f, 0xfb, 0x5f, 0xfb,
    0x5f, 0xfb, 0x5f, 0xfb, 0x5f, 0xfb, 0x5f, 0xfb, 0x5f, 0xfb, 0x5f, 0xfb, 0x5f, 0xfb, 0x5f, 0xfb,
    0x5f, 0xfb, 0x5f, 0xfb, 0x5f, 0xfb, 0x5f, 0xfb, 0x5f, 0xfb, 0x5f, 0xfb, 0x5f, 0xfb, 0x5f, 0xfb,
    0x5f, 0xfb, 0x5f, 0xfb, 0x5f, 0xfb, 0x5f, 0xfb, 0x5f, 0xfb, 0x5f, 0xfb, 0x5f, 0xfb, 0x5f, 0xfb,
    0x5f, 0xfb, 0x5f, 0xfb, 0x5f, 0xfb, 0x5f, 0xfb, 0x5f, 0xfb, 0x5f, 0xfb, 0x5f, 0xfb, 0x5f, 0xfb,
    0x5f, 0xfb, 0x5f, 0xfb, 0x5f, 0xfb, 0x5f, 0xfb, 0x5f, 0xfb, 0x5f, 0xfb, 0x5f, 0xfb, 0x5f, 0xfb,
    0x5f, 0xfb, 0x5f, 0xfb, 0x5f, 0xfb, 0x5f, 0xfb, 0x5f, 0xfb, 0x5f, 0xfb, 0x5f, 0xfb, 0x5f, 0xfb,
    0x5f, 0xfb, 0x5f, 0xfb, 0x5f, 0xfb, 0x5f, 0xfb, 0x5f, 0xfb, 0x5f, 0xfb, 0x5f, 0xfb, 0x5f, 0xfb,
    0x5f, 0xfb, 0x5f, 0xfb, 0x5f, 0xfb, 0x5f, 0xfb, 0x5f, 0xfb, 0x5f, 0xfb, 0x5f, 0xfb, 0x5f, 0xfb,
    0x5f, 0xfb, 0x5f, 0xfb, 0x5f, 0xfb, 0x5f, 0xfb, 0x5f, 0xfb, 0x5f, 0xfb, 0x5f, 0xfb, 0x5f, 0xfb,
    0x5f, 0xfb, 0x5f, 0xfb, 0x5f, 0xfb, 0x5f, 0xfb, 0x5f, 0xfb, 0x5f, 0xfb, 0x5f, 0xfb, 0x5f, 0xfb,
    0x5f, 0xfb, 0x5f, 0xfb, 0x5f, 0xfb, 0x5f, 0xfb, 0x5f, 0xfb, 0x5f, 0xfb, 0x5f, 0xfb, 0x5f, 0xfb,
    0x5f, 0xfb, 0x5f, 0xfb, 0x5f, 0xfb, 0x5f, 0xfb, 0x5f, 0xfb, 0x5f, 0xfb, 0x5f, 0xfb, 0x5f, 0xfb,
    0x5f, 0xfb, 0x5f, 0xfb, 0x5f, 0xfb, 0x5f, 0xfb, 0x5f, 0xfb, 0x5f, 0xfb, 0x5f, 0xfb, 0x5f, 0xfb,
    0x5f, 0xfb, 0x5f, 0xfb, 0x5f, 0xfb, 0x5f, 0xfb, 0x5f, 0xfb, 0x5f, 0xfb, 0x5f, 0xfb, 0xda, 0xd2,
    0xa5, 0x28, 0x61, 0x08, 0x61, 0x08, 0x61, 0x08, 0x61, 0x08, 0x61, 0x08, 0x61, 0x08, 0x61, 0x08,
    0x61, 0x08, 0x61, 0x08, 0x61, 0x08, 0x61, 0x08, 0x61, 0x08, 0x61, 0x08, 0x61, 0x08, 0x61, 0x08,
    0x61, 0x08, 0x61, 0x08, 0x61, 0x08, 0x61, 0x08, 0x61, 0x08, 0x61, 0x08, 0x61, 0x08, 0x61, 0x08,
    0x61, 0x08, 0x61, 0x08, 0x61, 0x08, 0x61, 0x08, 0x61, 0x08, 0x61, 0x08, 0x61, 0x08, 0x61, 0x08,
    0x61, 0x08, 0x61, 0x08, 0x61, 0x08, 0x61, 0x08, 0x61, 0x08, 0x61, 0x08, 0x61, 0x08, 0x61, 0x08,
    0x61, 0x08, 0x61, 0x08, 0x61, 0x08, 0x61, 0x08, 0x61, 0x08, 0x61, 0x08, 0x61, 0x08, 0x61, 0x08,
    0x61, 0x08, 0x61, 0x08, 0x61, 0x08, 0x61, 0x08, 0x61, 0x08, 0x61, 0x08, 0x61, 0x08, 0x61, 0x08,
    0x61, 0x08, 0x61, 0x08, 0x61, 0x08, 0x61, 0x08, 0x61, 0x08, 0x61, 0x08, 0x61, 0x08, 0x61, 0x08,
    0x61, 0x08, 0x61, 0x08, 0x61, 0x08, 0x61, 0x08, 0x61, 0x08, 0x61, 0x08, 0x61, 0x08, 0x61, 0x08,
    0x61, 0x08, 0x61, 0x08, 0x61, 0x08, 0x61, 0x08, 0x61, 0x08, 0x61, 0x08, 0x61, 0x08, 0x61, 0x08,
    0x61, 0x08, 0x61, 0x08, 0x61, 0x08, 0x61, 0x08, 0x61, 0x08, 0x61, 0x08, 0x61, 0x08, 0x61, 0x08,
    0x61, 0x08, 0x61, 0x08, 0x61, 0x08, 0x61, 0x08, 0x61, 0x08, 0x61, 0x08, 0x07, 0x39, 0xfc, 0xda,
    0x5f, 0xfb, 0x5f, 0xfb, 0x5f, 0xfb, 0x5f, 0xfb, 0x5f, 0xfb, 0x5f, 0xfb, 0x5f, 0xfb, 0x5f, 0xfb,
    0x5f, 0xfb, 0x5f, 0xfb, 0x5f, 0xfb, 0x5f, 0xfb, 0x5f, 0xfb, 0x5f, 0xfb, 0x5f, 0xfb, 0x5f, 0xfb,
    0x5f, 0xfb, 0x5f, 0xfb, 0x5f, 0xfb, 0x5f, 0xfb, 0x5f, 0xfb, 0x5f, 0xfb, 0x5f, 0xfb, 0x5f, 0xfb,
    0x5f, 0xfb, 0x5f, 0xfb, 0x5f, 0xfb, 0x5f, 0xfb, 0x5f, 0xfb, 0x5f, 0xfb, 0x5f, 0xfb, 0x5f, 0xfb,
    0x5f, 0xfb, 0x5f, 0xfb, 0x5f, 0xfb, 0x5f, 0xfb, 0x5f, 0xfb, 0x5f, 0xfb, 0x5f, 0xfb, 0x5f, 0xfb,
    0x5f, 0xfb, 0x5f, 0xfb, 0x5f, 0xfb, 0x5f, 0xfb, 0x5f, 0xfb, 0x5f, 0xfb, 0x5f, 0xfb, 0x5f, 0xfb,
    0x5f, 0xfb, 0x5f, 0xfb, 0x5f, 0xfb, 0x5f, 0xfb, 0x5f, 0xfb, 0x5f, 0xfb, 0x5f, 0xfb, 0x5f, 0xfb,
    0x5f, 0xfb, 0x5f, 0xfb, 0x5f, 0xfb, 0x5f, 0xfb, 0x5f, 0xfb, 0x5f, 0xfb, 0x5f, 0xfb, 0x5f, 0xfb,
    0x5f, 0xfb, 0x5f, 0xfb, 0x5f, 0xfb, 0x5f, 0xfb, 0x5f, 0xfb, 0x5f, 0xfb, 0x5f, 0xfb, 0x5f, 0xfb,
    0x5f, 0xfb, 0x5f, 0xfb, 0x5f, 0xfb, 0x5f, 0xfb, 0x5f, 0xfb, 0x5f, 0xfb, 0x5f, 0xfb, 0x5f, 0xfb,
    0x5f, 0xfb, 0x5f, 0xfb, 0x5f, 0xfb, 0x5f, 0xfb, 0x5f, 0xfb, 0x5f, 0xfb, 0x5f, 0xfb, 0x5f, 0xfb,
    0x5f, 0xfb, 0x5f, 0xfb, 0x5f, 0xfb, 0x5f, 0xfb, 0x5f, 0xfb, 0x5f, 0xfb, 0x5f, 0xfb, 0x5f, 0xfb,
    0x5f, 0xfb, 0x5f, 0xfb, 0x5f, 0xfb, 0x5f, 0xfb, 0x5f, 0xfb, 0x5f, 0xfb, 0x5f, 0xfb, 0x5f, 0xfb,
    0x5f, 0xfb, 0x5f, 0xfb, 0x5f, 0xfb, 0x5f, 0xfb, 0x5f, 0xfb, 0x5f, 0xfb, 0x5f, 0xfb, 0x5f, 0xfb,
    0x5f, 0xfb, 0x5f, 0xfb, 0x5f, 0xfb, 0x5f, 0xfb, 0x5f, 0xfb, 0x5f, 0xfb, 0x5f, 0xfb, 0x5f, 0xfb,
    0x5f, 0xfb, 0x5f, 0xfb, 0x5f, 0xfb, 0x5f, 0xfb, 0x5f, 0xfb, 0x5f, 0xfb, 0x5f, 0xfb, 0x5f, 0xfb,
    0x5f, 0xfb, 0x5f, 0xfb, 0x5f, 0xfb, 0x5f, 0xfb, 0x5f, 0xfb, 0x5f, 0xfb, 0x5f, 0xfb, 0x5f, 0xfb,
    0x5f, 0xfb, 0x5f, 0xfb, 0x5f, 0xfb, 0x5f, 0xfb, 0x5f, 0xfb, 0x5f, 0xfb, 0x5f, 0xfb, 0xfd, 0xe2,
    0x4a, 0x51, 0x61, 0x08, 0x61, 0x08, 0x61, 0x08, 0x61, 0x08, 0x61, 0x08, 0x61, 0x08, 0x61, 0x08,
    0x61, 0x08, 0x61, 0x08, 0x61, 0x08, 0x61, 0x08, 0x61, 0x08, 0x61, 0x08, 0x61, 0x08, 0x61, 0x08,
    0x61, 0x08, 0x61, 0x08, 0x61, 0x08, 0x61, 0x08, 0x61, 0x08, 0x61, 0x08, 0x61, 0x08, 0x61, 0x08,
    0x61, 0x08, 0x61, 0x08, 0x61, 0x08, 0x61, 0x08, 0x61, 0x08, 0x61, 0x08, 0x61, 0x08, 0x61, 0x08,
    0x61, 0x08, 0x61, 0x08, 0x61, 0x08, 0x61, 0x08, 0x61, 0x08, 0x61, 0x08, 0x61, 0x08, 0x61, 0x08,
    0x61, 0x08, 0x61, 0x08, 0x61, 0x08, 0x61, 0x08, 0x61, 0x08, 0x61, 0x08, 0x61, 0x08, 0x61, 0x08,
    0x61, 0x08, 0x61, 0x08, 0x61, 0x08, 0x61, 0x08, 0x61, 0x08, 0x61, 0x08, 0x61, 0x08, 0x61, 0x08,
    0x61, 0x08, 0x61, 0x08, 0x61, 0x08, 0x61, 0x08, 0x61, 0x08, 0x61, 0x08, 0x61, 0x08, 0x61, 0x08,
    0x61, 0x08, 0x61, 0x08, 0x61, 0x08, 0x61, 0x08, 0x61, 0x08, 0x61, 0x08, 0x61, 0x08, 0x61, 0x08,
    0x61, 0x08, 0x61, 0x08, 0x61, 0x08, 0x61, 0x08, 0x61, 0x08, 0x61, 0x08, 0x61, 0x08, 0x61, 0x08,
    0x61, 0x08, 0x61, 0x08, 0x61, 0x08, 0x61, 0x08, 0x61, 0x08, 0x61, 0x08, 0x61, 0x08, 0x61, 0x08,
    0x61, 0x08, 0x61, 0x08, 0x61, 0x08, 0x61, 0x08, 0x61, 0x08, 0x61, 0x08, 0x6c, 0x61, 0x1e, 0xf3,
    0x5f, 0xfb, 0x5f, 0xfb, 0x5f, 0xfb, 0x5f, 0xfb, 0x5f, 0xfb, 0x5f, 0xfb, 0x5f, 0xfb, 0x5f, 0xfb,
    0x5f, 0xfb, 0x5f, 0xfb, 0x5f, 0xfb, 0x5f, 0xfb, 0x5f, 0xfb, 0x5f, 0xfb, 0x5f, 0xfb, 0x5f, 0xfb,
    0x5f, 0xfb, 0x5f, 0xfb, 0x5f, 0xfb, 0x5f, 0xfb, 0x5f, 0xfb, 0x5f, 0xfb, 0x5f, 0xfb, 0x5f, 0xfb,
    0x5f, 0xfb, 0x5f, 0xfb, 0x5f, 0xfb, 0x5f, 0xfb, 0x5f, 0xfb, 0x5f, 0xfb, 0x5f, 0xfb, 0x5f, 0xfb,
    0x5f, 0xfb, 0x5f, 0xfb, 0x5f, 0xfb, 0x5f, 0xfb, 0x5f, 0xfb, 0x5f, 0xfb, 0x5f, 0xfb, 0x5f, 0xfb,
    0x5f, 0xfb, 0x5f, 0xfb, 0x5f, 0xfb, 0x5f, 0xfb, 0x5f, 0xfb, 0x5f, 0xfb, 0x5f, 0xfb, 0x5f, 0xfb,
    0x5f, 0xfb, 0x5f, 0xfb, 0x5f, 0xfb, 0x5f, 0xfb, 0x5f, 0xfb, 0x5f, 0xfb, 0x5f, 0xfb, 0x5f, 0xfb,
    0x5f, 0xfb, 0x5f, 0xfb, 0x5f, 0xfb, 0x5f, 0xfb, 0x5f, 0xfb, 0x5f, 0xfb, 0x5f, 0xfb, 0x5f, 0xfb,
    0x5f, 0xfb, 0x5f, 0xfb, 0x5f, 0xfb, 0x5f, 0xfb, 0x5f, 0xfb, 0x5f, 0xfb, 0x5f, 0xfb, 0x5f, 0xfb,
    0x5f, 0xfb, 0x5f, 0xfb, 0x5f, 0xfb, 0x5f, 0xfb, 0x5f, 0xfb, 0x5f, 0xfb, 0x5f, 0xfb, 0x5f, 0xfb,
    0x5f, 0xfb, 0x5f, 0xfb, 0x5f, 0xfb, 0x5f, 0xfb, 0x5f, 0xfb, 0x5f, 0xfb, 0x5f, 0xfb, 0x5f, 0xfb,
    0x5f, 0xfb, 0x5f, 0xfb, 0x5f, 0xfb, 0x5f, 0xfb, 0x5f, 0xfb, 0x5f, 0xfb, 0x5f, 0xfb, 0x5f, 0xfb,
    0x5f, 0xfb, 0x5f, 0xfb, 0x5f, 0xfb, 0x5f, 0xfb, 0x5f, 0xfb, 0x5f, 0xfb, 0x5f, 0xfb, 0x5f, 0xfb,
    0x5f, 0xfb, 0x5f, 0xfb, 0x5f, 0xfb, 0x5f, 0xfb, 0x5f, 0xfb, 0x5f, 0xfb, 0x5f, 0xfb, 0x5f, 0xfb,
    0x5f, 0xfb, 0x5f, 0xfb, 0x5f, 0xfb, 0x5f, 0xfb, 0x5f, 0xfb, 0x5f, 0xfb, 0x5f, 0xfb, 0x5f, 0xfb,
    0x5f, 0xfb, 0x5f, 0xfb, 0x5f, 0xfb, 0x5f, 0xfb, 0x5f, 0xfb, 0x5f, 0xfb, 0x5f, 0xfb, 0x5f, 0xfb,
    0x5f, 0xfb, 0x5f, 0xfb, 0x5f, 0xfb, 0x5f, 0xfb, 0x5f, 0xfb, 0x5f, 0xfb, 0x5f, 0xfb, 0x5f, 0xfb,
    0x5f, 0xfb, 0x5f, 0xfb, 0x5f, 0xfb, 0x5f, 0xfb, 0x5f, 0xfb, 0x5f, 0xfb, 0x5f, 0xfb, 0x3e, 0xf3,
    0x13, 0x9a, 0x83, 0x10, 0x61, 0x08, 0x61, 0x08, 0x61, 0x08, 0x61, 0x08, 0x61, 0x08, 0x61, 0x08,
    0x61, 0x08, 0x61, 0x08, 0x61, 0x08, 0x61, 0x08, 0x61, 0x08, 0x61, 0x08, 0x61, 0x08, 0x61, 0x08,
    0x61, 0x08, 0x61, 0x08, 0x61, 0x08, 0x61, 0x08, 0x61, 0x08, 0x61, 0x08, 0x61, 0x08, 0x61, 0x08,
    0x61, 0x08, 0x61, 0x08, 0x61, 0x08, 0x61, 0x08, 0x61, 0x08, 0x61, 0x08, 0x61, 0x08, 0x61, 0x08,
    0x61, 0x08, 0x61, 0x08, 0x61, 0x08, 0x61, 0x08, 0x61, 0x08, 0x61, 0x08, 0x61, 0x08, 0x61, 0x08,
    0x61, 0x08, 0x61, 0x08, 0x61, 0x08, 0x61, 0x08, 0x61, 0x08, 0x61, 0x08, 0x61, 0x08, 0x61, 0x08,
    0x61, 0x08, 0x61, 0x08, 0x61, 0x08, 0x61, 0x08, 0x61, 0x08, 0x61, 0x08, 0x61, 0x08, 0x61, 0x08,
    0x61, 0x08, 0x61, 0x08, 0x61, 0x08, 0x61, 0x08, 0x61, 0x08, 0x61, 0x08, 0x61, 0x08, 0x61, 0x08,
    0x61, 0x08, 0x61, 0x08, 0x61, 0x08, 0x61, 0x08, 0x61, 0x08, 0x61, 0x08, 0x61, 0x08, 0x61, 0x08,
    0x61, 0x08, 0x61, 0x08, 0x61, 0x08, 0x61, 0x08, 0x61, 0x08, 0x61, 0x08, 0x61, 0x08, 0x61, 0x08,
    0x61, 0x08, 0x61, 0x08, 0x61, 0x08, 0x61, 0x08, 0x61, 0x08, 0x61, 0x08, 0x61, 0x08, 0x61, 0x08,
    0x61, 0x08, 0x61, 0x08, 0x61, 0x08, 0x61, 0x08, 0x61, 0x08, 0x61, 0x08, 0x56, 0xb2, 0x3e, 0xf3,
    0x5f, 0xfb, 0x5f, 0xfb, 0x5f, 0xfb, 0x5f, 0xfb, 0x5f, 0xfb, 0x5f, 0xfb, 0x5f, 0xfb, 0x5f, 0xfb,
    0x5f, 0xfb, 0x5f, 0xfb, 0x5f, 0xfb, 0x5f, 0xfb, 0x5f, 0xfb, 0x5f, 0xfb, 0x5f, 0xfb, 0x5f, 0xfb,
    0x5f, 0xfb, 0x5f, 0xfb, 0x5f, 0xfb, 0x5f, 0xfb, 0x5f, 0xfb, 0x5f, 0xfb, 0x5f, 0xfb, 0x5f, 0xfb,
    0x5f, 0xfb, 0x5f, 0xfb, 0x5f, 0xfb, 0x5f, 0xfb, 0x5f, 0xfb, 0x5f, 0xfb, 0x5f, 0xfb, 0x5f, 0xfb,
    0x5f, 0xfb, 0x5f, 0xfb, 0x5f, 0xfb, 0x5f, 0xfb, 0x5f, 0xfb, 0x5f, 0xfb, 0x5f, 0xfb, 0x5f, 0xfb,
    0x5f, 0xfb, 0x5f, 0xfb, 0x5f, 0xfb, 0x5f, 0xfb, 0x5f, 0xfb, 0x5f, 0xfb, 0x5f, 0xfb, 0x5f, 0xfb,
    0x5f, 0xfb, 0x5f, 0xfb, 0x5f, 0xfb, 0x5f, 0xfb, 0x5f, 0xfb, 0x5f, 0xfb, 0x5f, 0xfb, 0x5f, 0xfb,
    0x5f, 0xfb, 0x5f, 0xfb, 0x5f, 0xfb, 0x5f, 0xfb, 0x5f, 0xfb, 0x5f, 0xfb, 0x5f, 0xfb, 0x5f, 0xfb,
    0x5f, 0xfb, 0x5f, 0xfb, 0x5f, 0xfb, 0x5f, 0xfb, 0x5f, 0xfb, 0x5f, 0xfb, 0x5f, 0xfb, 0x5f, 0xfb,
    0x5f, 0xfb, 0x5f, 0xfb, 0x5f, 0xfb, 0x5f, 0xfb, 0x5f, 0xfb, 0x5f, 0xfb, 0x5f, 0xfb, 0x5f, 0xfb,
    0x5f, 0xfb, 0x5f, 0xfb, 0x5f, 0xfb, 0x5f, 0xfb, 0x5f, 0xfb, 0x5f, 0xfb, 0x5f, 0xfb, 0x5f, 0xfb,
    0x5f, 0xfb, 0x5f, 0xfb, 0x5f, 0xfb, 0x5f, 0xfb, 0x5f, 0xfb, 0x5f, 0xfb, 0x5f, 0xfb, 0x5f, 0xfb,
    0x5f, 0xfb, 0x5f, 0xfb, 0x5f, 0xfb, 0x5f, 0xfb, 0x5f, 0xfb, 0x5f, 0xfb, 0x5f, 0xfb, 0x5f, 0xfb,
    0x5f, 0xfb, 0x5f, 0xfb, 0x5f, 0xfb, 0x5f, 0xfb, 0x5f, 0xfb, 0x5f, 0xfb, 0x5f, 0xfb, 0x5f, 0xfb,
    0x5f, 0xfb, 0x5f, 0xfb, 0x5f, 0xfb, 0x5f, 0xfb, 0x5f, 0xfb, 0x5f, 0xfb, 0x5f, 0xfb, 0x5f, 0xfb,
    0x5f, 0xfb, 0x5f, 0xfb, 0x5f, 0xfb, 0x5f, 0xfb, 0x5f, 0xfb, 0x5f, 0xfb, 0x5f, 0xfb, 0x5f, 0xfb,
    0x5f, 0xfb, 0x5f, 0xfb, 0x5f, 0xfb, 0x5f, 0xfb, 0x5f, 0xfb, 0x5f, 0xfb, 0x5f, 0xfb, 0x5f, 0xfb,
    0x5f, 0xfb, 0x5f, 0xfb, 0x5f, 0xfb, 0x5f, 0xfb, 0x5f, 0xfb, 0x5f, 0xfb, 0x5f, 0xfb, 0x1f, 0xfb,
    0x77, 0xba, 0x83, 0x18, 0x61, 0x08, 0x61, 0x08, 0x61, 0x08, 0x61, 0x08, 0x61, 0x08, 0x61, 0x08,
    0x61, 0x08, 0x61, 0x08, 0x61, 0x08, 0x61, 0x08, 0x61, 0x08, 0x61, 0x08, 0x61, 0x08, 0x61, 0x08,
    0x61, 0x08, 0x61, 0x08, 0x61, 0x08, 0x61, 0x08, 0x61, 0x08, 0x61, 0x08, 0x61, 0x08, 0x61, 0x08,
    0x61, 0x08, 0x61, 0x08, 0x61, 0x08, 0x61, 0x08, 0x61, 0x08, 0x61, 0x08, 0x61, 0x08, 0x61, 0x08,
    0x61, 0x08, 0x61, 0x08, 0x61, 0x08, 0x61, 0x08, 0x61, 0x08, 0x61, 0x08, 0x61, 0x08, 0x61, 0x08,
    0x61, 0x08, 0x61, 0x08, 0x61, 0x08, 0x61, 0x08, 0x61, 0x08, 0x61, 0x08, 0x61, 0x08, 0x61, 0x08,
    0x61, 0x08, 0x61, 0x08, 0x61, 0x08, 0x61, 0x08, 0x61, 0x08, 0x61, 0x08, 0x61, 0x08, 0x61, 0x08,
    0x61, 0x08, 0x61, 0x08, 0x61, 0x08, 0x61, 0x08, 0x61, 0x08, 0x61, 0x08, 0x61, 0x08, 0x61, 0x08,
    0x61, 0x08, 0x61, 0x08, 0x61, 0x08, 0x61, 0x08, 0x61, 0x08, 0x61, 0x08, 0x61, 0x08, 0x61, 0x08,
    0x61, 0x08, 0x61, 0x08, 0x61, 0x08, 0x61, 0x08, 0x61, 0x08, 0x61, 0x08, 0x61, 0x08, 0x61, 0x08,
    0x61, 0x08, 0x61, 0x08, 0x61, 0x08, 0x61, 0x08, 0x61, 0x08, 0x61, 0x08, 0x61, 0x08, 0x61, 0x08,
    0x61, 0x08, 0x61, 0x08, 0x61, 0x08, 0x61, 0x08, 0x61, 0x08, 0x61, 0x08, 0xda, 0xd2, 0x5f, 0xfb,
    0x5f, 0xfb, 0x5f, 0xfb, 0x5f, 0xfb, 0x5f, 0xfb, 0x5f, 0xfb, 0x5f, 0xfb, 0x5f, 0xfb, 0x5f, 0xfb,
    0x5f, 0xfb, 0x5f, 0xfb, 0x5f, 0xfb, 0x5f, 0xfb, 0x5f, 0xfb, 0x5f, 0xfb, 0x5f, 0xfb, 0x5f, 0xfb,
    0x5f, 0xfb, 0x5f, 0xfb, 0x5f, 0xfb, 0x5f, 0xfb, 0x5f, 0xfb, 0x5f, 0xfb, 0x5f, 0xfb, 0x5f, 0xfb,
    0x5f, 0xfb, 0x5f, 0xfb, 0x5f, 0xfb, 0x5f, 0xfb, 0x5f, 0xfb, 0x5f, 0xfb, 0x5f, 0xfb, 0x5f, 0xfb,
    0x5f, 0xfb, 0x5f, 0xfb, 0x5f, 0xfb, 0x5f, 0xfb, 0x5f, 0xfb, 0x5f, 0xfb, 0x5f, 0xfb, 0x5f, 0xfb,
    0x5f, 0xfb, 0x5f, 0xfb, 0x5f, 0xfb, 0x5f, 0xfb, 0x5f, 0xfb, 0x5f, 0xfb, 0x5f, 0xfb, 0x5f, 0xfb,
    0x5f, 0xfb, 0x5f, 0xfb, 0x5f, 0xfb, 0x5f, 0xfb, 0x5f, 0xfb, 0x5f, 0xfb, 0x5f, 0xfb, 0x5f, 0xfb,
    0x5f, 0xfb, 0x5f, 0xfb, 0x5f, 0xfb, 0x5f, 0xfb, 0x5f, 0xfb, 0x5f, 0xfb, 0x5f, 0xfb, 0x5f, 0xfb,
    0x5f, 0xfb, 0x5f, 0xfb, 0x5f, 0xfb, 0x5f, 0xfb, 0x5f, 0xfb, 0x5f, 0xfb, 0x5f, 0xfb, 0x5f, 0xfb,
    0x5f, 0xfb, 0x5f, 0xfb, 0x5f, 0xfb, 0x5f, 0xfb, 0x5f, 0xfb, 0x5f, 0xfb, 0x5f, 0xfb, 0x5f, 0xfb,
    0x5f, 0xfb, 0x5f, 0xfb, 0x5f, 0xfb, 0x5f, 0xfb, 0x5f, 0xfb, 0x5f, 0xfb, 0x5f, 0xfb, 0x5f, 0xfb,
    0x5f, 0xfb, 0x5f, 0xfb, 0x5f, 0xfb, 0x5f, 0xfb, 0x5f, 0xfb, 0x5f, 0xfb, 0x5f, 0xfb, 0x5f, 0xfb,
    0x5f, 0xfb, 0x5f, 0xfb, 0x5f, 0xfb, 0x5f, 0xfb, 0x5f, 0xfb, 0x5f, 0xfb, 0x5f, 0xfb, 0x5f, 0xfb,
    0x5f, 0xfb, 0x5f, 0xfb, 0x5f, 0xfb, 0x5f, 0xfb, 0x5f, 0xfb, 0x5f, 0xfb, 0x5f, 0xfb, 0x5f, 0xfb,
    0x5f, 0xfb, 0x5f, 0xfb, 0x5f, 0xfb, 0x5f, 0xfb, 0x5f, 0xfb, 0x5f, 0xfb, 0x5f, 0xfb, 0x5f, 0xfb,
    0x5f, 0xfb, 0x5f, 0xfb, 0x5f, 0xfb, 0x5f, 0xfb, 0x5f, 0xfb, 0x5f, 0xfb, 0x5f, 0xfb, 0x5f, 0xfb,
    0x5f, 0xfb, 0x5f, 0xfb, 0x5f, 0xfb, 0x5f, 0xfb, 0x5f, 0xfb, 0x5f, 0xfb, 0x5f, 0xfb, 0x5f, 0xfb,
    0x5f, 0xfb, 0x5f, 0xfb, 0x5f, 0xfb, 0x5f, 0xfb, 0x5f, 0xfb, 0x5f, 0xfb, 0x5f, 0xfb, 0x1f, 0xfb,
    0xda, 0xd2, 0x84, 0x20, 0x61, 0x08, 0x61, 0x08, 0x61, 0x08, 0x61, 0x08, 0x61, 0x08, 0x61, 0x08,
    0x61, 0x08, 0x61, 0x08, 0x61, 0x08, 0x61, 0x08, 0x61, 0x08, 0x61, 0x08, 0x61, 0x08, 0x61, 0x08,
    0x61, 0x08, 0x61, 0x08, 0x61, 0x08, 0x61, 0x08, 0x61, 0x08, 0x61, 0x08, 0x61, 0x08, 0x61, 0x08,
    0x61, 0x08, 0x61, 0x08, 0x61, 0x08, 0x61, 0x08, 0x61, 0x08, 0x61, 0x08, 0x61, 0x08, 0x61, 0x08,
    0x61, 0x08, 0x61, 0x08, 0x61, 0x08, 0x61, 0x08, 0x61, 0x08, 0x61, 0x08, 0x61, 0x08, 0x61, 0x08,
    0x61, 0x08, 0x61, 0x08, 0x61, 0x08, 0x61, 0x08, 0x61, 0x08, 0x61, 0x08, 0x61, 0x08, 0x61, 0x08,
    0x61, 0x08, 0x61, 0x08, 0x61, 0x08, 0x61, 0x08, 0x61, 0x08, 0x61, 0x08, 0x61, 0x08, 0x61, 0x08,
    0x61, 0x08, 0x61, 0x08, 0x61, 0x08, 0x61, 0x08, 0x61, 0x08, 0x61, 0x08, 0x61, 0x08, 0x61, 0x08,
    0x61, 0x08, 0x61, 0x08, 0x61, 0x08, 0x61, 0x08, 0x61, 0x08, 0x61, 0x08, 0x61, 0x08, 0x61, 0x08,
    0x61, 0x08, 0x61, 0x08, 0x61, 0x08, 0x61, 0x08, 0x61, 0x08, 0x61, 0x08, 0x61, 0x08, 0x61, 0x08,
    0x61, 0x08, 0x61, 0x08, 0x61, 0x08, 0x61, 0x08, 0x61, 0x08, 0x61, 0x08, 0x61, 0x08, 0x61, 0x08,
    0x61, 0x08, 0x61, 0x08, 0x61, 0x08, 0x61, 0x08, 0x61, 0x08, 0x29, 0x49, 0x1c, 0xe3, 0x5f, 0xfb,
    0x5f, 0xfb, 0x5f, 0xfb, 0x5f, 0xfb, 0x5f, 0xfb, 0x5f, 0xfb, 0x5f, 0xfb, 0x5f, 0xfb, 0x5f, 0xfb,
    0x5f, 0xfb, 0x5f, 0xfb, 0x5f, 0xfb, 0x5f, 0xfb, 0x5f, 0xfb, 0x5f, 0xfb, 0x5f, 0xfb, 0x5f, 0xfb,
    0x5f, 0xfb, 0x5f, 0xfb, 0x5f, 0xfb, 0x5f, 0xfb, 0x5f, 0xfb, 0x5f, 0xfb, 0x5f, 0xfb, 0x5f, 0xfb,
    0x5f, 0xfb, 0x5f, 0xfb, 0x5f, 0xfb, 0x5f, 0xfb, 0x5f, 0xfb, 0x5f, 0xfb, 0x5f, 0xfb, 0x5f, 0xfb,
    0x5f, 0xfb, 0x5f, 0xfb, 0x5f, 0xfb, 0x5f, 0xfb, 0x5f, 0xfb, 0x5f, 0xfb, 0x5f, 0xfb, 0x5f, 0xfb,
    0x5f, 0xfb, 0x5f, 0xfb, 0x5f, 0xfb, 0x5f, 0xfb, 0x5f, 0xfb, 0x5f, 0xfb, 0x5f, 0xfb, 0x5f, 0xfb,
    0x5f, 0xfb, 0x5f, 0xfb, 0x5f, 0xfb, 0x5f, 0xfb, 0x5f, 0xfb, 0x5f, 0xfb, 0x5f, 0xfb, 0x5f, 0xfb,
    0x5f, 0xfb, 0x5f, 0xfb, 0x5f, 0xfb, 0x5f, 0xfb, 0x5f, 0xfb, 0x5f, 0xfb, 0x5f, 0xfb, 0x5f, 0xfb,
    0x5f, 0xfb, 0x5f, 0xfb, 0x5f, 0xfb, 0x5f, 0xfb, 0x5f, 0xfb, 0x5f, 0xfb, 0x5f, 0xfb, 0x5f, 0xfb,
    0x5f, 0xfb, 0x5f, 0xfb, 0x5f, 0xfb, 0x5f, 0xfb, 0x5f, 0xfb, 0x5f, 0xfb, 0x5f, 0xfb, 0x5f, 0xfb,
    0x5f, 0xfb, 0x5f, 0xfb, 0x5f, 0xfb, 0x5f, 0xfb, 0x5f, 0xfb, 0x5f, 0xfb, 0x5f, 0xfb, 0x5f, 0xfb,
    0x5f, 0xfb, 0x5f, 0xfb, 0x5f, 0xfb, 0x5f, 0xfb, 0x5f, 0xfb, 0x5f, 0xfb, 0x5f, 0xfb, 0x5f, 0xfb,
    0x5f, 0xfb, 0x5f, 0xfb, 0x5f, 0xfb, 0x5f, 0xfb, 0x5f, 0xfb, 0x5f, 0xfb, 0x5f, 0xfb, 0x5f, 0xfb,
    0x5f, 0xfb, 0x5f, 0xfb, 0x5f, 0xfb, 0x5f, 0xfb, 0x5f, 0xfb, 0x5f, 0xfb, 0x5f, 0xfb, 0x5f, 0xfb,
    0x5f, 0xfb, 0x5f, 0xfb, 0x5f, 0xfb, 0x5f, 0xfb, 0x5f, 0xfb, 0x5f, 0xfb, 0x5f, 0xfb, 0x5f, 0xfb,
    0x5f, 0xfb, 0x5f, 0xfb, 0x5f, 0xfb, 0x5f, 0xfb, 0x5f, 0xfb, 0x5f, 0xfb, 0x5f, 0xfb, 0x5f, 0xfb,
    0x5f, 0xfb, 0x5f, 0xfb, 0x5f, 0xfb, 0x5f, 0xfb, 0x5f, 0xfb, 0x5f, 0xfb, 0x5f, 0xfb, 0x5f, 0xfb,
    0x5f, 0xfb, 0x5f, 0xfb, 0x5f, 0xfb, 0x5f, 0xfb, 0x5f, 0xfb, 0x5f, 0xfb, 0x5f, 0xfb, 0x5f, 0xfb,
    0xfd, 0xea, 0x29, 0x49, 0x61, 0x08, 0x61, 0x08, 0x61, 0x08, 0x61, 0x08, 0x61, 0x08, 0x61, 0x08,
    0x61, 0x08, 0x61, 0x08, 0x61, 0x08, 0x61, 0x08, 0x61, 0x08, 0x61, 0x08, 0x61, 0x08, 0x61, 0x08,
    0x61, 0x08, 0x61, 0x08, 0x61, 0x08, 0x61, 0x08, 0x61, 0x08, 0x61, 0x08, 0x61, 0x08, 0x61, 0x08,
    0x61, 0x08, 0x61, 0x08, 0x61, 0x08, 0x61, 0x08, 0x61, 0x08, 0x61, 0x08, 0x61, 0x08, 0x61, 0x08,
    0x61, 0x08, 0x61, 0x08, 0x61, 0x08, 0x61, 0x08, 0x61, 0x08, 0x61, 0x08, 0x61, 0x08, 0x61, 0x08,
    0x61, 0x08, 0x61, 0x08, 0x61, 0x08, 0x61, 0x08, 0x61, 0x08, 0x61, 0x08, 0x61, 0x08, 0x61, 0x08,
    0x61, 0x08, 0x61, 0x08, 0x61, 0x08, 0x61, 0x08, 0x61, 0x08, 0x61, 0x08, 0x61, 0x08, 0x61, 0x08,
    0x61, 0x08, 0x61, 0x08, 0x61, 0x08, 0x61, 0x08, 0x61, 0x08, 0x61, 0x08, 0x61, 0x08, 0x61, 0x08,
    0x61, 0x08, 0x61, 0x08, 0x61, 0x08, 0x61, 0x08, 0x61, 0x08, 0x61, 0x08, 0x61, 0x08, 0x61, 0x08,
    0x61, 0x08, 0x61, 0x08, 0x61, 0x08, 0x61, 0x08, 0x61, 0x08, 0x61, 0x08, 0x61, 0x08, 0x61, 0x08,
    0x61, 0x08, 0x61, 0x08, 0x61, 0x08, 0x61, 0x08, 0x61, 0x08, 0x61, 0x08, 0x61, 0x08, 0x61, 0x08,
    0x61, 0x08, 0x61, 0x08, 0x61, 0x08, 0x61, 0x08, 0x61, 0x08, 0x4a, 0x49, 0xfd, 0xe2, 0x5f, 0xfb,
    0x5f, 0xfb, 0x5f, 0xfb, 0x5f, 0xfb, 0x5f, 0xfb, 0x5f, 0xfb, 0x5f, 0xfb, 0x5f, 0xfb, 0x5f, 0xfb,
    0x5f, 0xfb, 0x5f, 0xfb, 0x5f, 0xfb, 0x5f, 0xfb, 0x5f, 0xfb, 0x5f, 0xfb, 0x5f, 0xfb, 0x5f, 0xfb,
    0x5f, 0xfb, 0x5f, 0xfb, 0x5f, 0xfb, 0x5f, 0xfb, 0x5f, 0xfb, 0x5f, 0xfb, 0x5f, 0xfb, 0x5f, 0xfb,
    0x5f, 0xfb, 0x5f, 0xfb, 0x5f, 0xfb, 0x5f, 0xfb, 0x5f, 0xfb, 0x5f, 0xfb, 0x5f, 0xfb, 0x5f, 0xfb,
    0x5f, 0xfb, 0x5f, 0xfb, 0x5f, 0xfb, 0x5f, 0xfb, 0x5f, 0xfb, 0x5f, 0xfb, 0x5f, 0xfb, 0x5f, 0xfb,
    0x5f, 0xfb, 0x5f, 0xfb, 0x5f, 0xfb, 0x5f, 0xfb, 0x5f, 0xfb, 0x5f, 0xfb, 0x5f, 0xfb, 0x5f, 0xfb,
    0x5f, 0xfb, 0x5f, 0xfb, 0x5f, 0xfb, 0x5f, 0xfb, 0x5f, 0xfb, 0x5f, 0xfb, 0x5f, 0xfb, 0x5f, 0xfb,
    0x5f, 0xfb, 0x5f, 0xfb, 0x5f, 0xfb, 0x5f, 0xfb, 0x5f, 0xfb, 0x5f, 0xfb, 0x5f, 0xfb, 0x5f, 0xfb,
    0x5f, 0xfb, 0x5f, 0xfb, 0x5f, 0xfb, 0x5f, 0xfb, 0x5f, 0xfb, 0x5f, 0xfb, 0x5f, 0xfb, 0x5f, 0xfb,
    0x5f, 0xfb, 0x5f, 0xfb, 0x5f, 0xfb, 0x5f, 0xfb, 0x5f, 0xfb, 0x5f, 0xfb, 0x5f, 0xfb, 0x5f, 0xfb,
    0x5f, 0xfb, 0x5f, 0xfb, 0x5f, 0xfb, 0x5f, 0xfb, 0x5f, 0xfb, 0x5f, 0xfb, 0x5f, 0xfb, 0x5f, 0xfb,
    0x5f, 0xfb, 0x5f, 0xfb, 0x5f, 0xfb, 0x5f, 0xfb, 0x5f, 0xfb, 0x5f, 0xfb, 0x5f, 0xfb, 0x5f, 0xfb,
    0x5f, 0xfb, 0x5f, 0xfb, 0x5f, 0xfb, 0x5f, 0xfb, 0x5f, 0xfb, 0x5f, 0xfb, 0x5f, 0xfb, 0x5f, 0xfb,
    0x5f, 0xfb, 0x5f, 0xfb, 0x5f, 0xfb, 0x5f, 0xfb, 0x5f, 0xfb, 0x5f, 0xfb, 0x5f, 0xfb, 0x5f, 0xfb,
    0x5f, 0xfb, 0x5f, 0xfb, 0x5f, 0xfb, 0x5f, 0xfb, 0x5f, 0xfb, 0x5f, 0xfb, 0x5f, 0xfb, 0x5f, 0xfb,
    0x5f, 0xfb, 0x5f, 0xfb, 0x5f, 0xfb, 0x5f, 0xfb, 0x5f, 0xfb, 0x5f, 0xfb, 0x5f, 0xfb, 0x5f, 0xfb,
    0x5f, 0xfb, 0x5f, 0xfb, 0x5f, 0xfb, 0x5f, 0xfb, 0x5f, 0xfb, 0x5f, 0xfb, 0x5f, 0xfb, 0x5f, 0xfb,
    0x5f, 0xfb, 0x5f, 0xfb, 0x5f, 0xfb, 0x5f, 0xfb, 0x5f, 0xfb, 0x5f, 0xfb, 0x5f, 0xfb, 0x5f, 0xfb,
    0x1d, 0xeb, 0x4a, 0x51, 0x61, 0x08, 0x61, 0x08, 0x61, 0x08, 0x61, 0x08, 0x61, 0x08, 0x61, 0x08,
    0x61, 0x08, 0x61, 0x08, 0x61, 0x08, 0x61, 0x08, 0x61, 0x08, 0x61, 0x08, 0x61, 0x08, 0x61, 0x08,
    0x61, 0x08, 0x61, 0x08, 0x61, 0x08, 0x61, 0x08, 0x61, 0x08, 0x61, 0x08, 0x61, 0x08, 0x61, 0x08,
    0x61, 0x08, 0x61, 0x08, 0x61, 0x08, 0x61, 0x08, 0x61, 0x08, 0x61, 0x08, 0x61, 0x08, 0x61, 0x08,
    0x61, 0x08, 0x61, 0x08, 0x61, 0x08, 0x61, 0x08, 0x61, 0x08, 0x61, 0x08, 0x61, 0x08, 0x61, 0x08,
    0x61, 0x08, 0x61, 0x08, 0x61, 0x08, 0x61, 0x08, 0x61, 0x08, 0x61, 0x08, 0x61, 0x08, 0x61, 0x08,
    0x61, 0x08, 0x61, 0x08, 0x61, 0x08, 0x61, 0x08, 0x61, 0x08, 0x61, 0x08, 0x61, 0x08, 0x61, 0x08,
    0x61, 0x08, 0x61, 0x08, 0x61, 0x08, 0x61, 0x08, 0x61, 0x08, 0x61, 0x08, 0x61, 0x08, 0x61, 0x08,
    0x61, 0x08, 0x61, 0x08, 0x61, 0x08, 0x61, 0x08, 0x61, 0x08, 0x61, 0x08, 0x61, 0x08, 0x61, 0x08,
    0x61, 0x08, 0x61, 0x08, 0x61, 0x08, 0x61, 0x08, 0x61, 0x08, 0x61, 0x08, 0x61, 0x08, 0x61, 0x08,
    0x61, 0x08, 0x61, 0x08, 0x61, 0x08, 0x61, 0x08, 0x61, 0x08, 0x61, 0x08, 0x61, 0x08, 0x61, 0x08,
    0x61, 0x08, 0x61, 0x08, 0x61, 0x08, 0x61, 0x08, 0x61, 0x08, 0xf1, 0x91, 0x1e, 0xf3, 0x5f, 0xfb,
    0x5f, 0xfb, 0x5f, 0xfb, 0x5f, 0xfb, 0x5f, 0xfb, 0x5f, 0xfb, 0x5f, 0xfb, 0x5f, 0xfb, 0x5f, 0xfb,
    0x5f, 0xfb, 0x5f, 0xfb, 0x5f, 0xfb, 0x5f, 0xfb, 0x5f, 0xfb, 0x5f, 0xfb, 0x5f, 0xfb, 0x5f, 0xfb,
    0x5f, 0xfb, 0x5f, 0xfb, 0x5f, 0xfb, 0x5f, 0xfb, 0x5f, 0xfb, 0x5f, 0xfb, 0x5f, 0xfb, 0x5f, 0xfb,
    0x5f, 0xfb, 0x5f, 0xfb, 0x5f, 0xfb, 0x5f, 0xfb, 0x5f, 0xfb, 0x5f, 0xfb, 0x5f, 0xfb, 0x5f, 0xfb,
    0x5f, 0xfb, 0x5f, 0xfb, 0x5f, 0xfb, 0x5f, 0xfb, 0x5f, 0xfb, 0x5f, 0xfb, 0x5f, 0xfb, 0x5f, 0xfb,
    0x5f, 0xfb, 0x5f, 0xfb, 0x5f, 0xfb, 0x5f, 0xfb, 0x5f, 0xfb, 0x5f, 0xfb, 0x5f, 0xfb, 0x5f, 0xfb,
    0x5f, 0xfb, 0x5f, 0xfb, 0x5f, 0xfb, 0x5f, 0xfb, 0x5f, 0xfb, 0x5f, 0xfb, 0x5f, 0xfb, 0x5f, 0xfb,
    0x5f, 0xfb, 0x5f, 0xfb, 0x5f, 0xfb, 0x5f, 0xfb, 0x5f, 0xfb, 0x5f, 0xfb, 0x5f, 0xfb, 0x5f, 0xfb,
    0x5f, 0xfb, 0x5f, 0xfb, 0x5f, 0xfb, 0x5f, 0xfb, 0x5f, 0xfb, 0x5f, 0xfb, 0x5f, 0xfb, 0x5f, 0xfb,
    0x5f, 0xfb, 0x5f, 0xfb, 0x5f, 0xfb, 0x5f, 0xfb, 0x5f, 0xfb, 0x5f, 0xfb, 0x5f, 0xfb, 0x5f, 0xfb,
    0x5f, 0xfb, 0x5f, 0xfb, 0x5f, 0xfb, 0x5f, 0xfb, 0x5f, 0xfb, 0x5f, 0xfb, 0x5f, 0xfb, 0x5f, 0xfb,
    0x5f, 0xfb, 0x5f, 0xfb, 0x5f, 0xfb, 0x5f, 0xfb, 0x5f, 0xfb, 0x5f, 0xfb, 0x5f, 0xfb, 0x5f, 0xfb,
    0x5f, 0xfb, 0x5f, 0xfb, 0x5f, 0xfb, 0x5f, 0xfb, 0x5f, 0xfb, 0x5f, 0xfb, 0x5f, 0xfb, 0x5f, 0xfb,
    0x5f, 0xfb, 0x5f, 0xfb, 0x5f, 0xfb, 0x5f, 0xfb, 0x5f, 0xfb, 0x5f, 0xfb, 0x5f, 0xfb, 0x5f, 0xfb,
    0x5f, 0xfb, 0x5f, 0xfb, 0x5f, 0xfb, 0x5f, 0xfb, 0x5f, 0xfb, 0x5f, 0xfb, 0x5f, 0xfb, 0x5f, 0xfb,
    0x5f, 0xfb, 0x5f, 0xfb, 0x5f, 0xfb, 0x5f, 0xfb, 0x5f, 0xfb, 0x5f, 0xfb, 0x5f, 0xfb, 0x5f, 0xfb,
    0x5f, 0xfb, 0x5f, 0xfb, 0x5f, 0xfb, 0x5f, 0xfb, 0x5f, 0xfb, 0x5f, 0xfb, 0x5f, 0xfb, 0x5f, 0xfb,
    0x5f, 0xfb, 0x5f, 0xfb, 0x5f, 0xfb, 0x5f, 0xfb, 0x5f, 0xfb, 0x5f, 0xfb, 0x5f, 0xfb, 0x5f, 0xfb,
    0x3e, 0xf3, 0x13, 0x9a, 0x61, 0x08, 0x61, 0x08, 0x61, 0x08, 0x61, 0x08, 0x61, 0x08, 0x61, 0x08,
    0x61, 0x08, 0x61, 0x08, 0x61, 0x08, 0x61, 0x08, 0x61, 0x08, 0x61, 0x08, 0x61, 0x08, 0x61, 0x08,
    0x61, 0x08, 0x61, 0x08, 0x61, 0x08, 0x61, 0x08, 0x61, 0x08, 0x61, 0x08, 0x61, 0x08, 0x61, 0x08,
    0x61, 0x08, 0x61, 0x08, 0x61, 0x08, 0x61, 0x08, 0x61, 0x08, 0x61, 0x08, 0x61, 0x08, 0x61, 0x08,
    0x61, 0x08, 0x61, 0x08, 0x61, 0x08, 0x61, 0x08, 0x61, 0x08, 0x61, 0x08, 0x61, 0x08, 0x61, 0x08,
    0x61, 0x08, 0x61, 0x08, 0x61, 0x08, 0x61, 0x08, 0x61, 0x08, 0x61, 0x08, 0x61, 0x08, 0x61, 0x08,
    0x61, 0x08, 0x61, 0x08, 0x61, 0x08, 0x61, 0x08, 0x61, 0x08, 0x61, 0x08, 0x61, 0x08, 0x61, 0x08,
    0x61, 0x08, 0x61, 0x08, 0x61, 0x08, 0x61, 0x08, 0x61, 0x08, 0x61, 0x08, 0x61, 0x08, 0x61, 0x08,
    0x61, 0x08, 0x61, 0x08, 0x61, 0x08, 0x61, 0x08, 0x61, 0x08, 0x61, 0x08, 0x61, 0x08, 0x61, 0x08,
    0x61, 0x08, 0x61, 0x08, 0x61, 0x08, 0x61, 0x08, 0x61, 0x08, 0x61, 0x08, 0x61, 0x08, 0x61, 0x08,
    0x61, 0x08, 0x61, 0x08, 0x61, 0x08, 0x61, 0x08, 0x61, 0x08, 0x61, 0x08, 0x61, 0x08, 0x61, 0x08,
    0x61, 0x08, 0x61, 0x08, 0x61, 0x08, 0x61, 0x08, 0x61, 0x08, 0x77, 0xba, 0x3e, 0xf3, 0x5f, 0xfb,
    0x5f, 0xfb, 0x5f, 0xfb, 0x5f, 0xfb, 0x5f, 0xfb, 0x5f, 0xfb, 0x5f, 0xfb, 0x5f, 0xfb, 0x5f, 0xfb,
    0x5f, 0xfb, 0x5f, 0xfb, 0x5f, 0xfb, 0x5f, 0xfb, 0x5f, 0xfb, 0x5f, 0xfb, 0x5f, 0xfb, 0x5f, 0xfb,
    0x5f, 0xfb, 0x5f, 0xfb, 0x5f, 0xfb, 0x5f, 0xfb, 0x5f, 0xfb, 0x5f, 0xfb, 0x5f, 0xfb, 0x5f, 0xfb,
    0x5f, 0xfb, 0x5f, 0xfb, 0x5f, 0xfb, 0x5f, 0xfb, 0x5f, 0xfb, 0x5f, 0xfb, 0x5f, 0xfb, 0x5f, 0xfb,
    0x5f, 0xfb, 0x5f, 0xfb, 0x5f, 0xfb, 0x5f, 0xfb, 0x5f, 0xfb, 0x5f, 0xfb, 0x5f, 0xfb, 0x5f, 0xfb,
    0x5f, 0xfb, 0x5f, 0xfb, 0x5f, 0xfb, 0x5f, 0xfb, 0x5f, 0xfb, 0x5f, 0xfb, 0x5f, 0xfb, 0x5f, 0xfb,
    0x5f, 0xfb, 0x5f, 0xfb, 0x5f, 0xfb, 0x5f, 0xfb, 0x5f, 0xfb, 0x5f, 0xfb, 0x5f, 0xfb, 0x5f, 0xfb,
    0x5f, 0xfb, 0x5f, 0xfb, 0x5f, 0xfb, 0x5f, 0xfb, 0x5f, 0xfb, 0x5f, 0xfb, 0x5f, 0xfb, 0x5f, 0xfb,
    0x5f, 0xfb, 0x5f, 0xfb, 0x5f, 0xfb, 0x5f, 0xfb, 0x5f, 0xfb, 0x5f, 0xfb, 0x5f, 0xfb, 0x5f, 0xfb,
    0x5f, 0xfb, 0x5f, 0xfb, 0x5f, 0xfb, 0x5f, 0xfb, 0x5f, 0xfb, 0x5f, 0xfb, 0x5f, 0xfb, 0x5f, 0xfb,
    0x5f, 0xfb, 0x5f, 0xfb, 0x5f, 0xfb, 0x5f, 0xfb, 0x5f, 0xfb, 0x5f, 0xfb, 0x5f, 0xfb, 0x5f, 0xfb,
    0x5f, 0xfb, 0x5f, 0xfb, 0x5f, 0xfb, 0x5f, 0xfb, 0x5f, 0xfb, 0x5f, 0xfb, 0x5f, 0xfb, 0x5f, 0xfb,
    0x5f, 0xfb, 0x5f, 0xfb, 0x5f, 0xfb, 0x5f, 0xfb, 0x5f, 0xfb, 0x5f, 0xfb, 0x5f, 0xfb, 0x5f, 0xfb,
    0x5f, 0xfb, 0x5f, 0xfb, 0x5f, 0xfb, 0x5f, 0xfb, 0x5f, 0xfb, 0x5f, 0xfb, 0x5f, 0xfb, 0x5f, 0xfb,
    0x5f, 0xfb, 0x5f, 0xfb, 0x5f, 0xfb, 0x5f, 0xfb, 0x5f, 0xfb, 0x5f, 0xfb, 0x5f, 0xfb, 0x5f, 0xfb,
    0x5f, 0xfb, 0x5f, 0xfb, 0x5f, 0xfb, 0x5f, 0xfb, 0x5f, 0xfb, 0x5f, 0xfb, 0x5f, 0xfb, 0x5f, 0xfb,
    0x5f, 0xfb, 0x5f, 0xfb, 0x5f, 0xfb, 0x5f, 0xfb, 0x5f, 0xfb, 0x5f, 0xfb, 0x5f, 0xfb, 0x5f, 0xfb,
    0x5f, 0xfb, 0x5f, 0xfb, 0x5f, 0xfb, 0x5f, 0xfb, 0x5f, 0xfb, 0x5f, 0xfb, 0x5f, 0xfb, 0x5f, 0xfb,
    0x1f, 0xfb, 0xb8, 0xca, 0x82, 0x10, 0x61, 0x08, 0x61, 0x08, 0x61, 0x08, 0x61, 0x08, 0x61, 0x08,
    0x61, 0x08, 0x61, 0x08, 0x61, 0x08, 0x61, 0x08, 0x61, 0x08, 0x61, 0x08, 0x61, 0x08, 0x61, 0x08,
    0x61, 0x08, 0x61, 0x08, 0x61, 0x08, 0x61, 0x08, 0x61, 0x08, 0x61, 0x08, 0x61, 0x08, 0x61, 0x08,
    0x61, 0x08, 0x61, 0x08, 0x61, 0x08, 0x61, 0x08, 0x61, 0x08, 0x61, 0x08, 0x61, 0x08, 0x61, 0x08,
    0x61, 0x08, 0x61, 0x08, 0x61, 0x08, 0x61, 0x08, 0x61, 0x08, 0x61, 0x08, 0x61, 0x08, 0x61, 0x08,
    0x61, 0x08, 0x61, 0x08, 0x61, 0x08, 0x61, 0x08, 0x61, 0x08, 0x61, 0x08, 0x61, 0x08, 0x61, 0x08,
    0x61, 0x08, 0x61, 0x08, 0x61, 0x08, 0x61, 0x08, 0x61, 0x08, 0x61, 0x08, 0x61, 0x08, 0x61, 0x08,
    0x61, 0x08, 0x61, 0x08, 0x61, 0x08, 0x61, 0x08, 0x61, 0x08, 0x61, 0x08, 0x61, 0x08, 0x61, 0x08,
    0x61, 0x08, 0x61, 0x08, 0x61, 0x08, 0x61, 0x08, 0x61, 0x08, 0x61, 0x08, 0x61, 0x08, 0x61, 0x08,
    0x61, 0x08, 0x61, 0x08, 0x61, 0x08, 0x61, 0x08, 0x61, 0x08, 0x61, 0x08, 0x61, 0x08, 0x61, 0x08,
    0x61, 0x08, 0x61, 0x08, 0x61, 0x08, 0x61, 0x08, 0x61, 0x08, 0x61, 0x08, 0x61, 0x08, 0x61, 0x08,
    0x61, 0x08, 0x61, 0x08, 0x61, 0x08, 0x61, 0x08, 0x61, 0x08, 0x97, 0xba, 0x3e, 0xf3, 0x5f, 0xfb,
    0x5f, 0xfb, 0x5f, 0xfb, 0x5f, 0xfb, 0x5f, 0xfb, 0x5f, 0xfb, 0x5f, 0xfb, 0x5f, 0xfb, 0x5f, 0xfb,
    0x5f, 0xfb, 0x5f, 0xfb, 0x5f, 0xfb, 0x5f, 0xfb, 0x5f, 0xfb, 0x5f, 0xfb, 0x5f, 0xfb, 0x5f, 0xfb,
    0x5f, 0xfb, 0x5f, 0xfb, 0x5f, 0xfb, 0x5f, 0xfb, 0x5f, 0xfb, 0x5f, 0xfb, 0x5f, 0xfb, 0x5f, 0xfb,
    0x5f, 0xfb, 0x5f, 0xfb, 0x5f, 0xfb, 0x5f, 0xfb, 0x5f, 0xfb, 0x5f, 0xfb, 0x5f, 0xfb, 0x5f, 0xfb,
    0x5f, 0xfb, 0x5f, 0xfb, 0x5f, 0xfb, 0x5f, 0xfb, 0x5f, 0xfb, 0x5f, 0xfb, 0x5f, 0xfb, 0x5f, 0xfb,
    0x5f, 0xfb, 0x5f, 0xfb, 0x5f, 0xfb, 0x5f, 0xfb, 0x5f, 0xfb, 0x5f, 0xfb, 0x5f, 0xfb, 0x5f, 0xfb,
    0x5f, 0xfb, 0x5f, 0xfb, 0x5f, 0xfb, 0x5f, 0xfb, 0x5f, 0xfb, 0x5f, 0xfb, 0x5f, 0xfb, 0x5f, 0xfb,
    0x5f, 0xfb, 0x5f, 0xfb, 0x5f, 0xfb, 0x5f, 0xfb, 0x5f, 0xfb, 0x5f, 0xfb, 0x5f, 0xfb, 0x5f, 0xfb,
    0x5f, 0xfb, 0x5f, 0xfb, 0x5f, 0xfb, 0x5f, 0xfb, 0x5f, 0xfb, 0x5f, 0xfb, 0x5f, 0xfb, 0x5f, 0xfb,
    0x5f, 0xfb, 0x5f, 0xfb, 0x5f, 0xfb, 0x5f, 0xfb, 0x5f, 0xfb, 0x5f, 0xfb, 0x5f, 0xfb, 0x5f, 0xfb,
    0x5f, 0xfb, 0x5f, 0xfb, 0x5f, 0xfb, 0x5f, 0xfb, 0x5f, 0xfb, 0x5f, 0xfb, 0x5f, 0xfb, 0x5f, 0xfb,
    0x5f, 0xfb, 0x5f, 0xfb, 0x5f, 0xfb, 0x5f, 0xfb, 0x5f, 0xfb, 0x5f, 0xfb, 0x5f, 0xfb, 0x5f, 0xfb,
    0x5f, 0xfb, 0x5f, 0xfb, 0x5f, 0xfb, 0x5f, 0xfb, 0x5f, 0xfb, 0x5f, 0xfb, 0x5f, 0xfb, 0x5f, 0xfb,
    0x5f, 0xfb, 0x5f, 0xfb, 0x5f, 0xfb, 0x5f, 0xfb, 0x5f, 0xfb, 0x5f, 0xfb, 0x5f, 0xfb, 0x5f, 0xfb,
    0x5f, 0xfb, 0x5f, 0xfb, 0x5f, 0xfb, 0x5f, 0xfb, 0x5f, 0xfb, 0x5f, 0xfb, 0x5f, 0xfb, 0x5f, 0xfb,
    0x5f, 0xfb, 0x5f, 0xfb, 0x5f, 0xfb, 0x5f, 0xfb, 0x5f, 0xfb, 0x5f, 0xfb, 0x5f, 0xfb, 0x5f, 0xfb,
    0x5f, 0xfb, 0x5f, 0xfb, 0x5f, 0xfb, 0x5f, 0xfb, 0x5f, 0xfb, 0x5f, 0xfb, 0x5f, 0xfb, 0x5f, 0xfb,
    0x5f, 0xfb, 0x5f, 0xfb, 0x5f, 0xfb, 0x5f, 0xfb, 0x5f, 0xfb, 0x5f, 0xfb, 0x5f, 0xfb, 0x5f, 0xfb,
    0x1f, 0xfb, 0xb8, 0xca, 0x82, 0x10, 0x61, 0x08, 0x61, 0x08, 0x61, 0x08, 0x61, 0x08, 0x61, 0x08,
    0x61, 0x08, 0x61, 0x08, 0x61, 0x08, 0x61, 0x08, 0x61, 0x08, 0x61, 0x08, 0x61, 0x08, 0x61, 0x08,
    0x61, 0x08, 0x61, 0x08, 0x61, 0x08, 0x61, 0x08, 0x61, 0x08, 0x61, 0x08, 0x61, 0x08, 0x61, 0x08,
    0x61, 0x08, 0x61, 0x08, 0x61, 0x08, 0x61, 0x08, 0x61, 0x08, 0x61, 0x08, 0x61, 0x08, 0x61, 0x08,
    0x61, 0x08, 0x61, 0x08, 0x61, 0x08, 0x61, 0x08, 0x61, 0x08, 0x61, 0x08, 0x61, 0x08, 0x61, 0x08,
    0x61, 0x08, 0x61, 0x08, 0x61, 0x08, 0x61, 0x08, 0x61, 0x08, 0x61, 0x08, 0x61, 0x08, 0x61, 0x08,
    0x61, 0x08, 0x61, 0x08, 0x61, 0x08, 0x61, 0x08, 0x61, 0x08, 0x61, 0x08, 0x61, 0x08, 0x61, 0x08,
    0x61, 0x08, 0x61, 0x08, 0x61, 0x08, 0x61, 0x08, 0x61, 0x08, 0x61, 0x08, 0x61, 0x08, 0x61, 0x08,
    0x61, 0x08, 0x61, 0x08, 0x61, 0x08, 0x61, 0x08, 0x61, 0x08, 0x61, 0x08, 0x61, 0x08, 0x61, 0x08,
    0x61, 0x08, 0x61, 0x08, 0x61, 0x08, 0x61, 0x08, 0x61, 0x08, 0x61, 0x08, 0x61, 0x08, 0x61, 0x08,
    0x61, 0x08, 0x61, 0x08, 0x61, 0x08, 0x61, 0x08, 0x61, 0x08, 0x61, 0x08, 0x61, 0x08, 0x61, 0x08,
    0x61, 0x08, 0x61, 0x08, 0x61, 0x08, 0x61, 0x08, 0x61, 0x08, 0xfc, 0xda, 0x5f, 0xfb, 0x5f, 0xfb,
    0x5f, 0xfb, 0x5f, 0xfb, 0x5f, 0xfb, 0x5f, 0xfb, 0x5f, 0xfb, 0x5f, 0xfb, 0x5f, 0xfb, 0x5f, 0xfb,
    0x5f, 0xfb, 0x5f, 0xfb, 0x5f, 0xfb, 0x5f, 0xfb, 0x5f, 0xfb, 0x5f, 0xfb, 0x5f, 0xfb, 0x5f, 0xfb,
    0x5f, 0xfb, 0x5f, 0xfb, 0x5f, 0xfb, 0x5f, 0xfb, 0x5f, 0xfb, 0x5f, 0xfb, 0x5f, 0xfb, 0x5f, 0xfb,
    0x5f, 0xfb, 0x1f, 0xfb, 0x3e, 0xeb, 0x1f, 0xfb, 0x5f, 0xfb, 0x5f, 0xfb, 0x5f, 0xfb, 0x5f, 0xfb,
    0x5f, 0xfb, 0x5f, 0xfb, 0x5f, 0xfb, 0x5f, 0xfb, 0x5f, 0xfb, 0x5f, 0xfb, 0x5f, 0xfb, 0x5f, 0xfb,
    0x5f, 0xfb, 0x5f, 0xfb, 0x5f, 0xfb, 0x5f, 0xfb, 0x5f, 0xfb, 0x5f, 0xfb, 0x5f, 0xfb, 0x5f, 0xfb,
    0x5f, 0xfb, 0x5f, 0xfb, 0x5f, 0xfb, 0x5f, 0xfb, 0x5f, 0xfb, 0x5f, 0xfb, 0x5f, 0xfb, 0x5f, 0xfb,
    0x5f, 0xfb, 0x5f, 0xfb, 0x5f, 0xfb, 0x5f, 0xfb, 0x5f, 0xfb, 0x5f, 0xfb, 0x5f, 0xfb, 0x5f, 0xfb,
    0x5f, 0xfb, 0x5f, 0xfb, 0x5f, 0xfb, 0x5f, 0xfb, 0x5f, 0xfb, 0x5f, 0xfb, 0x5f, 0xfb, 0x5f, 0xfb,
    0x5f, 0xfb, 0x5f, 0xfb, 0x5f, 0xfb, 0x5f, 0xfb, 0x5f, 0xfb, 0x5f, 0xfb, 0x5f, 0xfb, 0x5f, 0xfb,
    0x5f, 0xfb, 0x5f, 0xfb, 0x5f, 0xfb, 0x5f, 0xfb, 0x5f, 0xfb, 0x5f, 0xfb, 0x5f, 0xfb, 0x5f, 0xfb,
    0x5f, 0xfb, 0x5f, 0xfb, 0x5f, 0xfb, 0x5f, 0xfb, 0x5f, 0xfb, 0x5f, 0xfb, 0x5f, 0xfb, 0x5f, 0xfb,
    0x5f, 0xfb, 0x5f, 0xfb, 0x5f, 0xfb, 0x5f, 0xfb, 0x5f, 0xfb, 0x5f, 0xfb, 0x5f, 0xfb, 0x5f, 0xfb,
    0x5f, 0xfb, 0x5f, 0xfb, 0x5f, 0xfb, 0x5f, 0xfb, 0x5f, 0xfb, 0x5f, 0xfb, 0x5f, 0xfb, 0x5f, 0xfb,
    0x5f, 0xfb, 0x5f, 0xfb, 0x5f, 0xfb, 0x1f, 0xfb, 0x3e, 0xeb, 0x3e, 0xeb, 0x5f, 0xfb, 0x5f, 0xfb,
    0x5f, 0xfb, 0x5f, 0xfb, 0x5f, 0xfb, 0x5f, 0xfb, 0x5f, 0xfb, 0x5f, 0xfb, 0x5f, 0xfb, 0x5f, 0xfb,
    0x5f, 0xfb, 0x5f, 0xfb, 0x5f, 0xfb, 0x5f, 0xfb, 0x5f, 0xfb, 0x5f, 0xfb, 0x5f, 0xfb, 0x5f, 0xfb,
    0x5f, 0xfb, 0x5f, 0xfb, 0x5f, 0xfb, 0x5f, 0xfb, 0x5f, 0xfb, 0x5f, 0xfb, 0x5f, 0xfb, 0x5f, 0xfb,
    0x5f, 0xfb, 0x1c, 0xe3, 0x83, 0x18, 0x61, 0x08, 0x61, 0x08, 0x61, 0x08, 0x61, 0x08, 0x61, 0x08,
    0x61, 0x08, 0x61, 0x08, 0x61, 0x08, 0x61, 0x08, 0x61, 0x08, 0x61, 0x08, 0x61, 0x08, 0x61, 0x08,
    0x61, 0x08, 0x61, 0x08, 0x61, 0x08, 0x61, 0x08, 0x61, 0x08, 0x61, 0x08, 0x61, 0x08, 0x61, 0x08,
    0x61, 0x08, 0x61, 0x08, 0x61, 0x08, 0x61, 0x08, 0x61, 0x08, 0x61, 0x08, 0x61, 0x08, 0x61, 0x08,
    0x61, 0x08, 0x61, 0x08, 0x61, 0x08, 0x61, 0x08, 0x61, 0x08, 0x61, 0x08, 0x61, 0x08, 0x61, 0x08,
    0x61, 0x08, 0x61, 0x08, 0x61, 0x08, 0x61, 0x08, 0x61, 0x08, 0x61, 0x08, 0x61, 0x08, 0x61, 0x08,
    0x61, 0x08, 0x61, 0x08, 0x61, 0x08, 0x61, 0x08, 0x61, 0x08, 0x61, 0x08, 0x61, 0x08, 0x61, 0x08,
    0x61, 0x08, 0x61, 0x08, 0x61, 0x08, 0x61, 0x08, 0x61, 0x08, 0x61, 0x08, 0x61, 0x08, 0x61, 0x08,
    0x61, 0x08, 0x61, 0x08, 0x61, 0x08, 0x61, 0x08, 0x61, 0x08, 0x61, 0x08, 0x61, 0x08, 0x61, 0x08,
    0x61, 0x08, 0x61, 0x08, 0x61, 0x08, 0x61, 0x08, 0x61, 0x08, 0x61, 0x08, 0x61, 0x08, 0x61, 0x08,
    0x61, 0x08, 0x61, 0x08, 0x61, 0x08, 0x61, 0x08, 0x61, 0x08, 0x61, 0x08, 0x61, 0x08, 0x61, 0x08,
    0x61, 0x08, 0x61, 0x08, 0x61, 0x08, 0x61, 0x08, 0x6c, 0x59, 0xfc, 0xe2, 0x5f, 0xfb, 0x5f, 0xfb,
    0x5f, 0xfb, 0x5f, 0xfb, 0x5f, 0xfb, 0x5f, 0xfb, 0x5f, 0xfb, 0x5f, 0xfb, 0x5f, 0xfb, 0x5f, 0xfb,
    0x5f, 0xfb, 0x5f, 0xfb, 0x5f, 0xfb, 0x5f, 0xfb, 0x5f, 0xfb, 0x5f, 0xfb, 0x5f, 0xfb, 0x5f, 0xfb,
    0x5f, 0xfb, 0x5f, 0xfb, 0x5f, 0xfb, 0x5f, 0xfb, 0x5f, 0xfb, 0x5f, 0xfb, 0x5f, 0xfb, 0x5f, 0xfb,
    0x1c, 0xe3, 0xd0, 0x81, 0x8e, 0x71, 0xf1, 0x91, 0xf2, 0x89, 0xf2, 0x91, 0x35, 0xa2, 0x77, 0xba,
    0x1c, 0xe3, 0x3e, 0xeb, 0x1f, 0xfb, 0x5f, 0xfb, 0x5f, 0xfb, 0x5f, 0xfb, 0x5f, 0xfb, 0x5f, 0xfb,
    0x5f, 0xfb, 0x5f, 0xfb, 0x5f, 0xfb, 0x5f, 0xfb, 0x5f, 0xfb, 0x5f, 0xfb, 0x5f, 0xfb, 0x5f, 0xfb,
    0x5f, 0xfb, 0x5f, 0xfb, 0x5f, 0xfb, 0x5f, 0xfb, 0x5f, 0xfb, 0x5f, 0xfb, 0x5f, 0xfb, 0x5f, 0xfb,
    0x5f, 0xfb, 0x5f, 0xfb, 0x5f, 0xfb, 0x5f, 0xfb, 0x5f, 0xfb, 0x5f, 0xfb, 0x5f, 0xfb, 0x5f, 0xfb,
    0x5f, 0xfb, 0x5f, 0xfb, 0x5f, 0xfb, 0x5f, 0xfb, 0x5f, 0xfb, 0x5f, 0xfb, 0x5f, 0xfb, 0x5f, 0xfb,
    0x5f, 0xfb, 0x5f, 0xfb, 0x5f, 0xfb, 0x5f, 0xfb, 0x5f, 0xfb, 0x5f, 0xfb, 0x5f, 0xfb, 0x5f, 0xfb,
    0x5f, 0xfb, 0x5f, 0xfb, 0x5f, 0xfb, 0x5f, 0xfb, 0x5f, 0xfb, 0x5f, 0xfb, 0x5f, 0xfb, 0x5f, 0xfb,
    0x5f, 0xfb, 0x5f, 0xfb, 0x5f, 0xfb, 0x5f, 0xfb, 0x5f, 0xfb, 0x5f, 0xfb, 0x5f, 0xfb, 0x5f, 0xfb,
    0x5f, 0xfb, 0x5f, 0xfb, 0x5f, 0xfb, 0x5f, 0xfb, 0x5f, 0xfb, 0x5f, 0xfb, 0x5f, 0xfb, 0x5f, 0xfb,
    0x5f, 0xfb, 0x5f, 0xfb, 0x5f, 0xfb, 0x5f, 0xfb, 0x1f, 0xfb, 0x3e, 0xeb, 0x1c, 0xe3, 0x77, 0xba,
    0x96, 0xb2, 0x13, 0x9a, 0xf2, 0x89, 0xd0, 0x81, 0x4c, 0x61, 0xaf, 0x79, 0xda, 0xd2, 0x5f, 0xfb,
    0x5f, 0xfb, 0x5f, 0xfb, 0x5f, 0xfb, 0x5f, 0xfb, 0x5f, 0xfb, 0x5f, 0xfb, 0x5f, 0xfb, 0x5f, 0xfb,
    0x5f, 0xfb, 0x5f, 0xfb, 0x5f, 0xfb, 0x5f, 0xfb, 0x5f, 0xfb, 0x5f, 0xfb, 0x5f, 0xfb, 0x5f, 0xfb,
    0x5f, 0xfb, 0x5f, 0xfb, 0x5f, 0xfb, 0x5f, 0xfb, 0x5f, 0xfb, 0x5f, 0xfb, 0x5f, 0xfb, 0x5f, 0xfb,
    0x5f, 0xfb, 0xfd, 0xea, 0x4a, 0x51, 0x61, 0x08, 0x61, 0x08, 0x61, 0x08, 0x61, 0x08, 0x61, 0x08,
    0x61, 0x08, 0x61, 0x08, 0x61, 0x08, 0x61, 0x08, 0x61, 0x08, 0x61, 0x08, 0x61, 0x08, 0x61, 0x08,
    0x61, 0x08, 0x61, 0x08, 0x61, 0x08, 0x61, 0x08, 0x61, 0x08, 0x61, 0x08, 0x61, 0x08, 0x61, 0x08,
    0x61, 0x08, 0x61, 0x08, 0x61, 0x08, 0x61, 0x08, 0x61, 0x08, 0x61, 0x08, 0x61, 0x08, 0x61, 0x08,
    0x61, 0x08, 0x61, 0x08, 0x61, 0x08, 0x61, 0x08, 0x61, 0x08, 0x61, 0x08, 0x61, 0x08, 0x61, 0x08,
    0x61, 0x08, 0x61, 0x08, 0x61, 0x08, 0x61, 0x08, 0x61, 0x08, 0x61, 0x08, 0x61, 0x08, 0x61, 0x08,
    0x61, 0x08, 0x61, 0x08, 0x61, 0x08, 0x61, 0x08, 0x61, 0x08, 0x61, 0x08, 0x61, 0x08, 0x61, 0x08,
    0x61, 0x08, 0x61, 0x08, 0x61, 0x08, 0x61, 0x08, 0x61, 0x08, 0x61, 0x08, 0x61, 0x08, 0x61, 0x08,
    0x61, 0x08, 0x61, 0x08, 0x61, 0x08, 0x61, 0x08, 0x61, 0x08, 0x61, 0x08, 0x61, 0x08, 0x61, 0x08,
    0x61, 0x08, 0x61, 0x08, 0x61, 0x08, 0x61, 0x08, 0x61, 0x08, 0x61, 0x08, 0x61, 0x08, 0x61, 0x08,
    0x61, 0x08, 0x61, 0x08, 0x61, 0x08, 0x61, 0x08, 0x61, 0x08, 0x61, 0x08, 0x61, 0x08, 0x61, 0x08,
    0x61, 0x08, 0x61, 0x08, 0x61, 0x08, 0x61, 0x08, 0x29, 0x41, 0xfc, 0xe2, 0x5f, 0xfb, 0x5f, 0xfb,
    0x5f, 0xfb, 0x5f, 0xfb, 0x5f, 0xfb, 0x5f, 0xfb, 0x5f, 0xfb, 0x5f, 0xfb, 0x5f, 0xfb, 0x5f, 0xfb,
    0x5f, 0xfb, 0x5f, 0xfb, 0x5f, 0xfb, 0x5f, 0xfb, 0x5f, 0xfb, 0x5f, 0xfb, 0x5f, 0xfb, 0x5f, 0xfb,
    0x5f, 0xfb, 0x5f, 0xfb, 0x5f, 0xfb, 0x5f, 0xfb, 0x5f, 0xfb, 0x5f, 0xfb, 0x5f, 0xfb, 0x5f, 0xfb,
    0xda, 0xd2, 0x09, 0x51, 0x83, 0x18, 0xa5, 0x20, 0xc5, 0x28, 0xa5, 0x28, 0xc6, 0x30, 0xe7, 0x38,
    0x0a, 0x51, 0x8e, 0x71, 0x14, 0xa2, 0xba, 0xd2, 0x1e, 0xf3, 0x1f, 0xfb, 0x5f, 0xfb, 0x5f, 0xfb,
    0x5f, 0xfb, 0x5f, 0xfb, 0x5f, 0xfb, 0x5f, 0xfb, 0x5f, 0xfb, 0x5f, 0xfb, 0x5f, 0xfb, 0x5f, 0xfb,
    0x5f, 0xfb, 0x5f, 0xfb, 0x5f, 0xfb, 0x5f, 0xfb, 0x5f, 0xfb, 0x5f, 0xfb, 0x5f, 0xfb, 0x5f, 0xfb,
    0x5f, 0xfb, 0x5f, 0xfb, 0x5f, 0xfb, 0x5f, 0xfb, 0x5f, 0xfb, 0x5f, 0xfb, 0x5f, 0xfb, 0x5f, 0xfb,
    0x5f, 0xfb, 0x5f, 0xfb, 0x5f, 0xfb, 0x5f, 0xfb, 0x5f, 0xfb, 0x5f, 0xfb, 0x5f, 0xfb, 0x5f, 0xfb,
    0x5f, 0xfb, 0x5f, 0xfb, 0x5f, 0xfb, 0x5f, 0xfb, 0x5f, 0xfb, 0x5f, 0xfb, 0x5f, 0xfb, 0x5f, 0xfb,
    0x5f, 0xfb, 0x5f, 0xfb, 0x5f, 0xfb, 0x5f, 0xfb, 0x5f, 0xfb, 0x5f, 0xfb, 0x5f, 0xfb, 0x5f, 0xfb,
    0x5f, 0xfb, 0x5f, 0xfb, 0x5f, 0xfb, 0x5f, 0xfb, 0x5f, 0xfb, 0x5f, 0xfb, 0x5f, 0xfb, 0x5f, 0xfb,
    0x5f, 0xfb, 0x5f, 0xfb, 0x5f, 0xfb, 0x5f, 0xfb, 0x5f, 0xfb, 0x5f, 0xfb, 0x5f, 0xfb, 0x5f, 0xfb,
    0x5f, 0xfb, 0x1f, 0xfb, 0x3e, 0xeb, 0x99, 0xc2, 0x13, 0x9a, 0x4c, 0x61, 0x0a, 0x51, 0xe8, 0x38,
    0xe7, 0x38, 0xc5, 0x28, 0xc5, 0x28, 0xa4, 0x20, 0x82, 0x10, 0xe8, 0x38, 0x98, 0xba, 0x5f, 0xfb,
    0x5f, 0xfb, 0x5f, 0xfb, 0x5f, 0xfb, 0x5f, 0xfb, 0x5f, 0xfb, 0x5f, 0xfb, 0x5f, 0xfb, 0x5f, 0xfb,
    0x5f, 0xfb, 0x5f, 0xfb, 0x5f, 0xfb, 0x5f, 0xfb, 0x5f, 0xfb, 0x5f, 0xfb, 0x5f, 0xfb, 0x5f, 0xfb,
    0x5f, 0xfb, 0x5f, 0xfb, 0x5f, 0xfb, 0x5f, 0xfb, 0x5f, 0xfb, 0x5f, 0xfb, 0x5f, 0xfb, 0x5f, 0xfb,
    0x5f, 0xfb, 0xfd, 0xea, 0x07, 0x39, 0x61, 0x08, 0x61, 0x08, 0x61, 0x08, 0x61, 0x08, 0x61, 0x08,
    0x61, 0x08, 0x61, 0x08, 0x61, 0x08, 0x61, 0x08, 0x61, 0x08, 0x61, 0x08, 0x61, 0x08, 0x61, 0x08,
    0x61, 0x08, 0x61, 0x08, 0x61, 0x08, 0x61, 0x08, 0x61, 0x08, 0x61, 0x08, 0x61, 0x08, 0x61, 0x08,
    0x61, 0x08, 0x61, 0x08, 0x61, 0x08, 0x61, 0x08, 0x61, 0x08, 0x61, 0x08, 0x61, 0x08, 0x61, 0x08,
    0x61, 0x08, 0x61, 0x08, 0x61, 0x08, 0x61, 0x08, 0x61, 0x08, 0x61, 0x08, 0x61, 0x08, 0x61, 0x08,
    0x61, 0x08, 0x61, 0x08, 0x61, 0x08, 0x61, 0x08, 0x61, 0x08, 0x61, 0x08, 0x61, 0x08, 0x61, 0x08,
    0x61, 0x08, 0x61, 0x08, 0x61, 0x08, 0x61, 0x08, 0x61, 0x08, 0x61, 0x08, 0x61, 0x08, 0x61, 0x08,
    0x61, 0x08, 0x61, 0x08, 0x61, 0x08, 0x61, 0x08, 0x61, 0x08, 0x61, 0x08, 0x61, 0x08, 0x61, 0x08,
    0x61, 0x08, 0x61, 0x08, 0x61, 0x08, 0x61, 0x08, 0x61, 0x08, 0x61, 0x08, 0x61, 0x08, 0x61, 0x08,
    0x61, 0x08, 0x61, 0x08, 0x61, 0x08, 0x61, 0x08, 0x61, 0x08, 0x61, 0x08, 0x61, 0x08, 0x61, 0x08,
    0x61, 0x08, 0x61, 0x08, 0x61, 0x08, 0x61, 0x08, 0x61, 0x08, 0x61, 0x08, 0x61, 0x08, 0x61, 0x08,
    0x61, 0x08, 0x61, 0x08, 0x61, 0x08, 0x61, 0x08, 0xe5, 0x28, 0xdd, 0xe2, 0x5f, 0xfb, 0x5f, 0xfb,
    0x5f, 0xfb, 0x5f, 0xfb, 0x5f, 0xfb, 0x5f, 0xfb, 0x5f, 0xfb, 0x5f, 0xfb, 0x5f, 0xfb, 0x5f, 0xfb,
    0x5f, 0xfb, 0x5f, 0xfb, 0x5f, 0xfb, 0x5f, 0xfb, 0x5f, 0xfb, 0x5f, 0xfb, 0x5f, 0xfb, 0x5f, 0xfb,
    0x5f, 0xfb, 0x5f, 0xfb, 0x5f, 0xfb, 0x5f, 0xfb, 0x5f, 0xfb, 0x5f, 0xfb, 0x5f, 0xfb, 0x5f, 0xfb,
    0xba, 0xd2, 0x09, 0x49, 0x61, 0x08, 0x61, 0x08, 0x61, 0x08, 0x61, 0x08, 0x61, 0x08, 0x61, 0x08,
    0x61, 0x08, 0x83, 0x18, 0xc5, 0x28, 0xe8, 0x38, 0x8d, 0x71, 0x56, 0xb2, 0xfc, 0xe2, 0x1f, 0xfb,
    0x5f, 0xfb, 0x5f, 0xfb, 0x5f, 0xfb, 0x5f, 0xfb, 0x5f, 0xfb, 0x5f, 0xfb, 0x5f, 0xfb, 0x5f, 0xfb,
    0x5f, 0xfb, 0x5f, 0xfb, 0x5f, 0xfb, 0x5f, 0xfb, 0x5f, 0xfb, 0x5f, 0xfb, 0x5f, 0xfb, 0x5f, 0xfb,
    0x5f, 0xfb, 0x5f, 0xfb, 0x5f, 0xfb, 0x5f, 0xfb, 0x5f, 0xfb, 0x5f, 0xfb, 0x5f, 0xfb, 0x5f, 0xfb,
    0x5f, 0xfb, 0x5f, 0xfb, 0x5f, 0xfb, 0x5f, 0xfb, 0x5f, 0xfb, 0x5f, 0xfb, 0x5f, 0xfb, 0x5f, 0xfb,
    0x5f, 0xfb, 0x5f, 0xfb, 0x5f, 0xfb, 0x5f, 0xfb, 0x5f, 0xfb, 0x5f, 0xfb, 0x5f, 0xfb, 0x5f, 0xfb,
    0x5f, 0xfb, 0x5f, 0xfb, 0x5f, 0xfb, 0x5f, 0xfb, 0x5f, 0xfb, 0x5f, 0xfb, 0x5f, 0xfb, 0x5f, 0xfb,
    0x5f, 0xfb, 0x5f, 0xfb, 0x5f, 0xfb, 0x5f, 0xfb, 0x5f, 0xfb, 0x5f, 0xfb, 0x5f, 0xfb, 0x5f, 0xfb,
    0x5f, 0xfb, 0x5f, 0xfb, 0x5f, 0xfb, 0x5f, 0xfb, 0x5f, 0xfb, 0x5f, 0xfb, 0x5f, 0xfb, 0x1f, 0xfb,
    0xfc, 0xda, 0x34, 0xaa, 0x8e, 0x71, 0xe8, 0x38, 0xa5, 0x28, 0x82, 0x10, 0x61, 0x08, 0x61, 0x08,
    0x61, 0x08, 0x61, 0x08, 0x61, 0x08, 0x61, 0x08, 0x61, 0x08, 0xe7, 0x38, 0x98, 0xba, 0x5f, 0xfb,
    0x5f, 0xfb, 0x5f, 0xfb, 0x5f, 0xfb, 0x5f, 0xfb, 0x5f, 0xfb, 0x5f, 0xfb, 0x5f, 0xfb, 0x5f, 0xfb,
    0x5f, 0xfb, 0x5f, 0xfb, 0x5f, 0xfb, 0x5f, 0xfb, 0x5f, 0xfb, 0x5f, 0xfb, 0x5f, 0xfb, 0x5f, 0xfb,
    0x5f, 0xfb, 0x5f, 0xfb, 0x5f, 0xfb, 0x5f, 0xfb, 0x5f, 0xfb, 0x5f, 0xfb, 0x5f, 0xfb, 0x5f, 0xfb,
    0x5f, 0xfb, 0xfd, 0xea, 0x28, 0x41, 0x61, 0x08, 0x61, 0x08, 0x61, 0x08, 0x61, 0x08, 0x61, 0x08,
    0x61, 0x08, 0x61, 0x08, 0x61, 0x08, 0x61, 0x08, 0x61, 0x08, 0x61, 0x08, 0x61, 0x08, 0x61, 0x08,
    0x61, 0x08, 0x61, 0x08, 0x61, 0x08, 0x61, 0x08, 0x61, 0x08, 0x61, 0x08, 0x61, 0x08, 0x61, 0x08,
    0x61, 0x08, 0x61, 0x08, 0x61, 0x08, 0x61, 0x08, 0x61, 0x08, 0x61, 0x08, 0x61, 0x08, 0x61, 0x08,
    0x61, 0x08, 0x61, 0x08, 0x61, 0x08, 0x61, 0x08, 0x61, 0x08, 0x61, 0x08, 0x61, 0x08, 0x61, 0x08,
    0x61, 0x08, 0x61, 0x08, 0x61, 0x08, 0x61, 0x08, 0x61, 0x08, 0x61, 0x08, 0x61, 0x08, 0x61, 0x08,
    0x61, 0x08, 0x61, 0x08, 0x61, 0x08, 0x61, 0x08, 0x61, 0x08, 0x61, 0x08, 0x61, 0x08, 0x61, 0x08,
    0x61, 0x08, 0x61, 0x08, 0x61, 0x08, 0x61, 0x08, 0x61, 0x08, 0x61, 0x08, 0x61, 0x08, 0x61, 0x08,
    0x61, 0x08, 0x61, 0x08, 0x61, 0x08, 0x61, 0x08, 0x61, 0x08, 0x61, 0x08, 0x61, 0x08, 0x61, 0x08,
    0x61, 0x08, 0x61, 0x08, 0x61, 0x08, 0x61, 0x08, 0x61, 0x08, 0x61, 0x08, 0x61, 0x08, 0x61, 0x08,
    0x61, 0x08, 0x61, 0x08, 0x61, 0x08, 0x61, 0x08, 0x61, 0x08, 0x61, 0x08, 0x61, 0x08, 0x61, 0x08,
    0x61, 0x08, 0x61, 0x08, 0x61, 0x08, 0x61, 0x08, 0x8e, 0x71, 0xfd, 0xea, 0x5f, 0xfb, 0x5f, 0xfb,
    0x5f, 0xfb, 0x5f, 0xfb, 0x5f, 0xfb, 0x5f, 0xfb, 0x5f, 0xfb, 0x5f, 0xfb, 0x5f, 0xfb, 0x5f, 0xfb,
    0x5f, 0xfb, 0x5f, 0xfb, 0x5f, 0xfb, 0x5f, 0xfb, 0x5f, 0xfb, 0x5f, 0xfb, 0x5f, 0xfb, 0x5f, 0xfb,
    0x5f, 0xfb, 0x5f, 0xfb, 0x5f, 0xfb, 0x5f, 0xfb, 0x5f, 0xfb, 0x5f, 0xfb, 0x5f, 0xfb, 0x5f, 0xfb,
    0x3e, 0xf3, 0x2b, 0x59, 0x61, 0x08, 0x61, 0x08, 0x61, 0x08, 0x61, 0x08, 0x61, 0x08, 0x61, 0x08,
    0x61, 0x08, 0x61, 0x08, 0x61, 0x08, 0x61, 0x08, 0x83, 0x18, 0xc5, 0x28, 0xe8, 0x40, 0xf1, 0x91,
    0xfc, 0xda, 0x1f, 0xfb, 0x5f, 0xfb, 0x5f, 0xfb, 0x5f, 0xfb, 0x5f, 0xfb, 0x5f, 0xfb, 0x5f, 0xfb,
    0x5f, 0xfb, 0x5f, 0xfb, 0x5f, 0xfb, 0x5f, 0xfb, 0x5f, 0xfb, 0x5f, 0xfb, 0x5f, 0xfb, 0x5f, 0xfb,
    0x5f, 0xfb, 0x5f, 0xfb, 0x5f, 0xfb, 0x5f, 0xfb, 0x5f, 0xfb, 0x5f, 0xfb, 0x5f, 0xfb, 0x5f, 0xfb,
    0x5f, 0xfb, 0x5f, 0xfb, 0x5f, 0xfb, 0x5f, 0xfb, 0x5f, 0xfb, 0x5f, 0xfb, 0x5f, 0xfb, 0x5f, 0xfb,
    0x5f, 0xfb, 0x5f, 0xfb, 0x5f, 0xfb, 0x5f, 0xfb, 0x5f, 0xfb, 0x5f, 0xfb, 0x5f, 0xfb, 0x5f, 0xfb,
    0x5f, 0xfb, 0x5f, 0xfb, 0x5f, 0xfb, 0x5f, 0xfb, 0x5f, 0xfb, 0x5f, 0xfb, 0x5f, 0xfb, 0x5f, 0xfb,
    0x5f, 0xfb, 0x5f, 0xfb, 0x5f, 0xfb, 0x5f, 0xfb, 0x5f, 0xfb, 0x5f, 0xfb, 0x5f, 0xfb, 0x5f, 0xfb,
    0x5f, 0xfb, 0x5f, 0xfb, 0x5f, 0xfb, 0x5f, 0xfb, 0x5f, 0xfb, 0x1f, 0xfb, 0xfc, 0xda, 0x13, 0x9a,
    0x29, 0x49, 0xa5, 0x28, 0x83, 0x18, 0x61, 0x08, 0x61, 0x08, 0x61, 0x08, 0x61, 0x08, 0x61, 0x08,
    0x61, 0x08, 0x61, 0x08, 0x61, 0x08, 0x61, 0x08, 0x61, 0x08, 0x09, 0x49, 0xfd, 0xe2, 0x5f, 0xfb,
    0x5f, 0xfb, 0x5f, 0xfb, 0x5f, 0xfb, 0x5f, 0xfb, 0x5f, 0xfb, 0x5f, 0xfb, 0x5f, 0xfb, 0x5f, 0xfb,
    0x5f, 0xfb, 0x5f, 0xfb, 0x5f, 0xfb, 0x5f, 0xfb, 0x5f, 0xfb, 0x5f, 0xfb, 0x5f, 0xfb, 0x5f, 0xfb,
    0x5f, 0xfb, 0x5f, 0xfb, 0x5f, 0xfb, 0x5f, 0xfb, 0x5f, 0xfb, 0x5f, 0xfb, 0x5f, 0xfb, 0x5f, 0xfb,
    0x5f, 0xfb, 0x1e, 0xf3, 0x13, 0x9a, 0x61, 0x08, 0x61, 0x08, 0x61, 0x08, 0x61, 0x08, 0x61, 0x08,
    0x61, 0x08, 0x61, 0x08, 0x61, 0x08, 0x61, 0x08, 0x61, 0x08, 0x61, 0x08, 0x61, 0x08, 0x61, 0x08,
    0x61, 0x08, 0x61, 0x08, 0x61, 0x08, 0x61, 0x08, 0x61, 0x08, 0x61, 0x08, 0x61, 0x08, 0x61, 0x08,
    0x61, 0x08, 0x61, 0x08, 0x61, 0x08, 0x61, 0x08, 0x61, 0x08, 0x61, 0x08, 0x61, 0x08, 0x61, 0x08,
    0x61, 0x08, 0x61, 0x08, 0x61, 0x08, 0x61, 0x08, 0x61, 0x08, 0x61, 0x08, 0x61, 0x08, 0x61, 0x08,
    0x61, 0x08, 0x61, 0x08, 0x61, 0x08, 0x61, 0x08, 0x61, 0x08, 0x61, 0x08, 0x61, 0x08, 0x61, 0x08,
    0x61, 0x08, 0x61, 0x08, 0x61, 0x08, 0x61, 0x08, 0x61, 0x08, 0x61, 0x08, 0x61, 0x08, 0x61, 0x08,
    0x61, 0x08, 0x61, 0x08, 0x61, 0x08, 0x61, 0x08, 0x61, 0x08, 0x61, 0x08, 0x61, 0x08, 0x61, 0x08,
    0x61, 0x08, 0x61, 0x08, 0x61, 0x08, 0x61, 0x08, 0x61, 0x08, 0x61, 0x08, 0x61, 0x08, 0x61, 0x08,
    0x61, 0x08, 0x61, 0x08, 0x61, 0x08, 0x61, 0x08, 0x61, 0x08, 0x61, 0x08, 0x61, 0x08, 0x61, 0x08,
    0x61, 0x08, 0x61, 0x08, 0x61, 0x08, 0x61, 0x08, 0x61, 0x08, 0x61, 0x08, 0x61, 0x08, 0x61, 0x08,
    0x61, 0x08, 0x61, 0x08, 0x61, 0x08, 0x61, 0x08, 0x13, 0x9a, 0x1e, 0xf3, 0x5f, 0xfb, 0x5f, 0xfb,
    0x5f, 0xfb, 0x5f, 0xfb, 0x5f, 0xfb, 0x5f, 0xfb, 0x5f, 0xfb, 0x5f, 0xfb, 0x5f, 0xfb, 0x5f, 0xfb,
    0x5f, 0xfb, 0x5f, 0xfb, 0x5f, 0xfb, 0x5f, 0xfb, 0x5f, 0xfb, 0x5f, 0xfb, 0x5f, 0xfb, 0x5f, 0xfb,
    0x5f, 0xfb, 0x5f, 0xfb, 0x5f, 0xfb, 0x5f, 0xfb, 0x5f, 0xfb, 0x5f, 0xfb, 0x5f, 0xfb, 0x5f, 0xfb,
    0x1f, 0xfb, 0x6c, 0x61, 0x82, 0x10, 0x61, 0x08, 0x61, 0x08, 0x61, 0x08, 0x61, 0x08, 0x61, 0x08,
    0x61, 0x08, 0x61, 0x08, 0x61, 0x08, 0x61, 0x08, 0x61, 0x08, 0x61, 0x08, 0x61, 0x08, 0xa4, 0x20,
    0xe6, 0x30, 0x98, 0xba, 0x1e, 0xf3, 0x5f, 0xfb, 0x5f, 0xfb, 0x5f, 0xfb, 0x5f, 0xfb, 0x5f, 0xfb,
    0x5f, 0xfb, 0x5f, 0xfb, 0x5f, 0xfb, 0x5f, 0xfb, 0x5f, 0xfb, 0x5f, 0xfb, 0x5f, 0xfb, 0x5f, 0xfb,
    0x5f, 0xfb, 0x5f, 0xfb, 0x5f, 0xfb, 0x5f, 0xfb, 0x5f, 0xfb, 0x5f, 0xfb, 0x5f, 0xfb, 0x5f, 0xfb,
    0x5f, 0xfb, 0x5f, 0xfb, 0x5f, 0xfb, 0x5f, 0xfb, 0x5f, 0xfb, 0x5f, 0xfb, 0x5f, 0xfb, 0x5f, 0xfb,
    0x5f, 0xfb, 0x5f, 0xfb, 0x5f, 0xfb, 0x5f, 0xfb, 0x5f, 0xfb, 0x5f, 0xfb, 0x5f, 0xfb, 0x5f, 0xfb,
    0x5f, 0xfb, 0x5f, 0xfb, 0x5f, 0xfb, 0x5f, 0xfb, 0x5f, 0xfb, 0x5f, 0xfb, 0x5f, 0xfb, 0x5f, 0xfb,
    0x5f, 0xfb, 0x5f, 0xfb, 0x5f, 0xfb, 0x5f, 0xfb, 0x5f, 0xfb, 0x5f, 0xfb, 0x5f, 0xfb, 0x5f, 0xfb,
    0x5f, 0xfb, 0x5f, 0xfb, 0x5f, 0xfb, 0x5f, 0xfb, 0x1e, 0xf3, 0x77, 0xba, 0x07, 0x39, 0x84, 0x20,
    0x61, 0x08, 0x61, 0x08, 0x61, 0x08, 0x61, 0x08, 0x61, 0x08, 0x61, 0x08, 0x61, 0x08, 0x61, 0x08,
    0x61, 0x08, 0x61, 0x08, 0x61, 0x08, 0x61, 0x08, 0x82, 0x10, 0x2a, 0x59, 0x3e, 0xf3, 0x5f, 0xfb,
    0x5f, 0xfb, 0x5f, 0xfb, 0x5f, 0xfb, 0x5f, 0xfb, 0x5f, 0xfb, 0x5f, 0xfb, 0x5f, 0xfb, 0x5f, 0xfb,
    0x5f, 0xfb, 0x5f, 0xfb, 0x5f, 0xfb, 0x5f, 0xfb, 0x5f, 0xfb, 0x5f, 0xfb, 0x5f, 0xfb, 0x5f, 0xfb,
    0x5f, 0xfb, 0x5f, 0xfb, 0x5f, 0xfb, 0x5f, 0xfb, 0x5f, 0xfb, 0x5f, 0xfb, 0x5f, 0xfb, 0x5f, 0xfb,
    0x5f, 0xfb, 0x3e, 0xf3, 0x13, 0xa2, 0x61, 0x08, 0x61, 0x08, 0x61, 0x08, 0x61, 0x08, 0x61, 0x08,
    0x61, 0x08, 0x61, 0x08, 0x61, 0x08, 0x61, 0x08, 0x61, 0x08, 0x61, 0x08, 0x61, 0x08, 0x61, 0x08,
    0x61, 0x08, 0x61, 0x08, 0x61, 0x08, 0x61, 0x08, 0x61, 0x08, 0x61, 0x08, 0x61, 0x08, 0x61, 0x08,
    0x61, 0x08, 0x61, 0x08, 0x61, 0x08, 0x61, 0x08, 0x61, 0x08, 0x61, 0x08, 0x61, 0x08, 0x61, 0x08,
    0x61, 0x08, 0x61, 0x08, 0x61, 0x08, 0x61, 0x08, 0x61, 0x08, 0x61, 0x08, 0x61, 0x08, 0x61, 0x08,
    0x61, 0x08, 0x61, 0x08, 0x61, 0x08, 0x61, 0x08, 0x61, 0x08, 0x61, 0x08, 0x61, 0x08, 0x61, 0x08,
    0x61, 0x08, 0x61, 0x08, 0x61, 0x08, 0x61, 0x08, 0x61, 0x08, 0x61, 0x08, 0x61, 0x08, 0x61, 0x08,
    0x61, 0x08, 0x61, 0x08, 0x61, 0x08, 0x61, 0x08, 0x61, 0x08, 0x61, 0x08, 0x61, 0x08, 0x61, 0x08,
    0x61, 0x08, 0x61, 0x08, 0x61, 0x08, 0x61, 0x08, 0x61, 0x08, 0x61, 0x08, 0x61, 0x08, 0x61, 0x08,
    0x61, 0x08, 0x61, 0x08, 0x61, 0x08, 0x61, 0x08, 0x61, 0x08, 0x61, 0x08, 0x61, 0x08, 0x61, 0x08,
    0x61, 0x08, 0x61, 0x08, 0x61, 0x08, 0x61, 0x08, 0x61, 0x08, 0x61, 0x08, 0x61, 0x08, 0x61, 0x08,
    0x61, 0x08, 0x61, 0x08, 0x61, 0x08, 0x61, 0x08, 0x13, 0x9a, 0x1e, 0xf3, 0x5f, 0xfb, 0x5f, 0xfb,
    0x5f, 0xfb, 0x5f, 0xfb, 0x5f, 0xfb, 0x5f, 0xfb, 0x5f, 0xfb, 0x5f, 0xfb, 0x5f, 0xfb, 0x5f, 0xfb,
    0x5f, 0xfb, 0x5f, 0xfb, 0x5f, 0xfb, 0x5f, 0xfb, 0x5f, 0xfb, 0x5f, 0xfb, 0x5f, 0xfb, 0x5f, 0xfb,
    0x5f, 0xfb, 0x5f, 0xfb, 0x5f, 0xfb, 0x5f, 0xfb, 0x5f, 0xfb, 0x5f, 0xfb, 0x5f, 0xfb, 0x5f, 0xfb,
    0x1f, 0xfb, 0xb0, 0x79, 0x84, 0x20, 0x61, 0x08, 0x61, 0x08, 0x61, 0x08, 0x61, 0x08, 0x61, 0x08,
    0x61, 0x08, 0x61, 0x08, 0x61, 0x08, 0x61, 0x08, 0x61, 0x08, 0x61, 0x08, 0x61, 0x08, 0x61, 0x08,
    0x61, 0x08, 0x84, 0x20, 0xf2, 0x91, 0xfc, 0xda, 0x1f, 0xfb, 0x5f, 0xfb, 0x5f, 0xfb, 0x5f, 0xfb,
    0x5f, 0xfb, 0x5f, 0xfb, 0x5f, 0xfb, 0x5f, 0xfb, 0x5f, 0xfb, 0x5f, 0xfb, 0x5f, 0xfb, 0x5f, 0xfb,
    0x5f, 0xfb, 0x5f, 0xfb, 0x5f, 0xfb, 0x5f, 0xfb, 0x5f, 0xfb, 0x5f, 0xfb, 0x5f, 0xfb, 0x5f, 0xfb,
    0x5f, 0xfb, 0x5f, 0xfb, 0x5f, 0xfb, 0x5f, 0xfb, 0x5f, 0xfb, 0x5f, 0xfb, 0x5f, 0xfb, 0x5f, 0xfb,
    0x5f, 0xfb, 0x5f, 0xfb, 0x5f, 0xfb, 0x5f, 0xfb, 0x5f, 0xfb, 0x5f, 0xfb, 0x5f, 0xfb, 0x5f, 0xfb,
    0x5f, 0xfb, 0x5f, 0xfb, 0x5f, 0xfb, 0x5f, 0xfb, 0x5f, 0xfb, 0x5f, 0xfb, 0x5f, 0xfb, 0x5f, 0xfb,
    0x5f, 0xfb, 0x5f, 0xfb, 0x5f, 0xfb, 0x5f, 0xfb, 0x5f, 0xfb, 0x5f, 0xfb, 0x5f, 0xfb, 0x5f, 0xfb,
    0x5f, 0xfb, 0x5f, 0xfb, 0x1f, 0xfb, 0xfc, 0xda, 0x13, 0x9a, 0x84, 0x20, 0x61, 0x08, 0x61, 0x08,
    0x61, 0x08, 0x61, 0x08, 0x61, 0x08, 0x61, 0x08, 0x61, 0x08, 0x61, 0x08, 0x61, 0x08, 0x61, 0x08,
    0x61, 0x08, 0x61, 0x08, 0x61, 0x08, 0x61, 0x08, 0x83, 0x18, 0x8e, 0x71, 0x1f, 0xfb, 0x5f, 0xfb,
    0x5f, 0xfb, 0x5f, 0xfb, 0x5f, 0xfb, 0x5f, 0xfb, 0x5f, 0xfb, 0x5f, 0xfb, 0x5f, 0xfb, 0x5f, 0xfb,
    0x5f, 0xfb, 0x5f, 0xfb, 0x5f, 0xfb, 0x5f, 0xfb, 0x5f, 0xfb, 0x5f, 0xfb, 0x5f, 0xfb, 0x5f, 0xfb,
    0x5f, 0xfb, 0x5f, 0xfb, 0x5f, 0xfb, 0x5f, 0xfb, 0x5f, 0xfb, 0x5f, 0xfb, 0x5f, 0xfb, 0x5f, 0xfb,
    0x5f, 0xfb, 0x3e, 0xf3, 0x13, 0xa2, 0x61, 0x08, 0x61, 0x08, 0x61, 0x08, 0x61, 0x08, 0x61, 0x08,
    0x61, 0x08, 0x61, 0x08, 0x61, 0x08, 0x61, 0x08, 0x61, 0x08, 0x61, 0x08, 0x61, 0x08, 0x61, 0x08,
    0x61, 0x08, 0x61, 0x08, 0x61, 0x08, 0x61, 0x08, 0x61, 0x08, 0x61, 0x08, 0x61, 0x08, 0x61, 0x08,
    0x61, 0x08, 0x61, 0x08, 0x61, 0x08, 0x61, 0x08, 0x61, 0x08, 0x61, 0x08, 0x61, 0x08, 0x61, 0x08,
    0x61, 0x08, 0x61, 0x08, 0x61, 0x08, 0x61, 0x08, 0x61, 0x08, 0x61, 0x08, 0x61, 0x08, 0x61, 0x08,
    0x61, 0x08, 0x61, 0x08, 0x61, 0x08, 0x61, 0x08, 0x61, 0x08, 0x61, 0x08, 0x61, 0x08, 0x61, 0x08,
    0x61, 0x08, 0x61, 0x08, 0x61, 0x08, 0x61, 0x08, 0x61, 0x08, 0x61, 0x08, 0x61, 0x08, 0x61, 0x08,
    0x61, 0x08, 0x61, 0x08, 0x61, 0x08, 0x61, 0x08, 0x61, 0x08, 0x61, 0x08, 0x61, 0x08, 0x61, 0x08,
    0x61, 0x08, 0x61, 0x08, 0x61, 0x08, 0x61, 0x08, 0x61, 0x08, 0x61, 0x08, 0x61, 0x08, 0x61, 0x08,
    0x61, 0x08, 0x61, 0x08, 0x61, 0x08, 0x61, 0x08, 0x61, 0x08, 0x61, 0x08, 0x61, 0x08, 0x61, 0x08,
    0x61, 0x08, 0x61, 0x08, 0x61, 0x08, 0x61, 0x08, 0x61, 0x08, 0x61, 0x08, 0x61, 0x08, 0x61, 0x08,
    0x61, 0x08, 0x61, 0x08, 0x61, 0x08, 0x61, 0x08, 0x13, 0x9a, 0x1e, 0xf3, 0x5f, 0xfb, 0x5f, 0xfb,
    0x5f, 0xfb, 0x5f, 0xfb, 0x5f, 0xfb, 0x5f, 0xfb, 0x5f, 0xfb, 0x5f, 0xfb, 0x5f, 0xfb, 0x5f, 0xfb,
    0x5f, 0xfb, 0x5f, 0xfb, 0x5f, 0xfb, 0x5f, 0xfb, 0x5f, 0xfb, 0x5f, 0xfb, 0x5f, 0xfb, 0x5f, 0xfb,
    0x5f, 0xfb, 0x5f, 0xfb, 0x5f, 0xfb, 0x5f, 0xfb, 0x5f, 0xfb, 0x5f, 0xfb, 0x5f, 0xfb, 0x5f, 0xfb,
    0x1f, 0xfb, 0x13, 0x9a, 0xa5, 0x28, 0x61, 0x08, 0x61, 0x08, 0x61, 0x08, 0x61, 0x08, 0x61, 0x08,
    0x61, 0x08, 0x61, 0x08, 0x61, 0x08, 0x61, 0x08, 0x61, 0x08, 0x61, 0x08, 0x61, 0x08, 0x61, 0x08,
    0x61, 0x08, 0x61, 0x08, 0x82, 0x10, 0x6c, 0x61, 0x99, 0xc2, 0x3e, 0xf3, 0x5f, 0xfb, 0x5f, 0xfb,
    0x5f, 0xfb, 0x5f, 0xfb, 0x5f, 0xfb, 0x5f, 0xfb, 0x5f, 0xfb, 0x5f, 0xfb, 0x5f, 0xfb, 0x5f, 0xfb,
    0x5f, 0xfb, 0x5f, 0xfb, 0x5f, 0xfb, 0x5f, 0xfb, 0x5f, 0xfb, 0x5f, 0xfb, 0x5f, 0xfb, 0x5f, 0xfb,
    0x5f, 0xfb, 0x5f, 0xfb, 0x5f, 0xfb, 0x5f, 0xfb, 0x5f, 0xfb, 0x5f, 0xfb, 0x5f, 0xfb, 0x5f, 0xfb,
    0x5f, 0xfb, 0x5f, 0xfb, 0x5f, 0xfb, 0x5f, 0xfb, 0x5f, 0xfb, 0x5f, 0xfb, 0x5f, 0xfb, 0x5f, 0xfb,
    0x5f, 0xfb, 0x5f, 0xfb, 0x5f, 0xfb, 0x5f, 0xfb, 0x5f, 0xfb, 0x5f, 0xfb, 0x5f, 0xfb, 0x5f, 0xfb,
    0x5f, 0xfb, 0x5f, 0xfb, 0x5f, 0xfb, 0x5f, 0xfb, 0x5f, 0xfb, 0x5f, 0xfb, 0x5f, 0xfb, 0x5f, 0xfb,
    0x5f, 0xfb, 0x1f, 0xfb, 0x99, 0xc2, 0x08, 0x41, 0x83, 0x10, 0x61, 0x08, 0x61, 0x08, 0x61, 0x08,
    0x61, 0x08, 0x61, 0x08, 0x61, 0x08, 0x61, 0x08, 0x61, 0x08, 0x61, 0x08, 0x61, 0x08, 0x61, 0x08,
    0x61, 0x08, 0x61, 0x08, 0x61, 0x08, 0x61, 0x08, 0xa3, 0x18, 0xaf, 0x79, 0x1f, 0xfb, 0x5f, 0xfb,
    0x5f, 0xfb, 0x5f, 0xfb, 0x5f, 0xfb, 0x5f, 0xfb, 0x5f, 0xfb, 0x5f, 0xfb, 0x5f, 0xfb, 0x5f, 0xfb,
    0x5f, 0xfb, 0x5f, 0xfb, 0x5f, 0xfb, 0x5f, 0xfb, 0x5f, 0xfb, 0x5f, 0xfb, 0x5f, 0xfb, 0x5f, 0xfb,
    0x5f, 0xfb, 0x5f, 0xfb, 0x5f, 0xfb, 0x5f, 0xfb, 0x5f, 0xfb, 0x5f, 0xfb, 0x5f, 0xfb, 0x5f, 0xfb,
    0x5f, 0xfb, 0x3e, 0xf3, 0x14, 0xa2, 0x61, 0x08, 0x61, 0x08, 0x61, 0x08, 0x61, 0x08, 0x61, 0x08,
    0x61, 0x08, 0x61, 0x08, 0x61, 0x08, 0x61, 0x08, 0x61, 0x08, 0x61, 0x08, 0x61, 0x08, 0x61, 0x08,
    0x61, 0x08, 0x61, 0x08, 0x61, 0x08, 0x61, 0x08, 0x61, 0x08, 0x61, 0x08, 0x61, 0x08, 0x61, 0x08,
    0x61, 0x08, 0x61, 0x08, 0x61, 0x08, 0x61, 0x08, 0x61, 0x08, 0x61, 0x08, 0x61, 0x08, 0x61, 0x08,
    0x61, 0x08, 0x61, 0x08, 0x61, 0x08, 0x61, 0x08, 0x61, 0x08, 0x61, 0x08, 0x61, 0x08, 0x61, 0x08,
    0x61, 0x08, 0x61, 0x08, 0x61, 0x08, 0x61, 0x08, 0x61, 0x08, 0x61, 0x08, 0x61, 0x08, 0x61, 0x08,
    0x61, 0x08, 0x61, 0x08, 0x61, 0x08, 0x61, 0x08, 0x61, 0x08, 0x61, 0x08, 0x61, 0x08, 0x61, 0x08,
    0x61, 0x08, 0x61, 0x08, 0x61, 0x08, 0x61, 0x08, 0x61, 0x08, 0x61, 0x08, 0x61, 0x08, 0x61, 0x08,
    0x61, 0x08, 0x61, 0x08, 0x61, 0x08, 0x61, 0x08, 0x61, 0x08, 0x61, 0x08, 0x61, 0x08, 0x61, 0x08,
    0x61, 0x08, 0x61, 0x08, 0x61, 0x08, 0x61, 0x08, 0x61, 0x08, 0x61, 0x08, 0x61, 0x08, 0x61, 0x08,
    0x61, 0x08, 0x61, 0x08, 0x61, 0x08, 0x61, 0x08, 0x61, 0x08, 0x61, 0x08, 0x61, 0x08, 0x61, 0x08,
    0x61, 0x08, 0x61, 0x08, 0x61, 0x08, 0x61, 0x08, 0x13, 0x9a, 0x1e, 0xf3, 0x5f, 0xfb, 0x5f, 0xfb,
    0x5f, 0xfb, 0x5f, 0xfb, 0x5f, 0xfb, 0x5f, 0xfb, 0x5f, 0xfb, 0x5f, 0xfb, 0x5f, 0xfb, 0x5f, 0xfb,
    0x5f, 0xfb, 0x5f, 0xfb, 0x5f, 0xfb, 0x5f, 0xfb, 0x5f, 0xfb, 0x5f, 0xfb, 0x5f, 0xfb, 0x5f, 0xfb,
    0x5f, 0xfb, 0x5f, 0xfb, 0x5f, 0xfb, 0x5f, 0xfb, 0x5f, 0xfb, 0x5f, 0xfb, 0x5f, 0xfb, 0x5f, 0xfb,
    0x5f, 0xfb, 0x77, 0xba, 0xe7, 0x38, 0x61, 0x08, 0x61, 0x08, 0x61, 0x08, 0x61, 0x08, 0x61, 0x08,
    0x61, 0x08, 0x61, 0x08, 0x61, 0x08, 0x61, 0x08, 0x61, 0x08, 0x61, 0x08, 0x61, 0x08, 0x61, 0x08,
    0x61, 0x08, 0x61, 0x08, 0x61, 0x08, 0x61, 0x08, 0xe6, 0x38, 0x99, 0xc2, 0x3e, 0xf3, 0x5f, 0xfb,
    0x5f, 0xfb, 0x5f, 0xfb, 0x5f, 0xfb, 0x5f, 0xfb, 0x5f, 0xfb, 0x5f, 0xfb, 0x5f, 0xfb, 0x5f, 0xfb,
    0x5f, 0xfb, 0x5f, 0xfb, 0x5f, 0xfb, 0x5f, 0xfb, 0x5f, 0xfb, 0x5f, 0xfb, 0x5f, 0xfb, 0x5f, 0xfb,
    0x5f, 0xfb, 0x5f, 0xfb, 0x5f, 0xfb, 0x5f, 0xfb, 0x5f, 0xfb, 0x5f, 0xfb, 0x5f, 0xfb, 0x5f, 0xfb,
    0x5f, 0xfb, 0x5f, 0xfb, 0x5f, 0xfb, 0x5f, 0xfb, 0x5f, 0xfb, 0x5f, 0xfb, 0x5f, 0xfb, 0x5f, 0xfb,
    0x5f, 0xfb, 0x5f, 0xfb, 0x5f, 0xfb, 0x5f, 0xfb, 0x5f, 0xfb, 0x5f, 0xfb, 0x5f, 0xfb, 0x5f, 0xfb,
    0x5f, 0xfb, 0x5f, 0xfb, 0x5f, 0xfb, 0x5f, 0xfb, 0x5f, 0xfb, 0x5f, 0xfb, 0x5f, 0xfb, 0x5f, 0xfb,
    0x1f, 0xfb, 0x99, 0xc2, 0x28, 0x41, 0x61, 0x08, 0x61, 0x08, 0x61, 0x08, 0x61, 0x08, 0x61, 0x08,
    0x61, 0x08, 0x61, 0x08, 0x61, 0x08, 0x61, 0x08, 0x61, 0x08, 0x61, 0x08, 0x61, 0x08, 0x61, 0x08,
    0x61, 0x08, 0x61, 0x08, 0x61, 0x08, 0x61, 0x08, 0xc6, 0x30, 0x96, 0xb2, 0x1f, 0xfb, 0x5f, 0xfb,
    0x5f, 0xfb, 0x5f, 0xfb, 0x5f, 0xfb, 0x5f, 0xfb, 0x5f, 0xfb, 0x5f, 0xfb, 0x5f, 0xfb, 0x5f, 0xfb,
    0x5f, 0xfb, 0x5f, 0xfb, 0x5f, 0xfb, 0x5f, 0xfb, 0x5f, 0xfb, 0x5f, 0xfb, 0x5f, 0xfb, 0x5f, 0xfb,
    0x5f, 0xfb, 0x5f, 0xfb, 0x5f, 0xfb, 0x5f, 0xfb, 0x5f, 0xfb, 0x5f, 0xfb, 0x5f, 0xfb, 0x5f, 0xfb,
    0x5f, 0xfb, 0x1e, 0xf3, 0x13, 0x9a, 0x61, 0x08, 0x61, 0x08, 0x61, 0x08, 0x61, 0x08, 0x61, 0x08,
    0x61, 0x08, 0x61, 0x08, 0x61, 0x08, 0x61, 0x08, 0x61, 0x08, 0x61, 0x08, 0x61, 0x08, 0x61, 0x08,
    0x61, 0x08, 0x61, 0x08, 0x61, 0x08, 0x61, 0x08, 0x61, 0x08, 0x61, 0x08, 0x61, 0x08, 0x61, 0x08,
    0x61, 0x08, 0x61, 0x08, 0x61, 0x08, 0x61, 0x08, 0x61, 0x08, 0x61, 0x08, 0x61, 0x08, 0x61, 0x08,
    0x61, 0x08, 0x61, 0x08, 0x61, 0x08, 0x61, 0x08, 0x61, 0x08, 0x61, 0x08, 0x61, 0x08, 0x61, 0x08,
    0x61, 0x08, 0x61, 0x08, 0x61, 0x08, 0x61, 0x08, 0x61, 0x08, 0x61, 0x08, 0x61, 0x08, 0x61, 0x08,
    0x61, 0x08, 0x61, 0x08, 0x61, 0x08, 0x61, 0x08, 0x61, 0x08, 0x61, 0x08, 0x61, 0x08, 0x61, 0x08,
    0x61, 0x08, 0x61, 0x08, 0x61, 0x08, 0x61, 0x08, 0x61, 0x08, 0x61, 0x08, 0x61, 0x08, 0x61, 0x08,
    0x61, 0x08, 0x61, 0x08, 0x61, 0x08, 0x61, 0x08, 0x61, 0x08, 0x61, 0x08, 0x61, 0x08, 0x61, 0x08,
    0x61, 0x08, 0x61, 0x08, 0x61, 0x08, 0x61, 0x08, 0x61, 0x08, 0x61, 0x08, 0x61, 0x08, 0x61, 0x08,
    0x61, 0x08, 0x61, 0x08, 0x61, 0x08, 0x61, 0x08, 0x61, 0x08, 0x61, 0x08, 0x61, 0x08, 0x61, 0x08,
    0x61, 0x08, 0x61, 0x08, 0x61, 0x08, 0x61, 0x08, 0x13, 0x9a, 0x1e, 0xf3, 0x5f, 0xfb, 0x5f, 0xfb,
    0x5f, 0xfb, 0x5f, 0xfb, 0x5f, 0xfb, 0x5f, 0xfb, 0x5f, 0xfb, 0x5f, 0xfb, 0x5f, 0xfb, 0x5f, 0xfb,
    0x5f, 0xfb, 0x5f, 0xfb, 0x5f, 0xfb, 0x5f, 0xfb, 0x5f, 0xfb, 0x5f, 0xfb, 0x5f, 0xfb, 0x5f, 0xfb,
    0x5f, 0xfb, 0x5f, 0xfb, 0x5f, 0xfb, 0x5f, 0xfb, 0x5f, 0xfb, 0x5f, 0xfb, 0x5f, 0xfb, 0x5f, 0xfb,
    0x5f, 0xfb, 0xda, 0xd2, 0xe8, 0x40, 0x61, 0x08, 0x61, 0x08, 0x61, 0x08, 0x61, 0x08, 0x61, 0x08,
    0x61, 0x08, 0x61, 0x08, 0x61, 0x08, 0x61, 0x08, 0x61, 0x08, 0x61, 0x08, 0x61, 0x08, 0x61, 0x08,
    0x61, 0x08, 0x61, 0x08, 0x61, 0x08, 0x61, 0x08, 0x61, 0x08, 0x07, 0x39, 0x99, 0xc2, 0x3f, 0xfb,
    0x5f, 0xfb, 0x5f, 0xfb, 0x5f, 0xfb, 0x5f, 0xfb, 0x5f, 0xfb, 0x5f, 0xfb, 0x5f, 0xfb, 0x5f, 0xfb,
    0x5f, 0xfb, 0x5f, 0xfb, 0x5f, 0xfb, 0x5f, 0xfb, 0x5f, 0xfb, 0x5f, 0xfb, 0x5f, 0xfb, 0x5f, 0xfb,
    0x5f, 0xfb, 0x5f, 0xfb, 0x5f, 0xfb, 0x5f, 0xfb, 0x5f, 0xfb, 0x5f, 0xfb, 0x5f, 0xfb, 0x5f, 0xfb,
    0x5f, 0xfb, 0x5f, 0xfb, 0x5f, 0xfb, 0x5f, 0xfb, 0x5f, 0xfb, 0x5f, 0xfb, 0x5f, 0xfb, 0x5f, 0xfb,
    0x5f, 0xfb, 0x5f, 0xfb, 0x5f, 0xfb, 0x5f, 0xfb, 0x5f, 0xfb, 0x5f, 0xfb, 0x5f, 0xfb, 0x5f, 0xfb,
    0x5f, 0xfb, 0x5f, 0xfb, 0x5f, 0xfb, 0x5f, 0xfb, 0x5f, 0xfb, 0x5f, 0xfb, 0x5f, 0xfb, 0x5f, 0xfb,
    0xba, 0xd2, 0x08, 0x41, 0x61, 0x08, 0x61, 0x08, 0x61, 0x08, 0x61, 0x08, 0x61, 0x08, 0x61, 0x08,
    0x61, 0x08, 0x61, 0x08, 0x61, 0x08, 0x61, 0x08, 0x61, 0x08, 0x61, 0x08, 0x61, 0x08, 0x61, 0x08,
    0x61, 0x08, 0x61, 0x08, 0x61, 0x08, 0x61, 0x08, 0xc6, 0x30, 0x98, 0xba, 0x1f, 0xfb, 0x5f, 0xfb,
    0x5f, 0xfb, 0x5f, 0xfb, 0x5f, 0xfb, 0x5f, 0xfb, 0x5f, 0xfb, 0x5f, 0xfb, 0x5f, 0xfb, 0x5f, 0xfb,
    0x5f, 0xfb, 0x5f, 0xfb, 0x5f, 0xfb, 0x5f, 0xfb, 0x5f, 0xfb, 0x5f, 0xfb, 0x5f, 0xfb, 0x5f, 0xfb,
    0x5f, 0xfb, 0x5f, 0xfb, 0x5f, 0xfb, 0x5f, 0xfb, 0x5f, 0xfb, 0x5f, 0xfb, 0x5f, 0xfb, 0x5f, 0xfb,
    0x5f, 0xfb, 0x3e, 0xf3, 0x13, 0xa2, 0x61, 0x08, 0x61, 0x08, 0x61, 0x08, 0x61, 0x08, 0x61, 0x08,
    0x61, 0x08, 0x61, 0x08, 0x61, 0x08, 0x61, 0x08, 0x61, 0x08, 0x61, 0x08, 0x61, 0x08, 0x61, 0x08,
    0x61, 0x08, 0x61, 0x08, 0x61, 0x08, 0x61, 0x08, 0x61, 0x08, 0x61, 0x08, 0x61, 0x08, 0x61, 0x08,
    0x61, 0x08, 0x61, 0x08, 0x61, 0x08, 0x61, 0x08, 0x61, 0x08, 0x61, 0x08, 0x61, 0x08, 0x61, 0x08,
    0x61, 0x08, 0x61, 0x08, 0x61, 0x08, 0x61, 0x08, 0x61, 0x08, 0x61, 0x08, 0x61, 0x08, 0x61, 0x08,
    0x61, 0x08, 0x61, 0x08, 0x61, 0x08, 0x61, 0x08, 0x61, 0x08, 0x61, 0x08, 0x61, 0x08, 0x61, 0x08,
    0x61, 0x08, 0x61, 0x08, 0x61, 0x08, 0x61, 0x08, 0x61, 0x08, 0x61, 0x08, 0x61, 0x08, 0x61, 0x08,
    0x61, 0x08, 0x61, 0x08, 0x61, 0x08, 0x61, 0x08, 0x61, 0x08, 0x61, 0x08, 0x61, 0x08, 0x61, 0x08,
    0x61, 0x08, 0x61, 0x08, 0x61, 0x08, 0x61, 0x08, 0x61, 0x08, 0x61, 0x08, 0x61, 0x08, 0x61, 0x08,
    0x61, 0x08, 0x61, 0x08, 0x61, 0x08, 0x61, 0x08, 0x61, 0x08, 0x61, 0x08, 0x61, 0x08, 0x61, 0x08,
    0x61, 0x08, 0x61, 0x08, 0x61, 0x08, 0x61, 0x08, 0x61, 0x08, 0x61, 0x08, 0x61, 0x08, 0x61, 0x08,
    0x61, 0x08, 0x61, 0x08, 0x61, 0x08, 0x61, 0x08, 0x13, 0x9a, 0x1e, 0xf3, 0x5f, 0xfb, 0x5f, 0xfb,
    0x5f, 0xfb, 0x5f, 0xfb, 0x5f, 0xfb, 0x5f, 0xfb, 0x5f, 0xfb, 0x5f, 0xfb, 0x5f, 0xfb, 0x5f, 0xfb,
    0x5f, 0xfb, 0x5f, 0xfb, 0x5f, 0xfb, 0x5f, 0xfb, 0x5f, 0xfb, 0x5f, 0xfb, 0x5f, 0xfb, 0x5f, 0xfb,
    0x5f, 0xfb, 0x5f, 0xfb, 0x5f, 0xfb, 0x5f, 0xfb, 0x5f, 0xfb, 0x5f, 0xfb, 0x5f, 0xfb, 0x5f, 0xfb,
    0x5f, 0xfb, 0x3e, 0xf3, 0x2a, 0x59, 0x61, 0x08, 0x61, 0x08, 0x61, 0x08, 0x61, 0x08, 0x61, 0x08,
    0x61, 0x08, 0x61, 0x08, 0x61, 0x08, 0x61, 0x08, 0x61, 0x08, 0x61, 0x08, 0x61, 0x08, 0x61, 0x08,
    0x61, 0x08, 0x61, 0x08, 0x61, 0x08, 0x61, 0x08, 0x61, 0x08, 0x82, 0x10, 0x8d, 0x71, 0xfc, 0xe2,
    0x5f, 0xfb, 0x5f, 0xfb, 0x5f, 0xfb, 0x5f, 0xfb, 0x5f, 0xfb, 0x5f, 0xfb, 0x5f, 0xfb, 0x5f, 0xfb,
    0x5f, 0xfb, 0x5f, 0xfb, 0x5f, 0xfb, 0x5f, 0xfb, 0x5f, 0xfb, 0x5f, 0xfb, 0x5f, 0xfb, 0x5f, 0xfb,
    0x5f, 0xfb, 0x5f, 0xfb, 0x5f, 0xfb, 0x5f, 0xfb, 0x5f, 0xfb, 0x5f, 0xfb, 0x5f, 0xfb, 0x5f, 0xfb,
    0x5f, 0xfb, 0x5f, 0xfb, 0x5f, 0xfb, 0x5f, 0xfb, 0x5f, 0xfb, 0x5f, 0xfb, 0x5f, 0xfb, 0x5f, 0xfb,
    0x5f, 0xfb, 0x5f, 0xfb, 0x5f, 0xfb, 0x5f, 0xfb, 0x5f, 0xfb, 0x5f, 0xfb, 0x5f, 0xfb, 0x5f, 0xfb,
    0x5f, 0xfb, 0x5f, 0xfb, 0x5f, 0xfb, 0x5f, 0xfb, 0x5f, 0xfb, 0x5f, 0xfb, 0x5f, 0xfb, 0xdc, 0xe2,
    0x8e, 0x71, 0x83, 0x10, 0x61, 0x08, 0x61, 0x08, 0x61, 0x08, 0x61, 0x08, 0x61, 0x08, 0x61, 0x08,
    0x61, 0x08, 0x61, 0x08, 0x61, 0x08, 0x61, 0x08, 0x61, 0x08, 0x61, 0x08, 0x61, 0x08, 0x61, 0x08,
    0x61, 0x08, 0x61, 0x08, 0x61, 0x08, 0x82, 0x10, 0x4a, 0x51, 0xfc, 0xe2, 0x5f, 0xfb, 0x5f, 0xfb,
    0x5f, 0xfb, 0x5f, 0xfb, 0x5f, 0xfb, 0x5f, 0xfb, 0x5f, 0xfb, 0x5f, 0xfb, 0x5f, 0xfb, 0x5f, 0xfb,
    0x5f, 0xfb, 0x5f, 0xfb, 0x5f, 0xfb, 0x5f, 0xfb, 0x5f, 0xfb, 0x5f, 0xfb, 0x5f, 0xfb, 0x5f, 0xfb,
    0x5f, 0xfb, 0x5f, 0xfb, 0x5f, 0xfb, 0x5f, 0xfb, 0x5f, 0xfb, 0x5f, 0xfb, 0x5f, 0xfb, 0x5f, 0xfb,
    0x5f, 0xfb, 0x3e, 0xf3, 0x14, 0xa2, 0x61, 0x08, 0x61, 0x08, 0x61, 0x08, 0x61, 0x08, 0x61, 0x08,
    0x61, 0x08, 0x61, 0x08, 0x61, 0x08, 0x61, 0x08, 0x61, 0x08, 0x61, 0x08, 0x61, 0x08, 0x61, 0x08,
    0x61, 0x08, 0x61, 0x08, 0x61, 0x08, 0x61, 0x08, 0x61, 0x08, 0x61, 0x08, 0x61, 0x08, 0x61, 0x08,
    0x61, 0x08, 0x61, 0x08, 0x61, 0x08, 0x61, 0x08, 0x61, 0x08, 0x61, 0x08, 0x61, 0x08, 0x61, 0x08,
    0x61, 0x08, 0x61, 0x08, 0x61, 0x08, 0x61, 0x08, 0x61, 0x08, 0x61, 0x08, 0x61, 0x08, 0x61, 0x08,
    0x61, 0x08, 0x61, 0x08, 0x61, 0x08, 0x61, 0x08, 0x61, 0x08, 0x61, 0x08, 0x61, 0x08, 0x61, 0x08,
    0x61, 0x08, 0x61, 0x08, 0x61, 0x08, 0x61, 0x08, 0x61, 0x08, 0x61, 0x08, 0x61, 0x08, 0x61, 0x08,
    0x61, 0x08, 0x61, 0x08, 0x61, 0x08, 0x61, 0x08, 0x61, 0x08, 0x61, 0x08, 0x61, 0x08, 0x61, 0x08,
    0x61, 0x08, 0x61, 0x08, 0x61, 0x08, 0x61, 0x08, 0x61, 0x08, 0x61, 0x08, 0x61, 0x08, 0x61, 0x08,
    0x61, 0x08, 0x61, 0x08, 0x61, 0x08, 0x61, 0x08, 0x61, 0x08, 0x61, 0x08, 0x61, 0x08, 0x61, 0x08,
    0x61, 0x08, 0x61, 0x08, 0x61, 0x08, 0x61, 0x08, 0x61, 0x08, 0x61, 0x08, 0x61, 0x08, 0x61, 0x08,
    0x61, 0x08, 0x61, 0x08, 0x61, 0x08, 0x61, 0x08, 0x6d, 0x69, 0xfd, 0xea, 0x5f, 0xfb, 0x5f, 0xfb,
    0x5f, 0xfb, 0x5f, 0xfb, 0x5f, 0xfb, 0x5f, 0xfb, 0x5f, 0xfb, 0x5f, 0xfb, 0x5f, 0xfb, 0x5f, 0xfb,
    0x5f, 0xfb, 0x5f, 0xfb, 0x5f, 0xfb, 0x5f, 0xfb, 0x5f, 0xfb, 0x5f, 0xfb, 0x5f, 0xfb, 0x5f, 0xfb,
    0x5f, 0xfb, 0x5f, 0xfb, 0x5f, 0xfb, 0x5f, 0xfb, 0x5f, 0xfb, 0x5f, 0xfb, 0x5f, 0xfb, 0x5f, 0xfb,
    0x5f, 0xfb, 0x1f, 0xfb, 0xd1, 0x89, 0xa4, 0x20, 0x61, 0x08, 0x61, 0x08, 0x61, 0x08, 0x61, 0x08,
    0x61, 0x08, 0x61, 0x08, 0x61, 0x08, 0x61, 0x08, 0x61, 0x08, 0x61, 0x08, 0x61, 0x08, 0x61, 0x08,
    0x61, 0x08, 0x61, 0x08, 0x61, 0x08, 0x61, 0x08, 0x61, 0x08, 0x61, 0x08, 0x84, 0x20, 0xf2, 0x91,
    0x1d, 0xeb, 0x5f, 0xfb, 0x5f, 0xfb, 0x5f, 0xfb, 0x5f, 0xfb, 0x5f, 0xfb, 0x5f, 0xfb, 0x5f, 0xfb,
    0x5f, 0xfb, 0x5f, 0xfb, 0x5f, 0xfb, 0x5f, 0xfb, 0x5f, 0xfb, 0x5f, 0xfb, 0x5f, 0xfb, 0x5f, 0xfb,
    0x5f, 0xfb, 0x5f, 0xfb, 0x5f, 0xfb, 0x5f, 0xfb, 0x5f, 0xfb, 0x5f, 0xfb, 0x5f, 0xfb, 0x5f, 0xfb,
    0x5f, 0xfb, 0x5f, 0xfb, 0x5f, 0xfb, 0x5f, 0xfb, 0x5f, 0xfb, 0x5f, 0xfb, 0x5f, 0xfb, 0x5f, 0xfb,
    0x5f, 0xfb, 0x5f, 0xfb, 0x5f, 0xfb, 0x5f, 0xfb, 0x5f, 0xfb, 0x5f, 0xfb, 0x5f, 0xfb, 0x5f, 0xfb,
    0x5f, 0xfb, 0x5f, 0xfb, 0x5f, 0xfb, 0x5f, 0xfb, 0x5f, 0xfb, 0x5f, 0xfb, 0x1e, 0xf3, 0xd2, 0x91,
    0x84, 0x20, 0x61, 0x08, 0x61, 0x08, 0x61, 0x08, 0x61, 0x08, 0x61, 0x08, 0x61, 0x08, 0x61, 0x08,
    0x61, 0x08, 0x61, 0x08, 0x61, 0x08, 0x61, 0x08, 0x61, 0x08, 0x61, 0x08, 0x61, 0x08, 0x61, 0x08,
    0x61, 0x08, 0x61, 0x08, 0x61, 0x08, 0x83, 0x18, 0xb0, 0x79, 0x3e, 0xf3, 0x5f, 0xfb, 0x5f, 0xfb,
    0x5f, 0xfb, 0x5f, 0xfb, 0x5f, 0xfb, 0x5f, 0xfb, 0x5f, 0xfb, 0x5f, 0xfb, 0x5f, 0xfb, 0x5f, 0xfb,
    0x5f, 0xfb, 0x5f, 0xfb, 0x5f, 0xfb, 0x5f, 0xfb, 0x5f, 0xfb, 0x5f, 0xfb, 0x5f, 0xfb, 0x5f, 0xfb,
    0x5f, 0xfb, 0x5f, 0xfb, 0x5f, 0xfb, 0x5f, 0xfb, 0x5f, 0xfb, 0x5f, 0xfb, 0x5f, 0xfb, 0x5f, 0xfb,
    0x5f, 0xfb, 0x1e, 0xf3, 0xd1, 0x89, 0x61, 0x08, 0x61, 0x08, 0x61, 0x08, 0x61, 0x08, 0x61, 0x08,
    0x61, 0x08, 0x61, 0x08, 0x61, 0x08, 0x61, 0x08, 0x61, 0x08, 0x61, 0x08, 0x61, 0x08, 0x61, 0x08,
    0x61, 0x08, 0x61, 0x08, 0x61, 0x08, 0x61, 0x08, 0x61, 0x08, 0x61, 0x08, 0x61, 0x08, 0x61, 0x08,
    0x61, 0x08, 0x61, 0x08, 0x61, 0x08, 0x61, 0x08, 0x61, 0x08, 0x61, 0x08, 0x61, 0x08, 0x61, 0x08,
    0x61, 0x08, 0x61, 0x08, 0x61, 0x08, 0x61, 0x08, 0x61, 0x08, 0x61, 0x08, 0x61, 0x08, 0x61, 0x08,
    0x61, 0x08, 0x61, 0x08, 0x61, 0x08, 0x61, 0x08, 0x61, 0x08, 0x61, 0x08, 0x61, 0x08, 0x61, 0x08,
    0x61, 0x08, 0x61, 0x08, 0x61, 0x08, 0x61, 0x08, 0x61, 0x08, 0x61, 0x08, 0x61, 0x08, 0x61, 0x08,
    0x61, 0x08, 0x61, 0x08, 0x61, 0x08, 0x61, 0x08, 0x61, 0x08, 0x61, 0x08, 0x61, 0x08, 0x61, 0x08,
    0x61, 0x08, 0x61, 0x08, 0x61, 0x08, 0x61, 0x08, 0x61, 0x08, 0x61, 0x08, 0x61, 0x08, 0x61, 0x08,
    0x61, 0x08, 0x61, 0x08, 0x61, 0x08, 0x61, 0x08, 0x61, 0x08, 0x61, 0x08, 0x61, 0x08, 0x61, 0x08,
    0x61, 0x08, 0x61, 0x08, 0x61, 0x08, 0x61, 0x08, 0x61, 0x08, 0x61, 0x08, 0x61, 0x08, 0x61, 0x08,
    0x61, 0x08, 0x61, 0x08, 0x61, 0x08, 0x61, 0x08, 0xc5, 0x28, 0xdd, 0xe2, 0x5f, 0xfb, 0x5f, 0xfb,
    0x5f, 0xfb, 0x5f, 0xfb, 0x5f, 0xfb, 0x5f, 0xfb, 0x5f, 0xfb, 0x5f, 0xfb, 0x5f, 0xfb, 0x5f, 0xfb,
    0x5f, 0xfb, 0x5f, 0xfb, 0x5f, 0xfb, 0x5f, 0xfb, 0x5f, 0xfb, 0x5f, 0xfb, 0x5f, 0xfb, 0x5f, 0xfb,
    0x5f, 0xfb, 0x5f, 0xfb, 0x5f, 0xfb, 0x5f, 0xfb, 0x5f, 0xfb, 0x5f, 0xfb, 0x5f, 0xfb, 0x5f, 0xfb,
    0x5f, 0xfb, 0x3f, 0xfb, 0xb8, 0xca, 0xc6, 0x30, 0x61, 0x08, 0x61, 0x08, 0x61, 0x08, 0x61, 0x08,
    0x61, 0x08, 0x61, 0x08, 0x61, 0x08, 0x61, 0x08, 0x61, 0x08, 0x61, 0x08, 0x61, 0x08, 0x61, 0x08,
    0x61, 0x08, 0x61, 0x08, 0x61, 0x08, 0x61, 0x08, 0x61, 0x08, 0x61, 0x08, 0x61, 0x08, 0xa5, 0x20,
    0x35, 0xaa, 0x3e, 0xf3, 0x5f, 0xfb, 0x5f, 0xfb, 0x5f, 0xfb, 0x5f, 0xfb, 0x5f, 0xfb, 0x5f, 0xfb,
    0x5f, 0xfb, 0x5f, 0xfb, 0x5f, 0xfb, 0x5f, 0xfb, 0x5f, 0xfb, 0x5f, 0xfb, 0x5f, 0xfb, 0x5f, 0xfb,
    0x5f, 0xfb, 0x5f, 0xfb, 0x5f, 0xfb, 0x5f, 0xfb, 0x5f, 0xfb, 0x5f, 0xfb, 0x5f, 0xfb, 0x5f, 0xfb,
    0x5f, 0xfb, 0x5f, 0xfb, 0x5f, 0xfb, 0x5f, 0xfb, 0x5f, 0xfb, 0x5f, 0xfb, 0x5f, 0xfb, 0x5f, 0xfb,
    0x5f, 0xfb, 0x5f, 0xfb, 0x5f, 0xfb, 0x5f, 0xfb, 0x5f, 0xfb, 0x5f, 0xfb, 0x5f, 0xfb, 0x5f, 0xfb,
    0x5f, 0xfb, 0x5f, 0xfb, 0x5f, 0xfb, 0x5f, 0xfb, 0x5f, 0xfb, 0x3e, 0xf3, 0x56, 0xaa, 0xc6, 0x30,
    0x61, 0x08, 0x61, 0x08, 0x61, 0x08, 0x61, 0x08, 0x61, 0x08, 0x61, 0x08, 0x61, 0x08, 0x61, 0x08,
    0x61, 0x08, 0x61, 0x08, 0x61, 0x08, 0x61, 0x08, 0x61, 0x08, 0x61, 0x08, 0x61, 0x08, 0x61, 0x08,
    0x61, 0x08, 0x61, 0x08, 0x61, 0x08, 0xc6, 0x30, 0x97, 0xba, 0x1f, 0xfb, 0x5f, 0xfb, 0x5f, 0xfb,
    0x5f, 0xfb, 0x5f, 0xfb, 0x5f, 0xfb, 0x5f, 0xfb, 0x5f, 0xfb, 0x5f, 0xfb, 0x5f, 0xfb, 0x5f, 0xfb,
    0x5f, 0xfb, 0x5f, 0xfb, 0x5f, 0xfb, 0x5f, 0xfb, 0x5f, 0xfb, 0x5f, 0xfb, 0x5f, 0xfb, 0x5f, 0xfb,
    0x5f, 0xfb, 0x5f, 0xfb, 0x5f, 0xfb, 0x5f, 0xfb, 0x5f, 0xfb, 0x5f, 0xfb, 0x5f, 0xfb, 0x5f, 0xfb,
    0x5f, 0xfb, 0xfd, 0xea, 0x29, 0x49, 0x61, 0x08, 0x61, 0x08, 0x61, 0x08, 0x61, 0x08, 0x61, 0x08,
    0x61, 0x08, 0x61, 0x08, 0x61, 0x08, 0x61, 0x08, 0x61, 0x08, 0x61, 0x08, 0x61, 0x08, 0x61, 0x08,
    0x61, 0x08, 0x61, 0x08, 0x61, 0x08, 0x61, 0x08, 0x61, 0x08, 0x61, 0x08, 0x61, 0x08, 0x61, 0x08,
    0x61, 0x08, 0x61, 0x08, 0x61, 0x08, 0x61, 0x08, 0x61, 0x08, 0x61, 0x08, 0x61, 0x08, 0x61, 0x08,
    0x61, 0x08, 0x61, 0x08, 0x61, 0x08, 0x61, 0x08, 0x61, 0x08, 0x61, 0x08, 0x61, 0x08, 0x61, 0x08,
    0x61, 0x08, 0x61, 0x08, 0x61, 0x08, 0x61, 0x08, 0x61, 0x08, 0x61, 0x08, 0x61, 0x08, 0x61, 0x08,
    0x61, 0x08, 0x61, 0x08, 0x61, 0x08, 0x61, 0x08, 0x61, 0x08, 0x61, 0x08, 0x61, 0x08, 0x61, 0x08,
    0x61, 0x08, 0x61, 0x08, 0x61, 0x08, 0x61, 0x08, 0x61, 0x08, 0x61, 0x08, 0x61, 0x08, 0x61, 0x08,
    0x61, 0x08, 0x61, 0x08, 0x61, 0x08, 0x61, 0x08, 0x61, 0x08, 0x61, 0x08, 0x61, 0x08, 0x61, 0x08,
    0x61, 0x08, 0x61, 0x08, 0x61, 0x08, 0x61, 0x08, 0x61, 0x08, 0x61, 0x08, 0x61, 0x08, 0x61, 0x08,
    0x61, 0x08, 0x61, 0x08, 0x61, 0x08, 0x61, 0x08, 0x61, 0x08, 0x61, 0x08, 0x61, 0x08, 0x61, 0x08,
    0x61, 0x08, 0x61, 0x08, 0x61, 0x08, 0x61, 0x08, 0xe7, 0x30, 0xfc, 0xe2, 0x5f, 0xfb, 0x5f, 0xfb,
    0x5f, 0xfb, 0x5f, 0xfb, 0x5f, 0xfb, 0x5f, 0xfb, 0x5f, 0xfb, 0x5f, 0xfb, 0x5f, 0xfb, 0x5f, 0xfb,
    0x5f, 0xfb, 0x5f, 0xfb, 0x5f, 0xfb, 0x5f, 0xfb, 0x5f, 0xfb, 0x5f, 0xfb, 0x5f, 0xfb, 0x5f, 0xfb,
    0x5f, 0xfb, 0x5f, 0xfb, 0x5f, 0xfb, 0x5f, 0xfb, 0x5f, 0xfb, 0x5f, 0xfb, 0x5f, 0xfb, 0x5f, 0xfb,
    0x5f, 0xfb, 0x5f, 0xfb, 0xfd, 0xea, 0x4c, 0x61, 0x82, 0x10, 0x61, 0x08, 0x61, 0x08, 0x61, 0x08,
    0x61, 0x08, 0x61, 0x08, 0x61, 0x08, 0x61, 0x08, 0x61, 0x08, 0x61, 0x08, 0x61, 0x08, 0x61, 0x08,
    0x61, 0x08, 0x61, 0x08, 0x61, 0x08, 0x61, 0x08, 0x61, 0x08, 0x61, 0x08, 0x61, 0x08, 0x82, 0x10,
    0x2a, 0x51, 0xda, 0xd2, 0x5f, 0xfb, 0x5f, 0xfb, 0x5f, 0xfb, 0x5f, 0xfb, 0x5f, 0xfb, 0x5f, 0xfb,
    0x5f, 0xfb, 0x5f, 0xfb, 0x5f, 0xfb, 0x5f, 0xfb, 0x5f, 0xfb, 0x5f, 0xfb, 0x5f, 0xfb, 0x5f, 0xfb,
    0x5f, 0xfb, 0x5f, 0xfb, 0x5f, 0xfb, 0x5f, 0xfb, 0x5f, 0xfb, 0x5f, 0xfb, 0x5f, 0xfb, 0x5f, 0xfb,
    0x5f, 0xfb, 0x5f, 0xfb, 0x5f, 0xfb, 0x5f, 0xfb, 0x5f, 0xfb, 0x5f, 0xfb, 0x5f, 0xfb, 0x5f, 0xfb,
    0x5f, 0xfb, 0x5f, 0xfb, 0x5f, 0xfb, 0x5f, 0xfb, 0x5f, 0xfb, 0x5f, 0xfb, 0x5f, 0xfb, 0x5f, 0xfb,
    0x5f, 0xfb, 0x5f, 0xfb, 0x5f, 0xfb, 0x5f, 0xfb, 0x5f, 0xfb, 0xda, 0xd2, 0x4a, 0x51, 0x82, 0x10,
    0x61, 0x08, 0x61, 0x08, 0x61, 0x08, 0x61, 0x08, 0x61, 0x08, 0x61, 0x08, 0x61, 0x08, 0x61, 0x08,
    0x61, 0x08, 0x61, 0x08, 0x61, 0x08, 0x61, 0x08, 0x61, 0x08, 0x61, 0x08, 0x61, 0x08, 0x61, 0x08,
    0x61, 0x08, 0x61, 0x08, 0x61, 0x08, 0x4a, 0x49, 0x1d, 0xeb, 0x5f, 0xfb, 0x5f, 0xfb, 0x5f, 0xfb,
    0x5f, 0xfb, 0x5f, 0xfb, 0x5f, 0xfb, 0x5f, 0xfb, 0x5f, 0xfb, 0x5f, 0xfb, 0x5f, 0xfb, 0x5f, 0xfb,
    0x5f, 0xfb, 0x5f, 0xfb, 0x5f, 0xfb, 0x5f, 0xfb, 0x5f, 0xfb, 0x5f, 0xfb, 0x5f, 0xfb, 0x5f, 0xfb,
    0x5f, 0xfb, 0x5f, 0xfb, 0x5f, 0xfb, 0x5f, 0xfb, 0x5f, 0xfb, 0x5f, 0xfb, 0x5f, 0xfb, 0x5f, 0xfb,
    0x5f, 0xfb, 0xfd, 0xea, 0x28, 0x41, 0x61, 0x08, 0x61, 0x08, 0x61, 0x08, 0x61, 0x08, 0x61, 0x08,
    0x61, 0x08, 0x61, 0x08, 0x61, 0x08, 0x61, 0x08, 0x61, 0x08, 0x61, 0x08, 0x61, 0x08, 0x61, 0x08,
    0x61, 0x08, 0x61, 0x08, 0x61, 0x08, 0x61, 0x08, 0x61, 0x08, 0x61, 0x08, 0x61, 0x08, 0x61, 0x08,
    0x61, 0x08, 0x61, 0x08, 0x61, 0x08, 0x61, 0x08, 0x61, 0x08, 0x61, 0x08, 0x61, 0x08, 0x61, 0x08,
    0x61, 0x08, 0x61, 0x08, 0x61, 0x08, 0x61, 0x08, 0x61, 0x08, 0x61, 0x08, 0x61, 0x08, 0x61, 0x08,
    0x61, 0x08, 0x61, 0x08, 0x61, 0x08, 0x61, 0x08, 0x61, 0x08, 0x61, 0x08, 0x61, 0x08, 0x61, 0x08,
    0x61, 0x08, 0x61, 0x08, 0x61, 0x08, 0x61, 0x08, 0x61, 0x08, 0x61, 0x08, 0x61, 0x08, 0x61, 0x08,
    0x61, 0x08, 0x61, 0x08, 0x61, 0x08, 0x61, 0x08, 0x61, 0x08, 0x61, 0x08, 0x61, 0x08, 0x61, 0x08,
    0x61, 0x08, 0x61, 0x08, 0x61, 0x08, 0x61, 0x08, 0x61, 0x08, 0x61, 0x08, 0x61, 0x08, 0x61, 0x08,
    0x61, 0x08, 0x61, 0x08, 0x61, 0x08, 0x61, 0x08, 0x61, 0x08, 0x61, 0x08, 0x61, 0x08, 0x61, 0x08,
    0x61, 0x08, 0x61, 0x08, 0x61, 0x08, 0x61, 0x08, 0x61, 0x08, 0x61, 0x08, 0x61, 0x08, 0x61, 0x08,
    0x61, 0x08, 0x61, 0x08, 0x61, 0x08, 0x61, 0x08, 0x61, 0x08, 0xda, 0xd2, 0x5f, 0xfb, 0x5f, 0xfb,
    0x5f, 0xfb, 0x5f, 0xfb, 0x5f, 0xfb, 0x5f, 0xfb, 0x5f, 0xfb, 0x5f, 0xfb, 0x5f, 0xfb, 0x5f, 0xfb,
    0x5f, 0xfb, 0x5f, 0xfb, 0x5f, 0xfb, 0x5f, 0xfb, 0x5f, 0xfb, 0x5f, 0xfb, 0x5f, 0xfb, 0x5f, 0xfb,
    0x5f, 0xfb, 0x5f, 0xfb, 0x5f, 0xfb, 0x5f, 0xfb, 0x5f, 0xfb, 0x5f, 0xfb, 0x5f, 0xfb, 0x5f, 0xfb,
    0x5f, 0xfb, 0x5f, 0xfb, 0x1f, 0xfb, 0x13, 0x9a, 0xa4, 0x20, 0x61, 0x08, 0x61, 0x08, 0x61, 0x08,
    0x61, 0x08, 0x61, 0x08, 0x61, 0x08, 0x61, 0x08, 0x61, 0x08, 0x61, 0x08, 0x61, 0x08, 0x61, 0x08,
    0x61, 0x08, 0x61, 0x08, 0x61, 0x08, 0x61, 0x08, 0x61, 0x08, 0x61, 0x08, 0x61, 0x08, 0x61, 0x08,
    0xa5, 0x20, 0xf2, 0x91, 0x3e, 0xf3, 0x5f, 0xfb, 0x5f, 0xfb, 0x5f, 0xfb, 0x5f, 0xfb, 0x5f, 0xfb,
    0x5f, 0xfb, 0x5f, 0xfb, 0x5f, 0xfb, 0x5f, 0xfb, 0x5f, 0xfb, 0x5f, 0xfb, 0x5f, 0xfb, 0x5f, 0xfb,
    0x5f, 0xfb, 0x5f, 0xfb, 0x5f, 0xfb, 0x5f, 0xfb, 0x5f, 0xfb, 0x5f, 0xfb, 0x5f, 0xfb, 0x5f, 0xfb,
    0x5f, 0xfb, 0x5f, 0xfb, 0x5f, 0xfb, 0x5f, 0xfb, 0x5f, 0xfb, 0x5f, 0xfb, 0x5f, 0xfb, 0x5f, 0xfb,
    0x5f, 0xfb, 0x5f, 0xfb, 0x5f, 0xfb, 0x5f, 0xfb, 0x5f, 0xfb, 0x5f, 0xfb, 0x5f, 0xfb, 0x5f, 0xfb,
    0x5f, 0xfb, 0x5f, 0xfb, 0x5f, 0xfb, 0x5f, 0xfb, 0x5f, 0xfb, 0xf2, 0x91, 0xa5, 0x28, 0x61, 0x08,
    0x61, 0x08, 0x61, 0x08, 0x61, 0x08, 0x61, 0x08, 0x61, 0x08, 0x61, 0x08, 0x61, 0x08, 0x61, 0x08,
    0x61, 0x08, 0x61, 0x08, 0x61, 0x08, 0x61, 0x08, 0x61, 0x08, 0x61, 0x08, 0x61, 0x08, 0x61, 0x08,
    0x61, 0x08, 0x61, 0x08, 0x82, 0x10, 0xd1, 0x89, 0x3e, 0xf3, 0x5f, 0xfb, 0x5f, 0xfb, 0x5f, 0xfb,
    0x5f, 0xfb, 0x5f, 0xfb, 0x5f, 0xfb, 0x5f, 0xfb, 0x5f, 0xfb, 0x5f, 0xfb, 0x5f, 0xfb, 0x5f, 0xfb,
    0x5f, 0xfb, 0x5f, 0xfb, 0x5f, 0xfb, 0x5f, 0xfb, 0x5f, 0xfb, 0x5f, 0xfb, 0x5f, 0xfb, 0x5f, 0xfb,
    0x5f, 0xfb, 0x5f, 0xfb, 0x5f, 0xfb, 0x5f, 0xfb, 0x5f, 0xfb, 0x5f, 0xfb, 0x5f, 0xfb, 0x5f, 0xfb,
    0x5f, 0xfb, 0xfd, 0xea, 0xe7, 0x30, 0x61, 0x08, 0x61, 0x08, 0x61, 0x08, 0x61, 0x08, 0x61, 0x08,
    0x61, 0x08, 0x61, 0x08, 0x61, 0x08, 0x61, 0x08, 0x61, 0x08, 0x61, 0x08, 0x61, 0x08, 0x61, 0x08,
    0x61, 0x08, 0x61, 0x08, 0x61, 0x08, 0x61, 0x08, 0x61, 0x08, 0x61, 0x08, 0x61, 0x08, 0x61, 0x08,
    0x61, 0x08, 0x61, 0x08, 0x61, 0x08, 0x61, 0x08, 0x61, 0x08, 0x61, 0x08, 0x61, 0x08, 0x61, 0x08,
    0x61, 0x08, 0x61, 0x08, 0x61, 0x08, 0x61, 0x08, 0x61, 0x08, 0x61, 0x08, 0x61, 0x08, 0x61, 0x08,
    0x61, 0x08, 0x61, 0x08, 0x61, 0x08, 0x61, 0x08, 0x61, 0x08, 0x61, 0x08, 0x61, 0x08, 0x61, 0x08,
    0x61, 0x08, 0x61, 0x08, 0x61, 0x08, 0x61, 0x08, 0x61, 0x08, 0x61, 0x08, 0x61, 0x08, 0x61, 0x08,
    0x61, 0x08, 0x61, 0x08, 0x61, 0x08, 0x61, 0x08, 0x61, 0x08, 0x61, 0x08, 0x61, 0x08, 0x61, 0x08,
    0x61, 0x08, 0x61, 0x08, 0x61, 0x08, 0x61, 0x08, 0x61, 0x08, 0x61, 0x08, 0x61, 0x08, 0x61, 0x08,
    0x61, 0x08, 0x61, 0x08, 0x61, 0x08, 0x61, 0x08, 0x61, 0x08, 0x61, 0x08, 0x61, 0x08, 0x61, 0x08,
    0x61, 0x08, 0x61, 0x08, 0x61, 0x08, 0x61, 0x08, 0x61, 0x08, 0x61, 0x08, 0x61, 0x08, 0x61, 0x08,
    0x61, 0x08, 0x61, 0x08, 0x61, 0x08, 0x61, 0x08, 0x61, 0x08, 0x98, 0xba, 0x1f, 0xfb, 0x5f, 0xfb,
    0x5f, 0xfb, 0x5f, 0xfb, 0x5f, 0xfb, 0x5f, 0xfb, 0x5f, 0xfb, 0x5f, 0xfb, 0x5f, 0xfb, 0x5f, 0xfb,
    0x5f, 0xfb, 0x5f, 0xfb, 0x5f, 0xfb, 0x5f, 0xfb, 0x5f, 0xfb, 0x5f, 0xfb, 0x5f, 0xfb, 0x5f, 0xfb,
    0x5f, 0xfb, 0x5f, 0xfb, 0x5f, 0xfb, 0x5f, 0xfb, 0x5f, 0xfb, 0x5f, 0xfb, 0x5f, 0xfb, 0x5f, 0xfb,
    0x5f, 0xfb, 0x5f, 0xfb, 0x5f, 0xfb, 0xdb, 0xda, 0x28, 0x41, 0x61, 0x08, 0x61, 0x08, 0x61, 0x08,
    0x61, 0x08, 0x61, 0x08, 0x61, 0x08, 0x61, 0x08, 0x61, 0x08, 0x61, 0x08, 0x61, 0x08, 0x61, 0x08,
    0x61, 0x08, 0x61, 0x08, 0x61, 0x08, 0x61, 0x08, 0x61, 0x08, 0x61, 0x08, 0x61, 0x08, 0x61, 0x08,
    0x61, 0x08, 0x09, 0x49, 0xda, 0xd2, 0x5f, 0xfb, 0x5f, 0xfb, 0x5f, 0xfb, 0x5f, 0xfb, 0x5f, 0xfb,
    0x5f, 0xfb, 0x5f, 0xfb, 0x5f, 0xfb, 0x5f, 0xfb, 0x5f, 0xfb, 0x5f, 0xfb, 0x5f, 0xfb, 0x5f, 0xfb,
    0x5f, 0xfb, 0x5f, 0xfb, 0x5f, 0xfb, 0x5f, 0xfb, 0x5f, 0xfb, 0x5f, 0xfb, 0x5f, 0xfb, 0x5f, 0xfb,
    0x5f, 0xfb, 0x5f, 0xfb, 0x5f, 0xfb, 0x5f, 0xfb, 0x5f, 0xfb, 0x5f, 0xfb, 0x5f, 0xfb, 0x5f, 0xfb,
    0x5f, 0xfb, 0x5f, 0xfb, 0x5f, 0xfb, 0x5f, 0xfb, 0x5f, 0xfb, 0x5f, 0xfb, 0x5f, 0xfb, 0x5f, 0xfb,
    0x5f, 0xfb, 0x5f, 0xfb, 0x5f, 0xfb, 0x5f, 0xfb, 0xdb, 0xda, 0x4b, 0x59, 0x82, 0x10, 0x61, 0x08,
    0x61, 0x08, 0x61, 0x08, 0x61, 0x08, 0x61, 0x08, 0x61, 0x08, 0x61, 0x08, 0x61, 0x08, 0x61, 0x08,
    0x61, 0x08, 0x61, 0x08, 0x61, 0x08, 0x61, 0x08, 0x61, 0x08, 0x61, 0x08, 0x61, 0x08, 0x61, 0x08,
    0x61, 0x08, 0x61, 0x08, 0x2a, 0x51, 0xda, 0xd2, 0x5f, 0xfb, 0x5f, 0xfb, 0x5f, 0xfb, 0x5f, 0xfb,
    0x5f, 0xfb, 0x5f, 0xfb, 0x5f, 0xfb, 0x5f, 0xfb, 0x5f, 0xfb, 0x5f, 0xfb, 0x5f, 0xfb, 0x5f, 0xfb,
    0x5f, 0xfb, 0x5f, 0xfb, 0x5f, 0xfb, 0x5f, 0xfb, 0x5f, 0xfb, 0x5f, 0xfb, 0x5f, 0xfb, 0x5f, 0xfb,
    0x5f, 0xfb, 0x5f, 0xfb, 0x5f, 0xfb, 0x5f, 0xfb, 0x5f, 0xfb, 0x5f, 0xfb, 0x5f, 0xfb, 0x5f, 0xfb,
    0x3f, 0xfb, 0xda, 0xd2, 0x61, 0x08, 0x61, 0x08, 0x61, 0x08, 0x61, 0x08, 0x61, 0x08, 0x61, 0x08,
    0x61, 0x08, 0x61, 0x08, 0x61, 0x08, 0x61, 0x08, 0x61, 0x08, 0x61, 0x08, 0x61, 0x08, 0x61, 0x08,
    0x61, 0x08, 0x61, 0x08, 0x61, 0x08, 0x61, 0x08, 0x61, 0x08, 0x61, 0x08, 0x61, 0x08, 0x61, 0x08,
    0x61, 0x08, 0x61, 0x08, 0x61, 0x08, 0x61, 0x08, 0x61, 0x08, 0x61, 0x08, 0x61, 0x08, 0x61, 0x08,
    0x61, 0x08, 0x61, 0x08, 0x61, 0x08, 0x61, 0x08, 0x61, 0x08, 0x61, 0x08, 0x61, 0x08, 0x61, 0x08,
    0x61, 0x08, 0x61, 0x08, 0x61, 0x08, 0x61, 0x08, 0x61, 0x08, 0x61, 0x08, 0x61, 0x08, 0x61, 0x08,
    0x61, 0x08, 0x61, 0x08, 0x61, 0x08, 0x61, 0x08, 0x61, 0x08, 0x61, 0x08, 0x61, 0x08, 0x61, 0x08,
    0x61, 0x08, 0x61, 0x08, 0x61, 0x08, 0x61, 0x08, 0x61, 0x08, 0x61, 0x08, 0x61, 0x08, 0x61, 0x08,
    0x61, 0x08, 0x61, 0x08, 0x61, 0x08, 0x61, 0x08, 0x61, 0x08, 0x61, 0x08, 0x61, 0x08, 0x61, 0x08,
    0x61, 0x08, 0x61, 0x08, 0x61, 0x08, 0x61, 0x08, 0x61, 0x08, 0x61, 0x08, 0x61, 0x08, 0x61, 0x08,
    0x61, 0x08, 0x61, 0x08, 0x61, 0x08, 0x61, 0x08, 0x61, 0x08, 0x61, 0x08, 0x61, 0x08, 0x61, 0x08,
    0x61, 0x08, 0x61, 0x08, 0x61, 0x08, 0x61, 0x08, 0x61, 0x08, 0x35, 0xaa, 0x3e, 0xf3, 0x5f, 0xfb,
    0x5f, 0xfb, 0x5f, 0xfb, 0x5f, 0xfb, 0x5f, 0xfb, 0x5f, 0xfb, 0x5f, 0xfb, 0x5f, 0xfb, 0x5f, 0xfb,
    0x5f, 0xfb, 0x5f, 0xfb, 0x5f, 0xfb, 0x5f, 0xfb, 0x5f, 0xfb, 0x5f, 0xfb, 0x5f, 0xfb, 0x5f, 0xfb,
    0x5f, 0xfb, 0x5f, 0xfb, 0x5f, 0xfb, 0x5f, 0xfb, 0x5f, 0xfb, 0x5f, 0xfb, 0x5f, 0xfb, 0x5f, 0xfb,
    0x5f, 0xfb, 0x5f, 0xfb, 0x5f, 0xfb, 0x1f, 0xfb, 0x15, 0xaa, 0xa4, 0x20, 0x61, 0x08, 0x61, 0x08,
    0x61, 0x08, 0x61, 0x08, 0x61, 0x08, 0x61, 0x08, 0x61, 0x08, 0x61, 0x08, 0x61, 0x08, 0x61, 0x08,
    0x61, 0x08, 0x61, 0x08, 0x61, 0x08, 0x61, 0x08, 0x61, 0x08, 0x61, 0x08, 0x61, 0x08, 0x61, 0x08,
    0x61, 0x08, 0xc6, 0x30, 0x14, 0xa2, 0x5f, 0xfb, 0x5f, 0xfb, 0x5f, 0xfb, 0x5f, 0xfb, 0x5f, 0xfb,
    0x5f, 0xfb, 0x5f, 0xfb, 0x5f, 0xfb, 0x5f, 0xfb, 0x5f, 0xfb, 0x5f, 0xfb, 0x5f, 0xfb, 0x5f, 0xfb,
    0x5f, 0xfb, 0x5f, 0xfb, 0x5f, 0xfb, 0x5f, 0xfb, 0x5f, 0xfb, 0x5f, 0xfb, 0x5f, 0xfb, 0x5f, 0xfb,
    0x5f, 0xfb, 0x5f, 0xfb, 0x5f, 0xfb, 0x5f, 0xfb, 0x5f, 0xfb, 0x5f, 0xfb, 0x5f, 0xfb, 0x5f, 0xfb,
    0x5f, 0xfb, 0x5f, 0xfb, 0x5f, 0xfb, 0x5f, 0xfb, 0x5f, 0xfb, 0x5f, 0xfb, 0x5f, 0xfb, 0x5f, 0xfb,
    0x5f, 0xfb, 0x5f, 0xfb, 0x5f, 0xfb, 0x5f, 0xfb, 0x13, 0x9a, 0xc5, 0x28, 0x61, 0x08, 0x61, 0x08,
    0x61, 0x08, 0x61, 0x08, 0x61, 0x08, 0x61, 0x08, 0x61, 0x08, 0x61, 0x08, 0x61, 0x08, 0x61, 0x08,
    0x61, 0x08, 0x61, 0x08, 0x61, 0x08, 0x61, 0x08, 0x61, 0x08, 0x61, 0x08, 0x61, 0x08, 0x61, 0x08,
    0x61, 0x08, 0xc4, 0x20, 0x56, 0xb2, 0x1f, 0xfb, 0x5f, 0xfb, 0x5f, 0xfb, 0x5f, 0xfb, 0x5f, 0xfb,
    0x5f, 0xfb, 0x5f, 0xfb, 0x5f, 0xfb, 0x5f, 0xfb, 0x5f, 0xfb, 0x5f, 0xfb, 0x5f, 0xfb, 0x5f, 0xfb,
    0x5f, 0xfb, 0x5f, 0xfb, 0x5f, 0xfb, 0x5f, 0xfb, 0x5f, 0xfb, 0x5f, 0xfb, 0x5f, 0xfb, 0x5f, 0xfb,
    0x5f, 0xfb, 0x5f, 0xfb, 0x5f, 0xfb, 0x5f, 0xfb, 0x5f, 0xfb, 0x5f, 0xfb, 0x5f, 0xfb, 0x5f, 0xfb,
    0x1f, 0xfb, 0x98, 0xba, 0x82, 0x10, 0x61, 0x08, 0x61, 0x08, 0x61, 0x08, 0x61, 0x08, 0x61, 0x08,
    0x61, 0x08, 0x61, 0x08, 0x61, 0x08, 0x61, 0x08, 0x61, 0x08, 0x61, 0x08, 0x61, 0x08, 0x61, 0x08,
    0x61, 0x08, 0x61, 0x08, 0x61, 0x08, 0x61, 0x08, 0x61, 0x08, 0x61, 0x08, 0x61, 0x08, 0x61, 0x08,
    0x61, 0x08, 0x61, 0x08, 0x61, 0x08, 0x61, 0x08, 0x61, 0x08, 0x61, 0x08, 0x61, 0x08, 0x61, 0x08,
    0x61, 0x08, 0x61, 0x08, 0x61, 0x08, 0x61, 0x08, 0x61, 0x08, 0x61, 0x08, 0x61, 0x08, 0x61, 0x08,
    0x61, 0x08, 0x61, 0x08, 0x61, 0x08, 0x61, 0x08, 0x61, 0x08, 0x61, 0x08, 0x61, 0x08, 0x61, 0x08,
    0x61, 0x08, 0x61, 0x08, 0x61, 0x08, 0x61, 0x08, 0x61, 0x08, 0x61, 0x08, 0x61, 0x08, 0x61, 0x08,
    0x61, 0x08, 0x61, 0x08, 0x61, 0x08, 0x61, 0x08, 0x61, 0x08, 0x61, 0x08, 0x61, 0x08, 0x61, 0x08,
    0x61, 0x08, 0x61, 0x08, 0x61, 0x08, 0x61, 0x08, 0x61, 0x08, 0x61, 0x08, 0x61, 0x08, 0x61, 0x08,
    0x61, 0x08, 0x61, 0x08, 0x61, 0x08, 0x61, 0x08, 0x61, 0x08, 0x61, 0x08, 0x61, 0x08, 0x61, 0x08,
    0x61, 0x08, 0x61, 0x08, 0x61, 0x08, 0x61, 0x08, 0x61, 0x08, 0x61, 0x08, 0x61, 0x08, 0x61, 0x08,
    0x61, 0x08, 0x61, 0x08, 0x61, 0x08, 0x61, 0x08, 0x61, 0x08, 0xd0, 0x81, 0x1e, 0xf3, 0x5f, 0xfb,
    0x5f, 0xfb, 0x5f, 0xfb, 0x5f, 0xfb, 0x5f, 0xfb, 0x5f, 0xfb, 0x5f, 0xfb, 0x5f, 0xfb, 0x5f, 0xfb,
    0x5f, 0xfb, 0x5f, 0xfb, 0x5f, 0xfb, 0x5f, 0xfb, 0x5f, 0xfb, 0x5f, 0xfb, 0x5f, 0xfb, 0x5f, 0xfb,
    0x5f, 0xfb, 0x5f, 0xfb, 0x5f, 0xfb, 0x5f, 0xfb, 0x5f, 0xfb, 0x5f, 0xfb, 0x5f, 0xfb, 0x5f, 0xfb,
    0x5f, 0xfb, 0x5f, 0xfb, 0x5f, 0xfb, 0x5f, 0xfb, 0xdd, 0xe2, 0x6c, 0x61, 0x82, 0x10, 0x61, 0x08,
    0x61, 0x08, 0x61, 0x08, 0x61, 0x08, 0x61, 0x08, 0x61, 0x08, 0x61, 0x08, 0x61, 0x08, 0x61, 0x08,
    0x61, 0x08, 0x61, 0x08, 0x61, 0x08, 0x61, 0x08, 0x61, 0x08, 0x61, 0x08, 0x61, 0x08, 0x61, 0x08,
    0x61, 0x08, 0x83, 0x18, 0x8e, 0x71, 0x3e, 0xeb, 0x5f, 0xfb, 0x5f, 0xfb, 0x5f, 0xfb, 0x5f, 0xfb,
    0x5f, 0xfb, 0x5f, 0xfb, 0x5f, 0xfb, 0x5f, 0xfb, 0x5f, 0xfb, 0x5f, 0xfb, 0x5f, 0xfb, 0x5f, 0xfb,
    0x5f, 0xfb, 0x5f, 0xfb, 0x5f, 0xfb, 0x5f, 0xfb, 0x5f, 0xfb, 0x5f, 0xfb, 0x5f, 0xfb, 0x5f, 0xfb,
    0x5f, 0xfb, 0x5f, 0xfb, 0x5f, 0xfb, 0x5f, 0xfb, 0x5f, 0xfb, 0x5f, 0xfb, 0x5f, 0xfb, 0x5f, 0xfb,
    0x5f, 0xfb, 0x5f, 0xfb, 0x5f, 0xfb, 0x5f, 0xfb, 0x5f, 0xfb, 0x5f, 0xfb, 0x5f, 0xfb, 0x5f, 0xfb,
    0x5f, 0xfb, 0x5f, 0xfb, 0x5f, 0xfb, 0x1e, 0xf3, 0x6d, 0x69, 0x82, 0x10, 0x61, 0x08, 0x61, 0x08,
    0x61, 0x08, 0x61, 0x08, 0x61, 0x08, 0x61, 0x08, 0x61, 0x08, 0x61, 0x08, 0x61, 0x08, 0x61, 0x08,
    0x61, 0x08, 0x61, 0x08, 0x61, 0x08, 0x61, 0x08, 0x61, 0x08, 0x61, 0x08, 0x61, 0x08, 0x61, 0x08,
    0x61, 0x08, 0x6c, 0x61, 0xfc, 0xe2, 0x5f, 0xfb, 0x5f, 0xfb, 0x5f, 0xfb, 0x5f, 0xfb, 0x5f, 0xfb,
    0x5f, 0xfb, 0x5f, 0xfb, 0x5f, 0xfb, 0x5f, 0xfb, 0x5f, 0xfb, 0x5f, 0xfb, 0x5f, 0xfb, 0x5f, 0xfb,
    0x5f, 0xfb, 0x5f, 0xfb, 0x5f, 0xfb, 0x5f, 0xfb, 0x5f, 0xfb, 0x5f, 0xfb, 0x5f, 0xfb, 0x5f, 0xfb,
    0x5f, 0xfb, 0x5f, 0xfb, 0x5f, 0xfb, 0x5f, 0xfb, 0x5f, 0xfb, 0x5f, 0xfb, 0x5f, 0xfb, 0x5f, 0xfb,
    0x3e, 0xf3, 0x13, 0x9a, 0x61, 0x08, 0x61, 0x08, 0x61, 0x08, 0x61, 0x08, 0x61, 0x08, 0x61, 0x08,
    0x61, 0x08, 0x61, 0x08, 0x61, 0x08, 0x61, 0x08, 0x61, 0x08, 0x61, 0x08, 0x61, 0x08, 0x61, 0x08,
    0x61, 0x08, 0x61, 0x08, 0x61, 0x08, 0x61, 0x08, 0x61, 0x08, 0x61, 0x08, 0x61, 0x08, 0x61, 0x08,
    0x61, 0x08, 0x61, 0x08, 0x61, 0x08, 0x61, 0x08, 0x61, 0x08, 0x61, 0x08, 0x61, 0x08, 0x61, 0x08,
    0x61, 0x08, 0x61, 0x08, 0x61, 0x08, 0x61, 0x08, 0x61, 0x08, 0x61, 0x08, 0x61, 0x08, 0x61, 0x08,
    0x61, 0x08, 0x61, 0x08, 0x61, 0x08, 0x61, 0x08, 0x61, 0x08, 0x61, 0x08, 0x61, 0x08, 0x61, 0x08,
    0x61, 0x08, 0x61, 0x08, 0x61, 0x08, 0x61, 0x08, 0x61, 0x08, 0x61, 0x08, 0x61, 0x08, 0x61, 0x08,
    0x61, 0x08, 0x61, 0x08, 0x61, 0x08, 0x61, 0x08, 0x61, 0x08, 0x61, 0x08, 0x61, 0x08, 0x61, 0x08,
    0x61, 0x08, 0x61, 0x08, 0x61, 0x08, 0x61, 0x08, 0x61, 0x08, 0x61, 0x08, 0x61, 0x08, 0x61, 0x08,
    0x61, 0x08, 0x61, 0x08, 0x61, 0x08, 0x61, 0x08, 0x61, 0x08, 0x61, 0x08, 0x61, 0x08, 0x61, 0x08,
    0x61, 0x08, 0x61, 0x08, 0x61, 0x08, 0x61, 0x08, 0x61, 0x08, 0x61, 0x08, 0x61, 0x08, 0x61, 0x08,
    0x61, 0x08, 0x61, 0x08, 0x61, 0x08, 0x61, 0x08, 0x61, 0x08, 0x4a, 0x51, 0xfd, 0xea, 0x5f, 0xfb,
    0x5f, 0xfb, 0x5f, 0xfb, 0x5f, 0xfb, 0x5f, 0xfb, 0x5f, 0xfb, 0x5f, 0xfb, 0x5f, 0xfb, 0x5f, 0xfb,
    0x5f, 0xfb, 0x5f, 0xfb, 0x5f, 0xfb, 0x5f, 0xfb, 0x5f, 0xfb, 0x5f, 0xfb, 0x5f, 0xfb, 0x5f, 0xfb,
    0x5f, 0xfb, 0x5f, 0xfb, 0x5f, 0xfb, 0x5f, 0xfb, 0x5f, 0xfb, 0x5f, 0xfb, 0x5f, 0xfb, 0x5f, 0xfb,
    0x5f, 0xfb, 0x5f, 0xfb, 0x5f, 0xfb, 0x5f, 0xfb, 0x1f, 0xfb, 0xba, 0xd2, 0xc5, 0x28, 0x61, 0x08,
    0x61, 0x08, 0x61, 0x08, 0x61, 0x08, 0x61, 0x08, 0x61, 0x08, 0x61, 0x08, 0x61, 0x08, 0x61, 0x08,
    0x61, 0x08, 0x61, 0x08, 0x61, 0x08, 0x61, 0x08, 0x61, 0x08, 0x61, 0x08, 0x61, 0x08, 0x61, 0x08,
    0x61, 0x08, 0x61, 0x08, 0x09, 0x49, 0xba, 0xd2, 0x5f, 0xfb, 0x5f, 0xfb, 0x5f, 0xfb, 0x5f, 0xfb,
    0x5f, 0xfb, 0x5f, 0xfb, 0x5f, 0xfb, 0x5f, 0xfb, 0x5f, 0xfb, 0x5f, 0xfb, 0x5f, 0xfb, 0x5f, 0xfb,
    0x5f, 0xfb, 0x5f, 0xfb, 0x5f, 0xfb, 0x5f, 0xfb, 0x5f, 0xfb, 0x5f, 0xfb, 0x5f, 0xfb, 0x5f, 0xfb,
    0x5f, 0xfb, 0x5f, 0xfb, 0x5f, 0xfb, 0x5f, 0xfb, 0x5f, 0xfb, 0x5f, 0xfb, 0x5f, 0xfb, 0x5f, 0xfb,
    0x5f, 0xfb, 0x5f, 0xfb, 0x5f, 0xfb, 0x5f, 0xfb, 0x5f, 0xfb, 0x5f, 0xfb, 0x5f, 0xfb, 0x5f, 0xfb,
    0x5f, 0xfb, 0x5f, 0xfb, 0x5f, 0xfb, 0xb8, 0xca, 0x09, 0x49, 0x61, 0x08, 0x61, 0x08, 0x61, 0x08,
    0x61, 0x08, 0x61, 0x08, 0x61, 0x08, 0x61, 0x08, 0x61, 0x08, 0x61, 0x08, 0x61, 0x08, 0x61, 0x08,
    0x61, 0x08, 0x61, 0x08, 0x61, 0x08, 0x61, 0x08, 0x61, 0x08, 0x61, 0x08, 0x61, 0x08, 0x61, 0x08,
    0xa3, 0x18, 0x96, 0xb2, 0x3e, 0xf3, 0x5f, 0xfb, 0x5f, 0xfb, 0x5f, 0xfb, 0x5f, 0xfb, 0x5f, 0xfb,
    0x5f, 0xfb, 0x5f, 0xfb, 0x5f, 0xfb, 0x5f, 0xfb, 0x5f, 0xfb, 0x5f, 0xfb, 0x5f, 0xfb, 0x5f, 0xfb,
    0x5f, 0xfb, 0x5f, 0xfb, 0x5f, 0xfb, 0x5f, 0xfb, 0x5f, 0xfb, 0x5f, 0xfb, 0x5f, 0xfb, 0x5f, 0xfb,
    0x5f, 0xfb, 0x5f, 0xfb, 0x5f, 0xfb, 0x5f, 0xfb, 0x5f, 0xfb, 0x5f, 0xfb, 0x5f, 0xfb, 0x5f, 0xfb,
    0xfd, 0xea, 0x6b, 0x61, 0x61, 0x08, 0x61, 0x08, 0x61, 0x08, 0x61, 0x08, 0x61, 0x08, 0x61, 0x08,
    0x61, 0x08, 0x61, 0x08, 0x61, 0x08, 0x61, 0x08, 0x61, 0x08, 0x61, 0x08, 0x61, 0x08, 0x61, 0x08,
    0x61, 0x08, 0x61, 0x08, 0x61, 0x08, 0x61, 0x08, 0x61, 0x08, 0x61, 0x08, 0x61, 0x08, 0x61, 0x08,
    0x61, 0x08, 0x61, 0x08, 0x61, 0x08, 0x61, 0x08, 0x61, 0x08, 0x61, 0x08, 0x61, 0x08, 0x61, 0x08,
    0x61, 0x08, 0x61, 0x08, 0x61, 0x08, 0x61, 0x08, 0x61, 0x08, 0x61, 0x08, 0x61, 0x08, 0x61, 0x08,
    0x61, 0x08, 0x61, 0x08, 0x61, 0x08, 0x61, 0x08, 0x61, 0x08, 0x61, 0x08, 0x61, 0x08, 0x61, 0x08,
    0x61, 0x08, 0x61, 0x08, 0x61, 0x08, 0x61, 0x08, 0x61, 0x08, 0x61, 0x08, 0x61, 0x08, 0x61, 0x08,
    0x61, 0x08, 0x61, 0x08, 0x61, 0x08, 0x61, 0x08, 0x61, 0x08, 0x61, 0x08, 0x61, 0x08, 0x61, 0x08,
    0x61, 0x08, 0x61, 0x08, 0x61, 0x08, 0x61, 0x08, 0x61, 0x08, 0x61, 0x08, 0x61, 0x08, 0x61, 0x08,
    0x61, 0x08, 0x61, 0x08, 0x61, 0x08, 0x61, 0x08, 0x61, 0x08, 0x61, 0x08, 0x61, 0x08, 0x61, 0x08,
    0x61, 0x08, 0x61, 0x08, 0x61, 0x08, 0x61, 0x08, 0x61, 0x08, 0x61, 0x08, 0x61, 0x08, 0x61, 0x08,
    0x61, 0x08, 0x61, 0x08, 0x61, 0x08, 0x61, 0x08, 0x61, 0x08, 0xa4, 0x20, 0xda, 0xd2, 0x5f, 0xfb,
    0x5f, 0xfb, 0x5f, 0xfb, 0x5f, 0xfb, 0x5f, 0xfb, 0x5f, 0xfb, 0x5f, 0xfb, 0x5f, 0xfb, 0x5f, 0xfb,
    0x5f, 0xfb, 0x5f, 0xfb, 0x5f, 0xfb, 0x5f, 0xfb, 0x5f, 0xfb, 0x5f, 0xfb, 0x5f, 0xfb, 0x5f, 0xfb,
    0x5f, 0xfb, 0x5f, 0xfb, 0x5f, 0xfb, 0x5f, 0xfb, 0x5f, 0xfb, 0x5f, 0xfb, 0x5f, 0xfb, 0x5f, 0xfb,
    0x5f, 0xfb, 0x5f, 0xfb, 0x5f, 0xfb, 0x5f, 0xfb, 0x5f, 0xfb, 0x3e, 0xf3, 0x56, 0xaa, 0x61, 0x08,
    0x61, 0x08, 0x61, 0x08, 0x61, 0x08, 0x61, 0x08, 0x61, 0x08, 0x61, 0x08, 0x61, 0x08, 0x61, 0x08,
    0x61, 0x08, 0x61, 0x08, 0x61, 0x08, 0x61, 0x08, 0x61, 0x08, 0x61, 0x08, 0x61, 0x08, 0x61, 0x08,
    0x61, 0x08, 0x61, 0x08, 0xa5, 0x28, 0xf2, 0x91, 0x5f, 0xfb, 0x5f, 0xfb, 0x5f, 0xfb, 0x5f, 0xfb,
    0x5f, 0xfb, 0x5f, 0xfb, 0x5f, 0xfb, 0x5f, 0xfb, 0x5f, 0xfb, 0x5f, 0xfb, 0x5f, 0xfb, 0x5f, 0xfb,
    0x5f, 0xfb, 0x5f, 0xfb, 0x5f, 0xfb, 0x5f, 0xfb, 0x5f, 0xfb, 0x5f, 0xfb, 0x5f, 0xfb, 0x5f, 0xfb,
    0x5f, 0xfb, 0x5f, 0xfb, 0x5f, 0xfb, 0x5f, 0xfb, 0x5f, 0xfb, 0x5f, 0xfb, 0x5f, 0xfb, 0x5f, 0xfb,
    0x5f, 0xfb, 0x5f, 0xfb, 0x5f, 0xfb, 0x5f, 0xfb, 0x5f, 0xfb, 0x5f, 0xfb, 0x5f, 0xfb, 0x5f, 0xfb,
    0x5f, 0xfb, 0x5f, 0xfb, 0x5f, 0xfb, 0x13, 0x9a, 0xc5, 0x28, 0x61, 0x08, 0x61, 0x08, 0x61, 0x08,
    0x61, 0x08, 0x61, 0x08, 0x61, 0x08, 0x61, 0x08, 0x61, 0x08, 0x61, 0x08, 0x61, 0x08, 0x61, 0x08,
    0x61, 0x08, 0x61, 0x08, 0x61, 0x08, 0x61, 0x08, 0x61, 0x08, 0x61, 0x08, 0x61, 0x08, 0x61, 0x08,
    0x35, 0xaa, 0x3e, 0xeb, 0x5f, 0xfb, 0x5f, 0xfb, 0x5f, 0xfb, 0x5f, 0xfb, 0x5f, 0xfb, 0x5f, 0xfb,
    0x5f, 0xfb, 0x5f, 0xfb, 0x5f, 0xfb, 0x5f, 0xfb, 0x5f, 0xfb, 0x5f, 0xfb, 0x5f, 0xfb, 0x5f, 0xfb,
    0x5f, 0xfb, 0x5f, 0xfb, 0x5f, 0xfb, 0x5f, 0xfb, 0x5f, 0xfb, 0x5f, 0xfb, 0x5f, 0xfb, 0x5f, 0xfb,
    0x5f, 0xfb, 0x5f, 0xfb, 0x5f, 0xfb, 0x5f, 0xfb, 0x5f, 0xfb, 0x5f, 0xfb, 0x5f, 0xfb, 0x5f, 0xfb,
    0xdb, 0xda, 0xc6, 0x30, 0x61, 0x08, 0x61, 0x08, 0x61, 0x08, 0x61, 0x08, 0x61, 0x08, 0x61, 0x08,
    0x61, 0x08, 0x61, 0x08, 0x61, 0x08, 0x61, 0x08, 0x61, 0x08, 0x61, 0x08, 0x61, 0x08, 0x61, 0x08,
    0x61, 0x08, 0x61, 0x08, 0x61, 0x08, 0x61, 0x08, 0x61, 0x08, 0x61, 0x08, 0x61, 0x08, 0x61, 0x08,
    0x61, 0x08, 0x61, 0x08, 0x61, 0x08, 0x61, 0x08, 0x61, 0x08, 0x61, 0x08, 0x61, 0x08, 0x61, 0x08,
    0x61, 0x08, 0x61, 0x08, 0x61, 0x08, 0x61, 0x08, 0x61, 0x08, 0x61, 0x08, 0x61, 0x08, 0x61, 0x08,
    0x61, 0x08, 0x61, 0x08, 0x61, 0x08, 0x61, 0x08, 0x61, 0x08, 0x61, 0x08, 0x61, 0x08, 0x61, 0x08,
    0x61, 0x08, 0x61, 0x08, 0x61, 0x08, 0x61, 0x08, 0x61, 0x08, 0x61, 0x08, 0x61, 0x08, 0x61, 0x08,
    0x61, 0x08, 0x61, 0x08, 0x61, 0x08, 0x61, 0x08, 0x61, 0x08, 0x61, 0x08, 0x61, 0x08, 0x61, 0x08,
    0x61, 0x08, 0x61, 0x08, 0x61, 0x08, 0x61, 0x08, 0x61, 0x08, 0x61, 0x08, 0x61, 0x08, 0x61, 0x08,
    0x61, 0x08, 0x61, 0x08, 0x61, 0x08, 0x61, 0x08, 0x61, 0x08, 0x61, 0x08, 0x61, 0x08, 0x61, 0x08,
    0x61, 0x08, 0x61, 0x08, 0x61, 0x08, 0x61, 0x08, 0x61, 0x08, 0x61, 0x08, 0x61, 0x08, 0x61, 0x08,
    0x61, 0x08, 0x61, 0x08, 0x61, 0x08, 0x61, 0x08, 0x61, 0x08, 0x61, 0x08, 0x97, 0xba, 0x1f, 0xfb,
    0x5f, 0xfb, 0x5f, 0xfb, 0x5f, 0xfb, 0x5f, 0xfb, 0x5f, 0xfb, 0x5f, 0xfb, 0x5f, 0xfb, 0x5f, 0xfb,
    0x5f, 0xfb, 0x5f, 0xfb, 0x5f, 0xfb, 0x5f, 0xfb, 0x5f, 0xfb, 0x5f, 0xfb, 0x5f, 0xfb, 0x5f, 0xfb,
    0x5f, 0xfb, 0x5f, 0xfb, 0x5f, 0xfb, 0x5f, 0xfb, 0x5f, 0xfb, 0x5f, 0xfb, 0x5f, 0xfb, 0x5f, 0xfb,
    0x5f, 0xfb, 0x5f, 0xfb, 0x5f, 0xfb, 0x5f, 0xfb, 0x5f, 0xfb, 0x5f, 0xfb, 0x1d, 0xeb, 0xf1, 0x91,
    0x61, 0x08, 0x61, 0x08, 0x61, 0x08, 0x61, 0x08, 0x61, 0x08, 0x61, 0x08, 0x61, 0x08, 0x61, 0x08,
    0x61, 0x08, 0x61, 0x08, 0x61, 0x08, 0x61, 0x08, 0x61, 0x08, 0x61, 0x08, 0x61, 0x08, 0x61, 0x08,
    0x61, 0x08, 0x61, 0x08, 0x61, 0x08, 0x6d, 0x69, 0x3e, 0xf3, 0x5f, 0xfb, 0x5f, 0xfb, 0x5f, 0xfb,
    0x5f, 0xfb, 0x5f, 0xfb, 0x5f, 0xfb, 0x5f, 0xfb, 0x5f, 0xfb, 0x5f, 0xfb, 0x5f, 0xfb, 0x5f, 0xfb,
    0x5f, 0xfb, 0x5f, 0xfb, 0x5f, 0xfb, 0x5f, 0xfb, 0x5f, 0xfb, 0x5f, 0xfb, 0x5f, 0xfb, 0x5f, 0xfb,
    0x5f, 0xfb, 0x5f, 0xfb, 0x5f, 0xfb, 0x5f, 0xfb, 0x5f, 0xfb, 0x5f, 0xfb, 0x5f, 0xfb, 0x5f, 0xfb,
    0x5f, 0xfb, 0x5f, 0xfb, 0x5f, 0xfb, 0x5f, 0xfb, 0x5f, 0xfb, 0x5f, 0xfb, 0x5f, 0xfb, 0x5f, 0xfb,
    0x5f, 0xfb, 0x5f, 0xfb, 0x3e, 0xf3, 0x8f, 0x71, 0x82, 0x10, 0x61, 0x08, 0x61, 0x08, 0x61, 0x08,
    0x61, 0x08, 0x61, 0x08, 0x61, 0x08, 0x61, 0x08, 0x61, 0x08, 0x61, 0x08, 0x61, 0x08, 0x61, 0x08,
    0x61, 0x08, 0x61, 0x08, 0x61, 0x08, 0x61, 0x08, 0x61, 0x08, 0x61, 0x08, 0x61, 0x08, 0xd1, 0x89,
    0xfd, 0xea, 0x5f, 0xfb, 0x5f, 0xfb, 0x5f, 0xfb, 0x5f, 0xfb, 0x5f, 0xfb, 0x5f, 0xfb, 0x5f, 0xfb,
    0x5f, 0xfb, 0x5f, 0xfb, 0x5f, 0xfb, 0x5f, 0xfb, 0x5f, 0xfb, 0x5f, 0xfb, 0x5f, 0xfb, 0x5f, 0xfb,
    0x5f, 0xfb, 0x5f, 0xfb, 0x5f, 0xfb, 0x5f, 0xfb, 0x5f, 0xfb, 0x5f, 0xfb, 0x5f, 0xfb, 0x5f, 0xfb,
    0x5f, 0xfb, 0x5f, 0xfb, 0x5f, 0xfb, 0x5f, 0xfb, 0x5f, 0xfb, 0x5f, 0xfb, 0x5f, 0xfb, 0x1f, 0xfb,
    0xba, 0xd2, 0x84, 0x20, 0x61, 0x08, 0x61, 0x08, 0x61, 0x08, 0x61, 0x08, 0x61, 0x08, 0x61, 0x08,
    0x61, 0x08, 0x61, 0x08, 0x61, 0x08, 0x61, 0x08, 0x61, 0x08, 0x61, 0x08, 0x61, 0x08, 0x61, 0x08,
    0x61, 0x08, 0x61, 0x08, 0x61, 0x08, 0x61, 0x08, 0x61, 0x08, 0x61, 0x08, 0x61, 0x08, 0x61, 0x08,
    0x61, 0x08, 0x61, 0x08, 0x61, 0x08, 0x61, 0x08, 0x61, 0x08, 0x61, 0x08, 0x61, 0x08, 0x61, 0x08,
    0x61, 0x08, 0x61, 0x08, 0x61, 0x08, 0x61, 0x08, 0x61, 0x08, 0x61, 0x08, 0x61, 0x08, 0x61, 0x08,
    0x61, 0x08, 0x61, 0x08, 0x61, 0x08, 0x61, 0x08, 0x61, 0x08, 0x61, 0x08, 0x61, 0x08, 0x61, 0x08,
    0x61, 0x08, 0x61, 0x08, 0x61, 0x08, 0x61, 0x08, 0x61, 0x08, 0x61, 0x08, 0x61, 0x08, 0x61, 0x08,
    0x61, 0x08, 0x61, 0x08, 0x61, 0x08, 0x61, 0x08, 0x61, 0x08, 0x61, 0x08, 0x61, 0x08, 0x61, 0x08,
    0x61, 0x08, 0x61, 0x08, 0x61, 0x08, 0x61, 0x08, 0x61, 0x08, 0x61, 0x08, 0x61, 0x08, 0x61, 0x08,
    0x61, 0x08, 0x61, 0x08, 0x61, 0x08, 0x61, 0x08, 0x61, 0x08, 0x61, 0x08, 0x61, 0x08, 0x61, 0x08,
    0x61, 0x08, 0x61, 0x08, 0x61, 0x08, 0x61, 0x08, 0x61, 0x08, 0x61, 0x08, 0x61, 0x08, 0x61, 0x08,
    0x61, 0x08, 0x61, 0x08, 0x61, 0x08, 0x61, 0x08, 0x61, 0x08, 0x61, 0x08, 0x35, 0xaa, 0x3e, 0xf3,
    0x5f, 0xfb, 0x5f, 0xfb, 0x5f, 0xfb, 0x5f, 0xfb, 0x5f, 0xfb, 0x5f, 0xfb, 0x5f, 0xfb, 0x5f, 0xfb,
    0x5f, 0xfb, 0x5f, 0xfb, 0x5f, 0xfb, 0x5f, 0xfb, 0x5f, 0xfb, 0x5f, 0xfb, 0x5f, 0xfb, 0x5f, 0xfb,
    0x5f, 0xfb, 0x5f, 0xfb, 0x5f, 0xfb, 0x5f, 0xfb, 0x5f, 0xfb, 0x5f, 0xfb, 0x5f, 0xfb, 0x5f, 0xfb,
    0x5f, 0xfb, 0x5f, 0xfb, 0x5f, 0xfb, 0x5f, 0xfb, 0x5f, 0xfb, 0x5f, 0xfb, 0x5f, 0xfb, 0xfc, 0xda,
    0x6c, 0x61, 0x61, 0x08, 0x61, 0x08, 0x61, 0x08, 0x61, 0x08, 0x61, 0x08, 0x61, 0x08, 0x61, 0x08,
    0x61, 0x08, 0x61, 0x08, 0x61, 0x08, 0x61, 0x08, 0x61, 0x08, 0x61, 0x08, 0x61, 0x08, 0x61, 0x08,
    0x61, 0x08, 0x61, 0x08, 0x61, 0x08, 0x4c, 0x61, 0xfc, 0xda, 0x5f, 0xfb, 0x5f, 0xfb, 0x5f, 0xfb,
    0x5f, 0xfb, 0x5f, 0xfb, 0x5f, 0xfb, 0x5f, 0xfb, 0x5f, 0xfb, 0x5f, 0xfb, 0x5f, 0xfb, 0x5f, 0xfb,
    0x5f, 0xfb, 0x5f, 0xfb, 0x5f, 0xfb, 0x5f, 0xfb, 0x5f, 0xfb, 0x5f, 0xfb, 0x5f, 0xfb, 0x5f, 0xfb,
    0x5f, 0xfb, 0x5f, 0xfb, 0x5f, 0xfb, 0x5f, 0xfb, 0x5f, 0xfb, 0x5f, 0xfb, 0x5f, 0xfb, 0x5f, 0xfb,
    0x5f, 0xfb, 0x5f, 0xfb, 0x5f, 0xfb, 0x5f, 0xfb, 0x5f, 0xfb, 0x5f, 0xfb, 0x5f, 0xfb, 0x5f, 0xfb,
    0x5f, 0xfb, 0x5f, 0xfb, 0x1c, 0xe3, 0x4c, 0x69, 0x61, 0x08, 0x61, 0x08, 0x61, 0x08, 0x61, 0x08,
    0x61, 0x08, 0x61, 0x08, 0x61, 0x08, 0x61, 0x08, 0x61, 0x08, 0x61, 0x08, 0x61, 0x08, 0x61, 0x08,
    0x61, 0x08, 0x61, 0x08, 0x61, 0x08, 0x61, 0x08, 0x61, 0x08, 0x61, 0x08, 0x6b, 0x61, 0xdb, 0xda,
    0x5f, 0xfb, 0x5f, 0xfb, 0x5f, 0xfb, 0x5f, 0xfb, 0x5f, 0xfb, 0x5f, 0xfb, 0x5f, 0xfb, 0x5f, 0xfb,
    0x5f, 0xfb, 0x5f, 0xfb, 0x5f, 0xfb, 0x5f, 0xfb, 0x5f, 0xfb, 0x5f, 0xfb, 0x5f, 0xfb, 0x5f, 0xfb,
    0x5f, 0xfb, 0x5f, 0xfb, 0x5f, 0xfb, 0x5f, 0xfb, 0x5f, 0xfb, 0x5f, 0xfb, 0x5f, 0xfb, 0x5f, 0xfb,
    0x5f, 0xfb, 0x5f, 0xfb, 0x5f, 0xfb, 0x5f, 0xfb, 0x5f, 0xfb, 0x5f, 0xfb, 0x5f, 0xfb, 0x3e, 0xf3,
    0x35, 0xa2, 0x83, 0x18, 0x61, 0x08, 0x61, 0x08, 0x61, 0x08, 0x61, 0x08, 0x61, 0x08, 0x61, 0x08,
    0x61, 0x08, 0x61, 0x08, 0x61, 0x08, 0x61, 0x08, 0x61, 0x08, 0x61, 0x08, 0x61, 0x08, 0x61, 0x08,
    0x61, 0x08, 0x61, 0x08, 0x61, 0x08, 0x61, 0x08, 0x61, 0x08, 0x61, 0x08, 0x61, 0x08, 0x61, 0x08,
    0x61, 0x08, 0x61, 0x08, 0x61, 0x08, 0x61, 0x08, 0x61, 0x08, 0x61, 0x08, 0x61, 0x08, 0x61, 0x08,
    0x61, 0x08, 0x61, 0x08, 0x61, 0x08, 0x61, 0x08, 0x61, 0x08, 0x61, 0x08, 0x61, 0x08, 0x61, 0x08,
    0x61, 0x08, 0x61, 0x08, 0x61, 0x08, 0x61, 0x08, 0x61, 0x08, 0x61, 0x08, 0x61, 0x08, 0x61, 0x08,
    0x61, 0x08, 0x61, 0x08, 0x61, 0x08, 0x61, 0x08, 0x61, 0x08, 0x61, 0x08, 0x61, 0x08, 0x61, 0x08,
    0x61, 0x08, 0x61, 0x08, 0x61, 0x08, 0x61, 0x08, 0x61, 0x08, 0x61, 0x08, 0x61, 0x08, 0x61, 0x08,
    0x61, 0x08, 0x61, 0x08, 0x61, 0x08, 0x61, 0x08, 0x61, 0x08, 0x61, 0x08, 0x61, 0x08, 0x61, 0x08,
    0x61, 0x08, 0x61, 0x08, 0x61, 0x08, 0x61, 0x08, 0x61, 0x08, 0x61, 0x08, 0x61, 0x08, 0x61, 0x08,
    0x61, 0x08, 0x61, 0x08, 0x61, 0x08, 0x61, 0x08, 0x61, 0x08, 0x61, 0x08, 0x61, 0x08, 0x61, 0x08,
    0x61, 0x08, 0x61, 0x08, 0x61, 0x08, 0x61, 0x08, 0x61, 0x08, 0x61, 0x08, 0x4b, 0x59, 0x1d, 0xeb,
    0x5f, 0xfb, 0x5f, 0xfb, 0x5f, 0xfb, 0x5f, 0xfb, 0x5f, 0xfb, 0x5f, 0xfb, 0x5f, 0xfb, 0x5f, 0xfb,
    0x5f, 0xfb, 0x5f, 0xfb, 0x5f, 0xfb, 0x5f, 0xfb, 0x5f, 0xfb, 0x5f, 0xfb, 0x5f, 0xfb, 0x5f, 0xfb,
    0x5f, 0xfb, 0x5f, 0xfb, 0x5f, 0xfb, 0x5f, 0xfb, 0x5f, 0xfb, 0x5f, 0xfb, 0x5f, 0xfb, 0x5f, 0xfb,
    0x5f, 0xfb, 0x5f, 0xfb, 0x5f, 0xfb, 0x5f, 0xfb, 0x5f, 0xfb, 0x5f, 0xfb, 0x5f, 0xfb, 0x5f, 0xfb,
    0xda, 0xd2, 0x8d, 0x69, 0x83, 0x10, 0x61, 0x08, 0x61, 0x08, 0x61, 0x08, 0x61, 0x08, 0x61, 0x08,
    0x61, 0x08, 0x61, 0x08, 0x61, 0x08, 0x61, 0x08, 0x61, 0x08, 0x61, 0x08, 0x61, 0x08, 0x61, 0x08,
    0x61, 0x08, 0x61, 0x08, 0x61, 0x08, 0x0a, 0x51, 0xba, 0xd2, 0x5f, 0xfb, 0x5f, 0xfb, 0x5f, 0xfb,
    0x5f, 0xfb, 0x5f, 0xfb, 0x5f, 0xfb, 0x5f, 0xfb, 0x5f, 0xfb, 0x5f, 0xfb, 0x5f, 0xfb, 0x5f, 0xfb,
    0x5f, 0xfb, 0x5f, 0xfb, 0x5f, 0xfb, 0x5f, 0xfb, 0x5f, 0xfb, 0x5f, 0xfb, 0x5f, 0xfb, 0x5f, 0xfb,
    0x5f, 0xfb, 0x5f, 0xfb, 0x5f, 0xfb, 0x5f, 0xfb, 0x5f, 0xfb, 0x5f, 0xfb, 0x5f, 0xfb, 0x5f, 0xfb,
    0x5f, 0xfb, 0x5f, 0xfb, 0x5f, 0xfb, 0x5f, 0xfb, 0x5f, 0xfb, 0x5f, 0xfb, 0x5f, 0xfb, 0x5f, 0xfb,
    0x5f, 0xfb, 0x5f, 0xfb, 0x96, 0xb2, 0xe8, 0x40, 0x61, 0x08, 0x61, 0x08, 0x61, 0x08, 0x61, 0x08,
    0x61, 0x08, 0x61, 0x08, 0x61, 0x08, 0x61, 0x08, 0x61, 0x08, 0x61, 0x08, 0x61, 0x08, 0x61, 0x08,
    0x61, 0x08, 0x61, 0x08, 0x61, 0x08, 0x61, 0x08, 0x83, 0x18, 0x6c, 0x61, 0xda, 0xd2, 0x5f, 0xfb,
    0x5f, 0xfb, 0x5f, 0xfb, 0x5f, 0xfb, 0x5f, 0xfb, 0x5f, 0xfb, 0x5f, 0xfb, 0x5f, 0xfb, 0x5f, 0xfb,
    0x5f, 0xfb, 0x5f, 0xfb, 0x5f, 0xfb, 0x5f, 0xfb, 0x5f, 0xfb, 0x5f, 0xfb, 0x5f, 0xfb, 0x5f, 0xfb,
    0x5f, 0xfb, 0x5f, 0xfb, 0x5f, 0xfb, 0x5f, 0xfb, 0x5f, 0xfb, 0x5f, 0xfb, 0x5f, 0xfb, 0x5f, 0xfb,
    0x5f, 0xfb, 0x5f, 0xfb, 0x5f, 0xfb, 0x5f, 0xfb, 0x5f, 0xfb, 0x5f, 0xfb, 0x5f, 0xfb, 0x1e, 0xf3,
    0xaf, 0x79, 0x82, 0x10, 0x61, 0x08, 0x61, 0x08, 0x61, 0x08, 0x61, 0x08, 0x61, 0x08, 0x61, 0x08,
    0x61, 0x08, 0x61, 0x08, 0x61, 0x08, 0x61, 0x08, 0x61, 0x08, 0x61, 0x08, 0x61, 0x08, 0x61, 0x08,
    0x61, 0x08, 0x61, 0x08, 0x61, 0x08, 0x61, 0x08, 0x61, 0x08, 0x61, 0x08, 0x61, 0x08, 0x61, 0x08,
    0x61, 0x08, 0x61, 0x08, 0x61, 0x08, 0x61, 0x08, 0x61, 0x08, 0x61, 0x08, 0x61, 0x08, 0x61, 0x08,
    0x61, 0x08, 0x61, 0x08, 0x61, 0x08, 0x61, 0x08, 0x61, 0x08, 0x61, 0x08, 0x61, 0x08, 0x61, 0x08,
    0x61, 0x08, 0x61, 0x08, 0x61, 0x08, 0x61, 0x08, 0x61, 0x08, 0x61, 0x08, 0x61, 0x08, 0x61, 0x08,
    0x61, 0x08, 0x61, 0x08, 0x61, 0x08, 0x61, 0x08, 0x61, 0x08, 0x61, 0x08, 0x61, 0x08, 0x61, 0x08,
    0x61, 0x08, 0x61, 0x08, 0x61, 0x08, 0x61, 0x08, 0x61, 0x08, 0x61, 0x08, 0x61, 0x08, 0x61, 0x08,
    0x61, 0x08, 0x61, 0x08, 0x61, 0x08, 0x61, 0x08, 0x61, 0x08, 0x61, 0x08, 0x61, 0x08, 0x61, 0x08,
    0x61, 0x08, 0x61, 0x08, 0x61, 0x08, 0x61, 0x08, 0x61, 0x08, 0x61, 0x08, 0x61, 0x08, 0x61, 0x08,
    0x61, 0x08, 0x61, 0x08, 0x61, 0x08, 0x61, 0x08, 0x61, 0x08, 0x61, 0x08, 0x61, 0x08, 0x61, 0x08,
    0x61, 0x08, 0x61, 0x08, 0x61, 0x08, 0x61, 0x08, 0x61, 0x08, 0x61, 0x08, 0xc4, 0x28, 0xba, 0xca,
    0x5f, 0xfb, 0x5f, 0xfb, 0x5f, 0xfb, 0x5f, 0xfb, 0x5f, 0xfb, 0x5f, 0xfb, 0x5f, 0xfb, 0x5f, 0xfb,
    0x5f, 0xfb, 0x5f, 0xfb, 0x5f, 0xfb, 0x5f, 0xfb, 0x5f, 0xfb, 0x5f, 0xfb, 0x5f, 0xfb, 0x5f, 0xfb,
    0x5f, 0xfb, 0x5f, 0xfb, 0x5f, 0xfb, 0x5f, 0xfb, 0x5f, 0xfb, 0x5f, 0xfb, 0x5f, 0xfb, 0x5f, 0xfb,
    0x5f, 0xfb, 0x5f, 0xfb, 0x5f, 0xfb, 0x5f, 0xfb, 0x5f, 0xfb, 0x5f, 0xfb, 0x5f, 0xfb, 0x5f, 0xfb,
    0x5f, 0xfb, 0xfc, 0xda, 0xf1, 0x91, 0xe6, 0x38, 0x61, 0x08, 0x61, 0x08, 0x61, 0x08, 0x61, 0x08,
    0x61, 0x08, 0x61, 0x08, 0x61, 0x08, 0x61, 0x08, 0x61, 0x08, 0x61, 0x08, 0x61, 0x08, 0x61, 0x08,
    0x61, 0x08, 0x61, 0x08, 0x61, 0x08, 0xe7, 0x38, 0x35, 0xa2, 0x5f, 0xfb, 0x5f, 0xfb, 0x5f, 0xfb,
    0x5f, 0xfb, 0x5f, 0xfb, 0x5f, 0xfb, 0x5f, 0xfb, 0x5f, 0xfb, 0x5f, 0xfb, 0x5f, 0xfb, 0x5f, 0xfb,
    0x5f, 0xfb, 0x5f, 0xfb, 0x5f, 0xfb, 0x5f, 0xfb, 0x5f, 0xfb, 0x5f, 0xfb, 0x5f, 0xfb, 0x5f, 0xfb,
    0x5f, 0xfb, 0x5f, 0xfb, 0x5f, 0xfb, 0x5f, 0xfb, 0x5f, 0xfb, 0x5f, 0xfb, 0x5f, 0xfb, 0x5f, 0xfb,
    0x5f, 0xfb, 0x5f, 0xfb, 0x5f, 0xfb, 0x5f, 0xfb, 0x5f, 0xfb, 0x5f, 0xfb, 0x5f, 0xfb, 0x5f, 0xfb,
    0x5f, 0xfb, 0x5f, 0xfb, 0x14, 0xa2, 0xc6, 0x30, 0x61, 0x08, 0x61, 0x08, 0x61, 0x08, 0x61, 0x08,
    0x61, 0x08, 0x61, 0x08, 0x61, 0x08, 0x61, 0x08, 0x61, 0x08, 0x61, 0x08, 0x61, 0x08, 0x61, 0x08,
    0x61, 0x08, 0x61, 0x08, 0x82, 0x10, 0xe6, 0x30, 0x14, 0xa2, 0xfc, 0xe2, 0x1f, 0xfb, 0x5f, 0xfb,
    0x5f, 0xfb, 0x5f, 0xfb, 0x5f, 0xfb, 0x5f, 0xfb, 0x5f, 0xfb, 0x5f, 0xfb, 0x5f, 0xfb, 0x5f, 0xfb,
    0x5f, 0xfb, 0x5f, 0xfb, 0x5f, 0xfb, 0x5f, 0xfb, 0x5f, 0xfb, 0x5f, 0xfb, 0x5f, 0xfb, 0x5f, 0xfb,
    0x5f, 0xfb, 0x5f, 0xfb, 0x5f, 0xfb, 0x5f, 0xfb, 0x5f, 0xfb, 0x5f, 0xfb, 0x5f, 0xfb, 0x5f, 0xfb,
    0x5f, 0xfb, 0x5f, 0xfb, 0x5f, 0xfb, 0x5f, 0xfb, 0x5f, 0xfb, 0x5f, 0xfb, 0x5f, 0xfb, 0xda, 0xd2,
    0xe8, 0x38, 0x61, 0x08, 0x61, 0x08, 0x61, 0x08, 0x61, 0x08, 0x61, 0x08, 0x61, 0x08, 0x61, 0x08,
    0x61, 0x08, 0x61, 0x08, 0x61, 0x08, 0x61, 0x08, 0x61, 0x08, 0x61, 0x08, 0x61, 0x08, 0x61, 0x08,
    0x61, 0x08, 0x61, 0x08, 0x61, 0x08, 0x61, 0x08, 0x61, 0x08, 0x61, 0x08, 0x61, 0x08, 0x61, 0x08,
    0x61, 0x08, 0x61, 0x08, 0x61, 0x08, 0x61, 0x08, 0x61, 0x08, 0x61, 0x08, 0x61, 0x08, 0x61, 0x08,
    0x61, 0x08, 0x61, 0x08, 0x61, 0x08, 0x61, 0x08, 0x61, 0x08, 0x61, 0x08, 0x61, 0x08, 0x61, 0x08,
    0x61, 0x08, 0x61, 0x08, 0x61, 0x08, 0x61, 0x08, 0x61, 0x08, 0x61, 0x08, 0x61, 0x08, 0x61, 0x08,
    0x61, 0x08, 0x61, 0x08, 0x61, 0x08, 0x61, 0x08, 0x61, 0x08, 0x61, 0x08, 0x61, 0x08, 0x61, 0x08,
    0x61, 0x08, 0x61, 0x08, 0x61, 0x08, 0x61, 0x08, 0x61, 0x08, 0x61, 0x08, 0x61, 0x08, 0x61, 0x08,
    0x61, 0x08, 0x61, 0x08, 0x61, 0x08, 0x61, 0x08, 0x61, 0x08, 0x61, 0x08, 0x61, 0x08, 0x61, 0x08,
    0x61, 0x08, 0x61, 0x08, 0x61, 0x08, 0x61, 0x08, 0x61, 0x08, 0x61, 0x08, 0x61, 0x08, 0x61, 0x08,
    0x61, 0x08, 0x61, 0x08, 0x61, 0x08, 0x61, 0x08, 0x61, 0x08, 0x61, 0x08, 0x61, 0x08, 0x61, 0x08,
    0x61, 0x08, 0x61, 0x08, 0x61, 0x08, 0x61, 0x08, 0x61, 0x08, 0x61, 0x08, 0x83, 0x10, 0xf3, 0x99,
    0x3e, 0xf3, 0x5f, 0xfb, 0x5f, 0xfb, 0x5f, 0xfb, 0x5f, 0xfb, 0x5f, 0xfb, 0x5f, 0xfb, 0x5f, 0xfb,
    0x5f, 0xfb, 0x5f, 0xfb, 0x5f, 0xfb, 0x5f, 0xfb, 0x5f, 0xfb, 0x5f, 0xfb, 0x5f, 0xfb, 0x5f, 0xfb,
    0x5f, 0xfb, 0x5f, 0xfb, 0x5f, 0xfb, 0x5f, 0xfb, 0x5f, 0xfb, 0x5f, 0xfb, 0x5f, 0xfb, 0x5f, 0xfb,
    0x5f, 0xfb, 0x5f, 0xfb, 0x5f, 0xfb, 0x5f, 0xfb, 0x5f, 0xfb, 0x5f, 0xfb, 0x5f, 0xfb, 0x5f, 0xfb,
    0x5f, 0xfb, 0x5f, 0xfb, 0x3e, 0xeb, 0x56, 0xb2, 0xa5, 0x28, 0x84, 0x20, 0x61, 0x08, 0x61, 0x08,
    0x61, 0x08, 0x61, 0x08, 0x61, 0x08, 0x61, 0x08, 0x61, 0x08, 0x61, 0x08, 0x61, 0x08, 0x61, 0x08,
    0x61, 0x08, 0x61, 0x08, 0x61, 0x08, 0xa5, 0x28, 0x13, 0x9a, 0x5f, 0xfb, 0x5f, 0xfb, 0x5f, 0xfb,
    0x5f, 0xfb, 0x5f, 0xfb, 0x5f, 0xfb, 0x5f, 0xfb, 0x5f, 0xfb, 0x5f, 0xfb, 0x5f, 0xfb, 0x5f, 0xfb,
    0x5f, 0xfb, 0x5f, 0xfb, 0x5f, 0xfb, 0x5f, 0xfb, 0x5f, 0xfb, 0x5f, 0xfb, 0x5f, 0xfb, 0x5f, 0xfb,
    0x5f, 0xfb, 0x5f, 0xfb, 0x5f, 0xfb, 0x5f, 0xfb, 0x5f, 0xfb, 0x5f, 0xfb, 0x5f, 0xfb, 0x5f, 0xfb,
    0x5f, 0xfb, 0x5f, 0xfb, 0x5f, 0xfb, 0x5f, 0xfb, 0x5f, 0xfb, 0x5f, 0xfb, 0x5f, 0xfb, 0x5f, 0xfb,
    0x5f, 0xfb, 0x5f, 0xfb, 0x13, 0x9a, 0xc5, 0x28, 0x61, 0x08, 0x61, 0x08, 0x61, 0x08, 0x61, 0x08,
    0x61, 0x08, 0x61, 0x08, 0x61, 0x08, 0x61, 0x08, 0x61, 0x08, 0x61, 0x08, 0x61, 0x08, 0x61, 0x08,
    0x61, 0x08, 0xa5, 0x20, 0x2a, 0x59, 0x35, 0xaa, 0x1d, 0xeb, 0x5f, 0xfb, 0x5f, 0xfb, 0x5f, 0xfb,
    0x5f, 0xfb, 0x5f, 0xfb, 0x5f, 0xfb, 0x5f, 0xfb, 0x5f, 0xfb, 0x5f, 0xfb, 0x5f, 0xfb, 0x5f, 0xfb,
    0x5f, 0xfb, 0x5f, 0xfb, 0x5f, 0xfb, 0x5f, 0xfb, 0x5f, 0xfb, 0x5f, 0xfb, 0x5f, 0xfb, 0x5f, 0xfb,
    0x5f, 0xfb, 0x5f, 0xfb, 0x5f, 0xfb, 0x5f, 0xfb, 0x5f, 0xfb, 0x5f, 0xfb, 0x5f, 0xfb, 0x5f, 0xfb,
    0x5f, 0xfb, 0x5f, 0xfb, 0x5f, 0xfb, 0x5f, 0xfb, 0x5f, 0xfb, 0x5f, 0xfb, 0x3e, 0xf3, 0x35, 0xa2,
    0xa4, 0x20, 0x61, 0x08, 0x61, 0x08, 0x61, 0x08, 0x61, 0x08, 0x61, 0x08, 0x61, 0x08, 0x61, 0x08,
    0x61, 0x08, 0x61, 0x08, 0x61, 0x08, 0x61, 0x08, 0x61, 0x08, 0x61, 0x08, 0x61, 0x08, 0x61, 0x08,
    0x61, 0x08, 0x61, 0x08, 0x61, 0x08, 0x61, 0x08, 0x61, 0x08, 0x61, 0x08, 0x61, 0x08, 0x61, 0x08,
    0x61, 0x08, 0x61, 0x08, 0x61, 0x08, 0x61, 0x08, 0x61, 0x08, 0x61, 0x08, 0x61, 0x08, 0x61, 0x08,
    0x61, 0x08, 0x61, 0x08, 0x61, 0x08, 0x61, 0x08, 0x61, 0x08, 0x61, 0x08, 0x61, 0x08, 0x61, 0x08,
    0x61, 0x08, 0x61, 0x08, 0x61, 0x08, 0x61, 0x08, 0x61, 0x08, 0x61, 0x08, 0x61, 0x08, 0x61, 0x08,
    0x61, 0x08, 0x61, 0x08, 0x61, 0x08, 0x61, 0x08, 0x61, 0x08, 0x61, 0x08, 0x61, 0x08, 0x61, 0x08,
    0x61, 0x08, 0x61, 0x08, 0x61, 0x08, 0x61, 0x08, 0x61, 0x08, 0x61, 0x08, 0x61, 0x08, 0x61, 0x08,
    0x61, 0x08, 0x61, 0x08, 0x61, 0x08, 0x61, 0x08, 0x61, 0x08, 0x61, 0x08, 0x61, 0x08, 0x61, 0x08,
    0x61, 0x08, 0x61, 0x08, 0x61, 0x08, 0x61, 0x08, 0x61, 0x08, 0x61, 0x08, 0x61, 0x08, 0x61, 0x08,
    0x61, 0x08, 0x61, 0x08, 0x61, 0x08, 0x61, 0x08, 0x61, 0x08, 0x61, 0x08, 0x61, 0x08, 0x61, 0x08,
    0x61, 0x08, 0x61, 0x08, 0x61, 0x08, 0x61, 0x08, 0x61, 0x08, 0x61, 0x08, 0x82, 0x10, 0x4c, 0x61,
    0x1e, 0xf3, 0x5f, 0xfb, 0x5f, 0xfb, 0x5f, 0xfb, 0x5f, 0xfb, 0x5f, 0xfb, 0x5f, 0xfb, 0x5f, 0xfb,
    0x5f, 0xfb, 0x5f, 0xfb, 0x5f, 0xfb, 0x5f, 0xfb, 0x5f, 0xfb, 0x5f, 0xfb, 0x5f, 0xfb, 0x5f, 0xfb,
    0x5f, 0xfb, 0x5f, 0xfb, 0x5f, 0xfb, 0x5f, 0xfb, 0x5f, 0xfb, 0x5f, 0xfb, 0x5f, 0xfb, 0x5f, 0xfb,
    0x5f, 0xfb, 0x5f, 0xfb, 0x5f, 0xfb, 0x5f, 0xfb, 0x5f, 0xfb, 0x5f, 0xfb, 0x5f, 0xfb, 0x5f, 0xfb,
    0x5f, 0xfb, 0x5f, 0xfb, 0x5f, 0xfb, 0x3e, 0xf3, 0x99, 0xc2, 0xaf, 0x79, 0xe7, 0x38, 0x84, 0x20,
    0x61, 0x08, 0x61, 0x08, 0x61, 0x08, 0x61, 0x08, 0x61, 0x08, 0x61, 0x08, 0x61, 0x08, 0x61, 0x08,
    0x61, 0x08, 0x61, 0x08, 0x61, 0x08, 0xa5, 0x28, 0x13, 0x9a, 0x5f, 0xfb, 0x5f, 0xfb, 0x5f, 0xfb,
    0x5f, 0xfb, 0x5f, 0xfb, 0x5f, 0xfb, 0x5f, 0xfb, 0x5f, 0xfb, 0x5f, 0xfb, 0x5f, 0xfb, 0x5f, 0xfb,
    0x5f, 0xfb, 0x5f, 0xfb, 0x5f, 0xfb, 0x5f, 0xfb, 0x5f, 0xfb, 0x5f, 0xfb, 0x5f, 0xfb, 0x5f, 0xfb,
    0x5f, 0xfb, 0x5f, 0xfb, 0x5f, 0xfb, 0x5f, 0xfb, 0x5f, 0xfb, 0x5f, 0xfb, 0x5f, 0xfb, 0x5f, 0xfb,
    0x5f, 0xfb, 0x5f, 0xfb, 0x5f, 0xfb, 0x5f, 0xfb, 0x5f, 0xfb, 0x5f, 0xfb, 0x5f, 0xfb, 0x5f, 0xfb,
    0x5f, 0xfb, 0x5f, 0xfb, 0xb0, 0x89, 0x61, 0x08, 0x61, 0x08, 0x61, 0x08, 0x61, 0x08, 0x61, 0x08,
    0x61, 0x08, 0x61, 0x08, 0x61, 0x08, 0x61, 0x08, 0x61, 0x08, 0x61, 0x08, 0x82, 0x10, 0xc5, 0x28,
    0x09, 0x49, 0x14, 0xa2, 0xfc, 0xe2, 0x1f, 0xfb, 0x5f, 0xfb, 0x5f, 0xfb, 0x5f, 0xfb, 0x5f, 0xfb,
    0x5f, 0xfb, 0x5f, 0xfb, 0x5f, 0xfb, 0x5f, 0xfb, 0x5f, 0xfb, 0x5f, 0xfb, 0x5f, 0xfb, 0x5f, 0xfb,
    0x5f, 0xfb, 0x5f, 0xfb, 0x5f, 0xfb, 0x5f, 0xfb, 0x5f, 0xfb, 0x5f, 0xfb, 0x5f, 0xfb, 0x5f, 0xfb,
    0x5f, 0xfb, 0x5f, 0xfb, 0x5f, 0xfb, 0x5f, 0xfb, 0x5f, 0xfb, 0x5f, 0xfb, 0x5f, 0xfb, 0x5f, 0xfb,
    0x5f, 0xfb, 0x5f, 0xfb, 0x5f, 0xfb, 0x5f, 0xfb, 0x5f, 0xfb, 0x5f, 0xfb, 0x3e, 0xf3, 0x8e, 0x71,
    0x82, 0x10, 0x61, 0x08, 0x61, 0x08, 0x61, 0x08, 0x61, 0x08, 0x61, 0x08, 0x61, 0x08, 0x61, 0x08,
    0x61, 0x08, 0x61, 0x08, 0x61, 0x08, 0x61, 0x08, 0x61, 0x08, 0x61, 0x08, 0x61, 0x08, 0x61, 0x08,
    0x61, 0x08, 0x61, 0x08, 0x61, 0x08, 0x61, 0x08, 0x61, 0x08, 0x61, 0x08, 0x61, 0x08, 0x61, 0x08,
    0x61, 0x08, 0x61, 0x08, 0x61, 0x08, 0x61, 0x08, 0x61, 0x08, 0x61, 0x08, 0x61, 0x08, 0x61, 0x08,
    0x61, 0x08, 0x61, 0x08, 0x61, 0x08, 0x61, 0x08, 0x61, 0x08, 0x61, 0x08, 0x61, 0x08, 0x61, 0x08,
    0x61, 0x08, 0x61, 0x08, 0x61, 0x08, 0x61, 0x08, 0x61, 0x08, 0x61, 0x08, 0x61, 0x08, 0x61, 0x08,
    0x61, 0x08, 0x61, 0x08, 0x61, 0x08, 0x61, 0x08, 0x61, 0x08, 0x61, 0x08, 0x61, 0x08, 0x61, 0x08,
    0x61, 0x08, 0x61, 0x08, 0x61, 0x08, 0x61, 0x08, 0x61, 0x08, 0x61, 0x08, 0x61, 0x08, 0x61, 0x08,
    0x61, 0x08, 0x61, 0x08, 0x61, 0x08, 0x61, 0x08, 0x61, 0x08, 0x61, 0x08, 0x61, 0x08, 0x61, 0x08,
    0x61, 0x08, 0x61, 0x08, 0x61, 0x08, 0x61, 0x08, 0x61, 0x08, 0x61, 0x08, 0x61, 0x08, 0x61, 0x08,
    0x61, 0x08, 0x61, 0x08, 0x61, 0x08, 0x61, 0x08, 0x61, 0x08, 0x61, 0x08, 0x61, 0x08, 0x61, 0x08,
    0x61, 0x08, 0x61, 0x08, 0x61, 0x08, 0x61, 0x08, 0x61, 0x08, 0x61, 0x08, 0x61, 0x08, 0xc5, 0x28,
    0xba, 0xd2, 0x1f, 0xfb, 0x5f, 0xfb, 0x5f, 0xfb, 0x5f, 0xfb, 0x5f, 0xfb, 0x5f, 0xfb, 0x5f, 0xfb,
    0x5f, 0xfb, 0x5f, 0xfb, 0x5f, 0xfb, 0x5f, 0xfb, 0x5f, 0xfb, 0x5f, 0xfb, 0x5f, 0xfb, 0x5f, 0xfb,
    0x5f, 0xfb, 0x5f, 0xfb, 0x5f, 0xfb, 0x5f, 0xfb, 0x5f, 0xfb, 0x5f, 0xfb, 0x5f, 0xfb, 0x5f, 0xfb,
    0x5f, 0xfb, 0x5f, 0xfb, 0x5f, 0xfb, 0x5f, 0xfb, 0x5f, 0xfb, 0x5f, 0xfb, 0x5f, 0xfb, 0x5f, 0xfb,
    0x5f, 0xfb, 0x5f, 0xfb, 0x5f, 0xfb, 0x5f, 0xfb, 0x5f, 0xfb, 0x3e, 0xf3, 0x99, 0xc2, 0xb0, 0x79,
    0x0a, 0x49, 0xc6, 0x30, 0x83, 0x10, 0x61, 0x08, 0x61, 0x08, 0x61, 0x08, 0x61, 0x08, 0x61, 0x08,
    0x61, 0x08, 0x61, 0x08, 0x61, 0x08, 0x82, 0x10, 0xb0, 0x79, 0x5f, 0xfb, 0x5f, 0xfb, 0x5f, 0xfb,
    0x5f, 0xfb, 0x5f, 0xfb, 0x5f, 0xfb, 0x5f, 0xfb, 0x5f, 0xfb, 0x5f, 0xfb, 0x5f, 0xfb, 0x5f, 0xfb,
    0x5f, 0xfb, 0x5f, 0xfb, 0x5f, 0xfb, 0x5f, 0xfb, 0x5f, 0xfb, 0x5f, 0xfb, 0x5f, 0xfb, 0x5f, 0xfb,
    0x5f, 0xfb, 0x5f, 0xfb, 0x5f, 0xfb, 0x5f, 0xfb, 0x5f, 0xfb, 0x5f, 0xfb, 0x5f, 0xfb, 0x5f, 0xfb,
    0x5f, 0xfb, 0x5f, 0xfb, 0x5f, 0xfb, 0x5f, 0xfb, 0x5f, 0xfb, 0x5f, 0xfb, 0x5f, 0xfb, 0x5f, 0xfb,
    0x5f, 0xfb, 0x1c, 0xe3, 0x6d, 0x69, 0x61, 0x08, 0x61, 0x08, 0x61, 0x08, 0x61, 0x08, 0x61, 0x08,
    0x61, 0x08, 0x61, 0x08, 0x61, 0x08, 0x61, 0x08, 0x84, 0x20, 0xe7, 0x38, 0x4b, 0x59, 0x14, 0xa2,
    0xfc, 0xda, 0x3e, 0xf3, 0x5f, 0xfb, 0x5f, 0xfb, 0x5f, 0xfb, 0x5f, 0xfb, 0x5f, 0xfb, 0x5f, 0xfb,
    0x5f, 0xfb, 0x5f, 0xfb, 0x5f, 0xfb, 0x5f, 0xfb, 0x5f, 0xfb, 0x5f, 0xfb, 0x5f, 0xfb, 0x5f, 0xfb,
    0x5f, 0xfb, 0x5f, 0xfb, 0x5f, 0xfb, 0x5f, 0xfb, 0x5f, 0xfb, 0x5f, 0xfb, 0x5f, 0xfb, 0x5f, 0xfb,
    0x5f, 0xfb, 0x5f, 0xfb, 0x5f, 0xfb, 0x5f, 0xfb, 0x5f, 0xfb, 0x5f, 0xfb, 0x5f, 0xfb, 0x5f, 0xfb,
    0x5f, 0xfb, 0x5f, 0xfb, 0x5f, 0xfb, 0x5f, 0xfb, 0x5f, 0xfb, 0x5f, 0xfb, 0xfc, 0xda, 0x28, 0x41,
    0x61, 0x08, 0x61, 0x08, 0x61, 0x08, 0x61, 0x08, 0x61, 0x08, 0x61, 0x08, 0x61, 0x08, 0x61, 0x08,
    0x61, 0x08, 0x61, 0x08, 0x61, 0x08, 0x61, 0x08, 0x61, 0x08, 0x61, 0x08, 0x61, 0x08, 0x61, 0x08,
    0x61, 0x08, 0x61, 0x08, 0x61, 0x08, 0x61, 0x08, 0x61, 0x08, 0x61, 0x08, 0x61, 0x08, 0x61, 0x08,
    0x61, 0x08, 0x61, 0x08, 0x61, 0x08, 0x61, 0x08, 0x61, 0x08, 0x61, 0x08, 0x61, 0x08, 0x61, 0x08,
    0x61, 0x08, 0x61, 0x08, 0x61, 0x08, 0x61, 0x08, 0x61, 0x08, 0x61, 0x08, 0x61, 0x08, 0x61, 0x08,
    0x61, 0x08, 0x61, 0x08, 0x61, 0x08, 0x61, 0x08, 0x61, 0x08, 0x61, 0x08, 0x61, 0x08, 0x61, 0x08,
    0x61, 0x08, 0x61, 0x08, 0x61, 0x08, 0x61, 0x08, 0x61, 0x08, 0x61, 0x08, 0x61, 0x08, 0x61, 0x08,
    0x61, 0x08, 0x61, 0x08, 0x61, 0x08, 0x61, 0x08, 0x61, 0x08, 0x61, 0x08, 0x61, 0x08, 0x61, 0x08,
    0x61, 0x08, 0x61, 0x08, 0x61, 0x08, 0x61, 0x08, 0x61, 0x08, 0x61, 0x08, 0x61, 0x08, 0x61, 0x08,
    0x61, 0x08, 0x61, 0x08, 0x61, 0x08, 0x61, 0x08, 0x61, 0x08, 0x61, 0x08, 0x61, 0x08, 0x61, 0x08,
    0x61, 0x08, 0x61, 0x08, 0x61, 0x08, 0x61, 0x08, 0x61, 0x08, 0x61, 0x08, 0x61, 0x08, 0x61, 0x08,
    0x61, 0x08, 0x61, 0x08, 0x61, 0x08, 0x61, 0x08, 0x61, 0x08, 0x61, 0x08, 0x61, 0x08, 0x83, 0x18,
    0xf0, 0x81, 0x3e, 0xf3, 0x5f, 0xfb, 0x5f, 0xfb, 0x5f, 0xfb, 0x5f, 0xfb, 0x5f, 0xfb, 0x5f, 0xfb,
    0x5f, 0xfb, 0x5f, 0xfb, 0x5f, 0xfb, 0x5f, 0xfb, 0x5f, 0xfb, 0x5f, 0xfb, 0x5f, 0xfb, 0x5f, 0xfb,
    0x5f, 0xfb, 0x5f, 0xfb, 0x5f, 0xfb, 0x5f, 0xfb, 0x5f, 0xfb, 0x5f, 0xfb, 0x5f, 0xfb, 0x5f, 0xfb,
    0x5f, 0xfb, 0x5f, 0xfb, 0x5f, 0xfb, 0x5f, 0xfb, 0x5f, 0xfb, 0x5f, 0xfb, 0x5f, 0xfb, 0x5f, 0xfb,
    0x5f, 0xfb, 0x5f, 0xfb, 0x5f, 0xfb, 0x5f, 0xfb, 0x5f, 0xfb, 0x5f, 0xfb, 0x5f, 0xfb, 0x1f, 0xfb,
    0xfc, 0xe2, 0x35, 0xaa, 0x8e, 0x71, 0x4b, 0x59, 0xe7, 0x38, 0xe6, 0x30, 0x83, 0x18, 0x61, 0x08,
    0x61, 0x08, 0x82, 0x10, 0x61, 0x08, 0x61, 0x08, 0xaf, 0x79, 0x1f, 0xfb, 0x5f, 0xfb, 0x5f, 0xfb,
    0x5f, 0xfb, 0x5f, 0xfb, 0x5f, 0xfb, 0x5f, 0xfb, 0x5f, 0xfb, 0x5f, 0xfb, 0x5f, 0xfb, 0x5f, 0xfb,
    0x5f, 0xfb, 0x5f, 0xfb, 0x5f, 0xfb, 0x5f, 0xfb, 0x5f, 0xfb, 0x5f, 0xfb, 0x5f, 0xfb, 0x5f, 0xfb,
    0x5f, 0xfb, 0x5f, 0xfb, 0x5f, 0xfb, 0x5f, 0xfb, 0x5f, 0xfb, 0x5f, 0xfb, 0x5f, 0xfb, 0x5f, 0xfb,
    0x5f, 0xfb, 0x5f, 0xfb, 0x5f, 0xfb, 0x5f, 0xfb, 0x5f, 0xfb, 0x5f, 0xfb, 0x5f, 0xfb, 0x5f, 0xfb,
    0x5f, 0xfb, 0xfc, 0xda, 0x6d, 0x69, 0x61, 0x08, 0x61, 0x08, 0x61, 0x08, 0x82, 0x10, 0x61, 0x08,
    0x83, 0x18, 0xc5, 0x30, 0xe7, 0x38, 0x4b, 0x59, 0xaf, 0x79, 0x56, 0xb2, 0x1c, 0xe3, 0x1f, 0xfb,
    0x5f, 0xfb, 0x5f, 0xfb, 0x5f, 0xfb, 0x5f, 0xfb, 0x5f, 0xfb, 0x5f, 0xfb, 0x5f, 0xfb, 0x5f, 0xfb,
    0x5f, 0xfb, 0x5f, 0xfb, 0x5f, 0xfb, 0x5f, 0xfb, 0x5f, 0xfb, 0x5f, 0xfb, 0x5f, 0xfb, 0x5f, 0xfb,
    0x5f, 0xfb, 0x5f, 0xfb, 0x5f, 0xfb, 0x5f, 0xfb, 0x5f, 0xfb, 0x5f, 0xfb, 0x5f, 0xfb, 0x5f, 0xfb,
    0x5f, 0xfb, 0x5f, 0xfb, 0x5f, 0xfb, 0x5f, 0xfb, 0x5f, 0xfb, 0x5f, 0xfb, 0x5f, 0xfb, 0x5f, 0xfb,
    0x5f, 0xfb, 0x5f, 0xfb, 0x5f, 0xfb, 0x5f, 0xfb, 0x5f, 0xfb, 0x3e, 0xf3, 0xd1, 0x89, 0xa4, 0x20,
    0x61, 0x08, 0x61, 0x08, 0x61, 0x08, 0x61, 0x08, 0x61, 0x08, 0x61, 0x08, 0x61, 0x08, 0x61, 0x08,
    0x61, 0x08, 0x61, 0x08, 0x61, 0x08, 0x61, 0x08, 0x61, 0x08, 0x61, 0x08, 0x61, 0x08, 0x61, 0x08,
    0x61, 0x08, 0x61, 0x08, 0x61, 0x08, 0x61, 0x08, 0x61, 0x08, 0x61, 0x08, 0x61, 0x08, 0x61, 0x08,
    0x61, 0x08, 0x61, 0x08, 0x61, 0x08, 0x61, 0x08, 0x61, 0x08, 0x61, 0x08, 0x61, 0x08, 0x61, 0x08,
    0x61, 0x08, 0x61, 0x08, 0x61, 0x08, 0x61, 0x08, 0x61, 0x08, 0x61, 0x08, 0x61, 0x08, 0x61, 0x08,
    0x61, 0x08, 0x61, 0x08, 0x61, 0x08, 0x61, 0x08, 0x61, 0x08, 0x61, 0x08, 0x61, 0x08, 0x61, 0x08,
    0x61, 0x08, 0x61, 0x08, 0x61, 0x08, 0x61, 0x08, 0x61, 0x08, 0x61, 0x08, 0x61, 0x08, 0x61, 0x08,
    0x61, 0x08, 0x61, 0x08, 0x61, 0x08, 0x61, 0x08, 0x61, 0x08, 0x61, 0x08, 0x61, 0x08, 0x61, 0x08,
    0x61, 0x08, 0x61, 0x08, 0x61, 0x08, 0x61, 0x08, 0x61, 0x08, 0x61, 0x08, 0x61, 0x08, 0x61, 0x08,
    0x61, 0x08, 0x61, 0x08, 0x61, 0x08, 0x61, 0x08, 0x61, 0x08, 0x61, 0x08, 0x61, 0x08, 0x61, 0x08,
    0x61, 0x08, 0x61, 0x08, 0x61, 0x08, 0x61, 0x08, 0x61, 0x08, 0x61, 0x08, 0x61, 0x08, 0x61, 0x08,
    0x61, 0x08, 0x61, 0x08, 0x61, 0x08, 0x61, 0x08, 0x61, 0x08, 0x61, 0x08, 0x61, 0x08, 0x61, 0x08,
    0xe7, 0x38, 0xfc, 0xda, 0x5f, 0xfb, 0x5f, 0xfb, 0x5f, 0xfb, 0x5f, 0xfb, 0x5f, 0xfb, 0x5f, 0xfb,
    0x5f, 0xfb, 0x5f, 0xfb, 0x5f, 0xfb, 0x5f, 0xfb, 0x5f, 0xfb, 0x5f, 0xfb, 0x5f, 0xfb, 0x5f, 0xfb,
    0x5f, 0xfb, 0x5f, 0xfb, 0x5f, 0xfb, 0x5f, 0xfb, 0x5f, 0xfb, 0x5f, 0xfb, 0x5f, 0xfb, 0x5f, 0xfb,
    0x5f, 0xfb, 0x5f, 0xfb, 0x5f, 0xfb, 0x5f, 0xfb, 0x5f, 0xfb, 0x5f, 0xfb, 0x5f, 0xfb, 0x5f, 0xfb,
    0x5f, 0xfb, 0x5f, 0xfb, 0x5f, 0xfb, 0x5f, 0xfb, 0x5f, 0xfb, 0x5f, 0xfb, 0x5f, 0xfb, 0x5f, 0xfb,
    0x5f, 0xfb, 0x5f, 0xfb, 0x3e, 0xf3, 0x1c, 0xe3, 0x56, 0xb2, 0x13, 0x9a, 0xb0, 0x79, 0x6c, 0x61,
    0x6d, 0x69, 0x6d, 0x69, 0x4c, 0x61, 0x09, 0x51, 0xb0, 0x79, 0x1d, 0xeb, 0x5f, 0xfb, 0x5f, 0xfb,
    0x5f, 0xfb, 0x5f, 0xfb, 0x5f, 0xfb, 0x5f, 0xfb, 0x5f, 0xfb, 0x5f, 0xfb, 0x5f, 0xfb, 0x5f, 0xfb,
    0x5f, 0xfb, 0x5f, 0xfb, 0x5f, 0xfb, 0x5f, 0xfb, 0x5f, 0xfb, 0x5f, 0xfb, 0x5f, 0xfb, 0x5f, 0xfb,
    0x5f, 0xfb, 0x5f, 0xfb, 0x5f, 0xfb, 0x5f, 0xfb, 0x5f, 0xfb, 0x5f, 0xfb, 0x5f, 0xfb, 0x5f, 0xfb,
    0x5f, 0xfb, 0x5f, 0xfb, 0x5f, 0xfb, 0x5f, 0xfb, 0x5f, 0xfb, 0x5f, 0xfb, 0x5f, 0xfb, 0x5f, 0xfb,
    0x5f, 0xfb, 0xfc, 0xe2, 0xb0, 0x79, 0xc5, 0x30, 0xe6, 0x30, 0x4c, 0x61, 0x6d, 0x69, 0x6c, 0x61,
    0xb0, 0x79, 0xf3, 0x99, 0x35, 0xaa, 0xfd, 0xea, 0x1f, 0xfb, 0x5f, 0xfb, 0x5f, 0xfb, 0x5f, 0xfb,
    0x5f, 0xfb, 0x5f, 0xfb, 0x5f, 0xfb, 0x5f, 0xfb, 0x5f, 0xfb, 0x5f, 0xfb, 0x5f, 0xfb, 0x5f, 0xfb,
    0x5f, 0xfb, 0x5f, 0xfb, 0x5f, 0xfb, 0x5f, 0xfb, 0x5f, 0xfb, 0x5f, 0xfb, 0x5f, 0xfb, 0x5f, 0xfb,
    0x5f, 0xfb, 0x5f, 0xfb, 0x5f, 0xfb, 0x5f, 0xfb, 0x5f, 0xfb, 0x5f, 0xfb, 0x5f, 0xfb, 0x5f, 0xfb,
    0x5f, 0xfb, 0x5f, 0xfb, 0x5f, 0xfb, 0x5f, 0xfb, 0x5f, 0xfb, 0x5f, 0xfb, 0x5f, 0xfb, 0x5f, 0xfb,
    0x5f, 0xfb, 0x5f, 0xfb, 0x5f, 0xfb, 0x5f, 0xfb, 0x5f, 0xfb, 0x1e, 0xf3, 0x2a, 0x59, 0x82, 0x10,
    0x61, 0x08, 0x61, 0x08, 0x61, 0x08, 0x61, 0x08, 0x61, 0x08, 0x61, 0x08, 0x61, 0x08, 0x61, 0x08,
    0x61, 0x08, 0x61, 0x08, 0x61, 0x08, 0x61, 0x08, 0x61, 0x08, 0x61, 0x08, 0x61, 0x08, 0x61, 0x08,
    0x61, 0x08, 0x61, 0x08, 0x61, 0x08, 0x61, 0x08, 0x61, 0x08, 0x61, 0x08, 0x61, 0x08, 0x61, 0x08,
    0x61, 0x08, 0x61, 0x08, 0x61, 0x08, 0x61, 0x08, 0x61, 0x08, 0x61, 0x08, 0x61, 0x08, 0x61, 0x08,
    0x61, 0x08, 0x61, 0x08, 0x61, 0x08, 0x61, 0x08, 0x61, 0x08, 0x61, 0x08, 0x61, 0x08, 0x61, 0x08,
    0x61, 0x08, 0x61, 0x08, 0x61, 0x08, 0x61, 0x08, 0x61, 0x08, 0x61, 0x08, 0x61, 0x08, 0x61, 0x08,
    0x61, 0x08, 0x61, 0x08, 0x61, 0x08, 0x61, 0x08, 0x61, 0x08, 0x61, 0x08, 0x61, 0x08, 0x61, 0x08,
    0x61, 0x08, 0x61, 0x08, 0x61, 0x08, 0x61, 0x08, 0x61, 0x08, 0x61, 0x08, 0x61, 0x08, 0x61, 0x08,
    0x61, 0x08, 0x61, 0x08, 0x61, 0x08, 0x61, 0x08, 0x61, 0x08, 0x61, 0x08, 0x61, 0x08, 0x61, 0x08,
    0x61, 0x08, 0x61, 0x08, 0x61, 0x08, 0x61, 0x08, 0x61, 0x08, 0x61, 0x08, 0x61, 0x08, 0x61, 0x08,
    0x61, 0x08, 0x61, 0x08, 0x61, 0x08, 0x61, 0x08, 0x61, 0x08, 0x61, 0x08, 0x61, 0x08, 0x61, 0x08,
    0x61, 0x08, 0x61, 0x08, 0x61, 0x08, 0x61, 0x08, 0x61, 0x08, 0x61, 0x08, 0x61, 0x08, 0x61, 0x08,
    0xa5, 0x20, 0x35, 0xaa, 0x1f, 0xfb, 0x5f, 0xfb, 0x5f, 0xfb, 0x5f, 0xfb, 0x5f, 0xfb, 0x5f, 0xfb,
    0x5f, 0xfb, 0x5f, 0xfb, 0x5f, 0xfb, 0x5f, 0xfb, 0x5f, 0xfb, 0x5f, 0xfb, 0x5f, 0xfb, 0x5f, 0xfb,
    0x5f, 0xfb, 0x5f, 0xfb, 0x5f, 0xfb, 0x5f, 0xfb, 0x5f, 0xfb, 0x5f, 0xfb, 0x5f, 0xfb, 0x5f, 0xfb,
    0x5f, 0xfb, 0x5f, 0xfb, 0x5f, 0xfb, 0x5f, 0xfb, 0x5f, 0xfb, 0x5f, 0xfb, 0x5f, 0xfb, 0x5f, 0xfb,
    0x5f, 0xfb, 0x5f, 0xfb, 0x5f, 0xfb, 0x5f, 0xfb, 0x5f, 0xfb, 0x5f, 0xfb, 0x5f, 0xfb, 0x5f, 0xfb,
    0x5f, 0xfb, 0x5f, 0xfb, 0x5f, 0xfb, 0x5f, 0xfb, 0x5f, 0xfb, 0x5f, 0xfb, 0x5f, 0xfb, 0xfd, 0xe2,
    0x3e, 0xeb, 0x3e, 0xeb, 0x1c, 0xe3, 0xb8, 0xca, 0xba, 0xd2, 0x5f, 0xfb, 0x5f, 0xfb, 0x5f, 0xfb,
    0x5f, 0xfb, 0x5f, 0xfb, 0x5f, 0xfb, 0x5f, 0xfb, 0x5f, 0xfb, 0x5f, 0xfb, 0x5f, 0xfb, 0x5f, 0xfb,
    0x5f, 0xfb, 0x5f, 0xfb, 0x5f, 0xfb, 0x5f, 0xfb, 0x5f, 0xfb, 0x5f, 0xfb, 0x5f, 0xfb, 0x5f, 0xfb,
    0x5f, 0xfb, 0x5f, 0xfb, 0x5f, 0xfb, 0x5f, 0xfb, 0x5f, 0xfb, 0x5f, 0xfb, 0x5f, 0xfb, 0x5f, 0xfb,
    0x5f, 0xfb, 0x5f, 0xfb, 0x5f, 0xfb, 0x5f, 0xfb, 0x5f, 0xfb, 0x5f, 0xfb, 0x5f, 0xfb, 0x5f, 0xfb,
    0x5f, 0xfb, 0x5f, 0xfb, 0xda, 0xd2, 0x13, 0xa2, 0x35, 0xa2, 0xfc, 0xda, 0x3e, 0xeb, 0xfd, 0xe2,
    0x1f, 0xfb, 0x5f, 0xfb, 0x5f, 0xfb, 0x5f, 0xfb, 0x5f, 0xfb, 0x5f, 0xfb, 0x5f, 0xfb, 0x5f, 0xfb,
    0x5f, 0xfb, 0x5f, 0xfb, 0x5f, 0xfb, 0x5f, 0xfb, 0x5f, 0xfb, 0x5f, 0xfb, 0x5f, 0xfb, 0x5f, 0xfb,
    0x5f, 0xfb, 0x5f, 0xfb, 0x5f, 0xfb, 0x5f, 0xfb, 0x5f, 0xfb, 0x5f, 0xfb, 0x5f, 0xfb, 0x5f, 0xfb,
    0x5f, 0xfb, 0x5f, 0xfb, 0x5f, 0xfb, 0x5f, 0xfb, 0x5f, 0xfb, 0x5f, 0xfb, 0x5f, 0xfb, 0x5f, 0xfb,
    0x5f, 0xfb, 0x5f, 0xfb, 0x5f, 0xfb, 0x5f, 0xfb, 0x5f, 0xfb, 0x5f, 0xfb, 0x5f, 0xfb, 0x5f, 0xfb,
    0x5f, 0xfb, 0x5f, 0xfb, 0x5f, 0xfb, 0x5f, 0xfb, 0x5f, 0xfb, 0xb8, 0xca, 0xc6, 0x38, 0x61, 0x08,
    0x61, 0x08, 0x61, 0x08, 0x61, 0x08, 0x61, 0x08, 0x61, 0x08, 0x61, 0x08, 0x61, 0x08, 0x61, 0x08,
    0x61, 0x08, 0x61, 0x08, 0x61, 0x08, 0x61, 0x08, 0x61, 0x08, 0x61, 0x08, 0x61, 0x08, 0x61, 0x08,
    0x61, 0x08, 0x61, 0x08, 0x61, 0x08, 0x61, 0x08, 0x61, 0x08, 0x61, 0x08, 0x61, 0x08, 0x61, 0x08,
    0x61, 0x08, 0x61, 0x08, 0x61, 0x08, 0x61, 0x08, 0x61, 0x08, 0x61, 0x08, 0x61, 0x08, 0x61, 0x08,
    0x61, 0x08, 0x61, 0x08, 0x61, 0x08, 0x61, 0x08, 0x61, 0x08, 0x61, 0x08, 0x61, 0x08, 0x61, 0x08,
    0x61, 0x08, 0x61, 0x08, 0x61, 0x08, 0x61, 0x08, 0x61, 0x08, 0x61, 0x08, 0x61, 0x08, 0x61, 0x08,
    0x61, 0x08, 0x61, 0x08, 0x61, 0x08, 0x61, 0x08, 0x61, 0x08, 0x61, 0x08, 0x61, 0x08, 0x61, 0x08,
    0x61, 0x08, 0x61, 0x08, 0x61, 0x08, 0x61, 0x08, 0x61, 0x08, 0x61, 0x08, 0x61, 0x08, 0x61, 0x08,
    0x61, 0x08, 0x61, 0x08, 0x61, 0x08, 0x61, 0x08, 0x61, 0x08, 0x61, 0x08, 0x61, 0x08, 0x61, 0x08,
    0x61, 0x08, 0x61, 0x08, 0x61, 0x08, 0x61, 0x08, 0x61, 0x08, 0x61, 0x08, 0x61, 0x08, 0x61, 0x08,
    0x61, 0x08, 0x61, 0x08, 0x61, 0x08, 0x61, 0x08, 0x61, 0x08, 0x61, 0x08, 0x61, 0x08, 0x61, 0x08,
    0x61, 0x08, 0x61, 0x08, 0x61, 0x08, 0x61, 0x08, 0x61, 0x08, 0x61, 0x08, 0x61, 0x08, 0x61, 0x08,
    0x83, 0x18, 0x8e, 0x71, 0x1e, 0xf3, 0x5f, 0xfb, 0x5f, 0xfb, 0x5f, 0xfb, 0x5f, 0xfb, 0x5f, 0xfb,
    0x5f, 0xfb, 0x5f, 0xfb, 0x5f, 0xfb, 0x5f, 0xfb, 0x5f, 0xfb, 0x5f, 0xfb, 0x5f, 0xfb, 0x5f, 0xfb,
    0x5f, 0xfb, 0x5f, 0xfb, 0x5f, 0xfb, 0x5f, 0xfb, 0x5f, 0xfb, 0x5f, 0xfb, 0x5f, 0xfb, 0x5f, 0xfb,
    0x5f, 0xfb, 0x5f, 0xfb, 0x5f, 0xfb, 0x5f, 0xfb, 0x5f, 0xfb, 0x5f, 0xfb, 0x5f, 0xfb, 0x5f, 0xfb,
    0x5f, 0xfb, 0x5f, 0xfb, 0x5f, 0xfb, 0x5f, 0xfb, 0x5f, 0xfb, 0x5f, 0xfb, 0x5f, 0xfb, 0x5f, 0xfb,
    0x5f, 0xfb, 0x5f, 0xfb, 0x5f, 0xfb, 0x5f, 0xfb, 0x5f, 0xfb, 0x5f, 0xfb, 0x5f, 0xfb, 0x5f, 0xfb,
    0x5f, 0xfb, 0x5f, 0xfb, 0x5f, 0xfb, 0x5f, 0xfb, 0x5f, 0xfb, 0x5f, 0xfb, 0x5f, 0xfb, 0x5f, 0xfb,
    0x5f, 0xfb, 0x5f, 0xfb, 0x5f, 0xfb, 0x5f, 0xfb, 0x5f, 0xfb, 0x5f, 0xfb, 0x5f, 0xfb, 0x5f, 0xfb,
    0x5f, 0xfb, 0x5f, 0xfb, 0x5f, 0xfb, 0x5f, 0xfb, 0x5f, 0xfb, 0x5f, 0xfb, 0x5f, 0xfb, 0x5f, 0xfb,
    0x5f, 0xfb, 0x5f, 0xfb, 0x5f, 0xfb, 0x5f, 0xfb, 0x5f, 0xfb, 0x5f, 0xfb, 0x5f, 0xfb, 0x5f, 0xfb,
    0x5f, 0xfb, 0x5f, 0xfb, 0x5f, 0xfb, 0x5f, 0xfb, 0x5f, 0xfb, 0x5f, 0xfb, 0x5f, 0xfb, 0x5f, 0xfb,
    0x5f, 0xfb, 0x5f, 0xfb, 0x5f, 0xfb, 0x5f, 0xfb, 0x5f, 0xfb, 0x5f, 0xfb, 0x5f, 0xfb, 0x5f, 0xfb,
    0x5f, 0xfb, 0x5f, 0xfb, 0x5f, 0xfb, 0x5f, 0xfb, 0x5f, 0xfb, 0x5f, 0xfb, 0x5f, 0xfb, 0x5f, 0xfb,
    0x5f, 0xfb, 0x5f, 0xfb, 0x5f, 0xfb, 0x5f, 0xfb, 0x5f, 0xfb, 0x5f, 0xfb, 0x5f, 0xfb, 0x5f, 0xfb,
    0x5f, 0xfb, 0x5f, 0xfb, 0x5f, 0xfb, 0x5f, 0xfb, 0x5f, 0xfb, 0x5f, 0xfb, 0x5f, 0xfb, 0x5f, 0xfb,
    0x5f, 0xfb, 0x5f, 0xfb, 0x5f, 0xfb, 0x5f, 0xfb, 0x5f, 0xfb, 0x5f, 0xfb, 0x5f, 0xfb, 0x5f, 0xfb,
    0x5f, 0xfb, 0x5f, 0xfb, 0x5f, 0xfb, 0x5f, 0xfb, 0x5f, 0xfb, 0x5f, 0xfb, 0x5f, 0xfb, 0x5f, 0xfb,
    0x5f, 0xfb, 0x5f, 0xfb, 0x5f, 0xfb, 0x5f, 0xfb, 0x1e, 0xf3, 0x8e, 0x71, 0x83, 0x18, 0x61, 0x08,
    0x61, 0x08, 0x61, 0x08, 0x61, 0x08, 0x61, 0x08, 0x61, 0x08, 0x61, 0x08, 0x61, 0x08, 0x61, 0x08,
    0x61, 0x08, 0x61, 0x08, 0x61, 0x08, 0x61, 0x08, 0x61, 0x08, 0x61, 0x08, 0x61, 0x08, 0x61, 0x08,
    0x61, 0x08, 0x61, 0x08, 0x61, 0x08, 0x61, 0x08, 0x61, 0x08, 0x61, 0x08, 0x61, 0x08, 0x61, 0x08,
    0x61, 0x08, 0x61, 0x08, 0x61, 0x08, 0x61, 0x08, 0x61, 0x08, 0x61, 0x08, 0x61, 0x08, 0x61, 0x08,
    0x61, 0x08, 0x61, 0x08, 0x61, 0x08, 0x61, 0x08, 0x61, 0x08, 0x61, 0x08, 0x61, 0x08, 0x61, 0x08,
    0x61, 0x08, 0x61, 0x08, 0x61, 0x08, 0x61, 0x08, 0x61, 0x08, 0x61, 0x08, 0x61, 0x08, 0x61, 0x08,
    0x61, 0x08, 0x61, 0x08, 0x61, 0x08, 0x61, 0x08, 0x61, 0x08, 0x61, 0x08, 0x61, 0x08, 0x61, 0x08,
    0x61, 0x08, 0x61, 0x08, 0x61, 0x08, 0x61, 0x08, 0x61, 0x08, 0x61, 0x08, 0x61, 0x08, 0x61, 0x08,
    0x61, 0x08, 0x61, 0x08, 0x61, 0x08, 0x61, 0x08, 0x61, 0x08, 0x61, 0x08, 0x61, 0x08, 0x61, 0x08,
    0x61, 0x08, 0x61, 0x08, 0x61, 0x08, 0x61, 0x08, 0x61, 0x08, 0x61, 0x08, 0x61, 0x08, 0x61, 0x08,
    0x61, 0x08, 0x61, 0x08, 0x61, 0x08, 0x61, 0x08, 0x61, 0x08, 0x61, 0x08, 0x61, 0x08, 0x61, 0x08,
    0x61, 0x08, 0x61, 0x08, 0x61, 0x08, 0x61, 0x08, 0x61, 0x08, 0x61, 0x08, 0x61, 0x08, 0x61, 0x08,
    0x61, 0x08, 0xc6, 0x30, 0x98, 0xba, 0x1f, 0xfb, 0x5f, 0xfb, 0x5f, 0xfb, 0x5f, 0xfb, 0x5f, 0xfb,
    0x5f, 0xfb, 0x5f, 0xfb, 0x5f, 0xfb, 0x5f, 0xfb, 0x5f, 0xfb, 0x5f, 0xfb, 0x5f, 0xfb, 0x5f, 0xfb,
    0x5f, 0xfb, 0x5f, 0xfb, 0x5f, 0xfb, 0x5f, 0xfb, 0x5f, 0xfb, 0x5f, 0xfb, 0x5f, 0xfb, 0x5f, 0xfb,
    0x5f, 0xfb, 0x5f, 0xfb, 0x5f, 0xfb, 0x5f, 0xfb, 0x5f, 0xfb, 0x5f, 0xfb, 0x5f, 0xfb, 0x5f, 0xfb,
    0x5f, 0xfb, 0x5f, 0xfb, 0x5f, 0xfb, 0x5f, 0xfb, 0x5f, 0xfb, 0x5f, 0xfb, 0x5f, 0xfb, 0x5f, 0xfb,
    0x5f, 0xfb, 0x5f, 0xfb, 0x5f, 0xfb, 0x5f, 0xfb, 0x5f, 0xfb, 0x5f, 0xfb, 0x5f, 0xfb, 0x5f, 0xfb,
    0x5f, 0xfb, 0x5f, 0xfb, 0x5f, 0xfb, 0x5f, 0xfb, 0x5f, 0xfb, 0x5f, 0xfb, 0x5f, 0xfb, 0x5f, 0xfb,
    0x5f, 0xfb, 0x5f, 0xfb, 0x5f, 0xfb, 0x5f, 0xfb, 0x5f, 0xfb, 0x5f, 0xfb, 0x5f, 0xfb, 0x5f, 0xfb,
    0x5f, 0xfb, 0x5f, 0xfb, 0x5f, 0xfb, 0x5f, 0xfb, 0x5f, 0xfb, 0x5f, 0xfb, 0x5f, 0xfb, 0x5f, 0xfb,
    0x5f, 0xfb, 0x5f, 0xfb, 0x5f, 0xfb, 0x5f, 0xfb, 0x5f, 0xfb, 0x5f, 0xfb, 0x5f, 0xfb, 0x5f, 0xfb,
    0x5f, 0xfb, 0x5f, 0xfb, 0x5f, 0xfb, 0x5f, 0xfb, 0x5f, 0xfb, 0x5f, 0xfb, 0x5f, 0xfb, 0x5f, 0xfb,
    0x5f, 0xfb, 0x5f, 0xfb, 0x5f, 0xfb, 0x5f, 0xfb, 0x5f, 0xfb, 0x5f, 0xfb, 0x5f, 0xfb, 0x5f, 0xfb,
    0x5f, 0xfb, 0x5f, 0xfb, 0x5f, 0xfb, 0x5f, 0xfb, 0x5f, 0xfb, 0x5f, 0xfb, 0x5f, 0xfb, 0x5f, 0xfb,
    0x5f, 0xfb, 0x5f, 0xfb, 0x5f, 0xfb, 0x5f, 0xfb, 0x5f, 0xfb, 0x5f, 0xfb, 0x5f, 0xfb, 0x5f, 0xfb,
    0x5f, 0xfb, 0x5f, 0xfb, 0x5f, 0xfb, 0x5f, 0xfb, 0x5f, 0xfb, 0x5f, 0xfb, 0x5f, 0xfb, 0x5f, 0xfb,
    0x5f, 0xfb, 0x5f, 0xfb, 0x5f, 0xfb, 0x5f, 0xfb, 0x5f, 0xfb, 0x5f, 0xfb, 0x5f, 0xfb, 0x5f, 0xfb,
    0x5f, 0xfb, 0x5f, 0xfb, 0x5f, 0xfb, 0x5f, 0xfb, 0x5f, 0xfb, 0x5f, 0xfb, 0x5f, 0xfb, 0x5f, 0xfb,
    0x5f, 0xfb, 0x5f, 0xfb, 0x5f, 0xfb, 0x5f, 0xfb, 0x98, 0xba, 0xe7, 0x38, 0x61, 0x08, 0x61, 0x08,
    0x61, 0x08, 0x61, 0x08, 0x61, 0x08, 0x61, 0x08, 0x61, 0x08, 0x61, 0x08, 0x61, 0x08, 0x61, 0x08,
    0x61, 0x08, 0x61, 0x08, 0x61, 0x08, 0x61, 0x08, 0x61, 0x08, 0x61, 0x08, 0x61, 0x08, 0x61, 0x08,
    0x61, 0x08, 0x61, 0x08, 0x61, 0x08, 0x61, 0x08, 0x61, 0x08, 0x61, 0x08, 0x61, 0x08, 0x61, 0x08,
    0x61, 0x08, 0x61, 0x08, 0x61, 0x08, 0x61, 0x08, 0x61, 0x08, 0x61, 0x08, 0x61, 0x08, 0x61, 0x08,
    0x61, 0x08, 0x61, 0x08, 0x61, 0x08, 0x61, 0x08, 0x61, 0x08, 0x61, 0x08, 0x61, 0x08, 0x61, 0x08,
    0x61, 0x08, 0x61, 0x08, 0x61, 0x08, 0x61, 0x08, 0x61, 0x08, 0x61, 0x08, 0x61, 0x08, 0x61, 0x08,
    0x61, 0x08, 0x61, 0x08, 0x61, 0x08, 0x61, 0x08, 0x61, 0x08, 0x61, 0x08, 0x61, 0x08, 0x61, 0x08,
    0x61, 0x08, 0x61, 0x08, 0x61, 0x08, 0x61, 0x08, 0x61, 0x08, 0x61, 0x08, 0x61, 0x08, 0x61, 0x08,
    0x61, 0x08, 0x61, 0x08, 0x61, 0x08, 0x61, 0x08, 0x61, 0x08, 0x61, 0x08, 0x61, 0x08, 0x61, 0x08,
    0x61, 0x08, 0x61, 0x08, 0x61, 0x08, 0x61, 0x08, 0x61, 0x08, 0x61, 0x08, 0x61, 0x08, 0x61, 0x08,
    0x61, 0x08, 0x61, 0x08, 0x61, 0x08, 0x61, 0x08, 0x61, 0x08, 0x61, 0x08, 0x61, 0x08, 0x61, 0x08,
    0x61, 0x08, 0x61, 0x08, 0x61, 0x08, 0x61, 0x08, 0x61, 0x08, 0x61, 0x08, 0x61, 0x08, 0x61, 0x08,
    0x61, 0x08, 0x83, 0x10, 0x6d, 0x69, 0x1e, 0xf3, 0x5f, 0xfb, 0x5f, 0xfb, 0x5f, 0xfb, 0x5f, 0xfb,
    0x5f, 0xfb, 0x5f, 0xfb, 0x5f, 0xfb, 0x5f, 0xfb, 0x5f, 0xfb, 0x5f, 0xfb, 0x5f, 0xfb, 0x5f, 0xfb,
    0x5f, 0xfb, 0x5f, 0xfb, 0x5f, 0xfb, 0x5f, 0xfb, 0x5f, 0xfb, 0x5f, 0xfb, 0x5f, 0xfb, 0x5f, 0xfb,
    0x5f, 0xfb, 0x5f, 0xfb, 0x5f, 0xfb, 0x5f, 0xfb, 0x5f, 0xfb, 0x5f, 0xfb, 0x5f, 0xfb, 0x5f, 0xfb,
    0x5f, 0xfb, 0x5f, 0xfb, 0x5f, 0xfb, 0x5f, 0xfb, 0x5f, 0xfb, 0x5f, 0xfb, 0x5f, 0xfb, 0x5f, 0xfb,
    0x5f, 0xfb, 0x5f, 0xfb, 0x5f, 0xfb, 0x5f, 0xfb, 0x5f, 0xfb, 0x5f, 0xfb, 0x5f, 0xfb, 0x5f, 0xfb,
    0x5f, 0xfb, 0x5f, 0xfb, 0x5f, 0xfb, 0x5f, 0xfb, 0x5f, 0xfb, 0x5f, 0xfb, 0x5f, 0xfb, 0x5f, 0xfb,
    0x5f, 0xfb, 0x5f, 0xfb, 0x5f, 0xfb, 0x5f, 0xfb, 0x5f, 0xfb, 0x5f, 0xfb, 0x5f, 0xfb, 0x5f, 0xfb,
    0x5f, 0xfb, 0x5f, 0xfb, 0x5f, 0xfb, 0x5f, 0xfb, 0x5f, 0xfb, 0x5f, 0xfb, 0x5f, 0xfb, 0x5f, 0xfb,
    0x5f, 0xfb, 0x5f, 0xfb, 0x5f, 0xfb, 0x5f, 0xfb, 0x5f, 0xfb, 0x5f, 0xfb, 0x5f, 0xfb, 0x5f, 0xfb,
    0x5f, 0xfb, 0x5f, 0xfb, 0x5f, 0xfb, 0x5f, 0xfb, 0x5f, 0xfb, 0x5f, 0xfb, 0x5f, 0xfb, 0x5f, 0xfb,
    0x5f, 0xfb, 0x5f, 0xfb, 0x5f, 0xfb, 0x5f, 0xfb, 0x5f, 0xfb, 0x5f, 0xfb, 0x5f, 0xfb, 0x5f, 0xfb,
    0x5f, 0xfb, 0x5f, 0xfb, 0x5f, 0xfb, 0x5f, 0xfb, 0x5f, 0xfb, 0x5f, 0xfb, 0x5f, 0xfb, 0x5f, 0xfb,
    0x5f, 0xfb, 0x5f, 0xfb, 0x5f, 0xfb, 0x5f, 0xfb, 0x5f, 0xfb, 0x5f, 0xfb, 0x5f, 0xfb, 0x5f, 0xfb,
    0x5f, 0xfb, 0x5f, 0xfb, 0x5f, 0xfb, 0x5f, 0xfb, 0x5f, 0xfb, 0x5f, 0xfb, 0x5f, 0xfb, 0x5f, 0xfb,
    0x5f, 0xfb, 0x5f, 0xfb, 0x5f, 0xfb, 0x5f, 0xfb, 0x5f, 0xfb, 0x5f, 0xfb, 0x5f, 0xfb, 0x5f, 0xfb,
    0x5f, 0xfb, 0x5f, 0xfb, 0x5f, 0xfb, 0x5f, 0xfb, 0x5f, 0xfb, 0x5f, 0xfb, 0x5f, 0xfb, 0x5f, 0xfb,
    0x5f, 0xfb, 0x5f, 0xfb, 0x5f, 0xfb, 0x1d, 0xeb, 0x6d, 0x69, 0x83, 0x18, 0x61, 0x08, 0x61, 0x08,
    0x61, 0x08, 0x61, 0x08, 0x61, 0x08, 0x61, 0x08, 0x61, 0x08, 0x61, 0x08, 0x61, 0x08, 0x61, 0x08,
    0x61, 0x08, 0x61, 0x08, 0x61, 0x08, 0x61, 0x08, 0x61, 0x08, 0x61, 0x08, 0x61, 0x08, 0x61, 0x08,
    0x61, 0x08, 0x61, 0x08, 0x61, 0x08, 0x61, 0x08, 0x61, 0x08, 0x61, 0x08, 0x61, 0x08, 0x61, 0x08,
    0x61, 0x08, 0x61, 0x08, 0x61, 0x08, 0x61, 0x08, 0x61, 0x08, 0x61, 0x08, 0x61, 0x08, 0x61, 0x08,
    0x61, 0x08, 0x61, 0x08, 0x61, 0x08, 0x61, 0x08, 0x61, 0x08, 0x61, 0x08, 0x61, 0x08, 0x61, 0x08,
    0x61, 0x08, 0x61, 0x08, 0x61, 0x08, 0x61, 0x08, 0x61, 0x08, 0x61, 0x08, 0x61, 0x08, 0x61, 0x08,
    0x61, 0x08, 0x61, 0x08, 0x61, 0x08, 0x61, 0x08, 0x61, 0x08, 0x61, 0x08, 0x61, 0x08, 0x61, 0x08,
    0x61, 0x08, 0x61, 0x08, 0x61, 0x08, 0x61, 0x08, 0x61, 0x08, 0x61, 0x08, 0x61, 0x08, 0x61, 0x08,
    0x61, 0x08, 0x61, 0x08, 0x61, 0x08, 0x61, 0x08, 0x61, 0x08, 0x61, 0x08, 0x61, 0x08, 0x61, 0x08,
    0x61, 0x08, 0x61, 0x08, 0x61, 0x08, 0x61, 0x08, 0x61, 0x08, 0x61, 0x08, 0x61, 0x08, 0x61, 0x08,
    0x61, 0x08, 0x61, 0x08, 0x61, 0x08, 0x61, 0x08, 0x61, 0x08, 0x61, 0x08, 0x61, 0x08, 0x61, 0x08,
    0x61, 0x08, 0x61, 0x08, 0x61, 0x08, 0x61, 0x08, 0x61, 0x08, 0x61, 0x08, 0x61, 0x08, 0x61, 0x08,
    0x61, 0x08, 0x61, 0x08, 0xe7, 0x38, 0x99, 0xc2, 0x1f, 0xfb, 0x5f, 0xfb, 0x5f, 0xfb, 0x5f, 0xfb,
    0x5f, 0xfb, 0x5f, 0xfb, 0x5f, 0xfb, 0x5f, 0xfb, 0x5f, 0xfb, 0x5f, 0xfb, 0x5f, 0xfb, 0x5f, 0xfb,
    0x5f, 0xfb, 0x5f, 0xfb, 0x5f, 0xfb, 0x5f, 0xfb, 0x5f, 0xfb, 0x5f, 0xfb, 0x5f, 0xfb, 0x5f, 0xfb,
    0x5f, 0xfb, 0x5f, 0xfb, 0x5f, 0xfb, 0x5f, 0xfb, 0x5f, 0xfb, 0x5f, 0xfb, 0x5f, 0xfb, 0x5f, 0xfb,
    0x5f, 0xfb, 0x5f, 0xfb, 0x5f, 0xfb, 0x5f, 0xfb, 0x5f, 0xfb, 0x5f, 0xfb, 0x5f, 0xfb, 0x5f, 0xfb,
    0x5f, 0xfb, 0x5f, 0xfb, 0x5f, 0xfb, 0x5f, 0xfb, 0x5f, 0xfb, 0x5f, 0xfb, 0x5f, 0xfb, 0x5f, 0xfb,
    0x5f, 0xfb, 0x5f, 0xfb, 0x5f, 0xfb, 0x5f, 0xfb, 0x5f, 0xfb, 0x5f, 0xfb, 0x5f, 0xfb, 0x5f, 0xfb,
    0x5f, 0xfb, 0x5f, 0xfb, 0x5f, 0xfb, 0x5f, 0xfb, 0x5f, 0xfb, 0x5f, 0xfb, 0x5f, 0xfb, 0x5f, 0xfb,
    0x5f, 0xfb, 0x5f, 0xfb, 0x5f, 0xfb, 0x5f, 0xfb, 0x5f, 0xfb, 0x5f, 0xfb, 0x5f, 0xfb, 0x5f, 0xfb,
    0x5f, 0xfb, 0x5f, 0xfb, 0x5f, 0xfb, 0x5f, 0xfb, 0x5f, 0xfb, 0x5f, 0xfb, 0x5f, 0xfb, 0x5f, 0xfb,
    0x5f, 0xfb, 0x5f, 0xfb, 0x5f, 0xfb, 0x5f, 0xfb, 0x5f, 0xfb, 0x5f, 0xfb, 0x5f, 0xfb, 0x5f, 0xfb,
    0x5f, 0xfb, 0x5f, 0xfb, 0x5f, 0xfb, 0x5f, 0xfb, 0x5f, 0xfb, 0x5f, 0xfb, 0x5f, 0xfb, 0x5f, 0xfb,
    0x5f, 0xfb, 0x5f, 0xfb, 0x5f, 0xfb, 0x5f, 0xfb, 0x5f, 0xfb, 0x5f, 0xfb, 0x5f, 0xfb, 0x5f, 0xfb,
    0x5f, 0xfb, 0x5f, 0xfb, 0x5f, 0xfb, 0x5f, 0xfb, 0x5f, 0xfb, 0x5f, 0xfb, 0x5f, 0xfb, 0x5f, 0xfb,
    0x5f, 0xfb, 0x5f, 0xfb, 0x5f, 0xfb, 0x5f, 0xfb, 0x5f, 0xfb, 0x5f, 0xfb, 0x5f, 0xfb, 0x5f, 0xfb,
    0x5f, 0xfb, 0x5f, 0xfb, 0x5f, 0xfb, 0x5f, 0xfb, 0x5f, 0xfb, 0x5f, 0xfb, 0x5f, 0xfb, 0x5f, 0xfb,
    0x5f, 0xfb, 0x5f, 0xfb, 0x5f, 0xfb, 0x5f, 0xfb, 0x5f, 0xfb, 0x5f, 0xfb, 0x5f, 0xfb, 0x5f, 0xfb,
    0x5f, 0xfb, 0x5f, 0xfb, 0x1f, 0xfb, 0x35, 0xa2, 0xc6, 0x30, 0x61, 0x08, 0x61, 0x08, 0x61, 0x08,
    0x61, 0x08, 0x61, 0x08, 0x61, 0x08, 0x61, 0x08, 0x61, 0x08, 0x61, 0x08, 0x61, 0x08, 0x61, 0x08,
    0x61, 0x08, 0x61, 0x08, 0x61, 0x08, 0x61, 0x08, 0x61, 0x08, 0x61, 0x08, 0x61, 0x08, 0x61, 0x08,
    0x61, 0x08, 0x61, 0x08, 0x61, 0x08, 0x61, 0x08, 0x61, 0x08, 0x61, 0x08, 0x61, 0x08, 0x61, 0x08,
    0x61, 0x08, 0x61, 0x08, 0x61, 0x08, 0x61, 0x08, 0x61, 0x08, 0x61, 0x08, 0x61, 0x08, 0x61, 0x08,
    0x61, 0x08, 0x61, 0x08, 0x61, 0x08, 0x61, 0x08, 0x61, 0x08, 0x61, 0x08, 0x61, 0x08, 0x61, 0x08,
    0x61, 0x08, 0x61, 0x08, 0x61, 0x08, 0x61, 0x08, 0x61, 0x08, 0x61, 0x08, 0x61, 0x08, 0x61, 0x08,
    0x61, 0x08, 0x61, 0x08, 0x61, 0x08, 0x61, 0x08, 0x61, 0x08, 0x61, 0x08, 0x61, 0x08, 0x61, 0x08,
    0x61, 0x08, 0x61, 0x08, 0x61, 0x08, 0x61, 0x08, 0x61, 0x08, 0x61, 0x08, 0x61, 0x08, 0x61, 0x08,
    0x61, 0x08, 0x61, 0x08, 0x61, 0x08, 0x61, 0x08, 0x61, 0x08, 0x61, 0x08, 0x61, 0x08, 0x61, 0x08,
    0x61, 0x08, 0x61, 0x08, 0x61, 0x08, 0x61, 0x08, 0x61, 0x08, 0x61, 0x08, 0x61, 0x08, 0x61, 0x08,
    0x61, 0x08, 0x61, 0x08, 0x61, 0x08, 0x61, 0x08, 0x61, 0x08, 0x61, 0x08, 0x61, 0x08, 0x61, 0x08,
    0x61, 0x08, 0x61, 0x08, 0x61, 0x08, 0x61, 0x08, 0x61, 0x08, 0x61, 0x08, 0x61, 0x08, 0x61, 0x08,
    0x61, 0x08, 0x61, 0x08, 0x82, 0x10, 0x6c, 0x61, 0xfc, 0xda, 0x5f, 0xfb, 0x5f, 0xfb, 0x5f, 0xfb,
    0x5f, 0xfb, 0x5f, 0xfb, 0x5f, 0xfb, 0x5f, 0xfb, 0x5f, 0xfb, 0x5f, 0xfb, 0x5f, 0xfb, 0x5f, 0xfb,
    0x5f, 0xfb, 0x5f, 0xfb, 0x5f, 0xfb, 0x5f, 0xfb, 0x5f, 0xfb, 0x5f, 0xfb, 0x5f, 0xfb, 0x5f, 0xfb,
    0x5f, 0xfb, 0x5f, 0xfb, 0x5f, 0xfb, 0x5f, 0xfb, 0x5f, 0xfb, 0x5f, 0xfb, 0x5f, 0xfb, 0x5f, 0xfb,
    0x5f, 0xfb, 0x5f, 0xfb, 0x5f, 0xfb, 0x5f, 0xfb, 0x5f, 0xfb, 0x5f, 0xfb, 0x5f, 0xfb, 0x5f, 0xfb,
    0x5f, 0xfb, 0x5f, 0xfb, 0x5f, 0xfb, 0x5f, 0xfb, 0x5f, 0xfb, 0x5f, 0xfb, 0x5f, 0xfb, 0x5f, 0xfb,
    0x5f, 0xfb, 0x5f, 0xfb, 0x5f, 0xfb, 0x5f, 0xfb, 0x5f, 0xfb, 0x5f, 0xfb, 0x5f, 0xfb, 0x5f, 0xfb,
    0x5f, 0xfb, 0x5f, 0xfb, 0x5f, 0xfb, 0x5f, 0xfb, 0x5f, 0xfb, 0x5f, 0xfb, 0x5f, 0xfb, 0x5f, 0xfb,
    0x5f, 0xfb, 0x5f, 0xfb, 0x5f, 0xfb, 0x5f, 0xfb, 0x5f, 0xfb, 0x5f, 0xfb, 0x5f, 0xfb, 0x5f, 0xfb,
    0x5f, 0xfb, 0x5f, 0xfb, 0x5f, 0xfb, 0x5f, 0xfb, 0x5f, 0xfb, 0x5f, 0xfb, 0x5f, 0xfb, 0x5f, 0xfb,
    0x5f, 0xfb, 0x5f, 0xfb, 0x5f, 0xfb, 0x5f, 0xfb, 0x5f, 0xfb, 0x5f, 0xfb, 0x5f, 0xfb, 0x5f, 0xfb,
    0x5f, 0xfb, 0x5f, 0xfb, 0x5f, 0xfb, 0x5f, 0xfb, 0x5f, 0xfb, 0x5f, 0xfb, 0x5f, 0xfb, 0x5f, 0xfb,
    0x5f, 0xfb, 0x5f, 0xfb, 0x5f, 0xfb, 0x5f, 0xfb, 0x5f, 0xfb, 0x5f, 0xfb, 0x5f, 0xfb, 0x5f, 0xfb,
    0x5f, 0xfb, 0x5f, 0xfb, 0x5f, 0xfb, 0x5f, 0xfb, 0x5f, 0xfb, 0x5f, 0xfb, 0x5f, 0xfb, 0x5f, 0xfb,
    0x5f, 0xfb, 0x5f, 0xfb, 0x5f, 0xfb, 0x5f, 0xfb, 0x5f, 0xfb, 0x5f, 0xfb, 0x5f, 0xfb, 0x5f, 0xfb,
    0x5f, 0xfb, 0x5f, 0xfb, 0x5f, 0xfb, 0x5f, 0xfb, 0x5f, 0xfb, 0x5f, 0xfb, 0x5f, 0xfb, 0x5f, 0xfb,
    0x5f, 0xfb, 0x5f, 0xfb, 0x5f, 0xfb, 0x5f, 0xfb, 0x5f, 0xfb, 0x5f, 0xfb, 0x5f, 0xfb, 0x5f, 0xfb,
    0x5f, 0xfb, 0x5f, 0xfb, 0xfc, 0xda, 0x0a, 0x51, 0x61, 0x08, 0x61, 0x08, 0x61, 0x08, 0x61, 0x08,
    0x61, 0x08, 0x61, 0x08, 0x61, 0x08, 0x61, 0x08, 0x61, 0x08, 0x61, 0x08, 0x61, 0x08, 0x61, 0x08,
    0x61, 0x08, 0x61, 0x08, 0x61, 0x08, 0x61, 0x08, 0x61, 0x08, 0x61, 0x08, 0x61, 0x08, 0x61, 0x08,
    0x61, 0x08, 0x61, 0x08, 0x61, 0x08, 0x61, 0x08, 0x61, 0x08, 0x61, 0x08, 0x61, 0x08, 0x61, 0x08,
    0x61, 0x08, 0x61, 0x08, 0x61, 0x08, 0x61, 0x08, 0x61, 0x08, 0x61, 0x08, 0x61, 0x08, 0x61, 0x08,
    0x61, 0x08, 0x61, 0x08, 0x61, 0x08, 0x61, 0x08, 0x61, 0x08, 0x61, 0x08, 0x61, 0x08, 0x61, 0x08,
    0x61, 0x08, 0x61, 0x08, 0x61, 0x08, 0x61, 0x08, 0x61, 0x08, 0x61, 0x08, 0x61, 0x08, 0x61, 0x08,
    0x61, 0x08, 0x61, 0x08, 0x61, 0x08, 0x61, 0x08, 0x61, 0x08, 0x61, 0x08, 0x61, 0x08, 0x61, 0x08,
    0x61, 0x08, 0x61, 0x08, 0x61, 0x08, 0x61, 0x08, 0x61, 0x08, 0x61, 0x08, 0x61, 0x08, 0x61, 0x08,
    0x61, 0x08, 0x61, 0x08, 0x61, 0x08, 0x61, 0x08, 0x61, 0x08, 0x61, 0x08, 0x61, 0x08, 0x61, 0x08,
    0x61, 0x08, 0x61, 0x08, 0x61, 0x08, 0x61, 0x08, 0x61, 0x08, 0x61, 0x08, 0x61, 0x08, 0x61, 0x08,
    0x61, 0x08, 0x61, 0x08, 0x61, 0x08, 0x61, 0x08, 0x61, 0x08, 0x61, 0x08, 0x61, 0x08, 0x61, 0x08,
    0x61, 0x08, 0x61, 0x08, 0x61, 0x08, 0x61, 0x08, 0x61, 0x08, 0x61, 0x08, 0x61, 0x08, 0x61, 0x08,
    0x61, 0x08, 0x61, 0x08, 0x61, 0x08, 0xc6, 0x30, 0x13, 0x9a, 0x1e, 0xf3, 0x5f, 0xfb, 0x5f, 0xfb,
    0x5f, 0xfb, 0x5f, 0xfb, 0x5f, 0xfb, 0x5f, 0xfb, 0x5f, 0xfb, 0x5f, 0xfb, 0x5f, 0xfb, 0x5f, 0xfb,
    0x5f, 0xfb, 0x5f, 0xfb, 0x5f, 0xfb, 0x5f, 0xfb, 0x5f, 0xfb, 0x5f, 0xfb, 0x5f, 0xfb, 0x5f, 0xfb,
    0x5f, 0xfb, 0x5f, 0xfb, 0x5f, 0xfb, 0x5f, 0xfb, 0x5f, 0xfb, 0x5f, 0xfb, 0x5f, 0xfb, 0x5f, 0xfb,
    0x5f, 0xfb, 0x5f, 0xfb, 0x5f, 0xfb, 0x5f, 0xfb, 0x5f, 0xfb, 0x5f, 0xfb, 0x5f, 0xfb, 0x5f, 0xfb,
    0x5f, 0xfb, 0x5f, 0xfb, 0x5f, 0xfb, 0x5f, 0xfb, 0x5f, 0xfb, 0x5f, 0xfb, 0x5f, 0xfb, 0x5f, 0xfb,
    0x5f, 0xfb, 0x5f, 0xfb, 0x5f, 0xfb, 0x5f, 0xfb, 0x5f, 0xfb, 0x5f, 0xfb, 0x5f, 0xfb, 0x5f, 0xfb,
    0x5f, 0xfb, 0x5f, 0xfb, 0x5f, 0xfb, 0x5f, 0xfb, 0x5f, 0xfb, 0x5f, 0xfb, 0x5f, 0xfb, 0x5f, 0xfb,
    0x5f, 0xfb, 0x5f, 0xfb, 0x5f, 0xfb, 0x5f, 0xfb, 0x5f, 0xfb, 0x5f, 0xfb, 0x5f, 0xfb, 0x5f, 0xfb,
    0x5f, 0xfb, 0x5f, 0xfb, 0x5f, 0xfb, 0x5f, 0xfb, 0x5f, 0xfb, 0x5f, 0xfb, 0x5f, 0xfb, 0x5f, 0xfb,
    0x5f, 0xfb, 0x5f, 0xfb, 0x5f, 0xfb, 0x5f, 0xfb, 0x5f, 0xfb, 0x5f, 0xfb, 0x5f, 0xfb, 0x5f, 0xfb,
    0x5f, 0xfb, 0x5f, 0xfb, 0x5f, 0xfb, 0x5f, 0xfb, 0x5f, 0xfb, 0x5f, 0xfb, 0x5f, 0xfb, 0x5f, 0xfb,
    0x5f, 0xfb, 0x5f, 0xfb, 0x5f, 0xfb, 0x5f, 0xfb, 0x5f, 0xfb, 0x5f, 0xfb, 0x5f, 0xfb, 0x5f, 0xfb,
    0x5f, 0xfb, 0x5f, 0xfb, 0x5f, 0xfb, 0x5f, 0xfb, 0x5f, 0xfb, 0x5f, 0xfb, 0x5f, 0xfb, 0x5f, 0xfb,
    0x5f, 0xfb, 0x5f, 0xfb, 0x5f, 0xfb, 0x5f, 0xfb, 0x5f, 0xfb, 0x5f, 0xfb, 0x5f, 0xfb, 0x5f, 0xfb,
    0x5f, 0xfb, 0x5f, 0xfb, 0x5f, 0xfb, 0x5f, 0xfb, 0x5f, 0xfb, 0x5f, 0xfb, 0x5f, 0xfb, 0x5f, 0xfb,
    0x5f, 0xfb, 0x5f, 0xfb, 0x5f, 0xfb, 0x5f, 0xfb, 0x5f, 0xfb, 0x5f, 0xfb, 0x5f, 0xfb, 0x5f, 0xfb,
    0x5f, 0xfb, 0x1e, 0xf3, 0x13, 0xa2, 0xc6, 0x30, 0x61, 0x08, 0x61, 0x08, 0x61, 0x08, 0x61, 0x08,
    0x61, 0x08, 0x61, 0x08, 0x61, 0x08, 0x61, 0x08, 0x61, 0x08, 0x61, 0x08, 0x61, 0x08, 0x61, 0x08,
    0x61, 0x08, 0x61, 0x08, 0x61, 0x08, 0x61, 0x08, 0x61, 0x08, 0x61, 0x08, 0x61, 0x08, 0x61, 0x08,
    0x61, 0x08, 0x61, 0x08, 0x61, 0x08, 0x61, 0x08, 0x61, 0x08, 0x61, 0x08, 0x61, 0x08, 0x61, 0x08,
    0x61, 0x08, 0x61, 0x08, 0x61, 0x08, 0x61, 0x08, 0x61, 0x08, 0x61, 0x08, 0x61, 0x08, 0x61, 0x08,
    0x61, 0x08, 0x61, 0x08, 0x61, 0x08, 0x61, 0x08, 0x61, 0x08, 0x61, 0x08, 0x61, 0x08, 0x61, 0x08,
    0x61, 0x08, 0x61, 0x08, 0x61, 0x08, 0x61, 0x08, 0x61, 0x08, 0x61, 0x08, 0x61, 0x08, 0x61, 0x08,
    0x61, 0x08, 0x61, 0x08, 0x61, 0x08, 0x61, 0x08, 0x61, 0x08, 0x61, 0x08, 0x61, 0x08, 0x61, 0x08,
    0x61, 0x08, 0x61, 0x08, 0x61, 0x08, 0x61, 0x08, 0x61, 0x08, 0x61, 0x08, 0x61, 0x08, 0x61, 0x08,
    0x61, 0x08, 0x61, 0x08, 0x61, 0x08, 0x61, 0x08, 0x61, 0x08, 0x61, 0x08, 0x61, 0x08, 0x61, 0x08,
    0x61, 0x08, 0x61, 0x08, 0x61, 0x08, 0x61, 0x08, 0x61, 0x08, 0x61, 0x08, 0x61, 0x08, 0x61, 0x08,
    0x61, 0x08, 0x61, 0x08, 0x61, 0x08, 0x61, 0x08, 0x61, 0x08, 0x61, 0x08, 0x61, 0x08, 0x61, 0x08,
    0x61, 0x08, 0x61, 0x08, 0x61, 0x08, 0x61, 0x08, 0x61, 0x08, 0x61, 0x08, 0x61, 0x08, 0x61, 0x08,
    0x61, 0x08, 0x61, 0x08, 0x61, 0x08, 0x61, 0x08, 0xe7, 0x38, 0x77, 0xba, 0x5f, 0xfb, 0x5f, 0xfb,
    0x5f, 0xfb, 0x5f, 0xfb, 0x5f, 0xfb, 0x5f, 0xfb, 0x5f, 0xfb, 0x5f, 0xfb, 0x5f, 0xfb, 0x5f, 0xfb,
    0x5f, 0xfb, 0x5f, 0xfb, 0x5f, 0xfb, 0x5f, 0xfb, 0x5f, 0xfb, 0x5f, 0xfb, 0x5f, 0xfb, 0x5f, 0xfb,
    0x5f, 0xfb, 0x5f, 0xfb, 0x5f, 0xfb, 0x5f, 0xfb, 0x5f, 0xfb, 0x5f, 0xfb, 0x5f, 0xfb, 0x5f, 0xfb,
    0x5f, 0xfb, 0x5f, 0xfb, 0x5f, 0xfb, 0x5f, 0xfb, 0x5f, 0xfb, 0x5f, 0xfb, 0x5f, 0xfb, 0x5f, 0xfb,
    0x5f, 0xfb, 0x5f, 0xfb, 0x5f, 0xfb, 0x5f, 0xfb, 0x5f, 0xfb, 0x5f, 0xfb, 0x5f, 0xfb, 0x5f, 0xfb,
    0x5f, 0xfb, 0x5f, 0xfb, 0x5f, 0xfb, 0x5f, 0xfb, 0x5f, 0xfb, 0x5f, 0xfb, 0x5f, 0xfb, 0x5f, 0xfb,
    0x5f, 0xfb, 0x5f, 0xfb, 0x5f, 0xfb, 0x5f, 0xfb, 0x5f, 0xfb, 0x5f, 0xfb, 0x5f, 0xfb, 0x5f, 0xfb,
    0x5f, 0xfb, 0x5f, 0xfb, 0x5f, 0xfb, 0x5f, 0xfb, 0x5f, 0xfb, 0x5f, 0xfb, 0x5f, 0xfb, 0x5f, 0xfb,
    0x5f, 0xfb, 0x5f, 0xfb, 0x5f, 0xfb, 0x5f, 0xfb, 0x5f, 0xfb, 0x5f, 0xfb, 0x5f, 0xfb, 0x5f, 0xfb,
    0x5f, 0xfb, 0x5f, 0xfb, 0x5f, 0xfb, 0x5f, 0xfb, 0x5f, 0xfb, 0x5f, 0xfb, 0x5f, 0xfb, 0x5f, 0xfb,
    0x5f, 0xfb, 0x5f, 0xfb, 0x5f, 0xfb, 0x5f, 0xfb, 0x5f, 0xfb, 0x5f, 0xfb, 0x5f, 0xfb, 0x5f, 0xfb,
    0x5f, 0xfb, 0x5f, 0xfb, 0x5f, 0xfb, 0x5f, 0xfb, 0x5f, 0xfb, 0x5f, 0xfb, 0x5f, 0xfb, 0x5f, 0xfb,
    0x5f, 0xfb, 0x5f, 0xfb, 0x5f, 0xfb, 0x5f, 0xfb, 0x5f, 0xfb, 0x5f, 0xfb, 0x5f, 0xfb, 0x5f, 0xfb,
    0x5f, 0xfb, 0x5f, 0xfb, 0x5f, 0xfb, 0x5f, 0xfb, 0x5f, 0xfb, 0x5f, 0xfb, 0x5f, 0xfb, 0x5f, 0xfb,
    0x5f, 0xfb, 0x5f, 0xfb, 0x5f, 0xfb, 0x5f, 0xfb, 0x5f, 0xfb, 0x5f, 0xfb, 0x5f, 0xfb, 0x5f, 0xfb,
    0x5f, 0xfb, 0x5f, 0xfb, 0x5f, 0xfb, 0x5f, 0xfb, 0x5f, 0xfb, 0x5f, 0xfb, 0x5f, 0xfb, 0x5f, 0xfb,
    0x5f, 0xfb, 0x97, 0xba, 0xe8, 0x40, 0x61, 0x08, 0x61, 0x08, 0x61, 0x08, 0x61, 0x08, 0x61, 0x08,
    0x61, 0x08, 0x61, 0x08, 0x61, 0x08, 0x61, 0x08, 0x61, 0x08, 0x61, 0x08, 0x61, 0x08, 0x61, 0x08,
    0x61, 0x08, 0x61, 0x08, 0x61, 0x08, 0x61, 0x08, 0x61, 0x08, 0x61, 0x08, 0x61, 0x08, 0x61, 0x08,
    0x61, 0x08, 0x61, 0x08, 0x61, 0x08, 0x61, 0x08, 0x61, 0x08, 0x61, 0x08, 0x61, 0x08, 0x61, 0x08,
    0x61, 0x08, 0x61, 0x08, 0x61, 0x08, 0x61, 0x08, 0x61, 0x08, 0x61, 0x08, 0x61, 0x08, 0x61, 0x08,
    0x61, 0x08, 0x61, 0x08, 0x61, 0x08, 0x61, 0x08, 0x61, 0x08, 0x61, 0x08, 0x61, 0x08, 0x61, 0x08,
    0x61, 0x08, 0x61, 0x08, 0x61, 0x08, 0x61, 0x08, 0x61, 0x08, 0x61, 0x08, 0x61, 0x08, 0x61, 0x08,
    0x61, 0x08, 0x61, 0x08, 0x61, 0x08, 0x61, 0x08, 0x61, 0x08, 0x61, 0x08, 0x61, 0x08, 0x61, 0x08,
    0x61, 0x08, 0x61, 0x08, 0x61, 0x08, 0x61, 0x08, 0x61, 0x08, 0x61, 0x08, 0x61, 0x08, 0x61, 0x08,
    0x61, 0x08, 0x61, 0x08, 0x61, 0x08, 0x61, 0x08, 0x61, 0x08, 0x61, 0x08, 0x61, 0x08, 0x61, 0x08,
    0x61, 0x08, 0x61, 0x08, 0x61, 0x08, 0x61, 0x08, 0x61, 0x08, 0x61, 0x08, 0x61, 0x08, 0x61, 0x08,
    0x61, 0x08, 0x61, 0x08, 0x61, 0x08, 0x61, 0x08, 0x61, 0x08, 0x61, 0x08, 0x61, 0x08, 0x61, 0x08,
    0x61, 0x08, 0x61, 0x08, 0x61, 0x08, 0x61, 0x08, 0x61, 0x08, 0x61, 0x08, 0x61, 0x08, 0x61, 0x08,
    0x61, 0x08, 0x61, 0x08, 0x61, 0x08, 0x61, 0x08, 0x82, 0x10, 0x6c, 0x61, 0xfc, 0xda, 0x5f, 0xfb,
    0x5f, 0xfb, 0x5f, 0xfb, 0x5f, 0xfb, 0x5f, 0xfb, 0x5f, 0xfb, 0x5f, 0xfb, 0x5f, 0xfb, 0x5f, 0xfb,
    0x5f, 0xfb, 0x5f, 0xfb, 0x5f, 0xfb, 0x5f, 0xfb, 0x5f, 0xfb, 0x5f, 0xfb, 0x5f, 0xfb, 0x5f, 0xfb,
    0x5f, 0xfb, 0x5f, 0xfb, 0x5f, 0xfb, 0x5f, 0xfb, 0x5f, 0xfb, 0x5f, 0xfb, 0x5f, 0xfb, 0x5f, 0xfb,
    0x5f, 0xfb, 0x5f, 0xfb, 0x5f, 0xfb, 0x5f, 0xfb, 0x5f, 0xfb, 0x5f, 0xfb, 0x5f, 0xfb, 0x5f, 0xfb,
    0x5f, 0xfb, 0x5f, 0xfb, 0x5f, 0xfb, 0x5f, 0xfb, 0x5f, 0xfb, 0x5f, 0xfb, 0x5f, 0xfb, 0x5f, 0xfb,
    0x5f, 0xfb, 0x5f, 0xfb, 0x5f, 0xfb, 0x5f, 0xfb, 0x5f, 0xfb, 0x5f, 0xfb, 0x5f, 0xfb, 0x5f, 0xfb,
    0x5f, 0xfb, 0x5f, 0xfb, 0x5f, 0xfb, 0x5f, 0xfb, 0x5f, 0xfb, 0x5f, 0xfb, 0x5f, 0xfb, 0x5f, 0xfb,
    0x5f, 0xfb, 0x5f, 0xfb, 0x5f, 0xfb, 0x5f, 0xfb, 0x5f, 0xfb, 0x5f, 0xfb, 0x5f, 0xfb, 0x5f, 0xfb,
    0x5f, 0xfb, 0x5f, 0xfb, 0x5f, 0xfb, 0x5f, 0xfb, 0x5f, 0xfb, 0x5f, 0xfb, 0x5f, 0xfb, 0x5f, 0xfb,
    0x5f, 0xfb, 0x5f, 0xfb, 0x5f, 0xfb, 0x5f, 0xfb, 0x5f, 0xfb, 0x5f, 0xfb, 0x5f, 0xfb, 0x5f, 0xfb,
    0x5f, 0xfb, 0x5f, 0xfb, 0x5f, 0xfb, 0x5f, 0xfb, 0x5f, 0xfb, 0x5f, 0xfb, 0x5f, 0xfb, 0x5f, 0xfb,
    0x5f, 0xfb, 0x5f, 0xfb, 0x5f, 0xfb, 0x5f, 0xfb, 0x5f, 0xfb, 0x5f, 0xfb, 0x5f, 0xfb, 0x5f, 0xfb,
    0x5f, 0xfb, 0x5f, 0xfb, 0x5f, 0xfb, 0x5f, 0xfb, 0x5f, 0xfb, 0x5f, 0xfb, 0x5f, 0xfb, 0x5f, 0xfb,
    0x5f, 0xfb, 0x5f, 0xfb, 0x5f, 0xfb, 0x5f, 0xfb, 0x5f, 0xfb, 0x5f, 0xfb, 0x5f, 0xfb, 0x5f, 0xfb,
    0x5f, 0xfb, 0x5f, 0xfb, 0x5f, 0xfb, 0x5f, 0xfb, 0x5f, 0xfb, 0x5f, 0xfb, 0x5f, 0xfb, 0x5f, 0xfb,
    0x5f, 0xfb, 0x5f, 0xfb, 0x5f, 0xfb, 0x5f, 0xfb, 0x5f, 0xfb, 0x5f, 0xfb, 0x5f, 0xfb, 0x5f, 0xfb,
    0x1c, 0xe3, 0x8e, 0x71, 0x83, 0x10, 0x61, 0x08, 0x61, 0x08, 0x61, 0x08, 0x61, 0x08, 0x61, 0x08,
    0x61, 0x08, 0x61, 0x08, 0x61, 0x08, 0x61, 0x08, 0x61, 0x08, 0x61, 0x08, 0x61, 0x08, 0x61, 0x08,
    0x61, 0x08, 0x61, 0x08, 0x61, 0x08, 0x61, 0x08, 0x61, 0x08, 0x61, 0x08, 0x61, 0x08, 0x61, 0x08,
    0x61, 0x08, 0x61, 0x08, 0x61, 0x08, 0x61, 0x08, 0x61, 0x08, 0x61, 0x08, 0x61, 0x08, 0x61, 0x08,
    0x61, 0x08, 0x61, 0x08, 0x61, 0x08, 0x61, 0x08, 0x61, 0x08, 0x61, 0x08, 0x61, 0x08, 0x61, 0x08,
    0x61, 0x08, 0x61, 0x08, 0x61, 0x08, 0x61, 0x08, 0x61, 0x08, 0x61, 0x08, 0x61, 0x08, 0x61, 0x08,
    0x61, 0x08, 0x61, 0x08, 0x61, 0x08, 0x61, 0x08, 0x61, 0x08, 0x61, 0x08, 0x61, 0x08, 0x61, 0x08,
    0x61, 0x08, 0x61, 0x08, 0x61, 0x08, 0x61, 0x08, 0x61, 0x08, 0x61, 0x08, 0x61, 0x08, 0x61, 0x08,
    0x61, 0x08, 0x61, 0x08, 0x61, 0x08, 0x61, 0x08, 0x61, 0x08, 0x61, 0x08, 0x61, 0x08, 0x61, 0x08,
    0x61, 0x08, 0x61, 0x08, 0x61, 0x08, 0x61, 0x08, 0x61, 0x08, 0x61, 0x08, 0x61, 0x08, 0x61, 0x08,
    0x61, 0x08, 0x61, 0x08, 0x61, 0x08, 0x61, 0x08, 0x61, 0x08, 0x61, 0x08, 0x61, 0x08, 0x61, 0x08,
    0x61, 0x08, 0x61, 0x08, 0x61, 0x08, 0x61, 0x08, 0x61, 0x08, 0x61, 0x08, 0x61, 0x08, 0x61, 0x08,
    0x61, 0x08, 0x61, 0x08, 0x61, 0x08, 0x61, 0x08, 0x61, 0x08, 0x61, 0x08, 0x61, 0x08, 0x61, 0x08,
    0x61, 0x08, 0x61, 0x08, 0x61, 0x08, 0x61, 0x08, 0x61, 0x08, 0xa5, 0x28, 0xf2, 0x91, 0x3e, 0xf3,
    0x5f, 0xfb, 0x5f, 0xfb, 0x5f, 0xfb, 0x5f, 0xfb, 0x5f, 0xfb, 0x5f, 0xfb, 0x5f, 0xfb, 0x5f, 0xfb,
    0x5f, 0xfb, 0x5f, 0xfb, 0x5f, 0xfb, 0x5f, 0xfb, 0x5f, 0xfb, 0x5f, 0xfb, 0x5f, 0xfb, 0x5f, 0xfb,
    0x5f, 0xfb, 0x5f, 0xfb, 0x5f, 0xfb, 0x5f, 0xfb, 0x5f, 0xfb, 0x5f, 0xfb, 0x5f, 0xfb, 0x5f, 0xfb,
    0x5f, 0xfb, 0x5f, 0xfb, 0x5f, 0xfb, 0x5f, 0xfb, 0x5f, 0xfb, 0x5f, 0xfb, 0x5f, 0xfb, 0x5f, 0xfb,
    0x5f, 0xfb, 0x5f, 0xfb, 0x5f, 0xfb, 0x5f, 0xfb, 0x5f, 0xfb, 0x5f, 0xfb, 0x5f, 0xfb, 0x5f, 0xfb,
    0x5f, 0xfb, 0x5f, 0xfb, 0x5f, 0xfb, 0x5f, 0xfb, 0x5f, 0xfb, 0x5f, 0xfb, 0x5f, 0xfb, 0x5f, 0xfb,
    0x5f, 0xfb, 0x5f, 0xfb, 0x5f, 0xfb, 0x5f, 0xfb, 0x5f, 0xfb, 0x5f, 0xfb, 0x5f, 0xfb, 0x5f, 0xfb,
    0x5f, 0xfb, 0x5f, 0xfb, 0x5f, 0xfb, 0x5f, 0xfb, 0x5f, 0xfb, 0x5f, 0xfb, 0x5f, 0xfb, 0x5f, 0xfb,
    0x5f, 0xfb, 0x5f, 0xfb, 0x5f, 0xfb, 0x5f, 0xfb, 0x5f, 0xfb, 0x5f, 0xfb, 0x5f, 0xfb, 0x5f, 0xfb,
    0x5f, 0xfb, 0x5f, 0xfb, 0x5f, 0xfb, 0x5f, 0xfb, 0x5f, 0xfb, 0x5f, 0xfb, 0x5f, 0xfb, 0x5f, 0xfb,
    0x5f, 0xfb, 0x5f, 0xfb, 0x5f, 0xfb, 0x5f, 0xfb, 0x5f, 0xfb, 0x5f, 0xfb, 0x5f, 0xfb, 0x5f, 0xfb,
    0x5f, 0xfb, 0x5f, 0xfb, 0x5f, 0xfb, 0x5f, 0xfb, 0x5f, 0xfb, 0x5f, 0xfb, 0x5f, 0xfb, 0x5f, 0xfb,
    0x5f, 0xfb, 0x5f, 0xfb, 0x5f, 0xfb, 0x5f, 0xfb, 0x5f, 0xfb, 0x5f, 0xfb, 0x5f, 0xfb, 0x5f, 0xfb,
    0x5f, 0xfb, 0x5f, 0xfb, 0x5f, 0xfb, 0x5f, 0xfb, 0x5f, 0xfb, 0x5f, 0xfb, 0x5f, 0xfb, 0x5f, 0xfb,
    0x5f, 0xfb, 0x5f, 0xfb, 0x5f, 0xfb, 0x5f, 0xfb, 0x5f, 0xfb, 0x5f, 0xfb, 0x5f, 0xfb, 0x5f, 0xfb,
    0x5f, 0xfb, 0x5f, 0xfb, 0x5f, 0xfb, 0x5f, 0xfb, 0x5f, 0xfb, 0x5f, 0xfb, 0x5f, 0xfb, 0x1e, 0xf3,
    0x13, 0x9a, 0xc6, 0x30, 0x61, 0x08, 0x61, 0x08, 0x61, 0x08, 0x61, 0x08, 0x61, 0x08, 0x61, 0x08,
    0x61, 0x08, 0x61, 0x08, 0x61, 0x08, 0x61, 0x08, 0x61, 0x08, 0x61, 0x08, 0x61, 0x08, 0x61, 0x08,
    0x61, 0x08, 0x61, 0x08, 0x61, 0x08, 0x61, 0x08, 0x61, 0x08, 0x61, 0x08, 0x61, 0x08, 0x61, 0x08,
    0x61, 0x08, 0x61, 0x08, 0x61, 0x08, 0x61, 0x08, 0x61, 0x08, 0x61, 0x08, 0x61, 0x08, 0x61, 0x08,
    0x61, 0x08, 0x61, 0x08, 0x61, 0x08, 0x61, 0x08, 0x61, 0x08, 0x61, 0x08, 0x61, 0x08, 0x61, 0x08,
    0x61, 0x08, 0x61, 0x08, 0x61, 0x08, 0x61, 0x08, 0x61, 0x08, 0x61, 0x08, 0x61, 0x08, 0x61, 0x08,
    0x61, 0x08, 0x61, 0x08, 0x61, 0x08, 0x61, 0x08, 0x61, 0x08, 0x61, 0x08, 0x61, 0x08, 0x61, 0x08,
    0x61, 0x08, 0x61, 0x08, 0x61, 0x08, 0x61, 0x08, 0x61, 0x08, 0x61, 0x08, 0x61, 0x08, 0x61, 0x08,
    0x61, 0x08, 0x61, 0x08, 0x61, 0x08, 0x61, 0x08, 0x61, 0x08, 0x61, 0x08, 0x61, 0x08, 0x61, 0x08,
    0x61, 0x08, 0x61, 0x08, 0x61, 0x08, 0x61, 0x08, 0x61, 0x08, 0x61, 0x08, 0x61, 0x08, 0x61, 0x08,
    0x61, 0x08, 0x61, 0x08, 0x61, 0x08, 0x61, 0x08, 0x61, 0x08, 0x61, 0x08, 0x61, 0x08, 0x61, 0x08,
    0x61, 0x08, 0x61, 0x08, 0x61, 0x08, 0x61, 0x08, 0x61, 0x08, 0x61, 0x08, 0x61, 0x08, 0x61, 0x08,
    0x61, 0x08, 0x61, 0x08, 0x61, 0x08, 0x61, 0x08, 0x61, 0x08, 0x61, 0x08, 0x61, 0x08, 0x61, 0x08,
    0x61, 0x08, 0x61, 0x08, 0x61, 0x08, 0x61, 0x08, 0x61, 0x08, 0x61, 0x08, 0x09, 0x41, 0x77, 0xba,
    0x3e, 0xf3, 0x5f, 0xfb, 0x5f, 0xfb, 0x5f, 0xfb, 0x5f, 0xfb, 0x5f, 0xfb, 0x5f, 0xfb, 0x5f, 0xfb,
    0x5f, 0xfb, 0x5f, 0xfb, 0x5f, 0xfb, 0x5f, 0xfb, 0x5f, 0xfb, 0x5f, 0xfb, 0x5f, 0xfb, 0x5f, 0xfb,
    0x5f, 0xfb, 0x5f, 0xfb, 0x5f, 0xfb, 0x5f, 0xfb, 0x5f, 0xfb, 0x5f, 0xfb, 0x5f, 0xfb, 0x5f, 0xfb,
    0x5f, 0xfb, 0x5f, 0xfb, 0x5f, 0xfb, 0x5f, 0xfb, 0x5f, 0xfb, 0x5f, 0xfb, 0x5f, 0xfb, 0x5f, 0xfb,
    0x5f, 0xfb, 0x5f, 0xfb, 0x5f, 0xfb, 0x5f, 0xfb, 0x5f, 0xfb, 0x5f, 0xfb, 0x5f, 0xfb, 0x5f, 0xfb,
    0x5f, 0xfb, 0x5f, 0xfb, 0x5f, 0xfb, 0x5f, 0xfb, 0x5f, 0xfb, 0x5f, 0xfb, 0x5f, 0xfb, 0x5f, 0xfb,
    0x5f, 0xfb, 0x5f, 0xfb, 0x5f, 0xfb, 0x5f, 0xfb, 0x5f, 0xfb, 0x5f, 0xfb, 0x5f, 0xfb, 0x5f, 0xfb,
    0x5f, 0xfb, 0x5f, 0xfb, 0x5f, 0xfb, 0x5f, 0xfb, 0x5f, 0xfb, 0x5f, 0xfb, 0x5f, 0xfb, 0x5f, 0xfb,
    0x5f, 0xfb, 0x5f, 0xfb, 0x5f, 0xfb, 0x5f, 0xfb, 0x5f, 0xfb, 0x5f, 0xfb, 0x5f, 0xfb, 0x5f, 0xfb,
    0x5f, 0xfb, 0x5f, 0xfb, 0x5f, 0xfb, 0x5f, 0xfb, 0x5f, 0xfb, 0x5f, 0xfb, 0x5f, 0xfb, 0x5f, 0xfb,
    0x5f, 0xfb, 0x5f, 0xfb, 0x5f, 0xfb, 0x5f, 0xfb, 0x5f, 0xfb, 0x5f, 0xfb, 0x5f, 0xfb, 0x5f, 0xfb,
    0x5f, 0xfb, 0x5f, 0xfb, 0x5f, 0xfb, 0x5f, 0xfb, 0x5f, 0xfb, 0x5f, 0xfb, 0x5f, 0xfb, 0x5f, 0xfb,
    0x5f, 0xfb, 0x5f, 0xfb, 0x5f, 0xfb, 0x5f, 0xfb, 0x5f, 0xfb, 0x5f, 0xfb, 0x5f, 0xfb, 0x5f, 0xfb,
    0x5f, 0xfb, 0x5f, 0xfb, 0x5f, 0xfb, 0x5f, 0xfb, 0x5f, 0xfb, 0x5f, 0xfb, 0x5f, 0xfb, 0x5f, 0xfb,
    0x5f, 0xfb, 0x5f, 0xfb, 0x5f, 0xfb, 0x5f, 0xfb, 0x5f, 0xfb, 0x5f, 0xfb, 0x5f, 0xfb, 0x5f, 0xfb,
    0x5f, 0xfb, 0x5f, 0xfb, 0x5f, 0xfb, 0x5f, 0xfb, 0x5f, 0xfb, 0x5f, 0xfb, 0x3e, 0xf3, 0x56, 0xb2,
    0x09, 0x49, 0x61, 0x08, 0x61, 0x08, 0x61, 0x08, 0x61, 0x08, 0x61, 0x08, 0x61, 0x08, 0x61, 0x08,
    0x61, 0x08, 0x61, 0x08, 0x61, 0x08, 0x61, 0x08, 0x61, 0x08, 0x61, 0x08, 0x61, 0x08, 0x61, 0x08,
    0x61, 0x08, 0x61, 0x08, 0x61, 0x08, 0x61, 0x08, 0x61, 0x08, 0x61, 0x08, 0x61, 0x08, 0x61, 0x08,
    0x61, 0x08, 0x61, 0x08, 0x61, 0x08, 0x61, 0x08, 0x61, 0x08, 0x61, 0x08, 0x61, 0x08, 0x61, 0x08,
    0x61, 0x08, 0x61, 0x08, 0x61, 0x08, 0x61, 0x08, 0x61, 0x08, 0x61, 0x08, 0x61, 0x08, 0x61, 0x08,
    0x61, 0x08, 0x61, 0x08, 0x61, 0x08, 0x61, 0x08, 0x61, 0x08, 0x61, 0x08, 0x61, 0x08, 0x61, 0x08,
    0x61, 0x08, 0x61, 0x08, 0x61, 0x08, 0x61, 0x08, 0x61, 0x08, 0x61, 0x08, 0x61, 0x08, 0x61, 0x08,
    0x61, 0x08, 0x61, 0x08, 0x61, 0x08, 0x61, 0x08, 0x61, 0x08, 0x61, 0x08, 0x61, 0x08, 0x61, 0x08,
    0x61, 0x08, 0x61, 0x08, 0x61, 0x08, 0x61, 0x08, 0x61, 0x08, 0x61, 0x08, 0x61, 0x08, 0x61, 0x08,
    0x61, 0x08, 0x61, 0x08, 0x61, 0x08, 0x61, 0x08, 0x61, 0x08, 0x61, 0x08, 0x61, 0x08, 0x61, 0x08,
    0x61, 0x08, 0x61, 0x08, 0x61, 0x08, 0x61, 0x08, 0x61, 0x08, 0x61, 0x08, 0x61, 0x08, 0x61, 0x08,
    0x61, 0x08, 0x61, 0x08, 0x61, 0x08, 0x61, 0x08, 0x61, 0x08, 0x61, 0x08, 0x61, 0x08, 0x61, 0x08,
    0x61, 0x08, 0x61, 0x08, 0x61, 0x08, 0x61, 0x08, 0x61, 0x08, 0x61, 0x08, 0x61, 0x08, 0x61, 0x08,
    0x61, 0x08, 0x61, 0x08, 0x61, 0x08, 0x61, 0x08, 0x61, 0x08, 0x61, 0x08, 0x82, 0x10, 0x6b, 0x59,
    0xb8, 0xca, 0x5f, 0xfb, 0x5f, 0xfb, 0x5f, 0xfb, 0x5f, 0xfb, 0x5f, 0xfb, 0x5f, 0xfb, 0x5f, 0xfb,
    0x5f, 0xfb, 0x5f, 0xfb, 0x5f, 0xfb, 0x5f, 0xfb, 0x5f, 0xfb, 0x5f, 0xfb, 0x5f, 0xfb, 0x5f, 0xfb,
    0x5f, 0xfb, 0x5f, 0xfb, 0x5f, 0xfb, 0x5f, 0xfb, 0x5f, 0xfb, 0x5f, 0xfb, 0x5f, 0xfb, 0x5f, 0xfb,
    0x5f, 0xfb, 0x5f, 0xfb, 0x5f, 0xfb, 0x5f, 0xfb, 0x5f, 0xfb, 0x5f, 0xfb, 0x5f, 0xfb, 0x5f, 0xfb,
    0x5f, 0xfb, 0x5f, 0xfb, 0x5f, 0xfb, 0x5f, 0xfb, 0x5f, 0xfb, 0x5f, 0xfb, 0x5f, 0xfb, 0x5f, 0xfb,
    0x5f, 0xfb, 0x5f, 0xfb, 0x5f, 0xfb, 0x5f, 0xfb, 0x5f, 0xfb, 0x5f, 0xfb, 0x5f, 0xfb, 0x5f, 0xfb,
    0x5f, 0xfb, 0x5f, 0xfb, 0x5f, 0xfb, 0x5f, 0xfb, 0x5f, 0xfb, 0x5f, 0xfb, 0x5f, 0xfb, 0x5f, 0xfb,
    0x5f, 0xfb, 0x5f, 0xfb, 0x5f, 0xfb, 0x5f, 0xfb, 0x5f, 0xfb, 0x5f, 0xfb, 0x5f, 0xfb, 0x5f, 0xfb,
    0x5f, 0xfb, 0x5f, 0xfb, 0x5f, 0xfb, 0x5f, 0xfb, 0x5f, 0xfb, 0x5f, 0xfb, 0x5f, 0xfb, 0x5f, 0xfb,
    0x5f, 0xfb, 0x5f, 0xfb, 0x5f, 0xfb, 0x5f, 0xfb, 0x5f, 0xfb, 0x5f, 0xfb, 0x5f, 0xfb, 0x5f, 0xfb,
    0x5f, 0xfb, 0x5f, 0xfb, 0x5f, 0xfb, 0x5f, 0xfb, 0x5f, 0xfb, 0x5f, 0xfb, 0x5f, 0xfb, 0x5f, 0xfb,
    0x5f, 0xfb, 0x5f, 0xfb, 0x5f, 0xfb, 0x5f, 0xfb, 0x5f, 0xfb, 0x5f, 0xfb, 0x5f, 0xfb, 0x5f, 0xfb,
    0x5f, 0xfb, 0x5f, 0xfb, 0x5f, 0xfb, 0x5f, 0xfb, 0x5f, 0xfb, 0x5f, 0xfb, 0x5f, 0xfb, 0x5f, 0xfb,
    0x5f, 0xfb, 0x5f, 0xfb, 0x5f, 0xfb, 0x5f, 0xfb, 0x5f, 0xfb, 0x5f, 0xfb, 0x5f, 0xfb, 0x5f, 0xfb,
    0x5f, 0xfb, 0x5f, 0xfb, 0x5f, 0xfb, 0x5f, 0xfb, 0x5f, 0xfb, 0x5f, 0xfb, 0x5f, 0xfb, 0x5f, 0xfb,
    0x5f, 0xfb, 0x5f, 0xfb, 0x5f, 0xfb, 0x5f, 0xfb, 0x5f, 0xfb, 0x5f, 0xfb, 0x99, 0xc2, 0x6c, 0x59,
    0x82, 0x10, 0x61, 0x08, 0x61, 0x08, 0x61, 0x08, 0x61, 0x08, 0x61, 0x08, 0x61, 0x08, 0x61, 0x08,
    0x61, 0x08, 0x61, 0x08, 0x61, 0x08, 0x61, 0x08, 0x61, 0x08, 0x61, 0x08, 0x61, 0x08, 0x61, 0x08,
    0x61, 0x08, 0x61, 0x08, 0x61, 0x08, 0x61, 0x08, 0x61, 0x08, 0x61, 0x08, 0x61, 0x08, 0x61, 0x08,
    0x61, 0x08, 0x61, 0x08, 0x61, 0x08, 0x61, 0x08, 0x61, 0x08, 0x61, 0x08, 0x61, 0x08, 0x61, 0x08,
    0x61, 0x08, 0x61, 0x08, 0x61, 0x08, 0x61, 0x08, 0x61, 0x08, 0x61, 0x08, 0x61, 0x08, 0x61, 0x08,
    0x61, 0x08, 0x61, 0x08, 0x61, 0x08, 0x61, 0x08, 0x61, 0x08, 0x61, 0x08, 0x61, 0x08, 0x61, 0x08,
    0x61, 0x08, 0x61, 0x08, 0x61, 0x08, 0x61, 0x08, 0x61, 0x08, 0x61, 0x08, 0x61, 0x08, 0x61, 0x08,
    0x61, 0x08, 0x61, 0x08, 0x61, 0x08, 0x61, 0x08, 0x61, 0x08, 0x61, 0x08, 0x61, 0x08, 0x61, 0x08,
    0x61, 0x08, 0x61, 0x08, 0x61, 0x08, 0x61, 0x08, 0x61, 0x08, 0x61, 0x08, 0x61, 0x08, 0x61, 0x08,
    0x61, 0x08, 0x61, 0x08, 0x61, 0x08, 0x61, 0x08, 0x61, 0x08, 0x61, 0x08, 0x61, 0x08, 0x61, 0x08,
    0x61, 0x08, 0x61, 0x08, 0x61, 0x08, 0x61, 0x08, 0x61, 0x08, 0x61, 0x08, 0x61, 0x08, 0x61, 0x08,
    0x61, 0x08, 0x61, 0x08, 0x61, 0x08, 0x61, 0x08, 0x61, 0x08, 0x61, 0x08, 0x61, 0x08, 0x61, 0x08,
    0x61, 0x08, 0x61, 0x08, 0x61, 0x08, 0x61, 0x08, 0x61, 0x08, 0x61, 0x08, 0x61, 0x08, 0x61, 0x08,
    0x61, 0x08, 0x61, 0x08, 0x61, 0x08, 0x61, 0x08, 0x61, 0x08, 0x61, 0x08, 0x61, 0x08, 0x83, 0x18,
    0xb0, 0x79, 0x1c, 0xe3, 0x5f, 0xfb, 0x5f, 0xfb, 0x5f, 0xfb, 0x5f, 0xfb, 0x5f, 0xfb, 0x5f, 0xfb,
    0x5f, 0xfb, 0x5f, 0xfb, 0x5f, 0xfb, 0x5f, 0xfb, 0x5f, 0xfb, 0x5f, 0xfb, 0x5f, 0xfb, 0x5f, 0xfb,
    0x5f, 0xfb, 0x5f, 0xfb, 0x5f, 0xfb, 0x5f, 0xfb, 0x5f, 0xfb, 0x5f, 0xfb, 0x5f, 0xfb, 0x5f, 0xfb,
    0x5f, 0xfb, 0x5f, 0xfb, 0x5f, 0xfb, 0x5f, 0xfb, 0x5f, 0xfb, 0x5f, 0xfb, 0x5f, 0xfb, 0x5f, 0xfb,
    0x5f, 0xfb, 0x5f, 0xfb, 0x5f, 0xfb, 0x5f, 0xfb, 0x5f, 0xfb, 0x5f, 0xfb, 0x5f, 0xfb, 0x5f, 0xfb,
    0x5f, 0xfb, 0x5f, 0xfb, 0x5f, 0xfb, 0x5f, 0xfb, 0x5f, 0xfb, 0x5f, 0xfb, 0x5f, 0xfb, 0x5f, 0xfb,
    0x5f, 0xfb, 0x5f, 0xfb, 0x5f, 0xfb, 0x5f, 0xfb, 0x5f, 0xfb, 0x5f, 0xfb, 0x5f, 0xfb, 0x5f, 0xfb,
    0x5f, 0xfb, 0x5f, 0xfb, 0x5f, 0xfb, 0x5f, 0xfb, 0x5f, 0xfb, 0x5f, 0xfb, 0x5f, 0xfb, 0x5f, 0xfb,
    0x5f, 0xfb, 0x5f, 0xfb, 0x5f, 0xfb, 0x5f, 0xfb, 0x5f, 0xfb, 0x5f, 0xfb, 0x5f, 0xfb, 0x5f, 0xfb,
    0x5f, 0xfb, 0x5f, 0xfb, 0x5f, 0xfb, 0x5f, 0xfb, 0x5f, 0xfb, 0x5f, 0xfb, 0x5f, 0xfb, 0x5f, 0xfb,
    0x5f, 0xfb, 0x5f, 0xfb, 0x5f, 0xfb, 0x5f, 0xfb, 0x5f, 0xfb, 0x5f, 0xfb, 0x5f, 0xfb, 0x5f, 0xfb,
    0x5f, 0xfb, 0x5f, 0xfb, 0x5f, 0xfb, 0x5f, 0xfb, 0x5f, 0xfb, 0x5f, 0xfb, 0x5f, 0xfb, 0x5f, 0xfb,
    0x5f, 0xfb, 0x5f, 0xfb, 0x5f, 0xfb, 0x5f, 0xfb, 0x5f, 0xfb, 0x5f, 0xfb, 0x5f, 0xfb, 0x5f, 0xfb,
    0x5f, 0xfb, 0x5f, 0xfb, 0x5f, 0xfb, 0x5f, 0xfb, 0x5f, 0xfb, 0x5f, 0xfb, 0x5f, 0xfb, 0x5f, 0xfb,
    0x5f, 0xfb, 0x5f, 0xfb, 0x5f, 0xfb, 0x5f, 0xfb, 0x5f, 0xfb, 0x5f, 0xfb, 0x5f, 0xfb, 0x5f, 0xfb,
    0x5f, 0xfb, 0x5f, 0xfb, 0x5f, 0xfb, 0x5f, 0xfb, 0x5f, 0xfb, 0xda, 0xd2, 0x8e, 0x71, 0xa3, 0x18,
    0x61, 0x08, 0x61, 0x08, 0x61, 0x08, 0x61, 0x08, 0x61, 0x08, 0x61, 0x08, 0x61, 0x08, 0x61, 0x08,
    0x61, 0x08, 0x61, 0x08, 0x61, 0x08, 0x61, 0x08, 0x61, 0x08, 0x61, 0x08, 0x61, 0x08, 0x61, 0x08,
    0x61, 0x08, 0x61, 0x08, 0x61, 0x08, 0x61, 0x08, 0x61, 0x08, 0x61, 0x08, 0x61, 0x08, 0x61, 0x08,
    0x61, 0x08, 0x61, 0x08, 0x61, 0x08, 0x61, 0x08, 0x61, 0x08, 0x61, 0x08, 0x61, 0x08, 0x61, 0x08,
    0x61, 0x08, 0x61, 0x08, 0x61, 0x08, 0x61, 0x08, 0x61, 0x08, 0x61, 0x08, 0x61, 0x08, 0x61, 0x08,
    0x61, 0x08, 0x61, 0x08, 0x61, 0x08, 0x61, 0x08, 0x61, 0x08, 0x61, 0x08, 0x61, 0x08, 0x61, 0x08,
    0x61, 0x08, 0x61, 0x08, 0x61, 0x08, 0x61, 0x08, 0x61, 0x08, 0x61, 0x08, 0x61, 0x08, 0x61, 0x08,
    0x61, 0x08, 0x61, 0x08, 0x61, 0x08, 0x61, 0x08, 0x61, 0x08, 0x61, 0x08, 0x61, 0x08, 0x61, 0x08,
    0x61, 0x08, 0x61, 0x08, 0x61, 0x08, 0x61, 0x08, 0x61, 0x08, 0x61, 0x08, 0x61, 0x08, 0x61, 0x08,
    0x61, 0x08, 0x61, 0x08, 0x61, 0x08, 0x61, 0x08, 0x61, 0x08, 0x61, 0x08, 0x61, 0x08, 0x61, 0x08,
    0x61, 0x08, 0x61, 0x08, 0x61, 0x08, 0x61, 0x08, 0x61, 0x08, 0x61, 0x08, 0x61, 0x08, 0x61, 0x08,
    0x61, 0x08, 0x61, 0x08, 0x61, 0x08, 0x61, 0x08, 0x61, 0x08, 0x61, 0x08, 0x61, 0x08, 0x61, 0x08,
    0x61, 0x08, 0x61, 0x08, 0x61, 0x08, 0x61, 0x08, 0x61, 0x08, 0x61, 0x08, 0x61, 0x08, 0x61, 0x08,
    0x61, 0x08, 0x61, 0x08, 0x61, 0x08, 0x61, 0x08, 0x61, 0x08, 0x61, 0x08, 0x61, 0x08, 0x61, 0x08,
    0xc6, 0x30, 0xd0, 0x81, 0xdb, 0xda, 0x5f, 0xfb, 0x5f, 0xfb, 0x5f, 0xfb, 0x5f, 0xfb, 0x5f, 0xfb,
    0x5f, 0xfb, 0x5f, 0xfb, 0x5f, 0xfb, 0x5f, 0xfb, 0x5f, 0xfb, 0x5f, 0xfb, 0x5f, 0xfb, 0x5f, 0xfb,
    0x5f, 0xfb, 0x5f, 0xfb, 0x5f, 0xfb, 0x5f, 0xfb, 0x5f, 0xfb, 0x5f, 0xfb, 0x5f, 0xfb, 0x5f, 0xfb,
    0x5f, 0xfb, 0x5f, 0xfb, 0x5f, 0xfb, 0x5f, 0xfb, 0x5f, 0xfb, 0x5f, 0xfb, 0x5f, 0xfb, 0x5f, 0xfb,
    0x5f, 0xfb, 0x5f, 0xfb, 0x5f, 0xfb, 0x5f, 0xfb, 0x5f, 0xfb, 0x5f, 0xfb, 0x5f, 0xfb, 0x5f, 0xfb,
    0x5f, 0xfb, 0x5f, 0xfb, 0x5f, 0xfb, 0x5f, 0xfb, 0x5f, 0xfb, 0x5f, 0xfb, 0x5f, 0xfb, 0x5f, 0xfb,
    0x5f, 0xfb, 0x5f, 0xfb, 0x5f, 0xfb, 0x5f, 0xfb, 0x5f, 0xfb, 0x5f, 0xfb, 0x5f, 0xfb, 0x5f, 0xfb,
    0x5f, 0xfb, 0x5f, 0xfb, 0x5f, 0xfb, 0x5f, 0xfb, 0x5f, 0xfb, 0x5f, 0xfb, 0x5f, 0xfb, 0x5f, 0xfb,
    0x5f, 0xfb, 0x5f, 0xfb, 0x5f, 0xfb, 0x5f, 0xfb, 0x5f, 0xfb, 0x5f, 0xfb, 0x5f, 0xfb, 0x5f, 0xfb,
    0x5f, 0xfb, 0x5f, 0xfb, 0x5f, 0xfb, 0x5f, 0xfb, 0x5f, 0xfb, 0x5f, 0xfb, 0x5f, 0xfb, 0x5f, 0xfb,
    0x5f, 0xfb, 0x5f, 0xfb, 0x5f, 0xfb, 0x5f, 0xfb, 0x5f, 0xfb, 0x5f, 0xfb, 0x5f, 0xfb, 0x5f, 0xfb,
    0x5f, 0xfb, 0x5f, 0xfb, 0x5f, 0xfb, 0x5f, 0xfb, 0x5f, 0xfb, 0x5f, 0xfb, 0x5f, 0xfb, 0x5f, 0xfb,
    0x5f, 0xfb, 0x5f, 0xfb, 0x5f, 0xfb, 0x5f, 0xfb, 0x5f, 0xfb, 0x5f, 0xfb, 0x5f, 0xfb, 0x5f, 0xfb,
    0x5f, 0xfb, 0x5f, 0xfb, 0x5f, 0xfb, 0x5f, 0xfb, 0x5f, 0xfb, 0x5f, 0xfb, 0x5f, 0xfb, 0x5f, 0xfb,
    0x5f, 0xfb, 0x5f, 0xfb, 0x5f, 0xfb, 0x5f, 0xfb, 0x5f, 0xfb, 0x5f, 0xfb, 0x5f, 0xfb, 0x5f, 0xfb,
    0x5f, 0xfb, 0x5f, 0xfb, 0x5f, 0xfb, 0x5f, 0xfb, 0x1c, 0xe3, 0xd0, 0x81, 0x83, 0x18, 0x61, 0x08,
    0x61, 0x08, 0x61, 0x08, 0x61, 0x08, 0x61, 0x08, 0x61, 0x08, 0x61, 0x08, 0x61, 0x08, 0x61, 0x08,
    0x61, 0x08, 0x61, 0x08, 0x61, 0x08, 0x61, 0x08, 0x61, 0x08, 0x61, 0x08, 0x61, 0x08, 0x61, 0x08,
    0x61, 0x08, 0x61, 0x08, 0x61, 0x08, 0x61, 0x08, 0x61, 0x08, 0x61, 0x08, 0x61, 0x08, 0x61, 0x08,
    0x61, 0x08, 0x61, 0x08, 0x61, 0x08, 0x61, 0x08, 0x61, 0x08, 0x61, 0x08, 0x61, 0x08, 0x61, 0x08,
    0x61, 0x08, 0x61, 0x08, 0x61, 0x08, 0x61, 0x08, 0x61, 0x08, 0x61, 0x08, 0x61, 0x08, 0x61, 0x08,
    0x61, 0x08, 0x61, 0x08, 0x61, 0x08, 0x61, 0x08, 0x61, 0x08, 0x61, 0x08, 0x61, 0x08, 0x61, 0x08,
    0x61, 0x08, 0x61, 0x08, 0x61, 0x08, 0x61, 0x08, 0x61, 0x08, 0x61, 0x08, 0x61, 0x08, 0x61, 0x08,
    0x61, 0x08, 0x61, 0x08, 0x61, 0x08, 0x61, 0x08, 0x61, 0x08, 0x61, 0x08, 0x61, 0x08, 0x61, 0x08,
    0x61, 0x08, 0x61, 0x08, 0x61, 0x08, 0x61, 0x08, 0x61, 0x08, 0x61, 0x08, 0x61, 0x08, 0x61, 0x08,
    0x61, 0x08, 0x61, 0x08, 0x61, 0x08, 0x61, 0x08, 0x61, 0x08, 0x61, 0x08, 0x61, 0x08, 0x61, 0x08,
    0x61, 0x08, 0x61, 0x08, 0x61, 0x08, 0x61, 0x08, 0x61, 0x08, 0x61, 0x08, 0x61, 0x08, 0x61, 0x08,
    0x61, 0x08, 0x61, 0x08, 0x61, 0x08, 0x61, 0x08, 0x61, 0x08, 0x61, 0x08, 0x61, 0x08, 0x61, 0x08,
    0x61, 0x08, 0x61, 0x08, 0x61, 0x08, 0x61, 0x08, 0x61, 0x08, 0x61, 0x08, 0x61, 0x08, 0x61, 0x08,
    0x61, 0x08, 0x61, 0x08, 0x61, 0x08, 0x61, 0x08, 0x61, 0x08, 0x61, 0x08, 0x61, 0x08, 0x61, 0x08,
    0x61, 0x08, 0xa4, 0x20, 0xaf, 0x79, 0xda, 0xd2, 0x5f, 0xfb, 0x5f, 0xfb, 0x5f, 0xfb, 0x5f, 0xfb,
    0x5f, 0xfb, 0x5f, 0xfb, 0x5f, 0xfb, 0x5f, 0xfb, 0x5f, 0xfb, 0x5f, 0xfb, 0x5f, 0xfb, 0x5f, 0xfb,
    0x5f, 0xfb, 0x5f, 0xfb, 0x5f, 0xfb, 0x5f, 0xfb, 0x5f, 0xfb, 0x5f, 0xfb, 0x5f, 0xfb, 0x5f, 0xfb,
    0x5f, 0xfb, 0x5f, 0xfb, 0x5f, 0xfb, 0x5f, 0xfb, 0x5f, 0xfb, 0x5f, 0xfb, 0x5f, 0xfb, 0x5f, 0xfb,
    0x5f, 0xfb, 0x5f, 0xfb, 0x5f, 0xfb, 0x5f, 0xfb, 0x5f, 0xfb, 0x5f, 0xfb, 0x5f, 0xfb, 0x5f, 0xfb,
    0x5f, 0xfb, 0x5f, 0xfb, 0x5f, 0xfb, 0x5f, 0xfb, 0x5f, 0xfb, 0x5f, 0xfb, 0x5f, 0xfb, 0x5f, 0xfb,
    0x5f, 0xfb, 0x5f, 0xfb, 0x5f, 0xfb, 0x5f, 0xfb, 0x5f, 0xfb, 0x5f, 0xfb, 0x5f, 0xfb, 0x5f, 0xfb,
    0x5f, 0xfb, 0x5f, 0xfb, 0x5f, 0xfb, 0x5f, 0xfb, 0x5f, 0xfb, 0x5f, 0xfb, 0x5f, 0xfb, 0x5f, 0xfb,
    0x5f, 0xfb, 0x5f, 0xfb, 0x5f, 0xfb, 0x5f, 0xfb, 0x5f, 0xfb, 0x5f, 0xfb, 0x5f, 0xfb, 0x5f, 0xfb,
    0x5f, 0xfb, 0x5f, 0xfb, 0x5f, 0xfb, 0x5f, 0xfb, 0x5f, 0xfb, 0x5f, 0xfb, 0x5f, 0xfb, 0x5f, 0xfb,
    0x5f, 0xfb, 0x5f, 0xfb, 0x5f, 0xfb, 0x5f, 0xfb, 0x5f, 0xfb, 0x5f, 0xfb, 0x5f, 0xfb, 0x5f, 0xfb,
    0x5f, 0xfb, 0x5f, 0xfb, 0x5f, 0xfb, 0x5f, 0xfb, 0x5f, 0xfb, 0x5f, 0xfb, 0x5f, 0xfb, 0x5f, 0xfb,
    0x5f, 0xfb, 0x5f, 0xfb, 0x5f, 0xfb, 0x5f, 0xfb, 0x5f, 0xfb, 0x5f, 0xfb, 0x5f, 0xfb, 0x5f, 0xfb,
    0x5f, 0xfb, 0x5f, 0xfb, 0x5f, 0xfb, 0x5f, 0xfb, 0x5f, 0xfb, 0x5f, 0xfb, 0x5f, 0xfb, 0x5f, 0xfb,
    0x5f, 0xfb, 0x5f, 0xfb, 0x5f, 0xfb, 0x5f, 0xfb, 0x5f, 0xfb, 0x5f, 0xfb, 0x5f, 0xfb, 0x5f, 0xfb,
    0x5f, 0xfb, 0x5f, 0xfb, 0x5f, 0xfb, 0xdb, 0xda, 0xd1, 0x89, 0xc6, 0x30, 0x61, 0x08, 0x61, 0x08,
    0x61, 0x08, 0x61, 0x08, 0x61, 0x08, 0x61, 0x08, 0x61, 0x08, 0x61, 0x08, 0x61, 0x08, 0x61, 0x08,
    0x61, 0x08, 0x61, 0x08, 0x61, 0x08, 0x61, 0x08, 0x61, 0x08, 0x61, 0x08, 0x61, 0x08, 0x61, 0x08,
    0x61, 0x08, 0x61, 0x08, 0x61, 0x08, 0x61, 0x08, 0x61, 0x08, 0x61, 0x08, 0x61, 0x08, 0x61, 0x08,
    0x61, 0x08, 0x61, 0x08, 0x61, 0x08, 0x61, 0x08, 0x61, 0x08, 0x61, 0x08, 0x61, 0x08, 0x61, 0x08,
    0x61, 0x08, 0x61, 0x08, 0x61, 0x08, 0x61, 0x08, 0x61, 0x08, 0x61, 0x08, 0x61, 0x08, 0x61, 0x08,
    0x61, 0x08, 0x61, 0x08, 0x61, 0x08, 0x61, 0x08, 0x61, 0x08, 0x61, 0x08, 0x61, 0x08, 0x61, 0x08,
    0x61, 0x08, 0x61, 0x08, 0x61, 0x08, 0x61, 0x08, 0x61, 0x08, 0x61, 0x08, 0x61, 0x08, 0x61, 0x08,
    0x61, 0x08, 0x61, 0x08, 0x61, 0x08, 0x61, 0x08, 0x61, 0x08, 0x61, 0x08, 0x61, 0x08, 0x61, 0x08,
    0x61, 0x08, 0x61, 0x08, 0x61, 0x08, 0x61, 0x08, 0x61, 0x08, 0x61, 0x08, 0x61, 0x08, 0x61, 0x08,
    0x61, 0x08, 0x61, 0x08, 0x61, 0x08, 0x61, 0x08, 0x61, 0x08, 0x61, 0x08, 0x61, 0x08, 0x61, 0x08,
    0x61, 0x08, 0x61, 0x08, 0x61, 0x08, 0x61, 0x08, 0x61, 0x08, 0x61, 0x08, 0x61, 0x08, 0x61, 0x08,
    0x61, 0x08, 0x61, 0x08, 0x61, 0x08, 0x61, 0x08, 0x61, 0x08, 0x61, 0x08, 0x61, 0x08, 0x61, 0x08,
    0x61, 0x08, 0x61, 0x08, 0x61, 0x08, 0x61, 0x08, 0x61, 0x08, 0x61, 0x08, 0x61, 0x08, 0x61, 0x08,
    0x61, 0x08, 0x61, 0x08, 0x61, 0x08, 0x61, 0x08, 0x61, 0x08, 0x61, 0x08, 0x61, 0x08, 0x61, 0x08,
    0x61, 0x08, 0x61, 0x08, 0xa3, 0x18, 0x8e, 0x71, 0xda, 0xd2, 0x5f, 0xfb, 0x5f, 0xfb, 0x5f, 0xfb,
    0x5f, 0xfb, 0x5f, 0xfb, 0x5f, 0xfb, 0x5f, 0xfb, 0x5f, 0xfb, 0x5f, 0xfb, 0x5f, 0xfb, 0x5f, 0xfb,
    0x5f, 0xfb, 0x5f, 0xfb, 0x5f, 0xfb, 0x5f, 0xfb, 0x5f, 0xfb, 0x5f, 0xfb, 0x5f, 0xfb, 0x5f, 0xfb,
    0x5f, 0xfb, 0x5f, 0xfb, 0x5f, 0xfb, 0x5f, 0xfb, 0x5f, 0xfb, 0x5f, 0xfb, 0x5f, 0xfb, 0x5f, 0xfb,
    0x5f, 0xfb, 0x5f, 0xfb, 0x5f, 0xfb, 0x5f, 0xfb, 0x5f, 0xfb, 0x5f, 0xfb, 0x5f, 0xfb, 0x5f, 0xfb,
    0x5f, 0xfb, 0x5f, 0xfb, 0x5f, 0xfb, 0x5f, 0xfb, 0x5f, 0xfb, 0x5f, 0xfb, 0x5f, 0xfb, 0x5f, 0xfb,
    0x5f, 0xfb, 0x5f, 0xfb, 0x5f, 0xfb, 0x5f, 0xfb, 0x5f, 0xfb, 0x5f, 0xfb, 0x5f, 0xfb, 0x5f, 0xfb,
    0x5f, 0xfb, 0x5f, 0xfb, 0x5f, 0xfb, 0x5f, 0xfb, 0x5f, 0xfb, 0x5f, 0xfb, 0x5f, 0xfb, 0x5f, 0xfb,
    0x5f, 0xfb, 0x5f, 0xfb, 0x5f, 0xfb, 0x5f, 0xfb, 0x5f, 0xfb, 0x5f, 0xfb, 0x5f, 0xfb, 0x5f, 0xfb,
    0x5f, 0xfb, 0x5f, 0xfb, 0x5f, 0xfb, 0x5f, 0xfb, 0x5f, 0xfb, 0x5f, 0xfb, 0x5f, 0xfb, 0x5f, 0xfb,
    0x5f, 0xfb, 0x5f, 0xfb, 0x5f, 0xfb, 0x5f, 0xfb, 0x5f, 0xfb, 0x5f, 0xfb, 0x5f, 0xfb, 0x5f, 0xfb,
    0x5f, 0xfb, 0x5f, 0xfb, 0x5f, 0xfb, 0x5f, 0xfb, 0x5f, 0xfb, 0x5f, 0xfb, 0x5f, 0xfb, 0x5f, 0xfb,
    0x5f, 0xfb, 0x5f, 0xfb, 0x5f, 0xfb, 0x5f, 0xfb, 0x5f, 0xfb, 0x5f, 0xfb, 0x5f, 0xfb, 0x5f, 0xfb,
    0x5f, 0xfb, 0x5f, 0xfb, 0x5f, 0xfb, 0x5f, 0xfb, 0x5f, 0xfb, 0x5f, 0xfb, 0x5f, 0xfb, 0x5f, 0xfb,
    0x5f, 0xfb, 0x5f, 0xfb, 0x5f, 0xfb, 0x5f, 0xfb, 0x5f, 0xfb, 0x5f, 0xfb, 0x5f, 0xfb, 0x5f, 0xfb,
    0x5f, 0xfb, 0x5f, 0xfb, 0xda, 0xd2, 0xaf, 0x79, 0xa5, 0x20, 0x61, 0x08, 0x61, 0x08, 0x61, 0x08,
    0x61, 0x08, 0x61, 0x08, 0x61, 0x08, 0x61, 0x08, 0x61, 0x08, 0x61, 0x08, 0x61, 0x08, 0x61, 0x08,
    0x61, 0x08, 0x61, 0x08, 0x61, 0x08, 0x61, 0x08, 0x61, 0x08, 0x61, 0x08, 0x61, 0x08, 0x61, 0x08,
    0x61, 0x08, 0x61, 0x08, 0x61, 0x08, 0x61, 0x08, 0x61, 0x08, 0x61, 0x08, 0x61, 0x08, 0x61, 0x08,
    0x61, 0x08, 0x61, 0x08, 0x61, 0x08, 0x61, 0x08, 0x61, 0x08, 0x61, 0x08, 0x61, 0x08, 0x61, 0x08,
    0x61, 0x08, 0x61, 0x08, 0x61, 0x08, 0x61, 0x08, 0x61, 0x08, 0x61, 0x08, 0x61, 0x08, 0x61, 0x08,
    0x61, 0x08, 0x61, 0x08, 0x61, 0x08, 0x61, 0x08, 0x61, 0x08, 0x61, 0x08, 0x61, 0x08, 0x61, 0x08,
    0x61, 0x08, 0x61, 0x08, 0x61, 0x08, 0x61, 0x08, 0x61, 0x08, 0x61, 0x08, 0x61, 0x08, 0x61, 0x08,
    0x61, 0x08, 0x61, 0x08, 0x61, 0x08, 0x61, 0x08, 0x61, 0x08, 0x61, 0x08, 0x61, 0x08, 0x61, 0x08,
    0x61, 0x08, 0x61, 0x08, 0x61, 0x08, 0x61, 0x08, 0x61, 0x08, 0x61, 0x08, 0x61, 0x08, 0x61, 0x08,
    0x61, 0x08, 0x61, 0x08, 0x61, 0x08, 0x61, 0x08, 0x61, 0x08, 0x61, 0x08, 0x61, 0x08, 0x61, 0x08,
    0x61, 0x08, 0x61, 0x08, 0x61, 0x08, 0x61, 0x08, 0x61, 0x08, 0x61, 0x08, 0x61, 0x08, 0x61, 0x08,
    0x61, 0x08, 0x61, 0x08, 0x61, 0x08, 0x61, 0x08, 0x61, 0x08, 0x61, 0x08, 0x61, 0x08, 0x61, 0x08,
    0x61, 0x08, 0x61, 0x08, 0x61, 0x08, 0x61, 0x08, 0x61, 0x08, 0x61, 0x08, 0x61, 0x08, 0x61, 0x08,
    0x61, 0x08, 0x61, 0x08, 0x61, 0x08, 0x61, 0x08, 0x61, 0x08, 0x61, 0x08, 0x61, 0x08, 0x61, 0x08,
    0x61, 0x08, 0x61, 0x08, 0x61, 0x08, 0x83, 0x18, 0x8e, 0x71, 0xda, 0xd2, 0x5f, 0xfb, 0x5f, 0xfb,
    0x5f, 0xfb, 0x5f, 0xfb, 0x5f, 0xfb, 0x5f, 0xfb, 0x5f, 0xfb, 0x5f, 0xfb, 0x5f, 0xfb, 0x5f, 0xfb,
    0x5f, 0xfb, 0x5f, 0xfb, 0x5f, 0xfb, 0x5f, 0xfb, 0x5f, 0xfb, 0x5f, 0xfb, 0x5f, 0xfb, 0x5f, 0xfb,
    0x5f, 0xfb, 0x5f, 0xfb, 0x5f, 0xfb, 0x5f, 0xfb, 0x5f, 0xfb, 0x5f, 0xfb, 0x5f, 0xfb, 0x5f, 0xfb,
    0x5f, 0xfb, 0x5f, 0xfb, 0x5f, 0xfb, 0x5f, 0xfb, 0x5f, 0xfb, 0x5f, 0xfb, 0x5f, 0xfb, 0x5f, 0xfb,
    0x5f, 0xfb, 0x5f, 0xfb, 0x5f, 0xfb, 0x5f, 0xfb, 0x5f, 0xfb, 0x5f, 0xfb, 0x5f, 0xfb, 0x5f, 0xfb,
    0x5f, 0xfb, 0x5f, 0xfb, 0x5f, 0xfb, 0x5f, 0xfb, 0x5f, 0xfb, 0x5f, 0xfb, 0x5f, 0xfb, 0x5f, 0xfb,
    0x5f, 0xfb, 0x5f, 0xfb, 0x5f, 0xfb, 0x5f, 0xfb, 0x5f, 0xfb, 0x5f, 0xfb, 0x5f, 0xfb, 0x5f, 0xfb,
    0x5f, 0xfb, 0x5f, 0xfb, 0x5f, 0xfb, 0x5f, 0xfb, 0x5f, 0xfb, 0x5f, 0xfb, 0x5f, 0xfb, 0x5f, 0xfb,
    0x5f, 0xfb, 0x5f, 0xfb, 0x5f, 0xfb, 0x5f, 0xfb, 0x5f, 0xfb, 0x5f, 0xfb, 0x5f, 0xfb, 0x5f, 0xfb,
    0x5f, 0xfb, 0x5f, 0xfb, 0x5f, 0xfb, 0x5f, 0xfb, 0x5f, 0xfb, 0x5f, 0xfb, 0x5f, 0xfb, 0x5f, 0xfb,
    0x5f, 0xfb, 0x5f, 0xfb, 0x5f, 0xfb, 0x5f, 0xfb, 0x5f, 0xfb, 0x5f, 0xfb, 0x5f, 0xfb, 0x5f, 0xfb,
    0x5f, 0xfb, 0x5f, 0xfb, 0x5f, 0xfb, 0x5f, 0xfb, 0x5f, 0xfb, 0x5f, 0xfb, 0x5f, 0xfb, 0x5f, 0xfb,
    0x5f, 0xfb, 0x5f, 0xfb, 0x5f, 0xfb, 0x5f, 0xfb, 0x5f, 0xfb, 0x5f, 0xfb, 0x5f, 0xfb, 0x5f, 0xfb,
    0x5f, 0xfb, 0x5f, 0xfb, 0x5f, 0xfb, 0x5f, 0xfb, 0x5f, 0xfb, 0x5f, 0xfb, 0x5f, 0xfb, 0x5f, 0xfb,
    0x5f, 0xfb, 0xdb, 0xda, 0x8e, 0x71, 0xa3, 0x18, 0x61, 0x08, 0x61, 0x08, 0x61, 0x08, 0x61, 0x08,
    0x61, 0x08, 0x61, 0x08, 0x61, 0x08, 0x61, 0x08, 0x61, 0x08, 0x61, 0x08, 0x61, 0x08, 0x61, 0x08,
    0x61, 0x08, 0x61, 0x08, 0x61, 0x08, 0x61, 0x08, 0x61, 0x08, 0x61, 0x08, 0x61, 0x08, 0x61, 0x08,
    0x61, 0x08, 0x61, 0x08, 0x61, 0x08, 0x61, 0x08, 0x61, 0x08, 0x61, 0x08, 0x61, 0x08, 0x61, 0x08,
    0x61, 0x08, 0x61, 0x08, 0x61, 0x08, 0x61, 0x08, 0x61, 0x08, 0x61, 0x08, 0x61, 0x08, 0x61, 0x08,
    0x61, 0x08, 0x61, 0x08, 0x61, 0x08, 0x61, 0x08, 0x61, 0x08, 0x61, 0x08, 0x61, 0x08, 0x61, 0x08,
    0x61, 0x08, 0x61, 0x08, 0x61, 0x08, 0x61, 0x08, 0x61, 0x08, 0x61, 0x08, 0x61, 0x08, 0x61, 0x08,
    0x61, 0x08, 0x61, 0x08, 0x61, 0x08, 0x61, 0x08, 0x61, 0x08, 0x61, 0x08, 0x61, 0x08, 0x61, 0x08,
    0x61, 0x08, 0x61, 0x08, 0x61, 0x08, 0x61, 0x08, 0x61, 0x08, 0x61, 0x08, 0x61, 0x08, 0x61, 0x08,
    0x61, 0x08, 0x61, 0x08, 0x61, 0x08, 0x61, 0x08, 0x61, 0x08, 0x61, 0x08, 0x61, 0x08, 0x61, 0x08,
    0x61, 0x08, 0x61, 0x08, 0x61, 0x08, 0x61, 0x08, 0x61, 0x08, 0x61, 0x08, 0x61, 0x08, 0x61, 0x08,
    0x61, 0x08, 0x61, 0x08, 0x61, 0x08, 0x61, 0x08, 0x61, 0x08, 0x61, 0x08, 0x61, 0x08, 0x61, 0x08,
    0x61, 0x08, 0x61, 0x08, 0x61, 0x08, 0x61, 0x08, 0x61, 0x08, 0x61, 0x08, 0x61, 0x08, 0x61, 0x08,
    0x61, 0x08, 0x61, 0x08, 0x61, 0x08, 0x61, 0x08, 0x61, 0x08, 0x61, 0x08, 0x61, 0x08, 0x61, 0x08,
    0x61, 0x08, 0x61, 0x08, 0x61, 0x08, 0x61, 0x08, 0x61, 0x08, 0x61, 0x08, 0x61, 0x08, 0x61, 0x08,
    0x61, 0x08, 0x61, 0x08, 0x61, 0x08, 0x61, 0x08, 0x83, 0x18, 0x8d, 0x71, 0xda, 0xd2, 0x5f, 0xfb,
    0x5f, 0xfb, 0x5f, 0xfb, 0x5f, 0xfb, 0x5f, 0xfb, 0x5f, 0xfb, 0x5f, 0xfb, 0x5f, 0xfb, 0x5f, 0xfb,
    0x5f, 0xfb, 0x5f, 0xfb, 0x5f, 0xfb, 0x5f, 0xfb, 0x5f, 0xfb, 0x5f, 0xfb, 0x5f, 0xfb, 0x5f, 0xfb,
    0x5f, 0xfb, 0x5f, 0xfb, 0x5f, 0xfb, 0x5f, 0xfb, 0x5f, 0xfb, 0x5f, 0xfb, 0x5f, 0xfb, 0x5f, 0xfb,
    0x5f, 0xfb, 0x5f, 0xfb, 0x5f, 0xfb, 0x5f, 0xfb, 0x5f, 0xfb, 0x5f, 0xfb, 0x5f, 0xfb, 0x5f, 0xfb,
    0x5f, 0xfb, 0x5f, 0xfb, 0x5f, 0xfb, 0x5f, 0xfb, 0x5f, 0xfb, 0x5f, 0xfb, 0x5f, 0xfb, 0x5f, 0xfb,
    0x5f, 0xfb, 0x5f, 0xfb, 0x5f, 0xfb, 0x5f, 0xfb, 0x5f, 0xfb, 0x5f, 0xfb, 0x5f, 0xfb, 0x5f, 0xfb,
    0x5f, 0xfb, 0x5f, 0xfb, 0x5f, 0xfb, 0x5f, 0xfb, 0x5f, 0xfb, 0x5f, 0xfb, 0x5f, 0xfb, 0x5f, 0xfb,
    0x5f, 0xfb, 0x5f, 0xfb, 0x5f, 0xfb, 0x5f, 0xfb, 0x5f, 0xfb, 0x5f, 0xfb, 0x5f, 0xfb, 0x5f, 0xfb,
    0x5f, 0xfb, 0x5f, 0xfb, 0x5f, 0xfb, 0x5f, 0xfb, 0x5f, 0xfb, 0x5f, 0xfb, 0x5f, 0xfb, 0x5f, 0xfb,
    0x5f, 0xfb, 0x5f, 0xfb, 0x5f, 0xfb, 0x5f, 0xfb, 0x5f, 0xfb, 0x5f, 0xfb, 0x5f, 0xfb, 0x5f, 0xfb,
    0x5f, 0xfb, 0x5f, 0xfb, 0x5f, 0xfb, 0x5f, 0xfb, 0x5f, 0xfb, 0x5f, 0xfb, 0x5f, 0xfb, 0x5f, 0xfb,
    0x5f, 0xfb, 0x5f, 0xfb, 0x5f, 0xfb, 0x5f, 0xfb, 0x5f, 0xfb, 0x5f, 0xfb, 0x5f, 0xfb, 0x5f, 0xfb,
    0x5f, 0xfb, 0x5f, 0xfb, 0x5f, 0xfb, 0x5f, 0xfb, 0x5f, 0xfb, 0x5f, 0xfb, 0x5f, 0xfb, 0x5f, 0xfb,
    0x5f, 0xfb, 0x5f, 0xfb, 0x5f, 0xfb, 0x5f, 0xfb, 0x5f, 0xfb, 0x5f, 0xfb, 0x5f, 0xfb, 0x5f, 0xfb,
    0xdb, 0xda, 0x8e, 0x71, 0x84, 0x20, 0x61, 0x08, 0x61, 0x08, 0x61, 0x08, 0x61, 0x08, 0x61, 0x08,
    0x61, 0x08, 0x61, 0x08, 0x61, 0x08, 0x61, 0x08, 0x61, 0x08, 0x61, 0x08, 0x61, 0x08, 0x61, 0x08,
    0x61, 0x08, 0x61, 0x08, 0x61, 0x08, 0x61, 0x08, 0x61, 0x08, 0x61, 0x08, 0x61, 0x08, 0x61, 0x08,
    0x61, 0x08, 0x61, 0x08, 0x61, 0x08, 0x61, 0x08, 0x61, 0x08, 0x61, 0x08, 0x61, 0x08, 0x61, 0x08,
    0x61, 0x08, 0x61, 0x08, 0x61, 0x08, 0x61, 0x08, 0x61, 0x08, 0x61, 0x08, 0x61, 0x08, 0x61, 0x08,
    0x61, 0x08, 0x61, 0x08, 0x61, 0x08, 0x61, 0x08, 0x61, 0x08, 0x61, 0x08, 0x61, 0x08, 0x61, 0x08,
    0x61, 0x08, 0x61, 0x08, 0x61, 0x08, 0x61, 0x08, 0x61, 0x08, 0x61, 0x08, 0x61, 0x08, 0x61, 0x08,
    0x61, 0x08, 0x61, 0x08, 0x61, 0x08, 0x61, 0x08, 0x61, 0x08, 0x61, 0x08, 0x61, 0x08, 0x61, 0x08,
    0x61, 0x08, 0x61, 0x08, 0x61, 0x08, 0x61, 0x08, 0x61, 0x08, 0x61, 0x08, 0x61, 0x08, 0x61, 0x08,
    0x61, 0x08, 0x61, 0x08, 0x61, 0x08, 0x61, 0x08, 0x61, 0x08, 0x61, 0x08, 0x61, 0x08, 0x61, 0x08,
    0x61, 0x08, 0x61, 0x08, 0x61, 0x08, 0x61, 0x08, 0x61, 0x08, 0x61, 0x08, 0x61, 0x08, 0x61, 0x08,
    0x61, 0x08, 0x61, 0x08, 0x61, 0x08, 0x61, 0x08, 0x61, 0x08, 0x61, 0x08, 0x61, 0x08, 0x61, 0x08,
    0x61, 0x08, 0x61, 0x08, 0x61, 0x08, 0x61, 0x08, 0x61, 0x08, 0x61, 0x08, 0x61, 0x08, 0x61, 0x08,
    0x61, 0x08, 0x61, 0x08, 0x61, 0x08, 0x61, 0x08, 0x61, 0x08, 0x61, 0x08, 0x61, 0x08, 0x61, 0x08,
    0x61, 0x08, 0x61, 0x08, 0x61, 0x08, 0x61, 0x08, 0x61, 0x08, 0x61, 0x08, 0x61, 0x08, 0x61, 0x08,
    0x61, 0x08, 0x61, 0x08, 0x61, 0x08, 0x61, 0x08, 0x61, 0x08, 0x83, 0x18, 0x8d, 0x71, 0xda, 0xd2,
    0x5f, 0xfb, 0x5f, 0xfb, 0x5f, 0xfb, 0x5f, 0xfb, 0x5f, 0xfb, 0x5f, 0xfb, 0x5f, 0xfb, 0x5f, 0xfb,
    0x5f, 0xfb, 0x5f, 0xfb, 0x5f, 0xfb, 0x5f, 0xfb, 0x5f, 0xfb, 0x5f, 0xfb, 0x5f, 0xfb, 0x5f, 0xfb,
    0x5f, 0xfb, 0x5f, 0xfb, 0x5f, 0xfb, 0x5f, 0xfb, 0x5f, 0xfb, 0x5f, 0xfb, 0x5f, 0xfb, 0x5f, 0xfb,
    0x5f, 0xfb, 0x5f, 0xfb, 0x5f, 0xfb, 0x5f, 0xfb, 0x5f, 0xfb, 0x5f, 0xfb, 0x5f, 0xfb, 0x5f, 0xfb,
    0x5f, 0xfb, 0x5f, 0xfb, 0x5f, 0xfb, 0x5f, 0xfb, 0x5f, 0xfb, 0x5f, 0xfb, 0x5f, 0xfb, 0x5f, 0xfb,
    0x5f, 0xfb, 0x5f, 0xfb, 0x5f, 0xfb, 0x5f, 0xfb, 0x5f, 0xfb, 0x5f, 0xfb, 0x5f, 0xfb, 0x5f, 0xfb,
    0x5f, 0xfb, 0x5f, 0xfb, 0x5f, 0xfb, 0x5f, 0xfb, 0x5f, 0xfb, 0x5f, 0xfb, 0x5f, 0xfb, 0x5f, 0xfb,
    0x5f, 0xfb, 0x5f, 0xfb, 0x5f, 0xfb, 0x5f, 0xfb, 0x5f, 0xfb, 0x5f, 0xfb, 0x5f, 0xfb, 0x5f, 0xfb,
    0x5f, 0xfb, 0x5f, 0xfb, 0x5f, 0xfb, 0x5f, 0xfb, 0x5f, 0xfb, 0x5f, 0xfb, 0x5f, 0xfb, 0x5f, 0xfb,
    0x5f, 0xfb, 0x5f, 0xfb, 0x5f, 0xfb, 0x5f, 0xfb, 0x5f, 0xfb, 0x5f, 0xfb, 0x5f, 0xfb, 0x5f, 0xfb,
    0x5f, 0xfb, 0x5f, 0xfb, 0x5f, 0xfb, 0x5f, 0xfb, 0x5f, 0xfb, 0x5f, 0xfb, 0x5f, 0xfb, 0x5f, 0xfb,
    0x5f, 0xfb, 0x5f, 0xfb, 0x5f, 0xfb, 0x5f, 0xfb, 0x5f, 0xfb, 0x5f, 0xfb, 0x5f, 0xfb, 0x5f, 0xfb,
    0x5f, 0xfb, 0x5f, 0xfb, 0x5f, 0xfb, 0x5f, 0xfb, 0x5f, 0xfb, 0x5f, 0xfb, 0x5f, 0xfb, 0x5f, 0xfb,
    0x5f, 0xfb, 0x5f, 0xfb, 0x5f, 0xfb, 0x5f, 0xfb, 0x5f, 0xfb, 0x5f, 0xfb, 0x5f, 0xfb, 0xdb, 0xda,
    0x8e, 0x71, 0x83, 0x18, 0x61, 0x08, 0x61, 0x08, 0x61, 0x08, 0x61, 0x08, 0x61, 0x08, 0x61, 0x08,
    0x61, 0x08, 0x61, 0x08, 0x61, 0x08, 0x61, 0x08, 0x61, 0x08, 0x61, 0x08, 0x61, 0x08, 0x61, 0x08,
    0x61, 0x08, 0x61, 0x08, 0x61, 0x08, 0x61, 0x08, 0x61, 0x08, 0x61, 0x08, 0x61, 0x08, 0x61, 0x08,
    0x61, 0x08, 0x61, 0x08, 0x61, 0x08, 0x61, 0x08, 0x61, 0x08, 0x61, 0x08, 0x61, 0x08, 0x61, 0x08,
    0x61, 0x08, 0x61, 0x08, 0x61, 0x08, 0x61, 0x08, 0x61, 0x08, 0x61, 0x08, 0x61, 0x08, 0x61, 0x08,
    0x61, 0x08, 0x61, 0x08, 0x61, 0x08, 0x61, 0x08, 0x61, 0x08, 0x61, 0x08, 0x61, 0x08, 0x61, 0x08,
    0x61, 0x08, 0x61, 0x08, 0x61, 0x08, 0x61, 0x08, 0x61, 0x08, 0x61, 0x08, 0x61, 0x08, 0x61, 0x08,
    0x61, 0x08, 0x61, 0x08, 0x61, 0x08, 0x61, 0x08, 0x61, 0x08, 0x61, 0x08, 0x61, 0x08, 0x61, 0x08,
    0x61, 0x08, 0x61, 0x08, 0x61, 0x08, 0x61, 0x08, 0x61, 0x08, 0x61, 0x08, 0x61, 0x08, 0x61, 0x08,
    0x61, 0x08, 0x61, 0x08, 0x61, 0x08, 0x61, 0x08, 0x61, 0x08, 0x61, 0x08, 0x61, 0x08, 0x61, 0x08,
    0x61, 0x08, 0x61, 0x08, 0x61, 0x08, 0x61, 0x08, 0x61, 0x08, 0x61, 0x08, 0x61, 0x08, 0x61, 0x08,
    0x61, 0x08, 0x61, 0x08, 0x61, 0x08, 0x61, 0x08, 0x61, 0x08, 0x61, 0x08, 0x61, 0x08, 0x61, 0x08,
    0x61, 0x08, 0x61, 0x08, 0x61, 0x08, 0x61, 0x08, 0x61, 0x08, 0x61, 0x08, 0x61, 0x08, 0x61, 0x08,
    0x61, 0x08, 0x61, 0x08, 0x61, 0x08, 0x61, 0x08, 0x61, 0x08, 0x61, 0x08, 0x61, 0x08, 0x61, 0x08,
    0x61, 0x08, 0x61, 0x08, 0x61, 0x08, 0x61, 0x08, 0x61, 0x08, 0x61, 0x08, 0x61, 0x08, 0x61, 0x08,
    0x61, 0x08, 0x61, 0x08, 0x61, 0x08, 0x61, 0x08, 0x61, 0x08, 0x61, 0x08, 0x82, 0x10, 0xaf, 0x79,
    0xfc, 0xda, 0x5f, 0xfb, 0x5f, 0xfb, 0x5f, 0xfb, 0x5f, 0xfb, 0x5f, 0xfb, 0x5f, 0xfb, 0x5f, 0xfb,
    0x5f, 0xfb, 0x5f, 0xfb, 0x5f, 0xfb, 0x5f, 0xfb, 0x5f, 0xfb, 0x5f, 0xfb, 0x5f, 0xfb, 0x5f, 0xfb,
    0x5f, 0xfb, 0x5f, 0xfb, 0x5f, 0xfb, 0x5f, 0xfb, 0x5f, 0xfb, 0x5f, 0xfb, 0x5f, 0xfb, 0x5f, 0xfb,
    0x5f, 0xfb, 0x5f, 0xfb, 0x5f, 0xfb, 0x5f, 0xfb, 0x5f, 0xfb, 0x5f, 0xfb, 0x5f, 0xfb, 0x5f, 0xfb,
    0x5f, 0xfb, 0x5f, 0xfb, 0x5f, 0xfb, 0x5f, 0xfb, 0x5f, 0xfb, 0x5f, 0xfb, 0x5f, 0xfb, 0x5f, 0xfb,
    0x5f, 0xfb, 0x5f, 0xfb, 0x5f, 0xfb, 0x5f, 0xfb, 0x5f, 0xfb, 0x5f, 0xfb, 0x5f, 0xfb, 0x5f, 0xfb,
    0x5f, 0xfb, 0x5f, 0xfb, 0x5f, 0xfb, 0x5f, 0xfb, 0x5f, 0xfb, 0x5f, 0xfb, 0x5f, 0xfb, 0x5f, 0xfb,
    0x5f, 0xfb, 0x5f, 0xfb, 0x5f, 0xfb, 0x5f, 0xfb, 0x5f, 0xfb, 0x5f, 0xfb, 0x5f, 0xfb, 0x5f, 0xfb,
    0x5f, 0xfb, 0x5f, 0xfb, 0x5f, 0xfb, 0x5f, 0xfb, 0x5f, 0xfb, 0x5f, 0xfb, 0x5f, 0xfb, 0x5f, 0xfb,
    0x5f, 0xfb, 0x5f, 0xfb, 0x5f, 0xfb, 0x5f, 0xfb, 0x5f, 0xfb, 0x5f, 0xfb, 0x5f, 0xfb, 0x5f, 0xfb,
    0x5f, 0xfb, 0x5f, 0xfb, 0x5f, 0xfb, 0x5f, 0xfb, 0x5f, 0xfb, 0x5f, 0xfb, 0x5f, 0xfb, 0x5f, 0xfb,
    0x5f, 0xfb, 0x5f, 0xfb, 0x5f, 0xfb, 0x5f, 0xfb, 0x5f, 0xfb, 0x5f, 0xfb, 0x5f, 0xfb, 0x5f, 0xfb,
    0x5f, 0xfb, 0x5f, 0xfb, 0x5f, 0xfb, 0x5f, 0xfb, 0x5f, 0xfb, 0x5f, 0xfb, 0x5f, 0xfb, 0x5f, 0xfb,
    0x5f, 0xfb, 0x5f, 0xfb, 0x5f, 0xfb, 0x5f, 0xfb, 0x5f, 0xfb, 0x5f, 0xfb, 0xdb, 0xda, 0x8e, 0x71,
    0x83, 0x18, 0x61, 0x08, 0x61, 0x08, 0x61, 0x08, 0x61, 0x08, 0x61, 0x08, 0x61, 0x08, 0x61, 0x08,
    0x61, 0x08, 0x61, 0x08, 0x61, 0x08, 0x61, 0x08, 0x61, 0x08, 0x61, 0x08, 0x61, 0x08, 0x61, 0x08,
    0x61, 0x08, 0x61, 0x08, 0x61, 0x08, 0x61, 0x08, 0x61, 0x08, 0x61, 0x08, 0x61, 0x08, 0x61, 0x08,
    0x61, 0x08, 0x61, 0x08, 0x61, 0x08, 0x61, 0x08, 0x61, 0x08, 0x61, 0x08, 0x61, 0x08, 0x61, 0x08,
    0x61, 0x08, 0x61, 0x08, 0x61, 0x08, 0x61, 0x08, 0x61, 0x08, 0x61, 0x08, 0x61, 0x08, 0x61, 0x08,
    0x61, 0x08, 0x61, 0x08, 0x61, 0x08, 0x61, 0x08, 0x61, 0x08, 0x61, 0x08, 0x61, 0x08, 0x61, 0x08,
    0x61, 0x08, 0x61, 0x08, 0x61, 0x08, 0x61, 0x08, 0x61, 0x08, 0x61, 0x08, 0x61, 0x08, 0x61, 0x08,
    0x61, 0x08, 0x61, 0x08, 0x61, 0x08, 0x61, 0x08, 0x61, 0x08, 0x61, 0x08, 0x61, 0x08, 0x61, 0x08,
    0x61, 0x08, 0x61, 0x08, 0x61, 0x08, 0x61, 0x08, 0x61, 0x08, 0x61, 0x08, 0x61, 0x08, 0x61, 0x08,
    0x61, 0x08, 0x61, 0x08, 0x61, 0x08, 0x61, 0x08, 0x61, 0x08, 0x61, 0x08, 0x61, 0x08, 0x61, 0x08,
    0x61, 0x08, 0x61, 0x08, 0x61, 0x08, 0x61, 0x08, 0x61, 0x08, 0x61, 0x08, 0x61, 0x08, 0x61, 0x08,
    0x61, 0x08, 0x61, 0x08, 0x61, 0x08, 0x61, 0x08, 0x61, 0x08, 0x61, 0x08, 0x61, 0x08, 0x61, 0x08,
    0x61, 0x08, 0x61, 0x08, 0x61, 0x08, 0x61, 0x08, 0x61, 0x08, 0x61, 0x08, 0x61, 0x08, 0x61, 0x08,
    0x61, 0x08, 0x61, 0x08, 0x61, 0x08, 0x61, 0x08, 0x61, 0x08, 0x61, 0x08, 0x61, 0x08, 0x61, 0x08,
    0x61, 0x08, 0x61, 0x08, 0x61, 0x08, 0x61, 0x08, 0x61, 0x08, 0x61, 0x08, 0x61, 0x08, 0x61, 0x08,
    0x61, 0x08, 0x61, 0x08, 0x61, 0x08, 0x61, 0x08, 0x61, 0x08, 0x61, 0x08, 0x61, 0x08, 0x83, 0x18,
    0xaf, 0x81, 0xfc, 0xda, 0x5f, 0xfb, 0x5f, 0xfb, 0x5f, 0xfb, 0x5f, 0xfb, 0x5f, 0xfb, 0x5f, 0xfb,
    0x5f, 0xfb, 0x5f, 0xfb, 0x5f, 0xfb, 0x5f, 0xfb, 0x5f, 0xfb, 0x5f, 0xfb, 0x5f, 0xfb, 0x5f, 0xfb,
    0x5f, 0xfb, 0x5f, 0xfb, 0x5f, 0xfb, 0x5f, 0xfb, 0x5f, 0xfb, 0x5f, 0xfb, 0x5f, 0xfb, 0x5f, 0xfb,
    0x5f, 0xfb, 0x5f, 0xfb, 0x5f, 0xfb, 0x5f, 0xfb, 0x5f, 0xfb, 0x5f, 0xfb, 0x5f, 0xfb, 0x5f, 0xfb,
    0x5f, 0xfb, 0x5f, 0xfb, 0x5f, 0xfb, 0x5f, 0xfb, 0x5f, 0xfb, 0x5f, 0xfb, 0x5f, 0xfb, 0x5f, 0xfb,
    0x5f, 0xfb, 0x5f, 0xfb, 0x5f, 0xfb, 0x5f, 0xfb, 0x5f, 0xfb, 0x5f, 0xfb, 0x5f, 0xfb, 0x5f, 0xfb,
    0x5f, 0xfb, 0x5f, 0xfb, 0x5f, 0xfb, 0x5f, 0xfb, 0x5f, 0xfb, 0x5f, 0xfb, 0x5f, 0xfb, 0x5f, 0xfb,
    0x5f, 0xfb, 0x5f, 0xfb, 0x5f, 0xfb, 0x5f, 0xfb, 0x5f, 0xfb, 0x5f, 0xfb, 0x5f, 0xfb, 0x5f, 0xfb,
    0x5f, 0xfb, 0x5f, 0xfb, 0x5f, 0xfb, 0x5f, 0xfb, 0x5f, 0xfb, 0x5f, 0xfb, 0x5f, 0xfb, 0x5f, 0xfb,
    0x5f, 0xfb, 0x5f, 0xfb, 0x5f, 0xfb, 0x5f, 0xfb, 0x5f, 0xfb, 0x5f, 0xfb, 0x5f, 0xfb, 0x5f, 0xfb,
    0x5f, 0xfb, 0x5f, 0xfb, 0x5f, 0xfb, 0x5f, 0xfb, 0x5f, 0xfb, 0x5f, 0xfb, 0x5f, 0xfb, 0x5f, 0xfb,
    0x5f, 0xfb, 0x5f, 0xfb, 0x5f, 0xfb, 0x5f, 0xfb, 0x5f, 0xfb, 0x5f, 0xfb, 0x5f, 0xfb, 0x5f, 0xfb,
    0x5f, 0xfb, 0x5f, 0xfb, 0x5f, 0xfb, 0x5f, 0xfb, 0x5f, 0xfb, 0x5f, 0xfb, 0x5f, 0xfb, 0x5f, 0xfb,
    0x5f, 0xfb, 0x5f, 0xfb, 0x5f, 0xfb, 0x5f, 0xfb, 0x5f, 0xfb, 0xfc, 0xda, 0xb0, 0x79, 0x82, 0x10,
    0x61, 0x08, 0x61, 0x08, 0x61, 0x08, 0x61, 0x08, 0x61, 0x08, 0x61, 0x08, 0x61, 0x08, 0x61, 0x08,
    0x61, 0x08, 0x61, 0x08, 0x61, 0x08, 0x61, 0x08, 0x61, 0x08, 0x61, 0x08, 0x61, 0x08, 0x61, 0x08,
    0x61, 0x08, 0x61, 0x08, 0x61, 0x08, 0x61, 0x08, 0x61, 0x08, 0x61, 0x08, 0x61, 0x08, 0x61, 0x08,
    0x61, 0x08, 0x61, 0x08, 0x61, 0x08, 0x61, 0x08, 0x61, 0x08, 0x61, 0x08, 0x61, 0x08, 0x61, 0x08,
    0x61, 0x08, 0x61, 0x08, 0x61, 0x08, 0x61, 0x08, 0x61, 0x08, 0x61, 0x08, 0x61, 0x08, 0x61, 0x08,
    0x61, 0x08, 0x61, 0x08, 0x61, 0x08, 0x61, 0x08, 0x61, 0x08, 0x61, 0x08, 0x61, 0x08, 0x61, 0x08,
    0x61, 0x08, 0x61, 0x08, 0x61, 0x08, 0x61, 0x08, 0x61, 0x08, 0x61, 0x08, 0x61, 0x08, 0x61, 0x08,
    0x61, 0x08, 0x61, 0x08, 0x61, 0x08, 0x61, 0x08, 0x61, 0x08, 0x61, 0x08, 0x61, 0x08, 0x61, 0x08,
    0x61, 0x08, 0x61, 0x08, 0x61, 0x08, 0x61, 0x08, 0x61, 0x08, 0x61, 0x08, 0x61, 0x08, 0x61, 0x08,
    0x61, 0x08, 0x61, 0x08, 0x61, 0x08, 0x61, 0x08, 0x61, 0x08, 0x61, 0x08, 0x61, 0x08, 0x61, 0x08,
    0x61, 0x08, 0x61, 0x08, 0x61, 0x08, 0x61, 0x08, 0x61, 0x08, 0x61, 0x08, 0x61, 0x08, 0x61, 0x08,
    0x61, 0x08, 0x61, 0x08, 0x61, 0x08, 0x61, 0x08, 0x61, 0x08, 0x61, 0x08, 0x61, 0x08, 0x61, 0x08,
    0x61, 0x08, 0x61, 0x08, 0x61, 0x08, 0x61, 0x08, 0x61, 0x08, 0x61, 0x08, 0x61, 0x08, 0x61, 0x08,
    0x61, 0x08, 0x61, 0x08, 0x61, 0x08, 0x61, 0x08, 0x61, 0x08, 0x61, 0x08, 0x61, 0x08, 0x61, 0x08,
    0x61, 0x08, 0x61, 0x08, 0x61, 0x08, 0x61, 0x08, 0x61, 0x08, 0x61, 0x08, 0x61, 0x08, 0x61, 0x08,
    0x61, 0x08, 0x61, 0x08, 0x61, 0x08, 0x61, 0x08, 0x61, 0x08, 0x61, 0x08, 0x61, 0x08, 0x61, 0x08,
    0x83, 0x10, 0xaf, 0x81, 0xfc, 0xda, 0x5f, 0xfb, 0x5f, 0xfb, 0x5f, 0xfb, 0x5f, 0xfb, 0x5f, 0xfb,
    0x5f, 0xfb, 0x5f, 0xfb, 0x5f, 0xfb, 0x5f, 0xfb, 0x5f, 0xfb, 0x5f, 0xfb, 0x5f, 0xfb, 0x5f, 0xfb,
    0x5f, 0xfb, 0x5f, 0xfb, 0x5f, 0xfb, 0x5f, 0xfb, 0x5f, 0xfb, 0x5f, 0xfb, 0x5f, 0xfb, 0x5f, 0xfb,
    0x5f, 0xfb, 0x5f, 0xfb, 0x5f, 0xfb, 0x5f, 0xfb, 0x5f, 0xfb, 0x5f, 0xfb, 0x5f, 0xfb, 0x5f, 0xfb,
    0x5f, 0xfb, 0x5f, 0xfb, 0x5f, 0xfb, 0x5f, 0xfb, 0x5f, 0xfb, 0x5f, 0xfb, 0x5f, 0xfb, 0x5f, 0xfb,
    0x5f, 0xfb, 0x5f, 0xfb, 0x5f, 0xfb, 0x5f, 0xfb, 0x5f, 0xfb, 0x5f, 0xfb, 0x5f, 0xfb, 0x5f, 0xfb,
    0x5f, 0xfb, 0x5f, 0xfb, 0x5f, 0xfb, 0x5f, 0xfb, 0x5f, 0xfb, 0x5f, 0xfb, 0x5f, 0xfb, 0x5f, 0xfb,
    0x5f, 0xfb, 0x5f, 0xfb, 0x5f, 0xfb, 0x5f, 0xfb, 0x5f, 0xfb, 0x5f, 0xfb, 0x5f, 0xfb, 0x5f, 0xfb,
    0x5f, 0xfb, 0x5f, 0xfb, 0x5f, 0xfb, 0x5f, 0xfb, 0x5f, 0xfb, 0x5f, 0xfb, 0x5f, 0xfb, 0x5f, 0xfb,
    0x5f, 0xfb, 0x5f, 0xfb, 0x5f, 0xfb, 0x5f, 0xfb, 0x5f, 0xfb, 0x5f, 0xfb, 0x5f, 0xfb, 0x5f, 0xfb,
    0x5f, 0xfb, 0x5f, 0xfb, 0x5f, 0xfb, 0x5f, 0xfb, 0x5f, 0xfb, 0x5f, 0xfb, 0x5f, 0xfb, 0x5f, 0xfb,
    0x5f, 0xfb, 0x5f, 0xfb, 0x5f, 0xfb, 0x5f, 0xfb, 0x5f, 0xfb, 0x5f, 0xfb, 0x5f, 0xfb, 0x5f, 0xfb,
    0x5f, 0xfb, 0x5f, 0xfb, 0x5f, 0xfb, 0x5f, 0xfb, 0x5f, 0xfb, 0x5f, 0xfb, 0x5f, 0xfb, 0x5f, 0xfb,
    0x5f, 0xfb, 0x5f, 0xfb, 0x5f, 0xfb, 0x5f, 0xfb, 0x1c, 0xe3, 0xb0, 0x79, 0x83, 0x18, 0x61, 0x08,
    0x61, 0x08, 0x61, 0x08, 0x61, 0x08, 0x61, 0x08, 0x61, 0x08, 0x61, 0x08, 0x61, 0x08, 0x61, 0x08,
    0x61, 0x08, 0x61, 0x08, 0x61, 0x08, 0x61, 0x08, 0x61, 0x08, 0x61, 0x08, 0x61, 0x08, 0x61, 0x08,
    0x61, 0x08, 0x61, 0x08, 0x61, 0x08, 0x61, 0x08, 0x61, 0x08, 0x61, 0x08, 0x61, 0x08, 0x61, 0x08,
    0x61, 0x08, 0x61, 0x08, 0x61, 0x08, 0x61, 0x08, 0x61, 0x08, 0x61, 0x08, 0x61, 0x08, 0x61, 0x08,
    0x61, 0x08, 0x61, 0x08, 0x61, 0x08, 0x61, 0x08, 0x61, 0x08, 0x61, 0x08, 0x61, 0x08, 0x61, 0x08,
    0x61, 0x08, 0x61, 0x08, 0x61, 0x08, 0x61, 0x08, 0x61, 0x08, 0x61, 0x08, 0x61, 0x08, 0x61, 0x08,
    0x61, 0x08, 0x61, 0x08, 0x61, 0x08, 0x61, 0x08, 0x61, 0x08, 0x61, 0x08, 0x61, 0x08, 0x61, 0x08,
    0x61, 0x08, 0x61, 0x08, 0x61, 0x08, 0x61, 0x08, 0x61, 0x08, 0x61, 0x08, 0x61, 0x08, 0x61, 0x08,
    0x61, 0x08, 0x61, 0x08, 0x61, 0x08, 0x61, 0x08, 0x61, 0x08, 0x61, 0x08, 0x61, 0x08, 0x61, 0x08,
    0x61, 0x08, 0x61, 0x08, 0x61, 0x08, 0x61, 0x08, 0x61, 0x08, 0x61, 0x08, 0x61, 0x08, 0x61, 0x08,
    0x61, 0x08, 0x61, 0x08, 0x61, 0x08, 0x61, 0x08, 0x61, 0x08, 0x61, 0x08, 0x61, 0x08, 0x61, 0x08,
    0x61, 0x08, 0x61, 0x08, 0x61, 0x08, 0x61, 0x08, 0x61, 0x08, 0x61, 0x08, 0x61, 0x08, 0x61, 0x08,
    0x61, 0x08, 0x61, 0x08, 0x61, 0x08, 0x61, 0x08, 0x61, 0x08, 0x61, 0x08, 0x61, 0x08, 0x61, 0x08,
    0x61, 0x08, 0x61, 0x08, 0x61, 0x08, 0x61, 0x08, 0x61, 0x08, 0x61, 0x08, 0x61, 0x08, 0x61, 0x08,
    0x61, 0x08, 0x61, 0x08, 0x61, 0x08, 0x61, 0x08, 0x61, 0x08, 0x61, 0x08, 0x61, 0x08, 0x61, 0x08,
    0x61, 0x08, 0x61, 0x08, 0x61, 0x08, 0x61, 0x08, 0x61, 0x08, 0x61, 0x08, 0x61, 0x08, 0x61, 0x08,
    0x61, 0x08, 0x82, 0x10, 0xd0, 0x81, 0xfc, 0xda, 0x5f, 0xfb, 0x5f, 0xfb, 0x5f, 0xfb, 0x5f, 0xfb,
    0x5f, 0xfb, 0x5f, 0xfb, 0x5f, 0xfb, 0x5f, 0xfb, 0x5f, 0xfb, 0x5f, 0xfb, 0x5f, 0xfb, 0x5f, 0xfb,
    0x5f, 0xfb, 0x5f, 0xfb, 0x5f, 0xfb, 0x5f, 0xfb, 0x5f, 0xfb, 0x5f, 0xfb, 0x5f, 0xfb, 0x5f, 0xfb,
    0x5f, 0xfb, 0x5f, 0xfb, 0x5f, 0xfb, 0x5f, 0xfb, 0x5f, 0xfb, 0x5f, 0xfb, 0x5f, 0xfb, 0x5f, 0xfb,
    0x5f, 0xfb, 0x5f, 0xfb, 0x5f, 0xfb, 0x5f, 0xfb, 0x5f, 0xfb, 0x5f, 0xfb, 0x5f, 0xfb, 0x5f, 0xfb,
    0x5f, 0xfb, 0x5f, 0xfb, 0x5f, 0xfb, 0x5f, 0xfb, 0x5f, 0xfb, 0x5f, 0xfb, 0x5f, 0xfb, 0x5f, 0xfb,
    0x5f, 0xfb, 0x5f, 0xfb, 0x5f, 0xfb, 0x5f, 0xfb, 0x5f, 0xfb, 0x5f, 0xfb, 0x5f, 0xfb, 0x5f, 0xfb,
    0x5f, 0xfb, 0x5f, 0xfb, 0x5f, 0xfb, 0x5f, 0xfb, 0x5f, 0xfb, 0x5f, 0xfb, 0x5f, 0xfb, 0x5f, 0xfb,
    0x5f, 0xfb, 0x5f, 0xfb, 0x5f, 0xfb, 0x5f, 0xfb, 0x5f, 0xfb, 0x5f, 0xfb, 0x5f, 0xfb, 0x5f, 0xfb,
    0x5f, 0xfb, 0x5f, 0xfb, 0x5f, 0xfb, 0x5f, 0xfb, 0x5f, 0xfb, 0x5f, 0xfb, 0x5f, 0xfb, 0x5f, 0xfb,
    0x5f, 0xfb, 0x5f, 0xfb, 0x5f, 0xfb, 0x5f, 0xfb, 0x5f, 0xfb, 0x5f, 0xfb, 0x5f, 0xfb, 0x5f, 0xfb,
    0x5f, 0xfb, 0x5f, 0xfb, 0x5f, 0xfb, 0x5f, 0xfb, 0x5f, 0xfb, 0x5f, 0xfb, 0x5f, 0xfb, 0x5f, 0xfb,
    0x5f, 0xfb, 0x5f, 0xfb, 0x5f, 0xfb, 0x5f, 0xfb, 0x5f, 0xfb, 0x5f, 0xfb, 0x5f, 0xfb, 0x5f, 0xfb,
    0x5f, 0xfb, 0x5f, 0xfb, 0x5f, 0xfb, 0xfc, 0xe2, 0xd1, 0x89, 0x83, 0x10, 0x61, 0x08, 0x61, 0x08,
    0x61, 0x08, 0x61, 0x08, 0x61, 0x08, 0x61, 0x08, 0x61, 0x08, 0x61, 0x08, 0x61, 0x08, 0x61, 0x08,
    0x61, 0x08, 0x61, 0x08, 0x61, 0x08, 0x61, 0x08, 0x61, 0x08, 0x61, 0x08, 0x61, 0x08, 0x61, 0x08,
    0x61, 0x08, 0x61, 0x08, 0x61, 0x08, 0x61, 0x08, 0x61, 0x08, 0x61, 0x08, 0x61, 0x08, 0x61, 0x08,
    0x61, 0x08, 0x61, 0x08, 0x61, 0x08, 0x61, 0x08, 0x61, 0x08, 0x61, 0x08, 0x61, 0x08, 0x61, 0x08,
    0x61, 0x08, 0x61, 0x08, 0x61, 0x08, 0x61, 0x08, 0x61, 0x08, 0x61, 0x08, 0x61, 0x08, 0x61, 0x08,
    0x61, 0x08, 0x61, 0x08, 0x61, 0x08, 0x61, 0x08, 0x61, 0x08, 0x61, 0x08, 0x61, 0x08, 0x61, 0x08,
    0x61, 0x08, 0x61, 0x08, 0x61, 0x08, 0x61, 0x08, 0x61, 0x08, 0x61, 0x08, 0x61, 0x08, 0x61, 0x08,
    0x61, 0x08, 0x61, 0x08, 0x61, 0x08, 0x61, 0x08, 0x61, 0x08, 0x61, 0x08, 0x61, 0x08, 0x61, 0x08,
    0x61, 0x08, 0x61, 0x08, 0x61, 0x08, 0x61, 0x08, 0x61, 0x08, 0x61, 0x08, 0x61, 0x08, 0x61, 0x08,
    0x61, 0x08, 0x61, 0x08, 0x61, 0x08, 0x61, 0x08, 0x61, 0x08, 0x61, 0x08, 0x61, 0x08, 0x61, 0x08,
    0x61, 0x08, 0x61, 0x08, 0x61, 0x08, 0x61, 0x08, 0x61, 0x08, 0x61, 0x08, 0x61, 0x08, 0x61, 0x08,
    0x61, 0x08, 0x61, 0x08, 0x61, 0x08, 0x61, 0x08, 0x61, 0x08, 0x61, 0x08, 0x61, 0x08, 0x61, 0x08,
    0x61, 0x08, 0x61, 0x08, 0x61, 0x08, 0x61, 0x08, 0x61, 0x08, 0x61, 0x08, 0x61, 0x08, 0x61, 0x08,
    0x61, 0x08, 0x61, 0x08, 0x61, 0x08, 0x61, 0x08, 0x61, 0x08, 0x61, 0x08, 0x61, 0x08, 0x61, 0x08,
    0x61, 0x08, 0x61, 0x08, 0x61, 0x08, 0x61, 0x08, 0x61, 0x08, 0x61, 0x08, 0x61, 0x08, 0x61, 0x08,
    0x61, 0x08, 0x61, 0x08, 0x61, 0x08, 0x61, 0x08, 0x61, 0x08, 0x61, 0x08, 0x61, 0x08, 0x61, 0x08,
    0x61, 0x08, 0x61, 0x08, 0x82, 0x10, 0xd0, 0x81, 0x1c, 0xe3, 0x5f, 0xfb, 0x5f, 0xfb, 0x5f, 0xfb,
    0x5f, 0xfb, 0x5f, 0xfb, 0x5f, 0xfb, 0x5f, 0xfb, 0x5f, 0xfb, 0x5f, 0xfb, 0x5f, 0xfb, 0x5f, 0xfb,
    0x5f, 0xfb, 0x5f, 0xfb, 0x5f, 0xfb, 0x5f, 0xfb, 0x5f, 0xfb, 0x5f, 0xfb, 0x5f, 0xfb, 0x5f, 0xfb,
    0x5f, 0xfb, 0x5f, 0xfb, 0x5f, 0xfb, 0x5f, 0xfb, 0x5f, 0xfb, 0x5f, 0xfb, 0x5f, 0xfb, 0x5f, 0xfb,
    0x5f, 0xfb, 0x5f, 0xfb, 0x5f, 0xfb, 0x5f, 0xfb, 0x5f, 0xfb, 0x5f, 0xfb, 0x5f, 0xfb, 0x5f, 0xfb,
    0x5f, 0xfb, 0x5f, 0xfb, 0x5f, 0xfb, 0x5f, 0xfb, 0x5f, 0xfb, 0x5f, 0xfb, 0x5f, 0xfb, 0x5f, 0xfb,
    0x5f, 0xfb, 0x5f, 0xfb, 0x5f, 0xfb, 0x5f, 0xfb, 0x5f, 0xfb, 0x5f, 0xfb, 0x5f, 0xfb, 0x5f, 0xfb,
    0x5f, 0xfb, 0x5f, 0xfb, 0x5f, 0xfb, 0x5f, 0xfb, 0x5f, 0xfb, 0x5f, 0xfb, 0x5f, 0xfb, 0x5f, 0xfb,
    0x5f, 0xfb, 0x5f, 0xfb, 0x5f, 0xfb, 0x5f, 0xfb, 0x5f, 0xfb, 0x5f, 0xfb, 0x5f, 0xfb, 0x5f, 0xfb,
    0x5f, 0xfb, 0x5f, 0xfb, 0x5f, 0xfb, 0x5f, 0xfb, 0x5f, 0xfb, 0x5f, 0xfb, 0x5f, 0xfb, 0x5f, 0xfb,
    0x5f, 0xfb, 0x5f, 0xfb, 0x5f, 0xfb, 0x5f, 0xfb, 0x5f, 0xfb, 0x5f, 0xfb, 0x5f, 0xfb, 0x5f, 0xfb,
    0x5f, 0xfb, 0x5f, 0xfb, 0x5f, 0xfb, 0x5f, 0xfb, 0x5f, 0xfb, 0x5f, 0xfb, 0x5f, 0xfb, 0x5f, 0xfb,
    0x5f, 0xfb, 0x5f, 0xfb, 0x5f, 0xfb, 0x5f, 0xfb, 0x5f, 0xfb, 0x5f, 0xfb, 0x5f, 0xfb, 0x5f, 0xfb,
    0x5f, 0xfb, 0x5f, 0xfb, 0xfc, 0xe2, 0xd1, 0x89, 0x83, 0x10, 0x61, 0x08, 0x61, 0x08, 0x61, 0x08,
    0x61, 0x08, 0x61, 0x08, 0x61, 0x08, 0x61, 0x08, 0x61, 0x08, 0x61, 0x08, 0x61, 0x08, 0x61, 0x08,
    0x61, 0x08, 0x61, 0x08, 0x61, 0x08, 0x61, 0x08, 0x61, 0x08, 0x61, 0x08, 0x61, 0x08, 0x61, 0x08,
    0x61, 0x08, 0x61, 0x08, 0x61, 0x08, 0x61, 0x08, 0x61, 0x08, 0x61, 0x08, 0x61, 0x08, 0x61, 0x08,
    0x61, 0x08, 0x61, 0x08, 0x61, 0x08, 0x61, 0x08, 0x61, 0x08, 0x61, 0x08, 0x61, 0x08, 0x61, 0x08,
    0x61, 0x08, 0x61, 0x08, 0x61, 0x08, 0x61, 0x08, 0x61, 0x08, 0x61, 0x08, 0x61, 0x08, 0x61, 0x08,
    0x61, 0x08, 0x61, 0x08, 0x61, 0x08, 0x61, 0x08, 0x61, 0x08, 0x61, 0x08, 0x61, 0x08, 0x61, 0x08,
    0x61, 0x08, 0x61, 0x08, 0x61, 0x08, 0x61, 0x08, 0x61, 0x08, 0x61, 0x08, 0x61, 0x08, 0x61, 0x08,
    0x61, 0x08, 0x61, 0x08, 0x61, 0x08, 0x61, 0x08, 0x61, 0x08, 0x61, 0x08, 0x61, 0x08, 0x61, 0x08,
    0x61, 0x08, 0x61, 0x08, 0x61, 0x08, 0x61, 0x08, 0x61, 0x08, 0x61, 0x08, 0x61, 0x08, 0x61, 0x08,
    0x61, 0x08, 0x61, 0x08, 0x61, 0x08, 0x61, 0x08, 0x61, 0x08, 0x61, 0x08, 0x61, 0x08, 0x61, 0x08,
    0x61, 0x08, 0x61, 0x08, 0x61, 0x08, 0x61, 0x08, 0x61, 0x08, 0x61, 0x08, 0x61, 0x08, 0x61, 0x08,
    0x61, 0x08, 0x61, 0x08, 0x61, 0x08, 0x61, 0x08, 0x61, 0x08, 0x61, 0x08, 0x61, 0x08, 0x61, 0x08,
    0x61, 0x08, 0x61, 0x08, 0x61, 0x08, 0x61, 0x08, 0x61, 0x08, 0x61, 0x08, 0x61, 0x08, 0x61, 0x08,
    0x61, 0x08, 0x61, 0x08, 0x61, 0x08, 0x61, 0x08, 0x61, 0x08, 0x61, 0x08, 0x61, 0x08, 0x61, 0x08,
    0x61, 0x08, 0x61, 0x08, 0x61, 0x08, 0x61, 0x08, 0x61, 0x08, 0x61, 0x08, 0x61, 0x08, 0x61, 0x08,
    0x61, 0x08, 0x61, 0x08, 0x61, 0x08, 0x61, 0x08, 0x61, 0x08, 0x61, 0x08, 0x61, 0x08, 0x61, 0x08,
    0x61, 0x08, 0x61, 0x08, 0x61, 0x08, 0x82, 0x10, 0xf1, 0x91, 0xfc, 0xe2, 0x5f, 0xfb, 0x5f, 0xfb,
    0x5f, 0xfb, 0x5f, 0xfb, 0x5f, 0xfb, 0x5f, 0xfb, 0x5f, 0xfb, 0x5f, 0xfb, 0x5f, 0xfb, 0x5f, 0xfb,
    0x5f, 0xfb, 0x5f, 0xfb, 0x5f, 0xfb, 0x5f, 0xfb, 0x5f, 0xfb, 0x5f, 0xfb, 0x5f, 0xfb, 0x5f, 0xfb,
    0x5f, 0xfb, 0x5f, 0xfb, 0x5f, 0xfb, 0x5f, 0xfb, 0x5f, 0xfb, 0x5f, 0xfb, 0x5f, 0xfb, 0x5f, 0xfb,
    0x5f, 0xfb, 0x5f, 0xfb, 0x5f, 0xfb, 0x5f, 0xfb, 0x5f, 0xfb, 0x5f, 0xfb, 0x5f, 0xfb, 0x5f, 0xfb,
    0x5f, 0xfb, 0x5f, 0xfb, 0x5f, 0xfb, 0x5f, 0xfb, 0x5f, 0xfb, 0x5f, 0xfb, 0x5f, 0xfb, 0x5f, 0xfb,
    0x5f, 0xfb, 0x5f, 0xfb, 0x5f, 0xfb, 0x5f, 0xfb, 0x5f, 0xfb, 0x5f, 0xfb, 0x5f, 0xfb, 0x5f, 0xfb,
    0x5f, 0xfb, 0x5f, 0xfb, 0x5f, 0xfb, 0x5f, 0xfb, 0x5f, 0xfb, 0x5f, 0xfb, 0x5f, 0xfb, 0x5f, 0xfb,
    0x5f, 0xfb, 0x5f, 0xfb, 0x5f, 0xfb, 0x5f, 0xfb, 0x5f, 0xfb, 0x5f, 0xfb, 0x5f, 0xfb, 0x5f, 0xfb,
    0x5f, 0xfb, 0x5f, 0xfb, 0x5f, 0xfb, 0x5f, 0xfb, 0x5f, 0xfb, 0x5f, 0xfb, 0x5f, 0xfb, 0x5f, 0xfb,
    0x5f, 0xfb, 0x5f, 0xfb, 0x5f, 0xfb, 0x5f, 0xfb, 0x5f, 0xfb, 0x5f, 0xfb, 0x5f, 0xfb, 0x5f, 0xfb,
    0x5f, 0xfb, 0x5f, 0xfb, 0x5f, 0xfb, 0x5f, 0xfb, 0x5f, 0xfb, 0x5f, 0xfb, 0x5f, 0xfb, 0x5f, 0xfb,
    0x5f, 0xfb, 0x5f, 0xfb, 0x5f, 0xfb, 0x5f, 0xfb, 0x5f, 0xfb, 0x5f, 0xfb, 0x5f, 0xfb, 0x5f, 0xfb,
    0x5f, 0xfb, 0xfc, 0xe2, 0x13, 0x9a, 0x83, 0x10, 0x61, 0x08, 0x61, 0x08, 0x61, 0x08, 0x61, 0x08,
    0x61, 0x08, 0x61, 0x08, 0x61, 0x08, 0x61, 0x08, 0x61, 0x08, 0x61, 0x08, 0x61, 0x08, 0x61, 0x08,
    0x61, 0x08, 0x61, 0x08, 0x61, 0x08, 0x61, 0x08, 0x61, 0x08, 0x61, 0x08, 0x61, 0x08, 0x61, 0x08,
    0x61, 0x08, 0x61, 0x08, 0x61, 0x08, 0x61, 0x08, 0x61, 0x08, 0x61, 0x08, 0x61, 0x08, 0x61, 0x08,
    0x61, 0x08, 0x61, 0x08, 0x61, 0x08, 0x61, 0x08, 0x61, 0x08, 0x61, 0x08, 0x61, 0x08, 0x61, 0x08,
    0x61, 0x08, 0x61, 0x08, 0x61, 0x08, 0x61, 0x08, 0x61, 0x08, 0x61, 0x08, 0x61, 0x08, 0x61, 0x08,
    0x61, 0x08, 0x61, 0x08, 0x61, 0x08, 0x61, 0x08, 0x61, 0x08, 0x61, 0x08, 0x61, 0x08, 0x61, 0x08,
    0x61, 0x08, 0x61, 0x08, 0x61, 0x08, 0x61, 0x08, 0x61, 0x08, 0x61, 0x08, 0x61, 0x08, 0x61, 0x08,
    0x61, 0x08, 0x61, 0x08, 0x61, 0x08, 0x61, 0x08, 0x61, 0x08, 0x61, 0x08, 0x61, 0x08, 0x61, 0x08,
    0x61, 0x08, 0x61, 0x08, 0x61, 0x08, 0x61, 0x08, 0x61, 0x08, 0x61, 0x08, 0x61, 0x08, 0x61, 0x08,
    0x61, 0x08, 0x61, 0x08, 0x61, 0x08, 0x61, 0x08, 0x61, 0x08, 0x61, 0x08, 0x61, 0x08, 0x61, 0x08,
    0x61, 0x08, 0x61, 0x08, 0x61, 0x08, 0x61, 0x08, 0x61, 0x08, 0x61, 0x08, 0x61, 0x08, 0x61, 0x08,
    0x61, 0x08, 0x61, 0x08, 0x61, 0x08, 0x61, 0x08, 0x61, 0x08, 0x61, 0x08, 0x61, 0x08, 0x61, 0x08,
    0x61, 0x08, 0x61, 0x08, 0x61, 0x08, 0x61, 0x08, 0x61, 0x08, 0x61, 0x08, 0x61, 0x08, 0x61, 0x08,
    0x61, 0x08, 0x61, 0x08, 0x61, 0x08, 0x61, 0x08, 0x61, 0x08, 0x61, 0x08, 0x61, 0x08, 0x61, 0x08,
    0x61, 0x08, 0x61, 0x08, 0x61, 0x08, 0x61, 0x08, 0x61, 0x08, 0x61, 0x08, 0x61, 0x08, 0x61, 0x08,
    0x61, 0x08, 0x61, 0x08, 0x61, 0x08, 0x61, 0x08, 0x61, 0x08, 0x61, 0x08, 0x61, 0x08, 0x61, 0x08,
    0x61, 0x08, 0x61, 0x08, 0x61, 0x08, 0x61, 0x08, 0x82, 0x10, 0xf1, 0x91, 0xfc, 0xe2, 0x5f, 0xfb,
    0x5f, 0xfb, 0x5f, 0xfb, 0x5f, 0xfb, 0x5f, 0xfb, 0x5f, 0xfb, 0x5f, 0xfb, 0x5f, 0xfb, 0x5f, 0xfb,
    0x5f, 0xfb, 0x5f, 0xfb, 0x5f, 0xfb, 0x5f, 0xfb, 0x5f, 0xfb, 0x5f, 0xfb, 0x5f, 0xfb, 0x5f, 0xfb,
    0x5f, 0xfb, 0x5f, 0xfb, 0x5f, 0xfb, 0x5f, 0xfb, 0x5f, 0xfb, 0x5f, 0xfb, 0x5f, 0xfb, 0x5f, 0xfb,
    0x5f, 0xfb, 0x5f, 0xfb, 0x5f, 0xfb, 0x5f, 0xfb, 0x5f, 0xfb, 0x5f, 0xfb, 0x5f, 0xfb, 0x5f, 0xfb,
    0x5f, 0xfb, 0x5f, 0xfb, 0x5f, 0xfb, 0x5f, 0xfb, 0x5f, 0xfb, 0x5f, 0xfb, 0x5f, 0xfb, 0x5f, 0xfb,
    0x5f, 0xfb, 0x5f, 0xfb, 0x5f, 0xfb, 0x5f, 0xfb, 0x5f, 0xfb, 0x5f, 0xfb, 0x5f, 0xfb, 0x5f, 0xfb,
    0x5f, 0xfb, 0x5f, 0xfb, 0x5f, 0xfb, 0x5f, 0xfb, 0x5f, 0xfb, 0x5f, 0xfb, 0x5f, 0xfb, 0x5f, 0xfb,
    0x5f, 0xfb, 0x5f, 0xfb, 0x5f, 0xfb, 0x5f, 0xfb, 0x5f, 0xfb, 0x5f, 0xfb, 0x5f, 0xfb, 0x5f, 0xfb,
    0x5f, 0xfb, 0x5f, 0xfb, 0x5f, 0xfb, 0x5f, 0xfb, 0x5f, 0xfb, 0x5f, 0xfb, 0x5f, 0xfb, 0x5f, 0xfb,
    0x5f, 0xfb, 0x5f, 0xfb, 0x5f, 0xfb, 0x5f, 0xfb, 0x5f, 0xfb, 0x5f, 0xfb, 0x5f, 0xfb, 0x5f, 0xfb,
    0x5f, 0xfb, 0x5f, 0xfb, 0x5f, 0xfb, 0x5f, 0xfb, 0x5f, 0xfb, 0x5f, 0xfb, 0x5f, 0xfb, 0x5f, 0xfb,
    0x5f, 0xfb, 0x5f, 0xfb, 0x5f, 0xfb, 0x5f, 0xfb, 0x5f, 0xfb, 0x5f, 0xfb, 0x5f, 0xfb, 0x5f, 0xfb,
    0xfd, 0xea, 0xd1, 0x89, 0x83, 0x10, 0x61, 0x08, 0x61, 0x08, 0x61, 0x08, 0x61, 0x08, 0x61, 0x08,
    0x61, 0x08, 0x61, 0x08, 0x61, 0x08, 0x61, 0x08, 0x61, 0x08, 0x61, 0x08, 0x61, 0x08, 0x61, 0x08,
    0x61, 0x08, 0x61, 0x08, 0x61, 0x08, 0x61, 0x08, 0x61, 0x08, 0x61, 0x08, 0x61, 0x08, 0x61, 0x08,
    0x61, 0x08, 0x61, 0x08, 0x61, 0x08, 0x61, 0x08, 0x61, 0x08, 0x61, 0x08, 0x61, 0x08, 0x61, 0x08,
    0x61, 0x08, 0x61, 0x08, 0x61, 0x08, 0x61, 0x08, 0x61, 0x08, 0x61, 0x08, 0x61, 0x08, 0x61, 0x08,
    0x61, 0x08, 0x61, 0x08, 0x61, 0x08, 0x61, 0x08, 0x61, 0x08, 0x61, 0x08, 0x61, 0x08, 0x61, 0x08,
    0x61, 0x08, 0x61, 0x08, 0x61, 0x08, 0x61, 0x08, 0x61, 0x08, 0x61, 0x08, 0x61, 0x08, 0x61, 0x08,
    0x61, 0x08, 0x61, 0x08, 0x61, 0x08, 0x61, 0x08, 0x61, 0x08, 0x61, 0x08, 0x61, 0x08, 0x61, 0x08,
    0x61, 0x08, 0x61, 0x08, 0x61, 0x08, 0x61, 0x08, 0x61, 0x08, 0x61, 0x08, 0x61, 0x08, 0x61, 0x08,
    0x61, 0x08, 0x61, 0x08, 0x61, 0x08, 0x61, 0x08, 0x61, 0x08, 0x61, 0x08, 0x61, 0x08, 0x61, 0x08,
    0x61, 0x08, 0x61, 0x08, 0x61, 0x08, 0x61, 0x08, 0x61, 0x08, 0x61, 0x08, 0x61, 0x08, 0x61, 0x08,
    0x61, 0x08, 0x61, 0x08, 0x61, 0x08, 0x61, 0x08, 0x61, 0x08, 0x61, 0x08, 0x61, 0x08, 0x61, 0x08,
    0x61, 0x08, 0x61, 0x08, 0x61, 0x08, 0x61, 0x08, 0x61, 0x08, 0x61, 0x08, 0x61, 0x08, 0x61, 0x08,
    0x61, 0x08, 0x61, 0x08, 0x61, 0x08, 0x61, 0x08, 0x61, 0x08, 0x61, 0x08, 0x61, 0x08, 0x61, 0x08,
    0x61, 0x08, 0x61, 0x08, 0x61, 0x08, 0x61, 0x08, 0x61, 0x08, 0x61, 0x08, 0x61, 0x08, 0x61, 0x08,
    0x61, 0x08, 0x61, 0x08, 0x61, 0x08, 0x61, 0x08, 0x61, 0x08, 0x61, 0x08, 0x61, 0x08, 0x61, 0x08,
    0x61, 0x08, 0x61, 0x08, 0x61, 0x08, 0x61, 0x08, 0x61, 0x08, 0x61, 0x08, 0x61, 0x08, 0x61, 0x08,
    0x61, 0x08, 0x61, 0x08, 0x61, 0x08, 0x61, 0x08, 0x61, 0x08, 0x82, 0x10, 0xf1, 0x91, 0xfc, 0xe2,
    0x5f, 0xfb, 0x5f, 0xfb, 0x5f, 0xfb, 0x5f, 0xfb, 0x5f, 0xfb, 0x5f, 0xfb, 0x5f, 0xfb, 0x5f, 0xfb,
    0x5f, 0xfb, 0x5f, 0xfb, 0x5f, 0xfb, 0x5f, 0xfb, 0x5f, 0xfb, 0x5f, 0xfb, 0x5f, 0xfb, 0x5f, 0xfb,
    0x5f, 0xfb, 0x5f, 0xfb, 0x5f, 0xfb, 0x5f, 0xfb, 0x5f, 0xfb, 0x5f, 0xfb, 0x5f, 0xfb, 0x5f, 0xfb,
    0x5f, 0xfb, 0x5f, 0xfb, 0x5f, 0xfb, 0x5f, 0xfb, 0x5f, 0xfb, 0x5f, 0xfb, 0x5f, 0xfb, 0x5f, 0xfb,
    0x5f, 0xfb, 0x5f, 0xfb, 0x5f, 0xfb, 0x5f, 0xfb, 0x5f, 0xfb, 0x5f, 0xfb, 0x5f, 0xfb, 0x5f, 0xfb,
    0x5f, 0xfb, 0x5f, 0xfb, 0x5f, 0xfb, 0x5f, 0xfb, 0x5f, 0xfb, 0x5f, 0xfb, 0x5f, 0xfb, 0x5f, 0xfb,
    0x5f, 0xfb, 0x5f, 0xfb, 0x5f, 0xfb, 0x5f, 0xfb, 0x5f, 0xfb, 0x5f, 0xfb, 0x5f, 0xfb, 0x5f, 0xfb,
    0x5f, 0xfb, 0x5f, 0xfb, 0x5f, 0xfb, 0x5f, 0xfb, 0x5f, 0xfb, 0x5f, 0xfb, 0x5f, 0xfb, 0x5f, 0xfb,
    0x5f, 0xfb, 0x5f, 0xfb, 0x5f, 0xfb, 0x5f, 0xfb, 0x5f, 0xfb, 0x5f, 0xfb, 0x5f, 0xfb, 0x5f, 0xfb,
    0x5f, 0xfb, 0x5f, 0xfb, 0x5f, 0xfb, 0x5f, 0xfb, 0x5f, 0xfb, 0x5f, 0xfb, 0x5f, 0xfb, 0x5f, 0xfb,
    0x5f, 0xfb, 0x5f, 0xfb, 0x5f, 0xfb, 0x5f, 0xfb, 0x5f, 0xfb, 0x5f, 0xfb, 0x5f, 0xfb, 0x5f, 0xfb,
    0x5f, 0xfb, 0x5f, 0xfb, 0x5f, 0xfb, 0x5f, 0xfb, 0x5f, 0xfb, 0x5f, 0xfb, 0x5f, 0xfb, 0xfd, 0xea,
    0x13, 0x9a, 0x83, 0x18, 0x61, 0x08, 0x61, 0x08, 0x61, 0x08, 0x61, 0x08, 0x61, 0x08, 0x61, 0x08,
    0x61, 0x08, 0x61, 0x08, 0x61, 0x08, 0x61, 0x08, 0x61, 0x08, 0x61, 0x08, 0x61, 0x08, 0x61, 0x08,
    0x61, 0x08, 0x61, 0x08, 0x61, 0x08, 0x61, 0x08, 0x61, 0x08, 0x61, 0x08, 0x61, 0x08, 0x61, 0x08,
    0x61, 0x08, 0x61, 0x08, 0x61, 0x08, 0x61, 0x08, 0x61, 0x08, 0x61, 0x08, 0x61, 0x08, 0x61, 0x08,
    0x61, 0x08, 0x61, 0x08, 0x61, 0x08, 0x61, 0x08, 0x61, 0x08, 0x61, 0x08, 0x61, 0x08, 0x61, 0x08,
    0x61, 0x08, 0x61, 0x08, 0x61, 0x08, 0x61, 0x08, 0x61, 0x08, 0x61, 0x08, 0x61, 0x08, 0x61, 0x08,
    0x61, 0x08, 0x61, 0x08, 0x61, 0x08, 0x61, 0x08, 0x61, 0x08, 0x61, 0x08, 0x61, 0x08, 0x61, 0x08,
    0x61, 0x08, 0x61, 0x08, 0x61, 0x08, 0x61, 0x08, 0x61, 0x08, 0x61, 0x08, 0x61, 0x08, 0x61, 0x08,
    0x61, 0x08, 0x61, 0x08, 0x61, 0x08, 0x61, 0x08, 0x61, 0x08, 0x61, 0x08, 0x61, 0x08, 0x61, 0x08,
    0x61, 0x08, 0x61, 0x08, 0x61, 0x08, 0x61, 0x08, 0x61, 0x08, 0x61, 0x08, 0x61, 0x08, 0x61, 0x08,
    0x61, 0x08, 0x61, 0x08, 0x61, 0x08, 0x61, 0x08, 0x61, 0x08, 0x61, 0x08, 0x61, 0x08, 0x61, 0x08,
    0x61, 0x08, 0x61, 0x08, 0x61, 0x08, 0x61, 0x08, 0x61, 0x08, 0x61, 0x08, 0x61, 0x08, 0x61, 0x08,
    0x61, 0x08, 0x61, 0x08, 0x61, 0x08, 0x61, 0x08, 0x61, 0x08, 0x61, 0x08, 0x61, 0x08, 0x61, 0x08,
    0x61, 0x08, 0x61, 0x08, 0x61, 0x08, 0x61, 0x08, 0x61, 0x08, 0x61, 0x08, 0x61, 0x08, 0x61, 0x08,
    0x61, 0x08, 0x61, 0x08, 0x61, 0x08, 0x61, 0x08, 0x61, 0x08, 0x61, 0x08, 0x61, 0x08, 0x61, 0x08,
    0x61, 0x08, 0x61, 0x08, 0x61, 0x08, 0x61, 0x08, 0x61, 0x08, 0x61, 0x08, 0x61, 0x08, 0x61, 0x08,
    0x61, 0x08, 0x61, 0x08, 0x61, 0x08, 0x61, 0x08, 0x61, 0x08, 0x61, 0x08, 0x61, 0x08, 0x61, 0x08,
    0x61, 0x08, 0x61, 0x08, 0x61, 0x08, 0x61, 0x08, 0x61, 0x08, 0x61, 0x08, 0x82, 0x10, 0xf1, 0x91,
    0xfc, 0xe2, 0x5f, 0xfb, 0x5f, 0xfb, 0x5f, 0xfb, 0x5f, 0xfb, 0x5f, 0xfb, 0x5f, 0xfb, 0x5f, 0xfb,
    0x5f, 0xfb, 0x5f, 0xfb, 0x5f, 0xfb, 0x5f, 0xfb, 0x5f, 0xfb, 0x5f, 0xfb, 0x5f, 0xfb, 0x5f, 0xfb,
    0x5f, 0xfb, 0x5f, 0xfb, 0x5f, 0xfb, 0x5f, 0xfb, 0x5f, 0xfb, 0x5f, 0xfb, 0x5f, 0xfb, 0x5f, 0xfb,
    0x5f, 0xfb, 0x5f, 0xfb, 0x5f, 0xfb, 0x5f, 0xfb, 0x5f, 0xfb, 0x3e, 0xf3, 0xfd, 0xe2, 0x1d, 0xeb,
    0x1d, 0xeb, 0xfd, 0xea, 0xfd, 0xea, 0xfd, 0xea, 0xfd, 0xea, 0xfd, 0xea, 0xfd, 0xe2, 0x1d, 0xeb,
    0x1d, 0xeb, 0x1d, 0xeb, 0x1d, 0xeb, 0x1d, 0xeb, 0x1d, 0xeb, 0x1d, 0xeb, 0x1d, 0xeb, 0x1d, 0xeb,
    0x1d, 0xeb, 0x1d, 0xeb, 0x1d, 0xeb, 0xfd, 0xea, 0xfd, 0xea, 0xfd, 0xea, 0xfd, 0xea, 0xfd, 0xea,
    0xfd, 0xea, 0xfd, 0xea, 0xfd, 0xea, 0xfd, 0xea, 0xfd, 0xe2, 0x1d, 0xeb, 0x1d, 0xeb, 0x1d, 0xeb,
    0x1d, 0xeb, 0x1d, 0xeb, 0x1f, 0xfb, 0x5f, 0xfb, 0x5f, 0xfb, 0x5f, 0xfb, 0x5f, 0xfb, 0x5f, 0xfb,
    0x5f, 0xfb, 0x5f, 0xfb, 0x5f, 0xfb, 0x5f, 0xfb, 0x5f, 0xfb, 0x5f, 0xfb, 0x5f, 0xfb, 0x5f, 0xfb,
    0x5f, 0xfb, 0x5f, 0xfb, 0x5f, 0xfb, 0x5f, 0xfb, 0x5f, 0xfb, 0x5f, 0xfb, 0x5f, 0xfb, 0x5f, 0xfb,
    0x5f, 0xfb, 0x5f, 0xfb, 0x5f, 0xfb, 0x5f, 0xfb, 0x5f, 0xfb, 0x5f, 0xfb, 0xfd, 0xea, 0x13, 0x9a,
    0x83, 0x18, 0x61, 0x08, 0x61, 0x08, 0x61, 0x08, 0x61, 0x08, 0x61, 0x08, 0x61, 0x08, 0x61, 0x08,
    0x61, 0x08, 0x61, 0x08, 0x61, 0x08, 0x61, 0x08, 0x61, 0x08, 0x61, 0x08, 0x61, 0x08, 0x61, 0x08,
    0x61, 0x08, 0x61, 0x08, 0x61, 0x08, 0x61, 0x08, 0x61, 0x08, 0x61, 0x08, 0x61, 0x08, 0x61, 0x08,
    0x61, 0x08, 0x61, 0x08, 0x61, 0x08, 0x61, 0x08, 0x61, 0x08, 0x61, 0x08, 0x61, 0x08, 0x61, 0x08,
    0x61, 0x08, 0x61, 0x08, 0x61, 0x08, 0x61, 0x08, 0x61, 0x08, 0x61, 0x08, 0x61, 0x08, 0x61, 0x08,
    0x61, 0x08, 0x61, 0x08, 0x61, 0x08, 0x61, 0x08, 0x61, 0x08, 0x61, 0x08, 0x61, 0x08, 0x61, 0x08,
    0x61, 0x08, 0x61, 0x08, 0x61, 0x08, 0x61, 0x08, 0x61, 0x08, 0x61, 0x08, 0x61, 0x08, 0x61, 0x08,
    0x61, 0x08, 0x61, 0x08, 0x61, 0x08, 0x61, 0x08, 0x61, 0x08, 0x61, 0x08, 0x61, 0x08, 0x61, 0x08,
    0x61, 0x08, 0x61, 0x08, 0x61, 0x08, 0x61, 0x08, 0x61, 0x08, 0x61, 0x08, 0x61, 0x08, 0x61, 0x08,
    0x61, 0x08, 0x61, 0x08, 0x61, 0x08, 0x61, 0x08, 0x61, 0x08, 0x61, 0x08, 0x61, 0x08, 0x61, 0x08,
    0x61, 0x08, 0x61, 0x08, 0x61, 0x08, 0x61, 0x08, 0x61, 0x08, 0x61, 0x08, 0x61, 0x08, 0x61, 0x08,
    0x61, 0x08, 0x61, 0x08, 0x61, 0x08, 0x61, 0x08, 0x61, 0x08, 0x61, 0x08, 0x61, 0x08, 0x61, 0x08,
    0x61, 0x08, 0x61, 0x08, 0x61, 0x08, 0x61, 0x08, 0x61, 0x08, 0x61, 0x08, 0x61, 0x08, 0x61, 0x08,
    0x61, 0x08, 0x61, 0x08, 0x61, 0x08, 0x61, 0x08, 0x61, 0x08, 0x61, 0x08, 0x61, 0x08, 0x61, 0x08,
    0x61, 0x08, 0x61, 0x08, 0x61, 0x08, 0x61, 0x08, 0x61, 0x08, 0x61, 0x08, 0x61, 0x08, 0x61, 0x08,
    0x61, 0x08, 0x61, 0x08, 0x61, 0x08, 0x61, 0x08, 0x61, 0x08, 0x61, 0x08, 0x61, 0x08, 0x61, 0x08,
    0x61, 0x08, 0x61, 0x08, 0x61, 0x08, 0x61, 0x08, 0x61, 0x08, 0x61, 0x08, 0x61, 0x08, 0x61, 0x08,
    0x61, 0x08, 0x61, 0x08, 0x61, 0x08, 0x61, 0x08, 0x61, 0x08, 0x61, 0x08, 0x61, 0x08, 0x83, 0x10,
    0xf1, 0x91, 0xfc, 0xe2, 0x5f, 0xfb, 0x5f, 0xfb, 0x5f, 0xfb, 0x5f, 0xfb, 0x5f, 0xfb, 0x5f, 0xfb,
    0x5f, 0xfb, 0x5f, 0xfb, 0x5f, 0xfb, 0x5f, 0xfb, 0x5f, 0xfb, 0x5f, 0xfb, 0x5f, 0xfb, 0x5f, 0xfb,
    0x5f, 0xfb, 0x5f, 0xfb, 0x5f, 0xfb, 0x5f, 0xfb, 0x5f, 0xfb, 0x5f, 0xfb, 0x5f, 0xfb, 0x5f, 0xfb,
    0x5f, 0xfb, 0x5f, 0xfb, 0x5f, 0xfb, 0x5f, 0xfb, 0x5f, 0xfb, 0xfc, 0xda, 0xd1, 0x89, 0xf2, 0x91,
    0xf1, 0x91, 0xd0, 0x81, 0xd0, 0x81, 0xd0, 0x81, 0xd0, 0x81, 0xd0, 0x81, 0xf1, 0x91, 0xf2, 0x91,
    0xf2, 0x91, 0xf2, 0x91, 0xf2, 0x91, 0xf2, 0x91, 0xf2, 0x91, 0xf2, 0x91, 0xf2, 0x91, 0xf2, 0x91,
    0xf2, 0x91, 0xf2, 0x91, 0xf1, 0x91, 0xd0, 0x81, 0xd0, 0x81, 0xd0, 0x81, 0xd0, 0x81, 0xd0, 0x81,
    0xd0, 0x81, 0xd0, 0x81, 0xd0, 0x81, 0xd0, 0x81, 0xd1, 0x89, 0xf2, 0x91, 0xf2, 0x91, 0xf1, 0x91,
    0x13, 0x9a, 0x98, 0xba, 0x3e, 0xf3, 0x5f, 0xfb, 0x5f, 0xfb, 0x5f, 0xfb, 0x5f, 0xfb, 0x5f, 0xfb,
    0x5f, 0xfb, 0x5f, 0xfb, 0x5f, 0xfb, 0x5f, 0xfb, 0x5f, 0xfb, 0x5f, 0xfb, 0x5f, 0xfb, 0x5f, 0xfb,
    0x5f, 0xfb, 0x5f, 0xfb, 0x5f, 0xfb, 0x5f, 0xfb, 0x5f, 0xfb, 0x5f, 0xfb, 0x5f, 0xfb, 0x5f, 0xfb,
    0x5f, 0xfb, 0x5f, 0xfb, 0x5f, 0xfb, 0x5f, 0xfb, 0x5f, 0xfb, 0xfd, 0xea, 0x13, 0x9a, 0x84, 0x20,
    0x61, 0x08, 0x61, 0x08, 0x61, 0x08, 0x61, 0x08, 0x61, 0x08, 0x61, 0x08, 0x61, 0x08, 0x61, 0x08,
    0x61, 0x08, 0x61, 0x08, 0x61, 0x08, 0x61, 0x08, 0x61, 0x08, 0x61, 0x08, 0x61, 0x08, 0x61, 0x08,
    0x61, 0x08, 0x61, 0x08, 0x61, 0x08, 0x61, 0x08, 0x61, 0x08, 0x61, 0x08, 0x61, 0x08, 0x61, 0x08,
    0x61, 0x08, 0x61, 0x08, 0x61, 0x08, 0x61, 0x08, 0x61, 0x08, 0x61, 0x08, 0x61, 0x08, 0x61, 0x08,
    0x61, 0x08, 0x61, 0x08, 0x61, 0x08, 0x61, 0x08, 0x61, 0x08, 0x61, 0x08, 0x61, 0x08, 0x61, 0x08,
    0x61, 0x08, 0x61, 0x08, 0x61, 0x08, 0x61, 0x08, 0x61, 0x08, 0x61, 0x08, 0x61, 0x08, 0x61, 0x08,
    0x61, 0x08, 0x61, 0x08, 0x61, 0x08, 0x61, 0x08, 0x61, 0x08, 0x61, 0x08, 0x61, 0x08, 0x61, 0x08,
    0x61, 0x08, 0x61, 0x08, 0x61, 0x08, 0x61, 0x08, 0x61, 0x08, 0x61, 0x08, 0x61, 0x08, 0x61, 0x08,
    0x61, 0x08, 0x61, 0x08, 0x61, 0x08, 0x61, 0x08, 0x61, 0x08, 0x61, 0x08, 0x61, 0x08, 0x61, 0x08,
    0x61, 0x08, 0x61, 0x08, 0x61, 0x08, 0x61, 0x08, 0x61, 0x08, 0x61, 0x08, 0x61, 0x08, 0x61, 0x08,
    0x61, 0x08, 0x61, 0x08, 0x61, 0x08, 0x61, 0x08, 0x61, 0x08, 0x61, 0x08, 0x61, 0x08, 0x61, 0x08,
    0x61, 0x08, 0x61, 0x08, 0x61, 0x08, 0x61, 0x08, 0x61, 0x08, 0x61, 0x08, 0x61, 0x08, 0x61, 0x08,
    0x61, 0x08, 0x61, 0x08, 0x61, 0x08, 0x61, 0x08, 0x61, 0x08, 0x61, 0x08, 0x61, 0x08, 0x61, 0x08,
    0x61, 0x08, 0x61, 0x08, 0x61, 0x08, 0x61, 0x08, 0x61, 0x08, 0x61, 0x08, 0x61, 0x08, 0x61, 0x08,
    0x61, 0x08, 0x61, 0x08, 0x61, 0x08, 0x61, 0x08, 0x61, 0x08, 0x61, 0x08, 0x61, 0x08, 0x61, 0x08,
    0x61, 0x08, 0x61, 0x08, 0x61, 0x08, 0x61, 0x08, 0x61, 0x08, 0x61, 0x08, 0x61, 0x08, 0x61, 0x08,
    0x61, 0x08, 0x61, 0x08, 0x61, 0x08, 0x61, 0x08, 0x61, 0x08, 0x61, 0x08, 0x61, 0x08, 0x61, 0x08,
    0x61, 0x08, 0x61, 0x08, 0x61, 0x08, 0x61, 0x08, 0x61, 0x08, 0x61, 0x08, 0x61, 0x08, 0x61, 0x08,
    0x84, 0x20, 0xf1, 0x91, 0x1c, 0xe3, 0x5f, 0xfb, 0x5f, 0xfb, 0x5f, 0xfb, 0x5f, 0xfb, 0x5f, 0xfb,
    0x5f, 0xfb, 0x5f, 0xfb, 0x5f, 0xfb, 0x5f, 0xfb, 0x5f, 0xfb, 0x5f, 0xfb, 0x5f, 0xfb, 0x5f, 0xfb,
    0x5f, 0xfb, 0x5f, 0xfb, 0x5f, 0xfb, 0x5f, 0xfb, 0x5f, 0xfb, 0x5f, 0xfb, 0x5f, 0xfb, 0x5f, 0xfb,
    0x5f, 0xfb, 0x5f, 0xfb, 0x5f, 0xfb, 0x5f, 0xfb, 0x5f, 0xfb, 0xfd, 0xe2, 0xd1, 0x89, 0x61, 0x08,
    0x61, 0x08, 0x61, 0x08, 0x61, 0x08, 0x61, 0x08, 0x61, 0x08, 0x61, 0x08, 0x61, 0x08, 0x61, 0x08,
    0x61, 0x08, 0x61, 0x08, 0x61, 0x08, 0x61, 0x08, 0x61, 0x08, 0x61, 0x08, 0x61, 0x08, 0x61, 0x08,
    0x61, 0x08, 0x61, 0x08, 0x61, 0x08, 0x61, 0x08, 0x61, 0x08, 0x61, 0x08, 0x61, 0x08, 0x61, 0x08,
    0x61, 0x08, 0x61, 0x08, 0x61, 0x08, 0x61, 0x08, 0x61, 0x08, 0x61, 0x08, 0x61, 0x08, 0x61, 0x08,
    0xf2, 0x89, 0xfd, 0xe2, 0x5f, 0xfb, 0x5f, 0xfb, 0x5f, 0xfb, 0x5f, 0xfb, 0x5f, 0xfb, 0x5f, 0xfb,
    0x5f, 0xfb, 0x5f, 0xfb, 0x5f, 0xfb, 0x5f, 0xfb, 0x5f, 0xfb, 0x5f, 0xfb, 0x5f, 0xfb, 0x5f, 0xfb,
    0x5f, 0xfb, 0x5f, 0xfb, 0x5f, 0xfb, 0x5f, 0xfb, 0x5f, 0xfb, 0x5f, 0xfb, 0x5f, 0xfb, 0x5f, 0xfb,
    0x5f, 0xfb, 0x5f, 0xfb, 0x5f, 0xfb, 0x5f, 0xfb, 0xfc, 0xe2, 0x13, 0x9a, 0x84, 0x20, 0x61, 0x08,
    0x61, 0x08, 0x61, 0x08, 0x61, 0x08, 0x61, 0x08, 0x61, 0x08, 0x61, 0x08, 0x61, 0x08, 0x61, 0x08,
    0x61, 0x08, 0x61, 0x08, 0x61, 0x08, 0x61, 0x08, 0x61, 0x08, 0x61, 0x08, 0x61, 0x08, 0x61, 0x08,
    0x61, 0x08, 0x61, 0x08, 0x61, 0x08, 0x61, 0x08, 0x61, 0x08, 0x61, 0x08, 0x61, 0x08, 0x61, 0x08,
    0x61, 0x08, 0x61, 0x08, 0x61, 0x08, 0x61, 0x08, 0x61, 0x08, 0x61, 0x08, 0x61, 0x08, 0x61, 0x08,
    0x61, 0x08, 0x61, 0x08, 0x61, 0x08, 0x61, 0x08, 0x61, 0x08, 0x61, 0x08, 0x61, 0x08, 0x61, 0x08,
    0x61, 0x08, 0x61, 0x08, 0x61, 0x08, 0x61, 0x08, 0x61, 0x08, 0x61, 0x08, 0x61, 0x08, 0x61, 0x08,
    0x61, 0x08, 0x61, 0x08, 0x61, 0x08, 0x61, 0x08, 0x61, 0x08, 0x61, 0x08, 0x61, 0x08, 0x61, 0x08,
    0x61, 0x08, 0x61, 0x08, 0x61, 0x08, 0x61, 0x08, 0x61, 0x08, 0x61, 0x08, 0x61, 0x08, 0x61, 0x08,
    0x61, 0x08, 0x61, 0x08, 0x61, 0x08, 0x61, 0x08, 0x61, 0x08, 0x61, 0x08, 0x61, 0x08, 0x61, 0x08,
    0x61, 0x08, 0x61, 0x08, 0x61, 0x08, 0x61, 0x08, 0x61, 0x08, 0x61, 0x08, 0x61, 0x08, 0x61, 0x08,
    0x61, 0x08, 0x61, 0x08, 0x61, 0x08, 0x61, 0x08, 0x61, 0x08, 0x61, 0x08, 0x61, 0x08, 0x61, 0x08,
    0x61, 0x08, 0x61, 0x08, 0x61, 0x08, 0x61, 0x08, 0x61, 0x08, 0x61, 0x08, 0x61, 0x08, 0x61, 0x08,
    0x61, 0x08, 0x61, 0x08, 0x61, 0x08, 0x61, 0x08, 0x61, 0x08, 0x61, 0x08, 0x61, 0x08, 0x61, 0x08,
    0x61, 0x08, 0x61, 0x08, 0x61, 0x08, 0x61, 0x08, 0x61, 0x08, 0x61, 0x08, 0x61, 0x08, 0x61, 0x08,
    0x61, 0x08, 0x61, 0x08, 0x61, 0x08, 0x61, 0x08, 0x61, 0x08, 0x61, 0x08, 0x61, 0x08, 0x61, 0x08,
    0x61, 0x08, 0x61, 0x08, 0x61, 0x08, 0x61, 0x08, 0x61, 0x08, 0x61, 0x08, 0x61, 0x08, 0x61, 0x08,
    0x61, 0x08, 0x61, 0x08, 0x61, 0x08, 0x61, 0x08, 0x61, 0x08, 0x61, 0x08, 0x61, 0x08, 0x61, 0x08,
    0x61, 0x08, 0x61, 0x08, 0x61, 0x08, 0x61, 0x08, 0x61, 0x08, 0x61, 0x08, 0x61, 0x08, 0x61, 0x08,
    0x61, 0x08, 0x84, 0x20, 0xf1, 0x91, 0x1c, 0xe3, 0x5f, 0xfb, 0x5f, 0xfb, 0x5f, 0xfb, 0x5f, 0xfb,
    0x5f, 0xfb, 0x5f, 0xfb, 0x5f, 0xfb, 0x5f, 0xfb, 0x5f, 0xfb, 0x5f, 0xfb, 0x5f, 0xfb, 0x5f, 0xfb,
    0x5f, 0xfb, 0x5f, 0xfb, 0x5f, 0xfb, 0x5f, 0xfb, 0x5f, 0xfb, 0x5f, 0xfb, 0x5f, 0xfb, 0x5f, 0xfb,
    0x5f, 0xfb, 0x5f, 0xfb, 0x5f, 0xfb, 0x5f, 0xfb, 0x5f, 0xfb, 0x5f, 0xfb, 0x1c, 0xe3, 0xd1, 0x89,
    0x61, 0x08, 0x61, 0x08, 0x61, 0x08, 0x61, 0x08, 0x61, 0x08, 0x61, 0x08, 0x61, 0x08, 0x61, 0x08,
    0x61, 0x08, 0x61, 0x08, 0x61, 0x08, 0x61, 0x08, 0x61, 0x08, 0x61, 0x08, 0x61, 0x08, 0x61, 0x08,
    0x61, 0x08, 0x61, 0x08, 0x61, 0x08, 0x61, 0x08, 0x61, 0x08, 0x61, 0x08, 0x61, 0x08, 0x61, 0x08,
    0x61, 0x08, 0x61, 0x08, 0x61, 0x08, 0x61, 0x08, 0x61, 0x08, 0x61, 0x08, 0x61, 0x08, 0xf2, 0x91,
    0xfd, 0xe2, 0x5f, 0xfb, 0x5f, 0xfb, 0x5f, 0xfb, 0x5f, 0xfb, 0x5f, 0xfb, 0x5f, 0xfb, 0x5f, 0xfb,
    0x5f, 0xfb, 0x5f, 0xfb, 0x5f, 0xfb, 0x5f, 0xfb, 0x5f, 0xfb, 0x5f, 0xfb, 0x5f, 0xfb, 0x5f, 0xfb,
    0x5f, 0xfb, 0x5f, 0xfb, 0x5f, 0xfb, 0x5f, 0xfb, 0x5f, 0xfb, 0x5f, 0xfb, 0x5f, 0xfb, 0x5f, 0xfb,
    0x5f, 0xfb, 0x5f, 0xfb, 0x5f, 0xfb, 0xfc, 0xe2, 0xf2, 0x91, 0xa5, 0x20, 0x61, 0x08, 0x61, 0x08,
    0x61, 0x08, 0x61, 0x08, 0x61, 0x08, 0x61, 0x08, 0x61, 0x08, 0x61, 0x08, 0x61, 0x08, 0x61, 0x08,
    0x61, 0x08, 0x61, 0x08, 0x61, 0x08, 0x61, 0x08, 0x61, 0x08, 0x61, 0x08, 0x61, 0x08, 0x61, 0x08,
    0x61, 0x08, 0x61, 0x08, 0x61, 0x08, 0x61, 0x08, 0x61, 0x08, 0x61, 0x08, 0x61, 0x08, 0x61, 0x08,
    0x61, 0x08, 0x61, 0x08, 0x61, 0x08, 0x61, 0x08, 0x61, 0x08, 0x61, 0x08, 0x61, 0x08, 0x61, 0x08,
    0x61, 0x08, 0x61, 0x08, 0x61, 0x08, 0x61, 0x08, 0x61, 0x08, 0x61, 0x08, 0x61, 0x08, 0x61, 0x08,
    0x61, 0x08, 0x61, 0x08, 0x61, 0x08, 0x61, 0x08, 0x61, 0x08, 0x61, 0x08, 0x61, 0x08, 0x61, 0x08,
    0x61, 0x08, 0x61, 0x08, 0x61, 0x08, 0x61, 0x08, 0x61, 0x08, 0x61, 0x08, 0x61, 0x08, 0x61, 0x08,
    0x61, 0x08, 0x61, 0x08, 0x61, 0x08, 0x61, 0x08, 0x61, 0x08, 0x61, 0x08, 0x61, 0x08, 0x61, 0x08,
    0x61, 0x08, 0x61, 0x08, 0x61, 0x08, 0x61, 0x08, 0x61, 0x08, 0x61, 0x08, 0x61, 0x08, 0x61, 0x08,
    0x61, 0x08, 0x61, 0x08, 0x61, 0x08, 0x61, 0x08, 0x61, 0x08, 0x61, 0x08, 0x61, 0x08, 0x61, 0x08,
    0x61, 0x08, 0x61, 0x08, 0x61, 0x08, 0x61, 0x08, 0x61, 0x08, 0x61, 0x08, 0x61, 0x08, 0x61, 0x08,
    0x61, 0x08, 0x61, 0x08, 0x61, 0x08, 0x61, 0x08, 0x61, 0x08, 0x61, 0x08, 0x61, 0x08, 0x61, 0x08,
    0x61, 0x08, 0x61, 0x08, 0x61, 0x08, 0x61, 0x08, 0x61, 0x08, 0x61, 0x08, 0x61, 0x08, 0x61, 0x08,
    0x61, 0x08, 0x61, 0x08, 0x61, 0x08, 0x61, 0x08, 0x61, 0x08, 0x61, 0x08, 0x61, 0x08, 0x61, 0x08,
    0x61, 0x08, 0x61, 0x08, 0x61, 0x08, 0x61, 0x08, 0x61, 0x08, 0x61, 0x08, 0x61, 0x08, 0x61, 0x08,
    0x61, 0x08, 0x61, 0x08, 0x61, 0x08, 0x61, 0x08, 0x61, 0x08, 0x61, 0x08, 0x61, 0x08, 0x61, 0x08,
    0x61, 0x08, 0x61, 0x08, 0x61, 0x08, 0x61, 0x08, 0x61, 0x08, 0x61, 0x08, 0x61, 0x08, 0x61, 0x08,
    0x61, 0x08, 0x61, 0x08, 0x61, 0x08, 0x61, 0x08, 0x61, 0x08, 0x61, 0x08, 0x61, 0x08, 0x61, 0x08,
    0x61, 0x08, 0x61, 0x08, 0xa4, 0x20, 0xf1, 0x91, 0x1c, 0xe3, 0x5f, 0xfb, 0x5f, 0xfb, 0x5f, 0xfb,
    0x5f, 0xfb, 0x5f, 0xfb, 0x5f, 0xfb, 0x5f, 0xfb, 0x5f, 0xfb, 0x5f, 0xfb, 0x5f, 0xfb, 0x5f, 0xfb,
    0x5f, 0xfb, 0x5f, 0xfb, 0x5f, 0xfb, 0x5f, 0xfb, 0x5f, 0xfb, 0x5f, 0xfb, 0x5f, 0xfb, 0x5f, 0xfb,
    0x5f, 0xfb, 0x5f, 0xfb, 0x5f, 0xfb, 0x5f, 0xfb, 0x5f, 0xfb, 0x5f, 0xfb, 0x5f, 0xfb, 0x1c, 0xe3,
    0xd1, 0x89, 0x61, 0x08, 0x61, 0x08, 0x61, 0x08, 0x61, 0x08, 0x61, 0x08, 0x61, 0x08, 0x61, 0x08,
    0x61, 0x08, 0x61, 0x08, 0x61, 0x08, 0x61, 0x08, 0x61, 0x08, 0x61, 0x08, 0x61, 0x08, 0x61, 0x08,
    0x61, 0x08, 0x61, 0x08, 0x61, 0x08, 0x61, 0x08, 0x61, 0x08, 0x61, 0x08, 0x61, 0x08, 0x61, 0x08,
    0x61, 0x08, 0x61, 0x08, 0x61, 0x08, 0x61, 0x08, 0x61, 0x08, 0xa3, 0x18, 0xf2, 0x91, 0xfd, 0xe2,
    0x5f, 0xfb, 0x5f, 0xfb, 0x5f, 0xfb, 0x5f, 0xfb, 0x5f, 0xfb, 0x5f, 0xfb, 0x5f, 0xfb, 0x5f, 0xfb,
    0x5f, 0xfb, 0x5f, 0xfb, 0x5f, 0xfb, 0x5f, 0xfb, 0x5f, 0xfb, 0x5f, 0xfb, 0x5f, 0xfb, 0x5f, 0xfb,
    0x5f, 0xfb, 0x5f, 0xfb, 0x5f, 0xfb, 0x5f, 0xfb, 0x5f, 0xfb, 0x5f, 0xfb, 0x5f, 0xfb, 0x5f, 0xfb,
    0x5f, 0xfb, 0x5f, 0xfb, 0xfc, 0xe2, 0xf2, 0x91, 0xa5, 0x28, 0x61, 0x08, 0x61, 0x08, 0x61, 0x08,
    0x61, 0x08, 0x61, 0x08, 0x61, 0x08, 0x61, 0x08, 0x61, 0x08, 0x61, 0x08, 0x61, 0x08, 0x61, 0x08,
    0x61, 0x08, 0x61, 0x08, 0x61, 0x08, 0x61, 0x08, 0x61, 0x08, 0x61, 0x08, 0x61, 0x08, 0x61, 0x08,
    0x61, 0x08, 0x61, 0x08, 0x61, 0x08, 0x61, 0x08, 0x61, 0x08, 0x61, 0x08, 0x61, 0x08, 0x61, 0x08,
    0x61, 0x08, 0x61, 0x08, 0x61, 0x08, 0x61, 0x08, 0x61, 0x08, 0x61, 0x08, 0x61, 0x08, 0x61, 0x08,
    0x61, 0x08, 0x61, 0x08, 0x61, 0x08, 0x61, 0x08, 0x61, 0x08, 0x61, 0x08, 0x61, 0x08, 0x61, 0x08,
    0x61, 0x08, 0x61, 0x08, 0x61, 0x08, 0x61, 0x08, 0x61, 0x08, 0x61, 0x08, 0x61, 0x08, 0x61, 0x08,
    0x61, 0x08, 0x61, 0x08, 0x61, 0x08, 0x61, 0x08, 0x61, 0x08, 0x61, 0x08, 0x61, 0x08, 0x61, 0x08,
    0x61, 0x08, 0x61, 0x08, 0x61, 0x08, 0x61, 0x08, 0x61, 0x08, 0x61, 0x08, 0x61, 0x08, 0x61, 0x08,
    0x61, 0x08, 0x61, 0x08, 0x61, 0x08, 0x61, 0x08, 0x61, 0x08, 0x61, 0x08, 0x61, 0x08, 0x61, 0x08,
    0x61, 0x08, 0x61, 0x08, 0x61, 0x08, 0x61, 0x08, 0x61, 0x08, 0x61, 0x08, 0x61, 0x08, 0x61, 0x08,
    0x61, 0x08, 0x61, 0x08, 0x61, 0x08, 0x61, 0x08, 0x61, 0x08, 0x61, 0x08, 0x61, 0x08, 0x61, 0x08,
    0x61, 0x08, 0x61, 0x08, 0x61, 0x08, 0x61, 0x08, 0x61, 0x08, 0x61, 0x08, 0x61, 0x08, 0x61, 0x08,
    0x61, 0x08, 0x61, 0x08, 0x61, 0x08, 0x61, 0x08, 0x61, 0x08, 0x61, 0x08, 0x61, 0x08, 0x61, 0x08,
    0x61, 0x08, 0x61, 0x08, 0x61, 0x08, 0x61, 0x08, 0x61, 0x08, 0x61, 0x08, 0x61, 0x08, 0x61, 0x08,
    0x61, 0x08, 0x61, 0x08, 0x61, 0x08, 0x61, 0x08, 0x61, 0x08, 0x61, 0x08, 0x61, 0x08, 0x61, 0x08,
    0x61, 0x08, 0x61, 0x08, 0x61, 0x08, 0x61, 0x08, 0x61, 0x08, 0x61, 0x08, 0x61, 0x08, 0x61, 0x08,
    0x61, 0x08, 0x61, 0x08, 0x61, 0x08, 0x61, 0x08, 0x61, 0x08, 0x61, 0x08, 0x61, 0x08, 0x61, 0x08,
    0x61, 0x08, 0x61, 0x08, 0x61, 0x08, 0x61, 0x08, 0x61, 0x08, 0x61, 0x08, 0x61, 0x08, 0x61, 0x08,
    0x61, 0x08, 0x61, 0x08, 0x61, 0x08, 0xa5, 0x20, 0xf1, 0x91, 0x1c, 0xe3, 0x5f, 0xfb, 0x5f, 0xfb,
    0x5f, 0xfb, 0x5f, 0xfb, 0x5f, 0xfb, 0x5f, 0xfb, 0x5f, 0xfb, 0x5f, 0xfb, 0x5f, 0xfb, 0x5f, 0xfb,
    0x5f, 0xfb, 0x5f, 0xfb, 0x5f, 0xfb, 0x5f, 0xfb, 0x5f, 0xfb, 0x5f, 0xfb, 0x5f, 0xfb, 0x5f, 0xfb,
    0x5f, 0xfb, 0x5f, 0xfb, 0x5f, 0xfb, 0x5f, 0xfb, 0x5f, 0xfb, 0x5f, 0xfb, 0x5f, 0xfb, 0x5f, 0xfb,
    0xfd, 0xea, 0x35, 0xa2, 0xa4, 0x18, 0x61, 0x08, 0x61, 0x08, 0x61, 0x08, 0x61, 0x08, 0x61, 0x08,
    0x61, 0x08, 0x61, 0x08, 0x61, 0x08, 0x61, 0x08, 0x61, 0x08, 0x61, 0x08, 0x61, 0x08, 0x61, 0x08,
    0x61, 0x08, 0x61, 0x08, 0x61, 0x08, 0x61, 0x08, 0x61, 0x08, 0x61, 0x08, 0x61, 0x08, 0x61, 0x08,
    0x61, 0x08, 0x61, 0x08, 0x61, 0x08, 0x61, 0x08, 0x61, 0x08, 0x13, 0x9a, 0xfd, 0xe2, 0x5f, 0xfb,
    0x5f, 0xfb, 0x5f, 0xfb, 0x5f, 0xfb, 0x5f, 0xfb, 0x5f, 0xfb, 0x5f, 0xfb, 0x5f, 0xfb, 0x5f, 0xfb,
    0x5f, 0xfb, 0x5f, 0xfb, 0x5f, 0xfb, 0x5f, 0xfb, 0x5f, 0xfb, 0x5f, 0xfb, 0x5f, 0xfb, 0x5f, 0xfb,
    0x5f, 0xfb, 0x5f, 0xfb, 0x5f, 0xfb, 0x5f, 0xfb, 0x5f, 0xfb, 0x5f, 0xfb, 0x5f, 0xfb, 0x5f, 0xfb,
    0x5f, 0xfb, 0x1c, 0xe3, 0xf2, 0x91, 0xa5, 0x28, 0x61, 0x08, 0x61, 0x08, 0x61, 0x08, 0x61, 0x08,
    0x61, 0x08, 0x61, 0x08, 0x61, 0x08, 0x61, 0x08, 0x61, 0x08, 0x61, 0x08, 0x61, 0x08, 0x61, 0x08,
    0x61, 0x08, 0x61, 0x08, 0x61, 0x08, 0x61, 0x08, 0x61, 0x08, 0x61, 0x08, 0x61, 0x08, 0x61, 0x08,
    0x61, 0x08, 0x61, 0x08, 0x61, 0x08, 0x61, 0x08, 0x61, 0x08, 0x61, 0x08, 0x61, 0x08, 0x61, 0x08,
    0x61, 0x08, 0x61, 0x08, 0x61, 0x08, 0x61, 0x08, 0x61, 0x08, 0x61, 0x08, 0x61, 0x08, 0x61, 0x08,
    0x61, 0x08, 0x61, 0x08, 0x61, 0x08, 0x61, 0x08, 0x61, 0x08, 0x61, 0x08, 0x61, 0x08, 0x61, 0x08,
    0x61, 0x08, 0x61, 0x08, 0x61, 0x08, 0x61, 0x08, 0x61, 0x08, 0x61, 0x08, 0x61, 0x08, 0x61, 0x08,
    0x61, 0x08, 0x61, 0x08, 0x61, 0x08, 0x61, 0x08, 0x61, 0x08, 0x61, 0x08, 0x61, 0x08, 0x61, 0x08,
    0x61, 0x08, 0x61, 0x08, 0x61, 0x08, 0x61, 0x08, 0x61, 0x08, 0x61, 0x08, 0x61, 0x08, 0x61, 0x08,
    0x61, 0x08, 0x61, 0x08, 0x61, 0x08, 0x61, 0x08, 0x61, 0x08, 0x61, 0x08, 0x61, 0x08, 0x61, 0x08,
    0x61, 0x08, 0x61, 0x08, 0x61, 0x08, 0x61, 0x08, 0x61, 0x08, 0x61, 0x08, 0x61, 0x08, 0x61, 0x08,
    0x61, 0x08, 0x61, 0x08, 0x61, 0x08, 0x61, 0x08, 0x61, 0x08, 0x61, 0x08, 0x61, 0x08, 0x61, 0x08,
    0x61, 0x08, 0x61, 0x08, 0x61, 0x08, 0x61, 0x08, 0x61, 0x08, 0x61, 0x08, 0x61, 0x08, 0x61, 0x08,
    0x61, 0x08, 0x61, 0x08, 0x61, 0x08, 0x61, 0x08, 0x61, 0x08, 0x61, 0x08, 0x61, 0x08, 0x61, 0x08,
    0x61, 0x08, 0x61, 0x08, 0x61, 0x08, 0x61, 0x08, 0x61, 0x08, 0x61, 0x08, 0x61, 0x08, 0x61, 0x08,
    0x61, 0x08, 0x61, 0x08, 0x61, 0x08, 0x61, 0x08, 0x61, 0x08, 0x61, 0x08, 0x61, 0x08, 0x61, 0x08,
    0x61, 0x08, 0x61, 0x08, 0x61, 0x08, 0x61, 0x08, 0x61, 0x08, 0x61, 0x08, 0x61, 0x08, 0x61, 0x08,
    0x61, 0x08, 0x61, 0x08, 0x61, 0x08, 0x61, 0x08, 0x61, 0x08, 0x61, 0x08, 0x61, 0x08, 0x61, 0x08,
    0x61, 0x08, 0x61, 0x08, 0x61, 0x08, 0x61, 0x08, 0x61, 0x08, 0x61, 0x08, 0x61, 0x08, 0x61, 0x08,
    0x61, 0x08, 0x61, 0x08, 0x61, 0x08, 0x61, 0x08, 0xa5, 0x28, 0xf1, 0x91, 0x1c, 0xe3, 0x5f, 0xfb,
    0x5f, 0xfb, 0x5f, 0xfb, 0x5f, 0xfb, 0x5f, 0xfb, 0x5f, 0xfb, 0x5f, 0xfb, 0x5f, 0xfb, 0x5f, 0xfb,
    0x5f, 0xfb, 0x5f, 0xfb, 0x5f, 0xfb, 0x5f, 0xfb, 0x5f, 0xfb, 0x5f, 0xfb, 0x5f, 0xfb, 0x5f, 0xfb,
    0x5f, 0xfb, 0x5f, 0xfb, 0x5f, 0xfb, 0x5f, 0xfb, 0x5f, 0xfb, 0x5f, 0xfb, 0x5f, 0xfb, 0x5f, 0xfb,
    0x5f, 0xfb, 0xfd, 0xea, 0xd0, 0x81, 0x61, 0x08, 0x61, 0x08, 0x61, 0x08, 0x61, 0x08, 0x61, 0x08,
    0x61, 0x08, 0x61, 0x08, 0x61, 0x08, 0x61, 0x08, 0x61, 0x08, 0x61, 0x08, 0x61, 0x08, 0x61, 0x08,
    0x61, 0x08, 0x61, 0x08, 0x61, 0x08, 0x61, 0x08, 0x61, 0x08, 0x61, 0x08, 0x61, 0x08, 0x61, 0x08,
    0x61, 0x08, 0x61, 0x08, 0x61, 0x08, 0xa3, 0x18, 0xf1, 0x91, 0x1c, 0xe3, 0x5f, 0xfb, 0x5f, 0xfb,
    0x5f, 0xfb, 0x5f, 0xfb, 0x5f, 0xfb, 0x5f, 0xfb, 0x5f, 0xfb, 0x5f, 0xfb, 0x5f, 0xfb, 0x5f, 0xfb,
    0x5f, 0xfb, 0x5f, 0xfb, 0x5f, 0xfb, 0x5f, 0xfb, 0x5f, 0xfb, 0x5f, 0xfb, 0x5f, 0xfb, 0x5f, 0xfb,
    0x5f, 0xfb, 0x5f, 0xfb, 0x5f, 0xfb, 0x5f, 0xfb, 0x5f, 0xfb, 0x5f, 0xfb, 0x5f, 0xfb, 0x5f, 0xfb,
    0x1c, 0xe3, 0xf2, 0x91, 0xc5, 0x28, 0x61, 0x08, 0x61, 0x08, 0x61, 0x08, 0x61, 0x08, 0x61, 0x08,
    0x61, 0x08, 0x61, 0x08, 0x61, 0x08, 0x61, 0x08, 0x61, 0x08, 0x61, 0x08, 0x61, 0x08, 0x61, 0x08,
    0x61, 0x08, 0x61, 0x08, 0x61, 0x08, 0x61, 0x08, 0x61, 0x08, 0x61, 0x08, 0x61, 0x08, 0x61, 0x08,
    0x61, 0x08, 0x61, 0x08, 0x61, 0x08, 0x61, 0x08, 0x61, 0x08, 0x61, 0x08, 0x61, 0x08, 0x61, 0x08,
    0x61, 0x08, 0x61, 0x08, 0x61, 0x08, 0x61, 0x08, 0x61, 0x08, 0x61, 0x08, 0x61, 0x08, 0x61, 0x08,
    0x61, 0x08, 0x61, 0x08, 0x61, 0x08, 0x61, 0x08, 0x61, 0x08, 0x61, 0x08, 0x61, 0x08, 0x61, 0x08,
    0x61, 0x08, 0x61, 0x08, 0x61, 0x08, 0x61, 0x08, 0x61, 0x08, 0x61, 0x08, 0x61, 0x08, 0x61, 0x08,
    0x61, 0x08, 0x61, 0x08, 0x61, 0x08, 0x61, 0x08, 0x61, 0x08, 0x61, 0x08, 0x61, 0x08, 0x61, 0x08,
    0x61, 0x08, 0x61, 0x08, 0x61, 0x08, 0x61, 0x08, 0x61, 0x08, 0x61, 0x08, 0x61, 0x08, 0x61, 0x08,
    0x61, 0x08, 0x61, 0x08, 0x61, 0x08, 0x61, 0x08, 0x61, 0x08, 0x61, 0x08, 0x61, 0x08, 0x61, 0x08,
    0x61, 0x08, 0x61, 0x08, 0x61, 0x08, 0x61, 0x08, 0x61, 0x08, 0x61, 0x08, 0x61, 0x08, 0x61, 0x08,
    0x61, 0x08, 0x61, 0x08, 0x61, 0x08, 0x61, 0x08, 0x61, 0x08, 0x61, 0x08, 0x61, 0x08, 0x61, 0x08,
    0x61, 0x08, 0x61, 0x08, 0x61, 0x08, 0x61, 0x08, 0x61, 0x08, 0x61, 0x08, 0x61, 0x08, 0x61, 0x08,
    0x61, 0x08, 0x61, 0x08, 0x61, 0x08, 0x61, 0x08, 0x61, 0x08, 0x61, 0x08, 0x61, 0x08, 0x61, 0x08,
    0x61, 0x08, 0x61, 0x08, 0x61, 0x08, 0x61, 0x08, 0x61, 0x08, 0x61, 0x08, 0x61, 0x08, 0x61, 0x08,
    0x61, 0x08, 0x61, 0x08, 0x61, 0x08, 0x61, 0x08, 0x61, 0x08, 0x61, 0x08, 0x61, 0x08, 0x61, 0x08,
    0x61, 0x08, 0x61, 0x08, 0x61, 0x08, 0x61, 0x08, 0x61, 0x08, 0x61, 0x08, 0x61, 0x08, 0x61, 0x08,
    0x61, 0x08, 0x61, 0x08, 0x61, 0x08, 0x61, 0x08, 0x61, 0x08, 0x61, 0x08, 0x61, 0x08, 0x61, 0x08,
    0x61, 0x08, 0x61, 0x08, 0x61, 0x08, 0x61, 0x08, 0x61, 0x08, 0x61, 0x08, 0x61, 0x08, 0x61, 0x08,
    0x61, 0x08, 0x61, 0x08, 0x61, 0x08, 0x61, 0x08, 0x61, 0x08, 0xc5, 0x30, 0xf1, 0x91, 0x1c, 0xe3,
    0x5f, 0xfb, 0x5f, 0xfb, 0x5f, 0xfb, 0x5f, 0xfb, 0x5f, 0xfb, 0x5f, 0xfb, 0x5f, 0xfb, 0x5f, 0xfb,
    0x5f, 0xfb, 0x5f, 0xfb, 0x5f, 0xfb, 0x5f, 0xfb, 0x5f, 0xfb, 0x5f, 0xfb, 0x5f, 0xfb, 0x5f, 0xfb,
    0x5f, 0xfb, 0x5f, 0xfb, 0x5f, 0xfb, 0x5f, 0xfb, 0x5f, 0xfb, 0x5f, 0xfb, 0x5f, 0xfb, 0x5f, 0xfb,
    0x5f, 0xfb, 0x1f, 0xfb, 0xdb, 0xda, 0xb0, 0x79, 0x61, 0x08, 0x61, 0x08, 0x61, 0x08, 0x61, 0x08,
    0x61, 0x08, 0x61, 0x08, 0x61, 0x08, 0x61, 0x08, 0x61, 0x08, 0x61, 0x08, 0x61, 0x08, 0x61, 0x08,
    0x61, 0x08, 0x61, 0x08, 0x61, 0x08, 0x61, 0x08, 0x61, 0x08, 0x61, 0x08, 0x61, 0x08, 0x61, 0x08,
    0x61, 0x08, 0x61, 0x08, 0xa3, 0x18, 0xf3, 0x91, 0x1c, 0xe3, 0x5f, 0xfb, 0x5f, 0xfb, 0x5f, 0xfb,
    0x5f, 0xfb, 0x5f, 0xfb, 0x5f, 0xfb, 0x5f, 0xfb, 0x5f, 0xfb, 0x5f, 0xfb, 0x5f, 0xfb, 0x5f, 0xfb,
    0x5f, 0xfb, 0x5f, 0xfb, 0x5f, 0xfb, 0x5f, 0xfb, 0x5f, 0xfb, 0x5f, 0xfb, 0x5f, 0xfb, 0x5f, 0xfb,
    0x5f, 0xfb, 0x5f, 0xfb, 0x5f, 0xfb, 0x5f, 0xfb, 0x5f, 0xfb, 0x5f, 0xfb, 0x5f, 0xfb, 0x1c, 0xe3,
    0xf2, 0x91, 0xc6, 0x30, 0x61, 0x08, 0x61, 0x08, 0x61, 0x08, 0x61, 0x08, 0x61, 0x08, 0x61, 0x08,
    0x61, 0x08, 0x61, 0x08, 0x61, 0x08, 0x61, 0x08, 0x61, 0x08, 0x61, 0x08, 0x61, 0x08, 0x61, 0x08,
    0x61, 0x08, 0x61, 0x08, 0x61, 0x08, 0x61, 0x08, 0x61, 0x08, 0x61, 0x08, 0x61, 0x08, 0x61, 0x08,
    0x61, 0x08, 0x61, 0x08, 0x61, 0x08, 0x61, 0x08, 0x61, 0x08, 0x61, 0x08, 0x61, 0x08, 0x61, 0x08,
    0x61, 0x08, 0x61, 0x08, 0x61, 0x08, 0x61, 0x08, 0x61, 0x08, 0x61, 0x08, 0x61, 0x08, 0x61, 0x08,
    0x61, 0x08, 0x61, 0x08, 0x61, 0x08, 0x61, 0x08, 0x61, 0x08, 0x61, 0x08, 0x61, 0x08, 0x61, 0x08,
    0x61, 0x08, 0x61, 0x08, 0x61, 0x08, 0x61, 0x08, 0x61, 0x08, 0x61, 0x08, 0x61, 0x08, 0x61, 0x08,
    0x61, 0x08, 0x61, 0x08, 0x61, 0x08, 0x61, 0x08, 0x61, 0x08, 0x61, 0x08, 0x61, 0x08, 0x61, 0x08,
    0x61, 0x08, 0x61, 0x08, 0x61, 0x08, 0x61, 0x08, 0x61, 0x08, 0x61, 0x08, 0x61, 0x08, 0x61, 0x08,
    0x61, 0x08, 0x61, 0x08, 0x61, 0x08, 0x61, 0x08, 0x61, 0x08, 0x61, 0x08, 0x61, 0x08, 0x61, 0x08,
    0x61, 0x08, 0x61, 0x08, 0x61, 0x08, 0x61, 0x08, 0x61, 0x08, 0x61, 0x08, 0x61, 0x08, 0x61, 0x08,
    0x61, 0x08, 0x61, 0x08, 0x61, 0x08, 0x61, 0x08, 0x61, 0x08, 0x61, 0x08, 0x61, 0x08, 0x61, 0x08,
    0x61, 0x08, 0x61, 0x08, 0x61, 0x08, 0x61, 0x08, 0x61, 0x08, 0x61, 0x08, 0x61, 0x08, 0x61, 0x08,
    0x61, 0x08, 0x61, 0x08, 0x61, 0x08, 0x61, 0x08, 0x61, 0x08, 0x61, 0x08, 0x61, 0x08, 0x61, 0x08,
    0x61, 0x08, 0x61, 0x08, 0x61, 0x08, 0x61, 0x08, 0x61, 0x08, 0x61, 0x08, 0x61, 0x08, 0x61, 0x08,
    0x61, 0x08, 0x61, 0x08, 0x61, 0x08, 0x61, 0x08, 0x61, 0x08, 0x61, 0x08, 0x61, 0x08, 0x61, 0x08,
    0x61, 0x08, 0x61, 0x08, 0x61, 0x08, 0x61, 0x08, 0x61, 0x08, 0x61, 0x08, 0x61, 0x08, 0x61, 0x08,
    0x61, 0x08, 0x61, 0x08, 0x61, 0x08, 0x61, 0x08, 0x61, 0x08, 0x61, 0x08, 0x61, 0x08, 0x61, 0x08,
    0x61, 0x08, 0x61, 0x08, 0x61, 0x08, 0x61, 0x08, 0x61, 0x08, 0x61, 0x08, 0x61, 0x08, 0x61, 0x08,
    0x61, 0x08, 0x61, 0x08, 0x61, 0x08, 0x61, 0x08, 0x61, 0x08, 0x61, 0x08, 0xe6, 0x30, 0xf2, 0x91,
    0xfc, 0xe2, 0x5f, 0xfb, 0x5f, 0xfb, 0x5f, 0xfb, 0x5f, 0xfb, 0x5f, 0xfb, 0x5f, 0xfb, 0x5f, 0xfb,
    0x5f, 0xfb, 0x5f, 0xfb, 0x5f, 0xfb, 0x5f, 0xfb, 0x5f, 0xfb, 0x5f, 0xfb, 0x5f, 0xfb, 0x5f, 0xfb,
    0x5f, 0xfb, 0x5f, 0xfb, 0x5f, 0xfb, 0x5f, 0xfb, 0x5f, 0xfb, 0x5f, 0xfb, 0x5f, 0xfb, 0x5f, 0xfb,
    0x5f, 0xfb, 0x5f, 0xfb, 0x1f, 0xfb, 0xfc, 0xda, 0xd1, 0x89, 0x61, 0x08, 0x61, 0x08, 0x61, 0x08,
    0x61, 0x08, 0x61, 0x08, 0x61, 0x08, 0x61, 0x08, 0x61, 0x08, 0x61, 0x08, 0x61, 0x08, 0x61, 0x08,
    0x61, 0x08, 0x61, 0x08, 0x61, 0x08, 0x61, 0x08, 0x61, 0x08, 0x61, 0x08, 0x61, 0x08, 0x61, 0x08,
    0x61, 0x08, 0xa4, 0x18, 0xf3, 0x91, 0xfd, 0xe2, 0x5f, 0xfb, 0x5f, 0xfb, 0x5f, 0xfb, 0x5f, 0xfb,
    0x5f, 0xfb, 0x5f, 0xfb, 0x5f, 0xfb, 0x5f, 0xfb, 0x5f, 0xfb, 0x5f, 0xfb, 0x5f, 0xfb, 0x5f, 0xfb,
    0x5f, 0xfb, 0x5f, 0xfb, 0x5f, 0xfb, 0x5f, 0xfb, 0x5f, 0xfb, 0x5f, 0xfb, 0x5f, 0xfb, 0x5f, 0xfb,
    0x5f, 0xfb, 0x5f, 0xfb, 0x5f, 0xfb, 0x5f, 0xfb, 0x5f, 0xfb, 0x5f, 0xfb, 0x1c, 0xe3, 0xf2, 0x91,
    0xc6, 0x30, 0x61, 0x08, 0x61, 0x08, 0x61, 0x08, 0x61, 0x08, 0x61, 0x08, 0x61, 0x08, 0x61, 0x08,
    0x61, 0x08, 0x61, 0x08, 0x61, 0x08, 0x61, 0x08, 0x61, 0x08, 0x61, 0x08, 0x61, 0x08, 0x61, 0x08,
    0x61, 0x08, 0x61, 0x08, 0x61, 0x08, 0x61, 0x08, 0x61, 0x08, 0x61, 0x08, 0x61, 0x08, 0x61, 0x08,
    0x61, 0x08, 0x61, 0x08, 0x61, 0x08, 0x61, 0x08, 0x61, 0x08, 0x61, 0x08, 0x61, 0x08, 0x61, 0x08,
    0x61, 0x08, 0x61, 0x08, 0x61, 0x08, 0x61, 0x08, 0x61, 0x08, 0x61, 0x08, 0x61, 0x08, 0x61, 0x08,
    0x61, 0x08, 0x61, 0x08, 0x61, 0x08, 0x61, 0x08, 0x61, 0x08, 0x61, 0x08, 0x61, 0x08, 0x61, 0x08,
    0x61, 0x08, 0x61, 0x08, 0x61, 0x08, 0x61, 0x08, 0x61, 0x08, 0x61, 0x08, 0x61, 0x08, 0x61, 0x08,
    0x61, 0x08, 0x61, 0x08, 0x61, 0x08, 0x61, 0x08, 0x61, 0x08, 0x61, 0x08, 0x61, 0x08, 0x61, 0x08,
    0x61, 0x08, 0x61, 0x08, 0x61, 0x08, 0x61, 0x08, 0x61, 0x08, 0x61, 0x08, 0x61, 0x08, 0x61, 0x08,
    0x61, 0x08, 0x61, 0x08, 0x61, 0x08, 0x61, 0x08, 0x61, 0x08, 0x61, 0x08, 0x61, 0x08, 0x61, 0x08,
    0x61, 0x08, 0x61, 0x08, 0x61, 0x08, 0x61, 0x08, 0x61, 0x08, 0x61, 0x08, 0x61, 0x08, 0x61, 0x08,
    0x61, 0x08, 0x61, 0x08, 0x61, 0x08, 0x61, 0x08, 0x61, 0x08, 0x61, 0x08, 0x61, 0x08, 0x61, 0x08,
    0x61, 0x08, 0x61, 0x08, 0x61, 0x08, 0x61, 0x08, 0x61, 0x08, 0x61, 0x08, 0x61, 0x08, 0x61, 0x08,
    0x61, 0x08, 0x61, 0x08, 0x61, 0x08, 0x61, 0x08, 0x61, 0x08, 0x61, 0x08, 0x61, 0x08, 0x61, 0x08,
    0x61, 0x08, 0x61, 0x08, 0x61, 0x08, 0x61, 0x08, 0x61, 0x08, 0x61, 0x08, 0x61, 0x08, 0x61, 0x08,
    0x61, 0x08, 0x61, 0x08, 0x61, 0x08, 0x61, 0x08, 0x61, 0x08, 0x61, 0x08, 0x61, 0x08, 0x61, 0x08,
    0x61, 0x08, 0x61, 0x08, 0x61, 0x08, 0x61, 0x08, 0x61, 0x08, 0x61, 0x08, 0x61, 0x08, 0x61, 0x08,
    0x61, 0x08, 0x61, 0x08, 0x61, 0x08, 0x61, 0x08, 0x61, 0x08, 0x61, 0x08, 0x61, 0x08, 0x61, 0x08,
    0x61, 0x08, 0x61, 0x08, 0x61, 0x08, 0x61, 0x08, 0x61, 0x08, 0x61, 0x08, 0x61, 0x08, 0x61, 0x08,
    0x61, 0x08, 0x61, 0x08, 0x61, 0x08, 0x61, 0x08, 0x61, 0x08, 0x61, 0x08, 0x61, 0x08, 0xc6, 0x30,
    0x13, 0x9a, 0xfd, 0xea, 0x5f, 0xfb, 0x5f, 0xfb, 0x5f, 0xfb, 0x5f, 0xfb, 0x5f, 0xfb, 0x5f, 0xfb,
    0x5f, 0xfb, 0x5f, 0xfb, 0x5f, 0xfb, 0x5f, 0xfb, 0x5f, 0xfb, 0x5f, 0xfb, 0x5f, 0xfb, 0x5f, 0xfb,
    0x5f, 0xfb, 0x5f, 0xfb, 0x5f, 0xfb, 0x5f, 0xfb, 0x5f, 0xfb, 0x5f, 0xfb, 0x5f, 0xfb, 0x5f, 0xfb,
    0x5f, 0xfb, 0x5f, 0xfb, 0x5f, 0xfb, 0x5f, 0xfb, 0x1c, 0xe3, 0xd1, 0x89, 0x61, 0x08, 0x61, 0x08,
    0x61, 0x08, 0x61, 0x08, 0x61, 0x08, 0x61, 0x08, 0x61, 0x08, 0x61, 0x08, 0x61, 0x08, 0x61, 0x08,
    0x61, 0x08, 0x61, 0x08, 0x61, 0x08, 0x61, 0x08, 0x61, 0x08, 0x61, 0x08, 0x61, 0x08, 0x61, 0x08,
    0xa4, 0x18, 0xf2, 0x91, 0xfd, 0xe2, 0x5f, 0xfb, 0x5f, 0xfb, 0x5f, 0xfb, 0x5f, 0xfb, 0x5f, 0xfb,
    0x5f, 0xfb, 0x5f, 0xfb, 0x5f, 0xfb, 0x5f, 0xfb, 0x5f, 0xfb, 0x5f, 0xfb, 0x5f, 0xfb, 0x5f, 0xfb,
    0x5f, 0xfb, 0x5f, 0xfb, 0x5f, 0xfb, 0x5f, 0xfb, 0x5f, 0xfb, 0x5f, 0xfb, 0x5f, 0xfb, 0x5f, 0xfb,
    0x5f, 0xfb, 0x5f, 0xfb, 0x5f, 0xfb, 0x5f, 0xfb, 0x5f, 0xfb, 0xfd, 0xea, 0x13, 0x9a, 0xc6, 0x30,
    0x61, 0x08, 0x61, 0x08, 0x61, 0x08, 0x61, 0x08, 0x61, 0x08, 0x61, 0x08, 0x61, 0x08, 0x61, 0x08,
    0x61, 0x08, 0x61, 0x08, 0x61, 0x08, 0x61, 0x08, 0x61, 0x08, 0x61, 0x08, 0x61, 0x08, 0x61, 0x08,
    0x61, 0x08, 0x61, 0x08, 0x61, 0x08, 0x61, 0x08, 0x61, 0x08, 0x61, 0x08, 0x61, 0x08, 0x61, 0x08,
    0x61, 0x08, 0x61, 0x08, 0x61, 0x08, 0x61, 0x08, 0x61, 0x08, 0x61, 0x08, 0x61, 0x08, 0x61, 0x08,
    0x61, 0x08, 0x61, 0x08, 0x61, 0x08, 0x61, 0x08, 0x61, 0x08, 0x61, 0x08, 0x61, 0x08, 0x61, 0x08,
    0x61, 0x08, 0x61, 0x08, 0x61, 0x08, 0x61, 0x08, 0x61, 0x08, 0x61, 0x08, 0x61, 0x08, 0x61, 0x08,
    0x61, 0x08, 0x61, 0x08, 0x61, 0x08, 0x61, 0x08, 0x61, 0x08, 0x61, 0x08, 0x61, 0x08, 0x61, 0x08,
    0x61, 0x08, 0x61, 0x08, 0x61, 0x08, 0x61, 0x08, 0x61, 0x08, 0x61, 0x08, 0x61, 0x08, 0x61, 0x08,
    0x61, 0x08, 0x61, 0x08, 0x61, 0x08, 0x61, 0x08, 0x61, 0x08, 0x61, 0x08, 0x61, 0x08, 0x61, 0x08,
    0x61, 0x08, 0x61, 0x08, 0x61, 0x08, 0x61, 0x08, 0x61, 0x08, 0x61, 0x08, 0x61, 0x08, 0x61, 0x08,
    0x61, 0x08, 0x61, 0x08, 0x61, 0x08, 0x61, 0x08, 0x61, 0x08, 0x61, 0x08, 0x61, 0x08, 0x61, 0x08,
    0x61, 0x08, 0x61, 0x08, 0x61, 0x08, 0x61, 0x08, 0x61, 0x08, 0x61, 0x08, 0x61, 0x08, 0x61, 0x08,
    0x61, 0x08, 0x61, 0x08, 0x61, 0x08, 0x61, 0x08, 0x61, 0x08, 0x61, 0x08, 0x61, 0x08, 0x61, 0x08,
    0x61, 0x08, 0x61, 0x08, 0x61, 0x08, 0x61, 0x08, 0x61, 0x08, 0x61, 0x08, 0x61, 0x08, 0x61, 0x08,
    0x61, 0x08, 0x61, 0x08, 0x61, 0x08, 0x61, 0x08, 0x61, 0x08, 0x61, 0x08, 0x61, 0x08, 0x61, 0x08,
    0x61, 0x08, 0x61, 0x08, 0x61, 0x08, 0x61, 0x08, 0x61, 0x08, 0x61, 0x08, 0x61, 0x08, 0x61, 0x08,
    0x61, 0x08, 0x61, 0x08, 0x61, 0x08, 0x61, 0x08, 0x61, 0x08, 0x61, 0x08, 0x61, 0x08, 0x61, 0x08,
    0x61, 0x08, 0x61, 0x08, 0x61, 0x08, 0x61, 0x08, 0x61, 0x08, 0x61, 0x08, 0x61, 0x08, 0x61, 0x08,
    0x61, 0x08, 0x61, 0x08, 0x61, 0x08, 0x61, 0x08, 0x61, 0x08, 0x61, 0x08, 0x61, 0x08, 0x61, 0x08,
    0x61, 0x08, 0x61, 0x08, 0x61, 0x08, 0x61, 0x08, 0x61, 0x08, 0x61, 0x08, 0x61, 0x08, 0x61, 0x08,
    0xe6, 0x30, 0x13, 0x9a, 0xfd, 0xea, 0x5f, 0xfb, 0x5f, 0xfb, 0x5f, 0xfb, 0x5f, 0xfb, 0x5f, 0xfb,
    0x5f, 0xfb, 0x5f, 0xfb, 0x5f, 0xfb, 0x5f, 0xfb, 0x5f, 0xfb, 0x5f, 0xfb, 0x5f, 0xfb, 0x5f, 0xfb,
    0x5f, 0xfb, 0x5f, 0xfb, 0x5f, 0xfb, 0x5f, 0xfb, 0x5f, 0xfb, 0x5f, 0xfb, 0x5f, 0xfb, 0x5f, 0xfb,
    0x5f, 0xfb, 0x5f, 0xfb, 0x5f, 0xfb, 0x5f, 0xfb, 0x5f, 0xfb, 0x1c, 0xe3, 0xd0, 0x81, 0x61, 0x08,
    0x61, 0x08, 0x61, 0x08, 0x61, 0x08, 0x61, 0x08, 0x61, 0x08, 0x61, 0x08, 0x61, 0x08, 0x61, 0x08,
    0x61, 0x08, 0x61, 0x08, 0x61, 0x08, 0x61, 0x08, 0x61, 0x08, 0x61, 0x08, 0x61, 0x08, 0x61, 0x08,
    0xd1, 0x89, 0xfd, 0xe2, 0x5f, 0xfb, 0x5f, 0xfb, 0x5f, 0xfb, 0x5f, 0xfb, 0x5f, 0xfb, 0x5f, 0xfb,
    0x5f, 0xfb, 0x5f, 0xfb, 0x5f, 0xfb, 0x5f, 0xfb, 0x5f, 0xfb, 0x5f, 0xfb, 0x5f, 0xfb, 0x5f, 0xfb,
    0x5f, 0xfb, 0x5f, 0xfb, 0x5f, 0xfb, 0x5f, 0xfb, 0x5f, 0xfb, 0x5f, 0xfb, 0x5f, 0xfb, 0x5f, 0xfb,
    0x5f, 0xfb, 0x5f, 0xfb, 0x5f, 0xfb, 0x5f, 0xfb, 0x1d, 0xeb, 0x13, 0xa2, 0xe6, 0x30, 0x61, 0x08,
    0x61, 0x08, 0x61, 0x08, 0x61, 0x08, 0x61, 0x08, 0x61, 0x08, 0x61, 0x08, 0x61, 0x08, 0x61, 0x08,
    0x61, 0x08, 0x61, 0x08, 0x61, 0x08, 0x61, 0x08, 0x61, 0x08, 0x61, 0x08, 0x61, 0x08, 0x61, 0x08,
    0x61, 0x08, 0x61, 0x08, 0x61, 0x08, 0x61, 0x08, 0x61, 0x08, 0x61, 0x08, 0x61, 0x08, 0x61, 0x08,
    0x61, 0x08, 0x61, 0x08, 0x61, 0x08, 0x61, 0x08, 0x61, 0x08, 0x61, 0x08, 0x61, 0x08, 0x61, 0x08,
    0x61, 0x08, 0x61, 0x08, 0x61, 0x08, 0x61, 0x08, 0x61, 0x08, 0x61, 0x08, 0x61, 0x08, 0x61, 0x08,
    0x61, 0x08, 0x61, 0x08, 0x61, 0x08, 0x61, 0x08, 0x61, 0x08, 0x61, 0x08, 0x61, 0x08, 0x61, 0x08,
    0x61, 0x08, 0x61, 0x08, 0x61, 0x08, 0x61, 0x08, 0x61, 0x08, 0x61, 0x08, 0x61, 0x08, 0x61, 0x08,
    0x61, 0x08, 0x61, 0x08, 0x61, 0x08, 0x61, 0x08, 0x61, 0x08, 0x61, 0x08, 0x61, 0x08, 0x61, 0x08,
    0x61, 0x08, 0x61, 0x08, 0x61, 0x08, 0x61, 0x08, 0x61, 0x08, 0x61, 0x08, 0x61, 0x08, 0x61, 0x08,
    0x61, 0x08, 0x61, 0x08, 0x61, 0x08, 0x61, 0x08, 0x61, 0x08, 0x61, 0x08, 0x61, 0x08, 0x61, 0x08,
    0x61, 0x08, 0x61, 0x08, 0x61, 0x08, 0x61, 0x08, 0x61, 0x08, 0x61, 0x08, 0x61, 0x08, 0x61, 0x08,
    0x61, 0x08, 0x61, 0x08, 0x61, 0x08, 0x61, 0x08, 0x61, 0x08, 0x61, 0x08, 0x61, 0x08, 0x61, 0x08,
    0x61, 0x08, 0x61, 0x08, 0x61, 0x08, 0x61, 0x08, 0x61, 0x08, 0x61, 0x08, 0x61, 0x08, 0x61, 0x08,
    0x61, 0x08, 0x61, 0x08, 0x61, 0x08, 0x61, 0x08, 0x61, 0x08, 0x61, 0x08, 0x61, 0x08, 0x61, 0x08,
    0x61, 0x08, 0x61, 0x08, 0x61, 0x08, 0x61, 0x08, 0x61, 0x08, 0x61, 0x08, 0x61, 0x08, 0x61, 0x08,
    0x61, 0x08, 0x61, 0x08, 0x61, 0x08, 0x61, 0x08, 0x61, 0x08, 0x61, 0x08, 0x61, 0x08, 0x61, 0x08,
    0x61, 0x08, 0x61, 0x08, 0x61, 0x08, 0x61, 0x08, 0x61, 0x08, 0x61, 0x08, 0x61, 0x08, 0x61, 0x08,
    0x61, 0x08, 0x61, 0x08, 0x61, 0x08, 0x61, 0x08, 0x61, 0x08, 0x61, 0x08, 0x61, 0x08, 0x61, 0x08,
    0x61, 0x08, 0x61, 0x08, 0x61, 0x08, 0x61, 0x08, 0x61, 0x08, 0x61, 0x08, 0x61, 0x08, 0x61, 0x08,
    0x61, 0x08, 0x61, 0x08, 0x61, 0x08, 0x61, 0x08, 0x61, 0x08, 0x61, 0x08, 0x61, 0x08, 0x61, 0x08,
    0x61, 0x08, 0xc6, 0x30, 0x14, 0xa2, 0x3e, 0xeb, 0x5f, 0xfb, 0x5f, 0xfb, 0x5f, 0xfb, 0x5f, 0xfb,
    0x5f, 0xfb, 0x5f, 0xfb, 0x5f, 0xfb, 0x5f, 0xfb, 0x5f, 0xfb, 0x5f, 0xfb, 0x5f, 0xfb, 0x5f, 0xfb,
    0x5f, 0xfb, 0x5f, 0xfb, 0x5f, 0xfb, 0x5f, 0xfb, 0x5f, 0xfb, 0x5f, 0xfb, 0x5f, 0xfb, 0x5f, 0xfb,
    0x5f, 0xfb, 0x5f, 0xfb, 0x5f, 0xfb, 0x5f, 0xfb, 0x5f, 0xfb, 0x5f, 0xfb, 0xdb, 0xda, 0xb0, 0x79,
    0x61, 0x08, 0x61, 0x08, 0x61, 0x08, 0x61, 0x08, 0x61, 0x08, 0x61, 0x08, 0x61, 0x08, 0x61, 0x08,
    0x61, 0x08, 0x61, 0x08, 0x61, 0x08, 0x61, 0x08, 0x61, 0x08, 0x61, 0x08, 0xc4, 0x20, 0xf2, 0x89,
    0xfd, 0xe2, 0x5f, 0xfb, 0x5f, 0xfb, 0x5f, 0xfb, 0x5f, 0xfb, 0x5f, 0xfb, 0x5f, 0xfb, 0x5f, 0xfb,
    0x5f, 0xfb, 0x5f, 0xfb, 0x5f, 0xfb, 0x5f, 0xfb, 0x5f, 0xfb, 0x5f, 0xfb, 0x5f, 0xfb, 0x5f, 0xfb,
    0x5f, 0xfb, 0x5f, 0xfb, 0x5f, 0xfb, 0x5f, 0xfb, 0x5f, 0xfb, 0x5f, 0xfb, 0x5f, 0xfb, 0x5f, 0xfb,
    0x5f, 0xfb, 0x5f, 0xfb, 0x5f, 0xfb, 0x1e, 0xf3, 0x35, 0xa2, 0xe7, 0x38, 0x61, 0x08, 0x61, 0x08,
    0x61, 0x08, 0x61, 0x08, 0x61, 0x08, 0x61, 0x08, 0x61, 0x08, 0x61, 0x08, 0x61, 0x08, 0x61, 0x08,
    0x61, 0x08, 0x61, 0x08, 0x61, 0x08, 0x61, 0x08, 0x61, 0x08, 0x61, 0x08, 0x61, 0x08, 0x61, 0x08,
    0x61, 0x08, 0x61, 0x08, 0x61, 0x08, 0x61, 0x08, 0x61, 0x08, 0x61, 0x08, 0x61, 0x08, 0x61, 0x08,
    0x61, 0x08, 0x61, 0x08, 0x61, 0x08, 0x61, 0x08, 0x61, 0x08, 0x61, 0x08, 0x61, 0x08, 0x61, 0x08,
    0x61, 0x08, 0x61, 0x08, 0x61, 0x08, 0x61, 0x08, 0x61, 0x08, 0x61, 0x08, 0x61, 0x08, 0x61, 0x08,
    0x61, 0x08, 0x61, 0x08, 0x61, 0x08, 0x61, 0x08, 0x61, 0x08, 0x61, 0x08, 0x61, 0x08, 0x61, 0x08,
    0x61, 0x08, 0x61, 0x08, 0x61, 0x08, 0x61, 0x08, 0x61, 0x08, 0x61, 0x08, 0x61, 0x08, 0x61, 0x08,
    0x61, 0x08, 0x61, 0x08, 0x61, 0x08, 0x61, 0x08, 0x61, 0x08, 0x61, 0x08, 0x61, 0x08, 0x61, 0x08,
    0x61, 0x08, 0x61, 0x08, 0x61, 0x08, 0x61, 0x08, 0x61, 0x08, 0x61, 0x08, 0x61, 0x08, 0x61, 0x08,
    0x61, 0x08, 0x61, 0x08, 0x61, 0x08, 0x61, 0x08, 0x61, 0x08, 0x61, 0x08, 0x61, 0x08, 0x61, 0x08,
    0x61, 0x08, 0x61, 0x08, 0x61, 0x08, 0x61, 0x08, 0x61, 0x08, 0x61, 0x08, 0x61, 0x08, 0x61, 0x08,
    0x61, 0x08, 0x61, 0x08, 0x61, 0x08, 0x61, 0x08, 0x61, 0x08, 0x61, 0x08, 0x61, 0x08, 0x61, 0x08,
    0x61, 0x08, 0x61, 0x08, 0x61, 0x08, 0x61, 0x08, 0x61, 0x08, 0x61, 0x08, 0x61, 0x08, 0x61, 0x08,
    0x61, 0x08, 0x61, 0x08, 0x61, 0x08, 0x61, 0x08, 0x61, 0x08, 0x61, 0x08, 0x61, 0x08, 0x61, 0x08,
    0x61, 0x08, 0x61, 0x08, 0x61, 0x08, 0x61, 0x08, 0x61, 0x08, 0x61, 0x08, 0x61, 0x08, 0x61, 0x08,
    0x61, 0x08, 0x61, 0x08, 0x61, 0x08, 0x61, 0x08, 0x61, 0x08, 0x61, 0x08, 0x61, 0x08, 0x61, 0x08,
    0x61, 0x08, 0x61, 0x08, 0x61, 0x08, 0x61, 0x08, 0x61, 0x08, 0x61, 0x08, 0x61, 0x08, 0x61, 0x08,
    0x61, 0x08, 0x61, 0x08, 0x61, 0x08, 0x61, 0x08, 0x61, 0x08, 0x61, 0x08, 0x61, 0x08, 0x61, 0x08,
    0x61, 0x08, 0x61, 0x08, 0x61, 0x08, 0x61, 0x08, 0x61, 0x08, 0x61, 0x08, 0x61, 0x08, 0x61, 0x08,
    0x61, 0x08, 0x61, 0x08, 0x61, 0x08, 0x61, 0x08, 0x61, 0x08, 0x61, 0x08, 0x61, 0x08, 0x61, 0x08,
    0x61, 0x08, 0x61, 0x08, 0xe7, 0x38, 0x14, 0xa2, 0x3e, 0xeb, 0x5f, 0xfb, 0x5f, 0xfb, 0x5f, 0xfb,
    0x5f, 0xfb, 0x5f, 0xfb, 0x5f, 0xfb, 0x5f, 0xfb, 0x5f, 0xfb, 0x5f, 0xfb, 0x5f, 0xfb, 0x5f, 0xfb,
    0x5f, 0xfb, 0x5f, 0xfb, 0x5f, 0xfb, 0x5f, 0xfb, 0x5f, 0xfb, 0x5f, 0xfb, 0x5f, 0xfb, 0x5f, 0xfb,
    0x5f, 0xfb, 0x5f, 0xfb, 0x5f, 0xfb, 0x5f, 0xfb, 0x5f, 0xfb, 0x5f, 0xfb, 0x5f, 0xfb, 0xdb, 0xda,
    0xaf, 0x81, 0x82, 0x10, 0x61, 0x08, 0x61, 0x08, 0x61, 0x08, 0x61, 0x08, 0x61, 0x08, 0x61, 0x08,
    0x61, 0x08, 0x61, 0x08, 0x61, 0x08, 0x61, 0x08, 0x61, 0x08, 0xc4, 0x20, 0xd0, 0x81, 0xfc, 0xda,
    0x5f, 0xfb, 0x5f, 0xfb, 0x5f, 0xfb, 0x5f, 0xfb, 0x5f, 0xfb, 0x5f, 0xfb, 0x5f, 0xfb, 0x5f, 0xfb,
    0x5f, 0xfb, 0x5f, 0xfb, 0x5f, 0xfb, 0x5f, 0xfb, 0x5f, 0xfb, 0x5f, 0xfb, 0x5f, 0xfb, 0x5f, 0xfb,
    0x5f, 0xfb, 0x5f, 0xfb, 0x5f, 0xfb, 0x5f, 0xfb, 0x5f, 0xfb, 0x5f, 0xfb, 0x5f, 0xfb, 0x5f, 0xfb,
    0x5f, 0xfb, 0x5f, 0xfb, 0x1e, 0xf3, 0x15, 0xaa, 0xe7, 0x38, 0x61, 0x08, 0x61, 0x08, 0x61, 0x08,
    0x61, 0x08, 0x61, 0x08, 0x61, 0x08, 0x61, 0x08, 0x61, 0x08, 0x61, 0x08, 0x61, 0x08, 0x61, 0x08,
    0x61, 0x08, 0x61, 0x08, 0x61, 0x08, 0x61, 0x08, 0x61, 0x08, 0x61, 0x08, 0x61, 0x08, 0x61, 0x08,
    0x61, 0x08, 0x61, 0x08, 0x61, 0x08, 0x61, 0x08, 0x61, 0x08, 0x61, 0x08, 0x61, 0x08, 0x61, 0x08,
    0x61, 0x08, 0x61, 0x08, 0x61, 0x08, 0x61, 0x08, 0x61, 0x08, 0x61, 0x08, 0x61, 0x08, 0x61, 0x08,
    0x61, 0x08, 0x61, 0x08, 0x61, 0x08, 0x61, 0x08, 0x61, 0x08, 0x61, 0x08, 0x61, 0x08, 0x61, 0x08,
    0x61, 0x08, 0x61, 0x08, 0x61, 0x08, 0x61, 0x08, 0x61, 0x08, 0x61, 0x08, 0x61, 0x08, 0x61, 0x08,
    0x61, 0x08, 0x61, 0x08, 0x61, 0x08, 0x61, 0x08, 0x61, 0x08, 0x61, 0x08, 0x61, 0x08, 0x61, 0x08,
    0x61, 0x08, 0x61, 0x08, 0x61, 0x08, 0x61, 0x08, 0x61, 0x08, 0x61, 0x08, 0x61, 0x08, 0x61, 0x08,
    0x61, 0x08, 0x61, 0x08, 0x61, 0x08, 0x61, 0x08, 0x61, 0x08, 0x61, 0x08, 0x61, 0x08, 0x61, 0x08,
    0x61, 0x08, 0x61, 0x08, 0x61, 0x08, 0x61, 0x08, 0x61, 0x08, 0x61, 0x08, 0x61, 0x08, 0x61, 0x08,
    0x61, 0x08, 0x61, 0x08, 0x61, 0x08, 0x61, 0x08, 0x61, 0x08, 0x61, 0x08, 0x61, 0x08, 0x61, 0x08,
    0x61, 0x08, 0x61, 0x08, 0x61, 0x08, 0x61, 0x08, 0x61, 0x08, 0x61, 0x08, 0x61, 0x08, 0x61, 0x08,
    0x61, 0x08, 0x61, 0x08, 0x61, 0x08, 0x61, 0x08, 0x61, 0x08, 0x61, 0x08, 0x61, 0x08, 0x61, 0x08,
    0x61, 0x08, 0x61, 0x08, 0x61, 0x08, 0x61, 0x08, 0x61, 0x08, 0x61, 0x08, 0x61, 0x08, 0x61, 0x08,
    0x61, 0x08, 0x61, 0x08, 0x61, 0x08, 0x61, 0x08, 0x61, 0x08, 0x61, 0x08, 0x61, 0x08, 0x61, 0x08,
    0x61, 0x08, 0x61, 0x08, 0x61, 0x08, 0x61, 0x08, 0x61, 0x08, 0x61, 0x08, 0x61, 0x08, 0x61, 0x08,
    0x61, 0x08, 0x61, 0x08, 0x61, 0x08, 0x61, 0x08, 0x61, 0x08, 0x61, 0x08, 0x61, 0x08, 0x61, 0x08,
    0x61, 0x08, 0x61, 0x08, 0x61, 0x08, 0x61, 0x08, 0x61, 0x08, 0x61, 0x08, 0x61, 0x08, 0x61, 0x08,
    0x61, 0x08, 0x61, 0x08, 0x61, 0x08, 0x61, 0x08, 0x61, 0x08, 0x61, 0x08, 0x61, 0x08, 0x61, 0x08,
    0x61, 0x08, 0x61, 0x08, 0x61, 0x08, 0x61, 0x08, 0x61, 0x08, 0x61, 0x08, 0x61, 0x08, 0x61, 0x08,
    0x61, 0x08, 0x61, 0x08, 0x61, 0x08, 0xe6, 0x30, 0x14, 0xa2, 0x1e, 0xf3, 0x5f, 0xfb, 0x5f, 0xfb,
    0x5f, 0xfb, 0x5f, 0xfb, 0x5f, 0xfb, 0x5f, 0xfb, 0x5f, 0xfb, 0x5f, 0xfb, 0x5f, 0xfb, 0x5f, 0xfb,
    0x5f, 0xfb, 0x5f, 0xfb, 0x5f, 0xfb, 0x5f, 0xfb, 0x5f, 0xfb, 0x5f, 0xfb, 0x5f, 0xfb, 0x5f, 0xfb,
    0x5f, 0xfb, 0x5f, 0xfb, 0x5f, 0xfb, 0x5f, 0xfb, 0x5f, 0xfb, 0x5f, 0xfb, 0x5f, 0xfb, 0x5f, 0xfb,
    0xdb, 0xda, 0xaf, 0x79, 0x82, 0x10, 0x61, 0x08, 0x61, 0x08, 0x61, 0x08, 0x61, 0x08, 0x61, 0x08,
    0x61, 0x08, 0x61, 0x08, 0x61, 0x08, 0x61, 0x08, 0xc5, 0x28, 0xf2, 0x89, 0xfd, 0xe2, 0x5f, 0xfb,
    0x5f, 0xfb, 0x5f, 0xfb, 0x5f, 0xfb, 0x5f, 0xfb, 0x5f, 0xfb, 0x5f, 0xfb, 0x5f, 0xfb, 0x5f, 0xfb,
    0x5f, 0xfb, 0x5f, 0xfb, 0x5f, 0xfb, 0x5f, 0xfb, 0x5f, 0xfb, 0x5f, 0xfb, 0x5f, 0xfb, 0x5f, 0xfb,
    0x5f, 0xfb, 0x5f, 0xfb, 0x5f, 0xfb, 0x5f, 0xfb, 0x5f, 0xfb, 0x5f, 0xfb, 0x5f, 0xfb, 0x5f, 0xfb,
    0x5f, 0xfb, 0x1e, 0xf3, 0x15, 0xaa, 0xe7, 0x38, 0x61, 0x08, 0x61, 0x08, 0x61, 0x08, 0x61, 0x08,
    0x61, 0x08, 0x61, 0x08, 0x61, 0x08, 0x61, 0x08, 0x61, 0x08, 0x61, 0x08, 0x61, 0x08, 0x61, 0x08,
    0x61, 0x08, 0x61, 0x08, 0x61, 0x08, 0x61, 0x08, 0x61, 0x08, 0x61, 0x08, 0x61, 0x08, 0x61, 0x08,
    0x61, 0x08, 0x61, 0x08, 0x61, 0x08, 0x61, 0x08, 0x61, 0x08, 0x61, 0x08, 0x61, 0x08, 0x61, 0x08,
    0x61, 0x08, 0x61, 0x08, 0x61, 0x08, 0x61, 0x08, 0x61, 0x08, 0x61, 0x08, 0x61, 0x08, 0x61, 0x08,
    0x61, 0x08, 0x61, 0x08, 0x61, 0x08, 0x61, 0x08, 0x61, 0x08, 0x61, 0x08, 0x61, 0x08, 0x61, 0x08,
    0x61, 0x08, 0x61, 0x08, 0x61, 0x08, 0x61, 0x08, 0x61, 0x08, 0x61, 0x08, 0x61, 0x08, 0x61, 0x08,
    0x61, 0x08, 0x61, 0x08, 0x61, 0x08, 0x61, 0x08, 0x61, 0x08, 0x61, 0x08, 0x61, 0x08, 0x61, 0x08,
    0x61, 0x08, 0x61, 0x08, 0x61, 0x08, 0x61, 0x08, 0x61, 0x08, 0x61, 0x08, 0x61, 0x08, 0x61, 0x08,
    0x61, 0x08, 0x61, 0x08, 0x61, 0x08, 0x61, 0x08, 0x61, 0x08, 0x61, 0x08, 0x61, 0x08, 0x61, 0x08,
    0x61, 0x08, 0x61, 0x08, 0x61, 0x08, 0x61, 0x08, 0x61, 0x08, 0x61, 0x08, 0x61, 0x08, 0x61, 0x08,
    0x61, 0x08, 0x61, 0x08, 0x61, 0x08, 0x61, 0x08, 0x61, 0x08, 0x61, 0x08, 0x61, 0x08, 0x61, 0x08,
    0x61, 0x08, 0x61, 0x08, 0x61, 0x08, 0x61, 0x08, 0x61, 0x08, 0x61, 0x08, 0x61, 0x08, 0x61, 0x08,
    0x61, 0x08, 0x61, 0x08, 0x61, 0x08, 0x61, 0x08, 0x61, 0x08, 0x61, 0x08, 0x61, 0x08, 0x61, 0x08,
    0x61, 0x08, 0x61, 0x08, 0x61, 0x08, 0x61, 0x08, 0x61, 0x08, 0x61, 0x08, 0x61, 0x08, 0x61, 0x08,
    0x61, 0x08, 0x61, 0x08, 0x61, 0x08, 0x61, 0x08, 0x61, 0x08, 0x61, 0x08, 0x61, 0x08, 0x61, 0x08,
    0x61, 0x08, 0x61, 0x08, 0x61, 0x08, 0x61, 0x08, 0x61, 0x08, 0x61, 0x08, 0x61, 0x08, 0x61, 0x08,
    0x61, 0x08, 0x61, 0x08, 0x61, 0x08, 0x61, 0x08, 0x61, 0x08, 0x61, 0x08, 0x61, 0x08, 0x61, 0x08,
    0x61, 0x08, 0x61, 0x08, 0x61, 0x08, 0x61, 0x08, 0x61, 0x08, 0x61, 0x08, 0x61, 0x08, 0x61, 0x08,
    0x61, 0x08, 0x61, 0x08, 0x61, 0x08, 0x61, 0x08, 0x61, 0x08, 0x61, 0x08, 0x61, 0x08, 0x61, 0x08,
    0x61, 0x08, 0x61, 0x08, 0x61, 0x08, 0x61, 0x08, 0x61, 0x08, 0x61, 0x08, 0x61, 0x08, 0x61, 0x08,
    0x61, 0x08, 0x61, 0x08, 0x61, 0x08, 0x61, 0x08, 0xc6, 0x30, 0x35, 0xa2, 0x3e, 0xeb, 0x5f, 0xfb,
    0x5f, 0xfb, 0x5f, 0xfb, 0x5f, 0xfb, 0x5f, 0xfb, 0x5f, 0xfb, 0x5f, 0xfb, 0x5f, 0xfb, 0x5f, 0xfb,
    0x5f, 0xfb, 0x5f, 0xfb, 0x5f, 0xfb, 0x5f, 0xfb, 0x5f, 0xfb, 0x5f, 0xfb, 0x5f, 0xfb, 0x5f, 0xfb,
    0x5f, 0xfb, 0x5f, 0xfb, 0x5f, 0xfb, 0x5f, 0xfb, 0x5f, 0xfb, 0x5f, 0xfb, 0x5f, 0xfb, 0x5f, 0xfb,
    0x5f, 0xfb, 0xdb, 0xda, 0x8e, 0x71, 0x83, 0x10, 0x61, 0x08, 0x61, 0x08, 0x61, 0x08, 0x61, 0x08,
    0x61, 0x08, 0x61, 0x08, 0x61, 0x08, 0xc5, 0x28, 0xd1, 0x89, 0xdd, 0xe2, 0x5f, 0xfb, 0x5f, 0xfb,
    0x5f, 0xfb, 0x5f, 0xfb, 0x5f, 0xfb, 0x5f, 0xfb, 0x5f, 0xfb, 0x5f, 0xfb, 0x5f, 0xfb, 0x5f, 0xfb,
    0x5f, 0xfb, 0x5f, 0xfb, 0x5f, 0xfb, 0x5f, 0xfb, 0x5f, 0xfb, 0x5f, 0xfb, 0x5f, 0xfb, 0x5f, 0xfb,
    0x5f, 0xfb, 0x5f, 0xfb, 0x5f, 0xfb, 0x5f, 0xfb, 0x5f, 0xfb, 0x5f, 0xfb, 0x5f, 0xfb, 0x5f, 0xfb,
    0x1e, 0xf3, 0x35, 0xaa, 0xe6, 0x30, 0x61, 0x08, 0x61, 0x08, 0x61, 0x08, 0x61, 0x08, 0x61, 0x08,
    0x61, 0x08, 0x61, 0x08, 0x61, 0x08, 0x61, 0x08, 0x61, 0x08, 0x61, 0x08, 0x61, 0x08, 0x61, 0x08,
    0x61, 0x08, 0x61, 0x08, 0x61, 0x08, 0x61, 0x08, 0x61, 0x08, 0x61, 0x08, 0x61, 0x08, 0x61, 0x08,
    0x61, 0x08, 0x61, 0x08, 0x61, 0x08, 0x61, 0x08, 0x61, 0x08, 0x61, 0x08, 0x61, 0x08, 0x61, 0x08,
    0x61, 0x08, 0x61, 0x08, 0x61, 0x08, 0x61, 0x08, 0x61, 0x08, 0x61, 0x08, 0x61, 0x08, 0x61, 0x08,
    0x61, 0x08, 0x61, 0x08, 0x61, 0x08, 0x61, 0x08, 0x61, 0x08, 0x61, 0x08, 0x61, 0x08, 0x61, 0x08,
    0x61, 0x08, 0x61, 0x08, 0x61, 0x08, 0x61, 0x08, 0x61, 0x08, 0x61, 0x08, 0x61, 0x08, 0x61, 0x08,
    0x61, 0x08, 0x61, 0x08, 0x61, 0x08, 0x61, 0x08, 0x61, 0x08, 0x61, 0x08, 0x61, 0x08, 0x61, 0x08,
    0x61, 0x08, 0x61, 0x08, 0x61, 0x08, 0x61, 0x08, 0x61, 0x08, 0x61, 0x08, 0x61, 0x08, 0x61, 0x08,
    0x61, 0x08, 0x61, 0x08, 0x61, 0x08, 0x61, 0x08, 0x61, 0x08, 0x61, 0x08, 0x61, 0x08, 0x61, 0x08,
    0x61, 0x08, 0x61, 0x08, 0x61, 0x08, 0x61, 0x08, 0x61, 0x08, 0x61, 0x08, 0x61, 0x08, 0x61, 0x08,
    0x61, 0x08, 0x61, 0x08, 0x61, 0x08, 0x61, 0x08, 0x61, 0x08, 0x61, 0x08, 0x61, 0x08, 0x61, 0x08,
    0x61, 0x08, 0x61, 0x08, 0x61, 0x08, 0x61, 0x08, 0x61, 0x08, 0x61, 0x08, 0x61, 0x08, 0x61, 0x08,
    0x61, 0x08, 0x61, 0x08, 0x61, 0x08, 0x61, 0x08, 0x61, 0x08, 0x61, 0x08, 0x61, 0x08, 0x61, 0x08,
    0x61, 0x08, 0x61, 0x08, 0x61, 0x08, 0x61, 0x08, 0x61, 0x08, 0x61, 0x08, 0x61, 0x08, 0x61, 0x08,
    0x61, 0x08, 0x61, 0x08, 0x61, 0x08, 0x61, 0x08, 0x61, 0x08, 0x61, 0x08, 0x61, 0x08, 0x61, 0x08,
    0x61, 0x08, 0x61, 0x08, 0x61, 0x08, 0x61, 0x08, 0x61, 0x08, 0x61, 0x08, 0x61, 0x08, 0x61, 0x08,
    0x61, 0x08, 0x61, 0x08, 0x61, 0x08, 0x61, 0x08, 0x61, 0x08, 0x61, 0x08, 0x61, 0x08, 0x61, 0x08,
    0x61, 0x08, 0x61, 0x08, 0x61, 0x08, 0x61, 0x08, 0x61, 0x08, 0x61, 0x08, 0x61, 0x08, 0x61, 0x08,
    0x61, 0x08, 0x61, 0x08, 0x61, 0x08, 0x61, 0x08, 0x61, 0x08, 0x61, 0x08, 0x61, 0x08, 0x61, 0x08,
    0x61, 0x08, 0x61, 0x08, 0x61, 0x08, 0x61, 0x08, 0x61, 0x08, 0x61, 0x08, 0x61, 0x08, 0x61, 0x08,
    0x61, 0x08, 0x61, 0x08, 0x61, 0x08, 0x61, 0x08, 0x61, 0x08, 0xe6, 0x30, 0xf1, 0x91, 0xdc, 0xe2,
    0x5f, 0xfb, 0x5f, 0xfb, 0x5f, 0xfb, 0x5f, 0xfb, 0x5f, 0xfb, 0x5f, 0xfb, 0x5f, 0xfb, 0x5f, 0xfb,
    0x5f, 0xfb, 0x5f, 0xfb, 0x5f, 0xfb, 0x5f, 0xfb, 0x5f, 0xfb, 0x5f, 0xfb, 0x5f, 0xfb, 0x5f, 0xfb,
    0x5f, 0xfb, 0x5f, 0xfb, 0x5f, 0xfb, 0x5f, 0xfb, 0x5f, 0xfb, 0x5f, 0xfb, 0x5f, 0xfb, 0x5f, 0xfb,
    0x5f, 0xfb, 0x5f, 0xfb, 0xdb, 0xda, 0x8e, 0x71, 0x83, 0x18, 0x61, 0x08, 0x61, 0x08, 0x61, 0x08,
    0x61, 0x08, 0x61, 0x08, 0xc5, 0x30, 0xd1, 0x89, 0x1d, 0xeb, 0x5f, 0xfb, 0x5f, 0xfb, 0x5f, 0xfb,
    0x5f, 0xfb, 0x5f, 0xfb, 0x5f, 0xfb, 0x5f, 0xfb, 0x5f, 0xfb, 0x5f, 0xfb, 0x5f, 0xfb, 0x5f, 0xfb,
    0x5f, 0xfb, 0x5f, 0xfb, 0x5f, 0xfb, 0x5f, 0xfb, 0x5f, 0xfb, 0x5f, 0xfb, 0x5f, 0xfb, 0x5f, 0xfb,
    0x5f, 0xfb, 0x5f, 0xfb, 0x5f, 0xfb, 0x5f, 0xfb, 0x5f, 0xfb, 0x5f, 0xfb, 0x5f, 0xfb, 0xfc, 0xe2,
    0x14, 0xa2, 0xc6, 0x30, 0x61, 0x08, 0x61, 0x08, 0x61, 0x08, 0x61, 0x08, 0x61, 0x08, 0x61, 0x08,
    0x61, 0x08, 0x61, 0x08, 0x61, 0x08, 0x61, 0x08, 0x61, 0x08, 0x61, 0x08, 0x61, 0x08, 0x61, 0x08,
    0x61, 0x08, 0x61, 0x08, 0x61, 0x08, 0x61, 0x08, 0x61, 0x08, 0x61, 0x08, 0x61, 0x08, 0x61, 0x08,
    0x61, 0x08, 0x61, 0x08, 0x61, 0x08, 0x61, 0x08, 0x61, 0x08, 0x61, 0x08, 0x61, 0x08, 0x61, 0x08,
    0x61, 0x08, 0x61, 0x08, 0x61, 0x08, 0x61, 0x08, 0x61, 0x08, 0x61, 0x08, 0x61, 0x08, 0x61, 0x08,
    0x61, 0x08, 0x61, 0x08, 0x61, 0x08, 0x61, 0x08, 0x61, 0x08, 0x61, 0x08, 0x61, 0x08, 0x61, 0x08,
    0x61, 0x08, 0x61, 0x08, 0x61, 0x08, 0x61, 0x08, 0x61, 0x08, 0x61, 0x08, 0x61, 0x08, 0x61, 0x08,
    0x61, 0x08, 0x61, 0x08, 0x61, 0x08, 0x61, 0x08, 0x61, 0x08, 0x61, 0x08, 0x61, 0x08, 0x61, 0x08,
    0x61, 0x08, 0x61, 0x08, 0x61, 0x08, 0x61, 0x08, 0x61, 0x08, 0x61, 0x08, 0x61, 0x08, 0x61, 0x08,
    0x61, 0x08, 0x61, 0x08, 0x61, 0x08, 0x61, 0x08, 0x61, 0x08, 0x61, 0x08, 0x61, 0x08, 0x61, 0x08,
    0x61, 0x08, 0x61, 0x08, 0x61, 0x08, 0x61, 0x08, 0x61, 0x08, 0x61, 0x08, 0x61, 0x08, 0x61, 0x08,
    0x61, 0x08, 0x61, 0x08, 0x61, 0x08, 0x61, 0x08, 0x61, 0x08, 0x61, 0x08, 0x61, 0x08, 0x61, 0x08,
    0x61, 0x08, 0x61, 0x08, 0x61, 0x08, 0x61, 0x08, 0x61, 0x08, 0x61, 0x08, 0x61, 0x08, 0x61, 0x08,
    0x61, 0x08, 0x61, 0x08, 0x61, 0x08, 0x61, 0x08, 0x61, 0x08, 0x61, 0x08, 0x61, 0x08, 0x61, 0x08,
    0x61, 0x08, 0x61, 0x08, 0x61, 0x08, 0x61, 0x08, 0x61, 0x08, 0x61, 0x08, 0x61, 0x08, 0x61, 0x08,
    0x61, 0x08, 0x61, 0x08, 0x61, 0x08, 0x61, 0x08, 0x61, 0x08, 0x61, 0x08, 0x61, 0x08, 0x61, 0x08,
    0x61, 0x08, 0x61, 0x08, 0x61, 0x08, 0x61, 0x08, 0x61, 0x08, 0x61, 0x08, 0x61, 0x08, 0x61, 0x08,
    0x61, 0x08, 0x61, 0x08, 0x61, 0x08, 0x61, 0x08, 0x61, 0x08, 0x61, 0x08, 0x61, 0x08, 0x61, 0x08,
    0x61, 0x08, 0x61, 0x08, 0x61, 0x08, 0x61, 0x08, 0x61, 0x08, 0x61, 0x08, 0x61, 0x08, 0x61, 0x08,
    0x61, 0x08, 0x61, 0x08, 0x61, 0x08, 0x61, 0x08, 0x61, 0x08, 0x61, 0x08, 0x61, 0x08, 0x61, 0x08,
    0x61, 0x08, 0x61, 0x08, 0x61, 0x08, 0x61, 0x08, 0x61, 0x08, 0x61, 0x08, 0x61, 0x08, 0x61, 0x08,
    0x61, 0x08, 0x61, 0x08, 0x61, 0x08, 0x61, 0x08, 0x61, 0x08, 0x61, 0x08, 0xc5, 0x28, 0xf1, 0x91,
    0xdc, 0xe2, 0x5f, 0xfb, 0x5f, 0xfb, 0x5f, 0xfb, 0x5f, 0xfb, 0x5f, 0xfb, 0x5f, 0xfb, 0x5f, 0xfb,
    0x5f, 0xfb, 0x5f, 0xfb, 0x5f, 0xfb, 0x5f, 0xfb, 0x5f, 0xfb, 0x5f, 0xfb, 0x5f, 0xfb, 0x5f, 0xfb,
    0x5f, 0xfb, 0x5f, 0xfb, 0x5f, 0xfb, 0x5f, 0xfb, 0x5f, 0xfb, 0x5f, 0xfb, 0x5f, 0xfb, 0x5f, 0xfb,
    0x5f, 0xfb, 0x5f, 0xfb, 0x5f, 0xfb, 0xdb, 0xda, 0x8e, 0x71, 0xa4, 0x20, 0x61, 0x08, 0x61, 0x08,
    0x61, 0x08, 0xc5, 0x28, 0xd1, 0x81, 0x1d, 0xeb, 0x5f, 0xfb, 0x5f, 0xfb, 0x5f, 0xfb, 0x5f, 0xfb,
    0x5f, 0xfb, 0x5f, 0xfb, 0x5f, 0xfb, 0x5f, 0xfb, 0x5f, 0xfb, 0x5f, 0xfb, 0x5f, 0xfb, 0x5f, 0xfb,
    0x5f, 0xfb, 0x5f, 0xfb, 0x5f, 0xfb, 0x5f, 0xfb, 0x5f, 0xfb, 0x5f, 0xfb, 0x5f, 0xfb, 0x5f, 0xfb,
    0x5f, 0xfb, 0x5f, 0xfb, 0x5f, 0xfb, 0x5f, 0xfb, 0x5f, 0xfb, 0x5f, 0xfb, 0xfc, 0xe2, 0xf2, 0x91,
    0xc5, 0x30, 0x61, 0x08, 0x61, 0x08, 0x61, 0x08, 0x61, 0x08, 0x61, 0x08, 0x61, 0x08, 0x61, 0x08,
    0x61, 0x08, 0x61, 0x08, 0x61, 0x08, 0x61, 0x08, 0x61, 0x08, 0x61, 0x08, 0x61, 0x08, 0x61, 0x08,
    0x61, 0x08, 0x61, 0x08, 0x61, 0x08, 0x61, 0x08, 0x61, 0x08, 0x61, 0x08, 0x61, 0x08, 0x61, 0x08,
    0x61, 0x08, 0x61, 0x08, 0x61, 0x08, 0x61, 0x08, 0x61, 0x08, 0x61, 0x08, 0x61, 0x08, 0x61, 0x08,
    0x61, 0x08, 0x61, 0x08, 0x61, 0x08, 0x61, 0x08, 0x61, 0x08, 0x61, 0x08, 0x61, 0x08, 0x61, 0x08,
    0x61, 0x08, 0x61, 0x08, 0x61, 0x08, 0x61, 0x08, 0x61, 0x08, 0x61, 0x08, 0x61, 0x08, 0x61, 0x08,
    0x61, 0x08, 0x61, 0x08, 0x61, 0x08, 0x61, 0x08, 0x61, 0x08, 0x61, 0x08, 0x61, 0x08, 0x61, 0x08,
    0x61, 0x08, 0x61, 0x08, 0x61, 0x08, 0x61, 0x08, 0x61, 0x08, 0x61, 0x08, 0x61, 0x08, 0x61, 0x08,
    0x61, 0x08, 0x61, 0x08, 0x61, 0x08, 0x61, 0x08, 0x61, 0x08, 0x61, 0x08, 0x61, 0x08, 0x61, 0x08,
    0x61, 0x08, 0x61, 0x08, 0x61, 0x08, 0x61, 0x08, 0x61, 0x08, 0x61, 0x08, 0x61, 0x08, 0x61, 0x08,
    0x61, 0x08, 0x61, 0x08, 0x61, 0x08, 0x61, 0x08, 0x61, 0x08, 0x61, 0x08, 0x61, 0x08, 0x61, 0x08,
    0x61, 0x08, 0x61, 0x08, 0x61, 0x08, 0x61, 0x08, 0x61, 0x08, 0x61, 0x08, 0x61, 0x08, 0x61, 0x08,
    0x61, 0x08, 0x61, 0x08, 0x61, 0x08, 0x61, 0x08, 0x61, 0x08, 0x61, 0x08, 0x61, 0x08, 0x61, 0x08,
    0x61, 0x08, 0x61, 0x08, 0x61, 0x08, 0x61, 0x08, 0x61, 0x08, 0x61, 0x08, 0x61, 0x08, 0x61, 0x08,
    0x61, 0x08, 0x61, 0x08, 0x61, 0x08, 0x61, 0x08, 0x61, 0x08, 0x61, 0x08, 0x61, 0x08, 0x61, 0x08,
    0x61, 0x08, 0x61, 0x08, 0x61, 0x08, 0x61, 0x08, 0x61, 0x08, 0x61, 0x08, 0x61, 0x08, 0x61, 0x08,
    0x61, 0x08, 0x61, 0x08, 0x61, 0x08, 0x61, 0x08, 0x61, 0x08, 0x61, 0x08, 0x61, 0x08, 0x61, 0x08,
    0x61, 0x08, 0x61, 0x08, 0x61, 0x08, 0x61, 0x08, 0x61, 0x08, 0x61, 0x08, 0x61, 0x08, 0x61, 0x08,
    0x61, 0x08, 0x61, 0x08, 0x61, 0x08, 0x61, 0x08, 0x61, 0x08, 0x61, 0x08, 0x61, 0x08, 0x61, 0x08,
    0x61, 0x08, 0x61, 0x08, 0x61, 0x08, 0x61, 0x08, 0x61, 0x08, 0x61, 0x08, 0x61, 0x08, 0x61, 0x08,
    0x61, 0x08, 0x61, 0x08, 0x61, 0x08, 0x61, 0x08, 0x61, 0x08, 0x61, 0x08, 0x61, 0x08, 0x61, 0x08,
    0x61, 0x08, 0x61, 0x08, 0x61, 0x08, 0x61, 0x08, 0x61, 0x08, 0x61, 0x08, 0x61, 0x08, 0xa4, 0x20,
    0xd1, 0x89, 0xfc, 0xda, 0x5f, 0xfb, 0x5f, 0xfb, 0x5f, 0xfb, 0x5f, 0xfb, 0x5f, 0xfb, 0x5f, 0xfb,
    0x5f, 0xfb, 0x5f, 0xfb, 0x5f, 0xfb, 0x5f, 0xfb, 0x5f, 0xfb, 0x5f, 0xfb, 0x5f, 0xfb, 0x5f, 0xfb,
    0x5f, 0xfb, 0x5f, 0xfb, 0x5f, 0xfb, 0x5f, 0xfb, 0x5f, 0xfb, 0x5f, 0xfb, 0x5f, 0xfb, 0x5f, 0xfb,
    0x5f, 0xfb, 0x5f, 0xfb, 0x5f, 0xfb, 0x3f, 0xfb, 0xdb, 0xe2, 0xaf, 0x79, 0xc5, 0x28, 0x82, 0x10,
    0xa5, 0x28, 0xb0, 0x79, 0x3e, 0xeb, 0x5f, 0xfb, 0x5f, 0xfb, 0x5f, 0xfb, 0x5f, 0xfb, 0x5f, 0xfb,
    0x5f, 0xfb, 0x5f, 0xfb, 0x5f, 0xfb, 0x5f, 0xfb, 0x5f, 0xfb, 0x5f, 0xfb, 0x5f, 0xfb, 0x5f, 0xfb,
    0x5f, 0xfb, 0x5f, 0xfb, 0x5f, 0xfb, 0x5f, 0xfb, 0x5f, 0xfb, 0x5f, 0xfb, 0x5f, 0xfb, 0x5f, 0xfb,
    0x5f, 0xfb, 0x5f, 0xfb, 0x5f, 0xfb, 0x5f, 0xfb, 0x5f, 0xfb, 0xfc, 0xe2, 0xf2, 0x91, 0xa5, 0x28,
    0x61, 0x08, 0x61, 0x08, 0x61, 0x08, 0x61, 0x08, 0x61, 0x08, 0x61, 0x08, 0x61, 0x08, 0x61, 0x08,
    0x61, 0x08, 0x61, 0x08, 0x61, 0x08, 0x61, 0x08, 0x61, 0x08, 0x61, 0x08, 0x61, 0x08, 0x61, 0x08,
    0x61, 0x08, 0x61, 0x08, 0x61, 0x08, 0x61, 0x08, 0x61, 0x08, 0x61, 0x08, 0x61, 0x08, 0x61, 0x08,
    0x61, 0x08, 0x61, 0x08, 0x61, 0x08, 0x61, 0x08, 0x61, 0x08, 0x61, 0x08, 0x61, 0x08, 0x61, 0x08,
    0x61, 0x08, 0x61, 0x08, 0x61, 0x08, 0x61, 0x08, 0x61, 0x08, 0x61, 0x08, 0x61, 0x08, 0x61, 0x08,
    0x61, 0x08, 0x61, 0x08, 0x61, 0x08, 0x61, 0x08, 0x61, 0x08, 0x61, 0x08, 0x61, 0x08, 0x61, 0x08,
    0x61, 0x08, 0x61, 0x08, 0x61, 0x08, 0x61, 0x08, 0x61, 0x08, 0x61, 0x08, 0x61, 0x08, 0x61, 0x08,
    0x61, 0x08, 0x61, 0x08, 0x61, 0x08, 0x61, 0x08, 0x61, 0x08, 0x61, 0x08, 0x61, 0x08, 0x61, 0x08,
    0x61, 0x08, 0x61, 0x08, 0x61, 0x08, 0x61, 0x08, 0x61, 0x08, 0x61, 0x08, 0x61, 0x08, 0x61, 0x08,
    0x61, 0x08, 0x61, 0x08, 0x61, 0x08, 0x61, 0x08, 0x61, 0x08, 0x61, 0x08, 0x61, 0x08, 0x61, 0x08,
    0x61, 0x08, 0x61, 0x08, 0x61, 0x08, 0x61, 0x08, 0x61, 0x08, 0x61, 0x08, 0x61, 0x08, 0x61, 0x08,
    0x61, 0x08, 0x61, 0x08, 0x61, 0x08, 0x61, 0x08, 0x61, 0x08, 0x61, 0x08, 0x61, 0x08, 0x61, 0x08,
    0x61, 0x08, 0x61, 0x08, 0x61, 0x08, 0x61, 0x08, 0x61, 0x08, 0x61, 0x08, 0x61, 0x08, 0x61, 0x08,
    0x61, 0x08, 0x61, 0x08, 0x61, 0x08, 0x61, 0x08, 0x61, 0x08, 0x61, 0x08, 0x61, 0x08, 0x61, 0x08,
    0x61, 0x08, 0x61, 0x08, 0x61, 0x08, 0x61, 0x08, 0x61, 0x08, 0x61, 0x08, 0x61, 0x08, 0x61, 0x08,
    0x61, 0x08, 0x61, 0x08, 0x61, 0x08, 0x61, 0x08, 0x61, 0x08, 0x61, 0x08, 0x61, 0x08, 0x61, 0x08,
    0x61, 0x08, 0x61, 0x08, 0x61, 0x08, 0x61, 0x08, 0x61, 0x08, 0x61, 0x08, 0x61, 0x08, 0x61, 0x08,
    0x61, 0x08, 0x61, 0x08, 0x61, 0x08, 0x61, 0x08, 0x61, 0x08, 0x61, 0x08, 0x61, 0x08, 0x61, 0x08,
    0x61, 0x08, 0x61, 0x08, 0x61, 0x08, 0x61, 0x08, 0x61, 0x08, 0x61, 0x08, 0x61, 0x08, 0x61, 0x08,
    0x61, 0x08, 0x61, 0x08, 0x61, 0x08, 0x61, 0x08, 0x61, 0x08, 0x61, 0x08, 0x61, 0x08, 0x61, 0x08,
    0x61, 0x08, 0x61, 0x08, 0x61, 0x08, 0x61, 0x08, 0x61, 0x08, 0x61, 0x08, 0x61, 0x08, 0x61, 0x08,
    0x61, 0x08, 0x61, 0x08, 0x61, 0x08, 0x61, 0x08, 0x61, 0x08, 0x61, 0x08, 0x61, 0x08, 0x61, 0x08,
    0x83, 0x10, 0xaf, 0x81, 0xfc, 0xda, 0x5f, 0xfb, 0x5f, 0xfb, 0x5f, 0xfb, 0x5f, 0xfb, 0x5f, 0xfb,
    0x5f, 0xfb, 0x5f, 0xfb, 0x5f, 0xfb, 0x5f, 0xfb, 0x5f, 0xfb, 0x5f, 0xfb, 0x5f, 0xfb, 0x5f, 0xfb,
    0x5f, 0xfb, 0x5f, 0xfb, 0x5f, 0xfb, 0x5f, 0xfb, 0x5f, 0xfb, 0x5f, 0xfb, 0x5f, 0xfb, 0x5f, 0xfb,
    0x5f, 0xfb, 0x5f, 0xfb, 0x5f, 0xfb, 0x5f, 0xfb, 0x5f, 0xfb, 0x1c, 0xe3, 0xd1, 0x81, 0xe7, 0x38,
    0xd0, 0x81, 0x1c, 0xe3, 0x5f, 0xfb, 0x5f, 0xfb, 0x5f, 0xfb, 0x5f, 0xfb, 0x5f, 0xfb, 0x5f, 0xfb,
    0x5f, 0xfb, 0x5f, 0xfb, 0x5f, 0xfb, 0x5f, 0xfb, 0x5f, 0xfb, 0x5f, 0xfb, 0x5f, 0xfb, 0x5f, 0xfb,
    0x5f, 0xfb, 0x5f, 0xfb, 0x5f, 0xfb, 0x5f, 0xfb, 0x5f, 0xfb, 0x5f, 0xfb, 0x5f, 0xfb, 0x5f, 0xfb,
    0x5f, 0xfb, 0x5f, 0xfb, 0x5f, 0xfb, 0x5f, 0xfb, 0xfd, 0xea, 0xf1, 0x91, 0xa4, 0x20, 0x61, 0x08,
    0x61, 0x08, 0x61, 0x08, 0x61, 0x08, 0x61, 0x08, 0x61, 0x08, 0x61, 0x08, 0x61, 0x08, 0x61, 0x08,
    0x61, 0x08, 0x61, 0x08, 0x61, 0x08, 0x61, 0x08, 0x61, 0x08, 0x61, 0x08, 0x61, 0x08, 0x61, 0x08,
    0x61, 0x08, 0x61, 0x08, 0x61, 0x08, 0x61, 0x08, 0x61, 0x08, 0x61, 0x08, 0x61, 0x08, 0x61, 0x08,
    0x61, 0x08, 0x61, 0x08, 0x61, 0x08, 0x61, 0x08, 0x61, 0x08, 0x61, 0x08, 0x61, 0x08, 0x61, 0x08,
    0x61, 0x08, 0x61, 0x08, 0x61, 0x08, 0x61, 0x08, 0x61, 0x08, 0x61, 0x08, 0x61, 0x08, 0x61, 0x08,
    0x61, 0x08, 0x61, 0x08, 0x61, 0x08, 0x61, 0x08, 0x61, 0x08, 0x61, 0x08, 0x61, 0x08, 0x61, 0x08,
    0x61, 0x08, 0x61, 0x08, 0x61, 0x08, 0x61, 0x08, 0x61, 0x08, 0x61, 0x08, 0x61, 0x08, 0x61, 0x08,
    0x61, 0x08, 0x61, 0x08, 0x61, 0x08, 0x61, 0x08, 0x61, 0x08, 0x61, 0x08, 0x61, 0x08, 0x61, 0x08,
    0x61, 0x08, 0x61, 0x08, 0x61, 0x08, 0x61, 0x08, 0x61, 0x08, 0x61, 0x08, 0x61, 0x08, 0x61, 0x08,
    0x61, 0x08, 0x61, 0x08, 0x61, 0x08, 0x61, 0x08, 0x61, 0x08, 0x61, 0x08, 0x61, 0x08, 0x61, 0x08,
    0x61, 0x08, 0x61, 0x08, 0x61, 0x08, 0x61, 0x08, 0x61, 0x08, 0x61, 0x08, 0x61, 0x08, 0x61, 0x08,
    0x61, 0x08, 0x61, 0x08, 0x61, 0x08, 0x61, 0x08, 0x61, 0x08, 0x61, 0x08, 0x61, 0x08, 0x61, 0x08,
    0x61, 0x08, 0x61, 0x08, 0x61, 0x08, 0x61, 0x08, 0x61, 0x08, 0x61, 0x08, 0x61, 0x08, 0x61, 0x08,
    0x61, 0x08, 0x61, 0x08, 0x61, 0x08, 0x61, 0x08, 0x61, 0x08, 0x61, 0x08, 0x61, 0x08, 0x61, 0x08,
    0x61, 0x08, 0x61, 0x08, 0x61, 0x08, 0x61, 0x08, 0x61, 0x08, 0x61, 0x08, 0x61, 0x08, 0x61, 0x08,
    0x61, 0x08, 0x61, 0x08, 0x61, 0x08, 0x61, 0x08, 0x61, 0x08, 0x61, 0x08, 0x61, 0x08, 0x61, 0x08,
    0x61, 0x08, 0x61, 0x08, 0x61, 0x08, 0x61, 0x08, 0x61, 0x08, 0x61, 0x08, 0x61, 0x08, 0x61, 0x08,
    0x61, 0x08, 0x61, 0x08, 0x61, 0x08, 0x61, 0x08, 0x61, 0x08, 0x61, 0x08, 0x61, 0x08, 0x61, 0x08,
    0x61, 0x08, 0x61, 0x08, 0x61, 0x08, 0x61, 0x08, 0x61, 0x08, 0x61, 0x08, 0x61, 0x08, 0x61, 0x08,
    0x61, 0x08, 0x61, 0x08, 0x61, 0x08, 0x61, 0x08, 0x61, 0x08, 0x61, 0x08, 0x61, 0x08, 0x61, 0x08,
    0x61, 0x08, 0x61, 0x08, 0x61, 0x08, 0x61, 0x08, 0x61, 0x08, 0x61, 0x08, 0x61, 0x08, 0x61, 0x08,
    0x61, 0x08, 0x61, 0x08, 0x61, 0x08, 0x61, 0x08, 0x61, 0x08, 0x61, 0x08, 0x61, 0x08, 0x61, 0x08,
    0x61, 0x08, 0x82, 0x10, 0xd0, 0x81, 0x1c, 0xe3, 0x5f, 0xfb, 0x5f, 0xfb, 0x5f, 0xfb, 0x5f, 0xfb,
    0x5f, 0xfb, 0x5f, 0xfb, 0x5f, 0xfb, 0x5f, 0xfb, 0x5f, 0xfb, 0x5f, 0xfb, 0x5f, 0xfb, 0x5f, 0xfb,
    0x5f, 0xfb, 0x5f, 0xfb, 0x5f, 0xfb, 0x5f, 0xfb, 0x5f, 0xfb, 0x5f, 0xfb, 0x5f, 0xfb, 0x5f, 0xfb,
    0x5f, 0xfb, 0x5f, 0xfb, 0x5f, 0xfb, 0x5f, 0xfb, 0x5f, 0xfb, 0x5f, 0xfb, 0xfd, 0xea, 0x14, 0xa2,
    0xfc, 0xda, 0x5f, 0xfb, 0x5f, 0xfb, 0x5f, 0xfb, 0x5f, 0xfb, 0x5f, 0xfb, 0x5f, 0xfb, 0x5f, 0xfb,
    0x5f, 0xfb, 0x5f, 0xfb, 0x5f, 0xfb, 0x5f, 0xfb, 0x5f, 0xfb, 0x5f, 0xfb, 0x5f, 0xfb, 0x5f, 0xfb,
    0x5f, 0xfb, 0x5f, 0xfb, 0x5f, 0xfb, 0x5f, 0xfb, 0x5f, 0xfb, 0x5f, 0xfb, 0x5f, 0xfb, 0x5f, 0xfb,
    0x5f, 0xfb, 0x5f, 0xfb, 0x5f, 0xfb, 0x1d, 0xeb, 0x14, 0xa2, 0x83, 0x10, 0x61, 0x08, 0x61, 0x08,
    0x61, 0x08, 0x61, 0x08, 0x61, 0x08, 0x61, 0x08, 0x61, 0x08, 0x61, 0x08, 0x61, 0x08, 0x61, 0x08,
    0x61, 0x08, 0x61, 0x08, 0x61, 0x08, 0x61, 0x08, 0x61, 0x08, 0x61, 0x08, 0x61, 0x08, 0x61, 0x08,
    0x61, 0x08, 0x61, 0x08, 0x61, 0x08, 0x61, 0x08, 0x61, 0x08, 0x61, 0x08, 0x61, 0x08, 0x61, 0x08,
    0x61, 0x08, 0x61, 0x08, 0x61, 0x08, 0x61, 0x08, 0x61, 0x08, 0x61, 0x08, 0x61, 0x08, 0x61, 0x08,
    0x61, 0x08, 0x61, 0x08, 0x61, 0x08, 0x61, 0x08, 0x61, 0x08, 0x61, 0x08, 0x61, 0x08, 0x61, 0x08,
    0x61, 0x08, 0x61, 0x08, 0x61, 0x08, 0x61, 0x08, 0x61, 0x08, 0x61, 0x08, 0x61, 0x08, 0x61, 0x08,
    0x61, 0x08, 0x61, 0x08, 0x61, 0x08, 0x61, 0x08, 0x61, 0x08, 0x61, 0x08, 0x61, 0x08, 0x61, 0x08,
    0x61, 0x08, 0x61, 0x08, 0x61, 0x08, 0x61, 0x08, 0x61, 0x08, 0x61, 0x08, 0x61, 0x08, 0x61, 0x08,
    0x61, 0x08, 0x61, 0x08, 0x61, 0x08, 0x61, 0x08, 0x61, 0x08, 0x61, 0x08, 0x61, 0x08, 0x61, 0x08,
    0x61, 0x08, 0x61, 0x08, 0x61, 0x08, 0x61, 0x08, 0x61, 0x08, 0x61, 0x08, 0x61, 0x08, 0x61, 0x08,
    0x61, 0x08, 0x61, 0x08, 0x61, 0x08, 0x61, 0x08, 0x61, 0x08, 0x61, 0x08, 0x61, 0x08, 0x61, 0x08,
    0x61, 0x08, 0x61, 0x08, 0x61, 0x08, 0x61, 0x08, 0x61, 0x08, 0x61, 0x08, 0x61, 0x08, 0x61, 0x08,
    0x61, 0x08, 0x61, 0x08, 0x61, 0x08, 0x61, 0x08, 0x61, 0x08, 0x61, 0x08, 0x61, 0x08, 0x61, 0x08,
    0x61, 0x08, 0x61, 0x08, 0x61, 0x08, 0x61, 0x08, 0x61, 0x08, 0x61, 0x08, 0x61, 0x08, 0x61, 0x08,
    0x61, 0x08, 0x61, 0x08, 0x61, 0x08, 0x61, 0x08, 0x61, 0x08, 0x61, 0x08, 0x61, 0x08, 0x61, 0x08,
    0x61, 0x08, 0x61, 0x08, 0x61, 0x08, 0x61, 0x08, 0x61, 0x08, 0x61, 0x08, 0x61, 0x08, 0x61, 0x08,
    0x61, 0x08, 0x61, 0x08, 0x61, 0x08, 0x61, 0x08, 0x61, 0x08, 0x61, 0x08, 0x61, 0x08, 0x61, 0x08,
    0x61, 0x08, 0x61, 0x08, 0x61, 0x08, 0x61, 0x08, 0x61, 0x08, 0x61, 0x08, 0x61, 0x08, 0x61, 0x08,
    0x61, 0x08, 0x61, 0x08, 0x61, 0x08, 0x61, 0x08, 0x61, 0x08, 0x61, 0x08, 0x61, 0x08, 0x61, 0x08,
    0x61, 0x08, 0x61, 0x08, 0x61, 0x08, 0x61, 0x08, 0x61, 0x08, 0x61, 0x08, 0x61, 0x08, 0x61, 0x08,
    0x61, 0x08, 0x61, 0x08, 0x61, 0x08, 0x61, 0x08, 0x61, 0x08, 0x61, 0x08, 0x61, 0x08, 0x61, 0x08,
    0x61, 0x08, 0x61, 0x08, 0x61, 0x08, 0x61, 0x08, 0x61, 0x08, 0x61, 0x08, 0x61, 0x08, 0x61, 0x08,
    0x61, 0x08, 0x61, 0x08, 0x82, 0x10, 0xd0, 0x81, 0x1c, 0xe3, 0x5f, 0xfb, 0x5f, 0xfb, 0x5f, 0xfb,
    0x5f, 0xfb, 0x5f, 0xfb, 0x5f, 0xfb, 0x5f, 0xfb, 0x5f, 0xfb, 0x5f, 0xfb, 0x5f, 0xfb, 0x5f, 0xfb,
    0x5f, 0xfb, 0x5f, 0xfb, 0x5f, 0xfb, 0x5f, 0xfb, 0x5f, 0xfb, 0x5f, 0xfb, 0x5f, 0xfb, 0x5f, 0xfb,
    0x5f, 0xfb, 0x5f, 0xfb, 0x5f, 0xfb, 0x5f, 0xfb, 0x5f, 0xfb, 0x5f, 0xfb, 0x5f, 0xfb, 0x3f, 0xfb,
    0x5f, 0xfb, 0x5f, 0xfb, 0x5f, 0xfb, 0x5f, 0xfb, 0x5f, 0xfb, 0x5f, 0xfb, 0x5f, 0xfb, 0x5f, 0xfb,
    0x5f, 0xfb, 0x5f, 0xfb, 0x5f, 0xfb, 0x5f, 0xfb, 0x5f, 0xfb, 0x5f, 0xfb, 0x5f, 0xfb, 0x5f, 0xfb,
    0x5f, 0xfb, 0x5f, 0xfb, 0x5f, 0xfb, 0x5f, 0xfb, 0x5f, 0xfb, 0x5f, 0xfb, 0x5f, 0xfb, 0x5f, 0xfb,
    0x5f, 0xfb, 0x5f, 0xfb, 0x1d, 0xeb, 0x56, 0xb2, 0xa5, 0x28, 0x61, 0x08, 0x61, 0x08, 0x61, 0x08,
    0x61, 0x08, 0x61, 0x08, 0x61, 0x08, 0x61, 0x08, 0x61, 0x08, 0x61, 0x08, 0x61, 0x08, 0x61, 0x08,
    0x61, 0x08, 0x61, 0x08, 0x61, 0x08, 0x61, 0x08, 0x61, 0x08, 0x61, 0x08, 0x61, 0x08, 0x61, 0x08,
    0x61, 0x08, 0x61, 0x08, 0x61, 0x08, 0x61, 0x08, 0x61, 0x08, 0x61, 0x08, 0x61, 0x08, 0x61, 0x08,
    0x61, 0x08, 0x61, 0x08, 0x61, 0x08, 0x61, 0x08, 0x61, 0x08, 0x61, 0x08, 0x61, 0x08, 0x61, 0x08,
    0x61, 0x08, 0x61, 0x08, 0x61, 0x08, 0x61, 0x08, 0x61, 0x08, 0x61, 0x08, 0x61, 0x08, 0x61, 0x08,
    0x61, 0x08, 0x61, 0x08, 0x61, 0x08, 0x61, 0x08, 0x61, 0x08, 0x61, 0x08, 0x61, 0x08, 0x61, 0x08,
    0x61, 0x08, 0x61, 0x08, 0x61, 0x08, 0x61, 0x08, 0x61, 0x08, 0x61, 0x08, 0x61, 0x08, 0x61, 0x08,
    0x61, 0x08, 0x61, 0x08, 0x61, 0x08, 0x61, 0x08, 0x61, 0x08, 0x61, 0x08, 0x61, 0x08, 0x61, 0x08,
    0x61, 0x08, 0x61, 0x08, 0x61, 0x08, 0x61, 0x08, 0x61, 0x08, 0x61, 0x08, 0x61, 0x08, 0x61, 0x08,
    0x61, 0x08, 0x61, 0x08, 0x61, 0x08, 0x61, 0x08, 0x61, 0x08, 0x61, 0x08, 0x61, 0x08, 0x61, 0x08,
    0x61, 0x08, 0x61, 0x08, 0x61, 0x08, 0x61, 0x08, 0x61, 0x08, 0x61, 0x08, 0x61, 0x08, 0x61, 0x08,
    0x61, 0x08, 0x61, 0x08, 0x61, 0x08, 0x61, 0x08, 0x61, 0x08, 0x61, 0x08, 0x61, 0x08, 0x61, 0x08,
    0x61, 0x08, 0x61, 0x08, 0x61, 0x08, 0x61, 0x08, 0x61, 0x08, 0x61, 0x08, 0x61, 0x08, 0x61, 0x08,
    0x61, 0x08, 0x61, 0x08, 0x61, 0x08, 0x61, 0x08, 0x61, 0x08, 0x61, 0x08, 0x61, 0x08, 0x61, 0x08,
    0x61, 0x08, 0x61, 0x08, 0x61, 0x08, 0x61, 0x08, 0x61, 0x08, 0x61, 0x08, 0x61, 0x08, 0x61, 0x08,
    0x61, 0x08, 0x61, 0x08, 0x61, 0x08, 0x61, 0x08, 0x61, 0x08, 0x61, 0x08, 0x61, 0x08, 0x61, 0x08,
    0x61, 0x08, 0x61, 0x08, 0x61, 0x08, 0x61, 0x08, 0x61, 0x08, 0x61, 0x08, 0x61, 0x08, 0x61, 0x08,
    0x61, 0x08, 0x61, 0x08, 0x61, 0x08, 0x61, 0x08, 0x61, 0x08, 0x61, 0x08, 0x61, 0x08, 0x61, 0x08,
    0x61, 0x08, 0x61, 0x08, 0x61, 0x08, 0x61, 0x08, 0x61, 0x08, 0x61, 0x08, 0x61, 0x08, 0x61, 0x08,
    0x61, 0x08, 0x61, 0x08, 0x61, 0x08, 0x61, 0x08, 0x61, 0x08, 0x61, 0x08, 0x61, 0x08, 0x61, 0x08,
    0x61, 0x08, 0x61, 0x08, 0x61, 0x08, 0x61, 0x08, 0x61, 0x08, 0x61, 0x08, 0x61, 0x08, 0x61, 0x08,
    0x61, 0x08, 0x61, 0x08, 0x61, 0x08, 0x61, 0x08, 0x61, 0x08, 0x61, 0x08, 0x61, 0x08, 0x61, 0x08,
    0x61, 0x08, 0x61, 0x08, 0x61, 0x08, 0x82, 0x10, 0xd0, 0x81, 0x1c, 0xe3, 0x5f, 0xfb, 0x5f, 0xfb,
    0x5f, 0xfb, 0x5f, 0xfb, 0x5f, 0xfb, 0x5f, 0xfb, 0x5f, 0xfb, 0x5f, 0xfb, 0x5f, 0xfb, 0x5f, 0xfb,
    0x5f, 0xfb, 0x5f, 0xfb, 0x5f, 0xfb, 0x5f, 0xfb, 0x5f, 0xfb, 0x5f, 0xfb, 0x5f, 0xfb, 0x5f, 0xfb,
    0x5f, 0xfb, 0x5f, 0xfb, 0x5f, 0xfb, 0x5f, 0xfb, 0x5f, 0xfb, 0x5f, 0xfb, 0x5f, 0xfb, 0x5f, 0xfb,
    0x5f, 0xfb, 0x5f, 0xfb, 0x5f, 0xfb, 0x5f, 0xfb, 0x5f, 0xfb, 0x5f, 0xfb, 0x5f, 0xfb, 0x5f, 0xfb,
    0x5f, 0xfb, 0x5f, 0xfb, 0x5f, 0xfb, 0x5f, 0xfb, 0x5f, 0xfb, 0x5f, 0xfb, 0x5f, 0xfb, 0x5f, 0xfb,
    0x5f, 0xfb, 0x5f, 0xfb, 0x5f, 0xfb, 0x5f, 0xfb, 0x5f, 0xfb, 0x5f, 0xfb, 0x5f, 0xfb, 0x5f, 0xfb,
    0x5f, 0xfb, 0xfc, 0xe2, 0x14, 0xa2, 0xa3, 0x18, 0x61, 0x08, 0x61, 0x08, 0x61, 0x08, 0x61, 0x08,
    0x61, 0x08, 0x61, 0x08, 0x61, 0x08, 0x61, 0x08, 0x61, 0x08, 0x61, 0x08, 0x61, 0x08, 0x61, 0x08,
    0x61, 0x08, 0x61, 0x08, 0x61, 0x08, 0x61, 0x08, 0x61, 0x08, 0x61, 0x08, 0x61, 0x08, 0x61, 0x08,
    0x61, 0x08, 0x61, 0x08, 0x61, 0x08, 0x61, 0x08, 0x61, 0x08, 0x61, 0x08, 0x61, 0x08, 0x61, 0x08,
    0x61, 0x08, 0x61, 0x08, 0x61, 0x08, 0x61, 0x08, 0x61, 0x08, 0x61, 0x08, 0x61, 0x08, 0x61, 0x08,
    0x61, 0x08, 0x61, 0x08, 0x61, 0x08, 0x61, 0x08, 0x61, 0x08, 0x61, 0x08, 0x61, 0x08, 0x61, 0x08,
    0x61, 0x08, 0x61, 0x08, 0x61, 0x08, 0x61, 0x08, 0x61, 0x08, 0x61, 0x08, 0x61, 0x08, 0x61, 0x08,
    0x61, 0x08, 0x61, 0x08, 0x61, 0x08, 0x61, 0x08, 0x61, 0x08, 0x61, 0x08, 0x61, 0x08, 0x61, 0x08,
    0x61, 0x08, 0x61, 0x08, 0x61, 0x08, 0x61, 0x08, 0x61, 0x08, 0x61, 0x08, 0x61, 0x08, 0x61, 0x08,
    0x61, 0x08, 0x61, 0x08, 0x61, 0x08, 0x61, 0x08, 0x61, 0x08, 0x61, 0x08, 0x61, 0x08, 0x61, 0x08,
    0x61, 0x08, 0x61, 0x08, 0x61, 0x08, 0x61, 0x08, 0x61, 0x08, 0x61, 0x08, 0x61, 0x08, 0x61, 0x08,
    0x61, 0x08, 0x61, 0x08, 0x61, 0x08, 0x61, 0x08, 0x61, 0x08, 0x61, 0x08, 0x61, 0x08, 0x61, 0x08,
    0x61, 0x08, 0x61, 0x08, 0x61, 0x08, 0x61, 0x08, 0x61, 0x08, 0x61, 0x08, 0x61, 0x08, 0x61, 0x08,
    0x61, 0x08, 0x61, 0x08, 0x61, 0x08, 0x61, 0x08, 0x61, 0x08, 0x61, 0x08, 0x61, 0x08, 0x61, 0x08,
    0x61, 0x08, 0x61, 0x08, 0x61, 0x08, 0x61, 0x08, 0x61, 0x08, 0x61, 0x08, 0x61, 0x08, 0x61, 0x08,
    0x61, 0x08, 0x61, 0x08, 0x61, 0x08, 0x61, 0x08, 0x61, 0x08, 0x61, 0x08, 0x61, 0x08, 0x61, 0x08,
    0x61, 0x08, 0x61, 0x08, 0x61, 0x08, 0x61, 0x08, 0x61, 0x08, 0x61, 0x08, 0x61, 0x08, 0x61, 0x08,
    0x61, 0x08, 0x61, 0x08, 0x61, 0x08, 0x61, 0x08, 0x61, 0x08, 0x61, 0x08, 0x61, 0x08, 0x61, 0x08,
    0x61, 0x08, 0x61, 0x08, 0x61, 0x08, 0x61, 0x08, 0x61, 0x08, 0x61, 0x08, 0x61, 0x08, 0x61, 0x08,
    0x61, 0x08, 0x61, 0x08, 0x61, 0x08, 0x61, 0x08, 0x61, 0x08, 0x61, 0x08, 0x61, 0x08, 0x61, 0x08,
    0x61, 0x08, 0x61, 0x08, 0x61, 0x08, 0x61, 0x08, 0x61, 0x08, 0x61, 0x08, 0x61, 0x08, 0x61, 0x08,
    0x61, 0x08, 0x61, 0x08, 0x61, 0x08, 0x61, 0x08, 0x61, 0x08, 0x61, 0x08, 0x61, 0x08, 0x61, 0x08,
    0x61, 0x08, 0x61, 0x08, 0x61, 0x08, 0x61, 0x08, 0x61, 0x08, 0x61, 0x08, 0x61, 0x08, 0x61, 0x08,
    0x61, 0x08, 0x61, 0x08, 0x61, 0x08, 0x61, 0x08, 0x82, 0x10, 0xd0, 0x81, 0xfc, 0xda, 0x5f, 0xfb,
    0x5f, 0xfb, 0x5f, 0xfb, 0x5f, 0xfb, 0x5f, 0xfb, 0x5f, 0xfb, 0x5f, 0xfb, 0x5f, 0xfb, 0x5f, 0xfb,
    0x5f, 0xfb, 0x5f, 0xfb, 0x5f, 0xfb, 0x5f, 0xfb, 0x5f, 0xfb, 0x5f, 0xfb, 0x5f, 0xfb, 0x5f, 0xfb,
    0x5f, 0xfb, 0x5f, 0xfb, 0x5f, 0xfb, 0x5f, 0xfb, 0x5f, 0xfb, 0x5f, 0xfb, 0x5f, 0xfb, 0x5f, 0xfb,
    0x5f, 0xfb, 0x5f, 0xfb, 0x5f, 0xfb, 0x5f, 0xfb, 0x5f, 0xfb, 0x5f, 0xfb, 0x5f, 0xfb, 0x5f, 0xfb,
    0x5f, 0xfb, 0x5f, 0xfb, 0x5f, 0xfb, 0x5f, 0xfb, 0x5f, 0xfb, 0x5f, 0xfb, 0x5f, 0xfb, 0x5f, 0xfb,
    0x5f, 0xfb, 0x5f, 0xfb, 0x5f, 0xfb, 0x5f, 0xfb, 0x5f, 0xfb, 0x5f, 0xfb, 0x5f, 0xfb, 0x5f, 0xfb,
    0xfc, 0xe2, 0xd1, 0x89, 0x83, 0x10, 0x61, 0x08, 0x61, 0x08, 0x61, 0x08, 0x61, 0x08, 0x61, 0x08,
    0x61, 0x08, 0x61, 0x08, 0x61, 0x08, 0x61, 0x08, 0x61, 0x08, 0x61, 0x08, 0x61, 0x08, 0x61, 0x08,
    0x61, 0x08, 0x61, 0x08, 0x61, 0x08, 0x61, 0x08, 0x61, 0x08, 0x61, 0x08, 0x61, 0x08, 0x61, 0x08,
    0x61, 0x08, 0x61, 0x08, 0x61, 0x08, 0x61, 0x08, 0x61, 0x08, 0x61, 0x08, 0x61, 0x08, 0x61, 0x08,
    0x61, 0x08, 0x61, 0x08, 0x61, 0x08, 0x61, 0x08, 0x61, 0x08, 0x61, 0x08, 0x61, 0x08, 0x61, 0x08,
    0x61, 0x08, 0x61, 0x08, 0x61, 0x08, 0x61, 0x08, 0x61, 0x08, 0x61, 0x08, 0x61, 0x08, 0x61, 0x08,
    0x61, 0x08, 0x61, 0x08, 0x61, 0x08, 0x61, 0x08, 0x61, 0x08, 0x61, 0x08, 0x61, 0x08, 0x61, 0x08,
    0x61, 0x08, 0x61, 0x08, 0x61, 0x08, 0x61, 0x08, 0x61, 0x08, 0x61, 0x08, 0x61, 0x08, 0x61, 0x08,
    0x61, 0x08, 0x61, 0x08, 0x61, 0x08, 0x61, 0x08, 0x61, 0x08, 0x61, 0x08, 0x61, 0x08, 0x61, 0x08,
    0x61, 0x08, 0x61, 0x08, 0x61, 0x08, 0x61, 0x08, 0x61, 0x08, 0x61, 0x08, 0x61, 0x08, 0x61, 0x08,
    0x61, 0x08, 0x61, 0x08, 0x61, 0x08, 0x61, 0x08, 0x61, 0x08, 0x61, 0x08, 0x61, 0x08, 0x61, 0x08,
    0x61, 0x08, 0x61, 0x08, 0x61, 0x08, 0x61, 0x08, 0x61, 0x08, 0x61, 0x08, 0x61, 0x08, 0x61, 0x08,
    0x61, 0x08, 0x61, 0x08, 0x61, 0x08, 0x61, 0x08, 0x61, 0x08, 0x61, 0x08, 0x61, 0x08, 0x61, 0x08,
    0x61, 0x08, 0x61, 0x08, 0x61, 0x08, 0x61, 0x08, 0x61, 0x08, 0x61, 0x08, 0x61, 0x08, 0x61, 0x08,
    0x61, 0x08, 0x61, 0x08, 0x61, 0x08, 0x61, 0x08, 0x61, 0x08, 0x61, 0x08, 0x61, 0x08, 0x61, 0x08,
    0x61, 0x08, 0x61, 0x08, 0x61, 0x08, 0x61, 0x08, 0x61, 0x08, 0x61, 0x08, 0x61, 0x08, 0x61, 0x08,
    0x61, 0x08, 0x61, 0x08, 0x61, 0x08, 0x61, 0x08, 0x61, 0x08, 0x61, 0x08, 0x61, 0x08, 0x61, 0x08,
    0x61, 0x08, 0x61, 0x08, 0x61, 0x08, 0x61, 0x08, 0x61, 0x08, 0x61, 0x08, 0x61, 0x08, 0x61, 0x08,
    0x61, 0x08, 0x61, 0x08, 0x61, 0x08, 0x61, 0x08, 0x61, 0x08, 0x61, 0x08, 0x61, 0x08, 0x61, 0x08,
    0x61, 0x08, 0x61, 0x08, 0x61, 0x08, 0x61, 0x08, 0x61, 0x08, 0x61, 0x08, 0x61, 0x08, 0x61, 0x08,
    0x61, 0x08, 0x61, 0x08, 0x61, 0x08, 0x61, 0x08, 0x61, 0x08, 0x61, 0x08, 0x61, 0x08, 0x61, 0x08,
    0x61, 0x08, 0x61, 0x08, 0x61, 0x08, 0x61, 0x08, 0x61, 0x08, 0x61, 0x08, 0x61, 0x08, 0x61, 0x08,
    0x61, 0x08, 0x61, 0x08, 0x61, 0x08, 0x61, 0x08, 0x61, 0x08, 0x61, 0x08, 0x61, 0x08, 0x61, 0x08,
    0x61, 0x08, 0x61, 0x08, 0x61, 0x08, 0x61, 0x08, 0x61, 0x08, 0x82, 0x10, 0xd0, 0x81, 0xfc, 0xda,
    0x5f, 0xfb, 0x5f, 0xfb, 0x5f, 0xfb, 0x5f, 0xfb, 0x5f, 0xfb, 0x5f, 0xfb, 0x5f, 0xfb, 0x5f, 0xfb,
    0x5f, 0xfb, 0x5f, 0xfb, 0x5f, 0xfb, 0x5f, 0xfb, 0x5f, 0xfb, 0x5f, 0xfb, 0x5f, 0xfb, 0x5f, 0xfb,
    0x5f, 0xfb, 0x5f, 0xfb, 0x5f, 0xfb, 0x5f, 0xfb, 0x5f, 0xfb, 0x5f, 0xfb, 0x5f, 0xfb, 0x5f, 0xfb,
    0x5f, 0xfb, 0x5f, 0xfb, 0x5f, 0xfb, 0x5f, 0xfb, 0x5f, 0xfb, 0x5f, 0xfb, 0x5f, 0xfb, 0x5f, 0xfb,
    0x5f, 0xfb, 0x5f, 0xfb, 0x5f, 0xfb, 0x5f, 0xfb, 0x5f, 0xfb, 0x5f, 0xfb, 0x5f, 0xfb, 0x5f, 0xfb,
    0x5f, 0xfb, 0x5f, 0xfb, 0x5f, 0xfb, 0x5f, 0xfb, 0x5f, 0xfb, 0x5f, 0xfb, 0x5f, 0xfb, 0x1c, 0xe3,
    0xd1, 0x89, 0x83, 0x18, 0x61, 0x08, 0x61, 0x08, 0x61, 0x08, 0x61, 0x08, 0x61, 0x08, 0x61, 0x08,
    0x61, 0x08, 0x61, 0x08, 0x61, 0x08, 0x61, 0x08, 0x61, 0x08, 0x61, 0x08, 0x61, 0x08, 0x61, 0x08,
    0x61, 0x08, 0x61, 0x08, 0x61, 0x08, 0x61, 0x08, 0x61, 0x08, 0x61, 0x08, 0x61, 0x08, 0x61, 0x08,
    0x61, 0x08, 0x61, 0x08, 0x61, 0x08, 0x61, 0x08, 0x61, 0x08, 0x61, 0x08, 0x61, 0x08, 0x61, 0x08,
    0x61, 0x08, 0x61, 0x08, 0x61, 0x08, 0x61, 0x08, 0x61, 0x08, 0x61, 0x08, 0x61, 0x08, 0x61, 0x08,
    0x61, 0x08, 0x61, 0x08, 0x61, 0x08, 0x61, 0x08, 0x61, 0x08, 0x61, 0x08, 0x61, 0x08, 0x61, 0x08,
    0x61, 0x08, 0x61, 0x08, 0x61, 0x08, 0x61, 0x08, 0x61, 0x08, 0x61, 0x08, 0x61, 0x08, 0x61, 0x08,
    0x61, 0x08, 0x61, 0x08, 0x61, 0x08, 0x61, 0x08, 0x61, 0x08, 0x61, 0x08, 0x61, 0x08, 0x61, 0x08,
    0x61, 0x08, 0x61, 0x08, 0x61, 0x08, 0x61, 0x08, 0x61, 0x08, 0x61, 0x08, 0x61, 0x08, 0x61, 0x08,
    0x61, 0x08, 0x61, 0x08, 0x61, 0x08, 0x61, 0x08, 0x61, 0x08, 0x61, 0x08, 0x61, 0x08, 0x61, 0x08,
    0x61, 0x08, 0x61, 0x08, 0x61, 0x08, 0x61, 0x08, 0x61, 0x08, 0x61, 0x08, 0x61, 0x08, 0x61, 0x08,
    0x61, 0x08, 0x61, 0x08, 0x61, 0x08, 0x61, 0x08, 0x61, 0x08, 0x61, 0x08, 0x61, 0x08, 0x61, 0x08,
    0x61, 0x08, 0x61, 0x08, 0x61, 0x08, 0x61, 0x08, 0x61, 0x08, 0x61, 0x08, 0x61, 0x08, 0x61, 0x08,
    0x61, 0x08, 0x61, 0x08, 0x61, 0x08, 0x61, 0x08, 0x61, 0x08, 0x61, 0x08, 0x61, 0x08, 0x61, 0x08,
    0x61, 0x08, 0x61, 0x08, 0x61, 0x08, 0x61, 0x08, 0x61, 0x08, 0x61, 0x08, 0x61, 0x08, 0x61, 0x08,
    0x61, 0x08, 0x61, 0x08, 0x61, 0x08, 0x61, 0x08, 0x61, 0x08, 0x61, 0x08, 0x61, 0x08, 0x61, 0x08,
    0x61, 0x08, 0x61, 0x08, 0x61, 0x08, 0x61, 0x08, 0x61, 0x08, 0x61, 0x08, 0x61, 0x08, 0x61, 0x08,
    0x61, 0x08, 0x61, 0x08, 0x61, 0x08, 0x61, 0x08, 0x61, 0x08, 0x61, 0x08, 0x61, 0x08, 0x61, 0x08,
    0x61, 0x08, 0x61, 0x08, 0x61, 0x08, 0x61, 0x08, 0x61, 0x08, 0x61, 0x08, 0x61, 0x08, 0x61, 0x08,
    0x61, 0x08, 0x61, 0x08, 0x61, 0x08, 0x61, 0x08, 0x61, 0x08, 0x61, 0x08, 0x61, 0x08, 0x61, 0x08,
    0x61, 0x08, 0x61, 0x08, 0x61, 0x08, 0x61, 0x08, 0x61, 0x08, 0x61, 0x08, 0x61, 0x08, 0x61, 0x08,
    0x61, 0x08, 0x61, 0x08, 0x61, 0x08, 0x61, 0x08, 0x61, 0x08, 0x61, 0x08, 0x61, 0x08, 0x61, 0x08,
    0x61, 0x08, 0x61, 0x08, 0x61, 0x08, 0x61, 0x08, 0x61, 0x08, 0x61, 0x08, 0x61, 0x08, 0x61, 0x08,
    0x61, 0x08, 0x61, 0x08, 0x61, 0x08, 0x61, 0x08, 0x61, 0x08, 0x61, 0x08, 0x82, 0x10, 0xd0, 0x81,
    0xfc, 0xda, 0x5f, 0xfb, 0x5f, 0xfb, 0x5f, 0xfb, 0x5f, 0xfb, 0x5f, 0xfb, 0x5f, 0xfb, 0x5f, 0xfb,
    0x5f, 0xfb, 0x5f, 0xfb, 0x5f, 0xfb, 0x5f, 0xfb, 0x5f, 0xfb, 0x5f, 0xfb, 0x5f, 0xfb, 0x5f, 0xfb,
    0x5f, 0xfb, 0x5f, 0xfb, 0x5f, 0xfb, 0x5f, 0xfb, 0x5f, 0xfb, 0x5f, 0xfb, 0x5f, 0xfb, 0x5f, 0xfb,
    0x5f, 0xfb, 0x5f, 0xfb, 0x5f, 0xfb, 0x5f, 0xfb, 0x5f, 0xfb, 0x5f, 0xfb, 0x5f, 0xfb, 0x5f, 0xfb,
    0x5f, 0xfb, 0x5f, 0xfb, 0x5f, 0xfb, 0x5f, 0xfb, 0x5f, 0xfb, 0x5f, 0xfb, 0x5f, 0xfb, 0x5f, 0xfb,
    0x5f, 0xfb, 0x5f, 0xfb, 0x5f, 0xfb, 0x5f, 0xfb, 0x5f, 0xfb, 0x5f, 0xfb, 0x1c, 0xe3, 0xd1, 0x89,
    0x83, 0x18, 0x61, 0x08, 0x61, 0x08, 0x61, 0x08, 0x61, 0x08, 0x61, 0x08, 0x61, 0x08, 0x61, 0x08,
    0x61, 0x08, 0x61, 0x08, 0x61, 0x08, 0x61, 0x08, 0x61, 0x08, 0x61, 0x08, 0x61, 0x08, 0x61, 0x08,
    0x61, 0x08, 0x61, 0x08, 0x61, 0x08, 0x61, 0x08, 0x61, 0x08, 0x61, 0x08, 0x61, 0x08, 0x61, 0x08,
    0x61, 0x08, 0x61, 0x08, 0x61, 0x08, 0x61, 0x08, 0x61, 0x08, 0x61, 0x08, 0x61, 0x08, 0x61, 0x08,
    0x61, 0x08, 0x61, 0x08, 0x61, 0x08, 0x61, 0x08, 0x61, 0x08, 0x61, 0x08, 0x61, 0x08, 0x61, 0x08,
    0x61, 0x08, 0x61, 0x08, 0x61, 0x08, 0x61, 0x08, 0x61, 0x08, 0x61, 0x08, 0x61, 0x08, 0x61, 0x08,
    0x61, 0x08, 0x61, 0x08, 0x61, 0x08, 0x61, 0x08, 0x61, 0x08, 0x61, 0x08, 0x61, 0x08, 0x61, 0x08,
    0x61, 0x08, 0x61, 0x08, 0x61, 0x08, 0x61, 0x08, 0x61, 0x08, 0x61, 0x08, 0x61, 0x08, 0x61, 0x08,
    0x61, 0x08, 0x61, 0x08, 0x61, 0x08, 0x61, 0x08, 0x61, 0x08, 0x61, 0x08, 0x61, 0x08, 0x61, 0x08,
    0x61, 0x08, 0x61, 0x08, 0x61, 0x08, 0x61, 0x08, 0x61, 0x08, 0x61, 0x08, 0x61, 0x08, 0x61, 0x08,
    0x61, 0x08, 0x61, 0x08, 0x61, 0x08, 0x61, 0x08, 0x61, 0x08, 0x61, 0x08, 0x61, 0x08, 0x61, 0x08,
    0x61, 0x08, 0x61, 0x08, 0x61, 0x08, 0x61, 0x08, 0x61, 0x08, 0x61, 0x08, 0x61, 0x08, 0x61, 0x08,
    0x61, 0x08, 0x61, 0x08, 0x61, 0x08, 0x61, 0x08, 0x61, 0x08, 0x61, 0x08, 0x61, 0x08, 0x61, 0x08,
    0x61, 0x08, 0x61, 0x08, 0x61, 0x08, 0x61, 0x08, 0x61, 0x08, 0x61, 0x08, 0x61, 0x08, 0x61, 0x08,
    0x61, 0x08, 0x61, 0x08, 0x61, 0x08, 0x61, 0x08, 0x61, 0x08, 0x61, 0x08, 0x61, 0x08, 0x61, 0x08,
    0x61, 0x08, 0x61, 0x08, 0x61, 0x08, 0x61, 0x08, 0x61, 0x08, 0x61, 0x08, 0x61, 0x08, 0x61, 0x08,
    0x61, 0x08, 0x61, 0x08, 0x61, 0x08, 0x61, 0x08, 0x61, 0x08, 0x61, 0x08, 0x61, 0x08, 0x61, 0x08,
    0x61, 0x08, 0x61, 0x08, 0x61, 0x08, 0x61, 0x08, 0x61, 0x08, 0x61, 0x08, 0x61, 0x08, 0x61, 0x08,
    0x61, 0x08, 0x61, 0x08, 0x61, 0x08, 0x61, 0x08, 0x61, 0x08, 0x61, 0x08, 0x61, 0x08, 0x61, 0x08,
    0x61, 0x08, 0x61, 0x08, 0x61, 0x08, 0x61, 0x08, 0x61, 0x08, 0x61, 0x08, 0x61, 0x08, 0x61, 0x08,
    0x61, 0x08, 0x61, 0x08, 0x61, 0x08, 0x61, 0x08, 0x61, 0x08, 0x61, 0x08, 0x61, 0x08, 0x61, 0x08,
    0x61, 0x08, 0x61, 0x08, 0x61, 0x08, 0x61, 0x08, 0x61, 0x08, 0x61, 0x08, 0x61, 0x08, 0x61, 0x08,
    0x61, 0x08, 0x61, 0x08, 0x61, 0x08, 0x61, 0x08, 0x61, 0x08, 0x61, 0x08, 0x61, 0x08, 0x61, 0x08,
    0x61, 0x08, 0x61, 0x08, 0x61, 0x08, 0x61, 0x08, 0x61, 0x08, 0x61, 0x08, 0x61, 0x08, 0x83, 0x18,
    0xd0, 0x81, 0x1c, 0xe3, 0x5f, 0xfb, 0x5f, 0xfb, 0x5f, 0xfb, 0x5f, 0xfb, 0x5f, 0xfb, 0x5f, 0xfb,
    0x5f, 0xfb, 0x5f, 0xfb, 0x5f, 0xfb, 0x5f, 0xfb, 0x5f, 0xfb, 0x5f, 0xfb, 0x5f, 0xfb, 0x5f, 0xfb,
    0x5f, 0xfb, 0x5f, 0xfb, 0x5f, 0xfb, 0x5f, 0xfb, 0x5f, 0xfb, 0x5f, 0xfb, 0x5f, 0xfb, 0x5f, 0xfb,
    0x5f, 0xfb, 0x5f, 0xfb, 0x5f, 0xfb, 0x5f, 0xfb, 0x5f, 0xfb, 0x5f, 0xfb, 0x5f, 0xfb, 0x5f, 0xfb,
    0x5f, 0xfb, 0x5f, 0xfb, 0x5f, 0xfb, 0x5f, 0xfb, 0x5f, 0xfb, 0x5f, 0xfb, 0x5f, 0xfb, 0x5f, 0xfb,
    0x5f, 0xfb, 0x5f, 0xfb, 0x5f, 0xfb, 0x5f, 0xfb, 0x5f, 0xfb, 0xfc, 0xe2, 0xd1, 0x89, 0x84, 0x20,
    0x61, 0x08, 0x61, 0x08, 0x61, 0x08, 0x61, 0x08, 0x61, 0x08, 0x61, 0x08, 0x61, 0x08, 0x61, 0x08,
    0x61, 0x08, 0x61, 0x08, 0x61, 0x08, 0x61, 0x08, 0x61, 0x08, 0x61, 0x08, 0x61, 0x08, 0x61, 0x08,
    0x61, 0x08, 0x61, 0x08, 0x61, 0x08, 0x61, 0x08, 0x61, 0x08, 0x61, 0x08, 0x61, 0x08, 0x61, 0x08,
    0x61, 0x08, 0x61, 0x08, 0x61, 0x08, 0x61, 0x08, 0x61, 0x08, 0x61, 0x08, 0x61, 0x08, 0x61, 0x08,
    0x61, 0x08, 0x61, 0x08, 0x61, 0x08, 0x61, 0x08, 0x61, 0x08, 0x61, 0x08, 0x61, 0x08, 0x61, 0x08,
    0x61, 0x08, 0x61, 0x08, 0x61, 0x08, 0x61, 0x08, 0x61, 0x08, 0x61, 0x08, 0x61, 0x08, 0x61, 0x08,
    0x61, 0x08, 0x61, 0x08, 0x61, 0x08, 0x61, 0x08, 0x61, 0x08, 0x61, 0x08, 0x61, 0x08, 0x61, 0x08,
    0x61, 0x08, 0x61, 0x08, 0x61, 0x08, 0x61, 0x08, 0x61, 0x08, 0x61, 0x08, 0x61, 0x08, 0x61, 0x08,
    0x61, 0x08, 0x61, 0x08, 0x61, 0x08, 0x61, 0x08, 0x61, 0x08, 0x61, 0x08, 0x61, 0x08, 0x61, 0x08,
    0x61, 0x08, 0x61, 0x08, 0x61, 0x08, 0x61, 0x08, 0x61, 0x08, 0x61, 0x08, 0x61, 0x08, 0x61, 0x08,
    0x61, 0x08, 0x61, 0x08, 0x61, 0x08, 0x61, 0x08, 0x61, 0x08, 0x61, 0x08, 0x61, 0x08, 0x61, 0x08,
    0x61, 0x08, 0x61, 0x08, 0x61, 0x08, 0x61, 0x08, 0x61, 0x08, 0x61, 0x08, 0x61, 0x08, 0x61, 0x08,
    0x61, 0x08, 0x61, 0x08, 0x61, 0x08, 0x61, 0x08, 0x61, 0x08, 0x61, 0x08, 0x61, 0x08, 0x61, 0x08,
    0x61, 0x08, 0x61, 0x08, 0x61, 0x08, 0x61, 0x08, 0x61, 0x08, 0x61, 0x08, 0x61, 0x08, 0x61, 0x08,
    0x61, 0x08, 0x61, 0x08, 0x61, 0x08, 0x61, 0x08, 0x61, 0x08, 0x61, 0x08, 0x61, 0x08, 0x61, 0x08,
    0x61, 0x08, 0x61, 0x08, 0x61, 0x08, 0x61, 0x08, 0x61, 0x08, 0x61, 0x08, 0x61, 0x08, 0x61, 0x08,
    0x61, 0x08, 0x61, 0x08, 0x61, 0x08, 0x61, 0x08, 0x61, 0x08, 0x61, 0x08, 0x61, 0x08, 0x61, 0x08,
    0x61, 0x08, 0x61, 0x08, 0x61, 0x08, 0x61, 0x08, 0x61, 0x08, 0x61, 0x08, 0x61, 0x08, 0x61, 0x08,
    0x61, 0x08, 0x61, 0x08, 0x61, 0x08, 0x61, 0x08, 0x61, 0x08, 0x61, 0x08, 0x61, 0x08, 0x61, 0x08,
    0x61, 0x08, 0x61, 0x08, 0x61, 0x08, 0x61, 0x08, 0x61, 0x08, 0x61, 0x08, 0x61, 0x08, 0x61, 0x08,
    0x61, 0x08, 0x61, 0x08, 0x61, 0x08, 0x61, 0x08, 0x61, 0x08, 0x61, 0x08, 0x61, 0x08, 0x61, 0x08,
    0x61, 0x08, 0x61, 0x08, 0x61, 0x08, 0x61, 0x08, 0x61, 0x08, 0x61, 0x08, 0x61, 0x08, 0x61, 0x08,
    0x61, 0x08, 0x61, 0x08, 0x61, 0x08, 0x61, 0x08, 0x61, 0x08, 0x61, 0x08, 0x61, 0x08, 0x61, 0x08,
    0x61, 0x08, 0x61, 0x08, 0x61, 0x08, 0x61, 0x08, 0x61, 0x08, 0x61, 0x08, 0x61, 0x08, 0x61, 0x08,
    0x84, 0x20, 0xf1, 0x91, 0x1c, 0xe3, 0x5f, 0xfb, 0x5f, 0xfb, 0x5f, 0xfb, 0x5f, 0xfb, 0x5f, 0xfb,
    0x5f, 0xfb, 0x5f, 0xfb, 0x5f, 0xfb, 0x5f, 0xfb, 0x5f, 0xfb, 0x5f, 0xfb, 0x5f, 0xfb, 0x5f, 0xfb,
    0x5f, 0xfb, 0x5f, 0xfb, 0x5f, 0xfb, 0x5f, 0xfb, 0x5f, 0xfb, 0x5f, 0xfb, 0x5f, 0xfb, 0x5f, 0xfb,
    0x5f, 0xfb, 0x5f, 0xfb, 0x5f, 0xfb, 0x5f, 0xfb, 0x5f, 0xfb, 0x5f, 0xfb, 0x5f, 0xfb, 0x5f, 0xfb,
    0x5f, 0xfb, 0x5f, 0xfb, 0x5f, 0xfb, 0x5f, 0xfb, 0x5f, 0xfb, 0x5f, 0xfb, 0x5f, 0xfb, 0x5f, 0xfb,
    0x5f, 0xfb, 0x5f, 0xfb, 0x5f, 0xfb, 0x5f, 0xfb, 0xfc, 0xe2, 0xf2, 0x91, 0xa5, 0x28, 0x61, 0x08,
    0x61, 0x08, 0x61, 0x08, 0x61, 0x08, 0x61, 0x08, 0x61, 0x08, 0x61, 0x08, 0x61, 0x08, 0x61, 0x08,
    0x61, 0x08, 0x61, 0x08, 0x61, 0x08, 0x61, 0x08, 0x61, 0x08, 0x61, 0x08, 0x61, 0x08, 0x61, 0x08,
    0x61, 0x08, 0x61, 0x08, 0x61, 0x08, 0x61, 0x08, 0x61, 0x08, 0x61, 0x08, 0x61, 0x08, 0x61, 0x08,
    0x61, 0x08, 0x61, 0x08, 0x61, 0x08, 0x61, 0x08, 0x61, 0x08, 0x61, 0x08, 0x61, 0x08, 0x61, 0x08,
    0x61, 0x08, 0x61, 0x08, 0x61, 0x08, 0x61, 0x08, 0x61, 0x08, 0x61, 0x08, 0x61, 0x08, 0x61, 0x08,
    0x61, 0x08, 0x61, 0x08, 0x61, 0x08, 0x61, 0x08, 0x61, 0x08, 0x61, 0x08, 0x61, 0x08, 0x61, 0x08,
    0x61, 0x08, 0x61, 0x08, 0x61, 0x08, 0x61, 0x08, 0x61, 0x08, 0x61, 0x08, 0x61, 0x08, 0x61, 0x08,
    0x61, 0x08, 0x61, 0x08, 0x61, 0x08, 0x61, 0x08, 0x61, 0x08, 0x61, 0x08, 0x61, 0x08, 0x61, 0x08,
    0x61, 0x08, 0x61, 0x08, 0x61, 0x08, 0x61, 0x08, 0x61, 0x08, 0x61, 0x08, 0x61, 0x08, 0x61, 0x08,
    0x61, 0x08, 0x61, 0x08, 0x61, 0x08, 0x61, 0x08, 0x61, 0x08, 0x61, 0x08, 0x61, 0x08, 0x61, 0x08,
    0x61, 0x08, 0x61, 0x08, 0x61, 0x08, 0x61, 0x08, 0x61, 0x08, 0x61, 0x08, 0x61, 0x08, 0x61, 0x08,
    0x61, 0x08, 0x61, 0x08, 0x61, 0x08, 0x61, 0x08, 0x61, 0x08, 0x61, 0x08, 0x61, 0x08, 0x61, 0x08,
    0x61, 0x08, 0x61, 0x08, 0x61, 0x08, 0x61, 0x08, 0x61, 0x08, 0x61, 0x08, 0x61, 0x08, 0x61, 0x08,
    0x61, 0x08, 0x61, 0x08, 0x61, 0x08, 0x61, 0x08, 0x61, 0x08, 0x61, 0x08, 0x61, 0x08, 0x61, 0x08,
    0x61, 0x08, 0x61, 0x08, 0x61, 0x08, 0x61, 0x08, 0x61, 0x08, 0x61, 0x08, 0x61, 0x08, 0x61, 0x08,
    0x61, 0x08, 0x61, 0x08, 0x61, 0x08, 0x61, 0x08, 0x61, 0x08, 0x61, 0x08, 0x61, 0x08, 0x61, 0x08,
    0x61, 0x08, 0x61, 0x08, 0x61, 0x08, 0x61, 0x08, 0x61, 0x08, 0x61, 0x08, 0x61, 0x08, 0x61, 0x08,
    0x61, 0x08, 0x61, 0x08, 0x61, 0x08, 0x61, 0x08, 0x61, 0x08, 0x61, 0x08, 0x61, 0x08, 0x61, 0x08,
    0x61, 0x08, 0x61, 0x08, 0x61, 0x08, 0x61, 0x08, 0x61, 0x08, 0x61, 0x08, 0x61, 0x08, 0x61, 0x08,
    0x61, 0x08, 0x61, 0x08, 0x61, 0x08, 0x61, 0x08, 0x61, 0x08, 0x61, 0x08, 0x61, 0x08, 0x61, 0x08,
    0x61, 0x08, 0x61, 0x08, 0x61, 0x08, 0x61, 0x08, 0x61, 0x08, 0x61, 0x08, 0x61, 0x08, 0x61, 0x08,
    0x61, 0x08, 0x61, 0x08, 0x61, 0x08, 0x61, 0x08, 0x61, 0x08, 0x61, 0x08, 0x61, 0x08, 0x61, 0x08,
    0x61, 0x08, 0x61, 0x08, 0x61, 0x08, 0x61, 0x08, 0x61, 0x08, 0x61, 0x08, 0x61, 0x08, 0x61, 0x08,
    0x61, 0x08, 0x61, 0x08, 0x61, 0x08, 0x61, 0x08, 0x61, 0x08, 0x61, 0x08, 0x61, 0x08, 0x61, 0x08,
    0x61, 0x08, 0xa4, 0x20, 0xf1, 0x91, 0x1c, 0xe3, 0x5f, 0xfb, 0x5f, 0xfb, 0x5f, 0xfb, 0x5f, 0xfb,
    0x5f, 0xfb, 0x5f, 0xfb, 0x5f, 0xfb, 0x5f, 0xfb, 0x5f, 0xfb, 0x5f, 0xfb, 0x5f, 0xfb, 0x5f, 0xfb,
    0x5f, 0xfb, 0x5f, 0xfb, 0x5f, 0xfb, 0x5f, 0xfb, 0x5f, 0xfb, 0x5f, 0xfb, 0x5f, 0xfb, 0x5f, 0xfb,
    0x5f, 0xfb, 0x5f, 0xfb, 0x5f, 0xfb, 0x5f, 0xfb, 0x5f, 0xfb, 0x5f, 0xfb, 0x5f, 0xfb, 0x5f, 0xfb,
    0x5f, 0xfb, 0x5f, 0xfb, 0x5f, 0xfb, 0x5f, 0xfb, 0x5f, 0xfb, 0x5f, 0xfb, 0x5f, 0xfb, 0x5f, 0xfb,
    0x5f, 0xfb, 0x5f, 0xfb, 0x5f, 0xfb, 0xfc, 0xe2, 0xf2, 0x91, 0xa5, 0x28, 0x61, 0x08, 0x61, 0x08,
    0x61, 0x08, 0x61, 0x08, 0x61, 0x08, 0x61, 0x08, 0x61, 0x08, 0x61, 0x08, 0x61, 0x08, 0x61, 0x08,
    0x61, 0x08, 0x61, 0x08, 0x61, 0x08, 0x61, 0x08, 0x61, 0x08, 0x61, 0x08, 0x61, 0x08, 0x61, 0x08,
    0x61, 0x08, 0x61, 0x08, 0x61, 0x08, 0x61, 0x08, 0x61, 0x08, 0x61, 0x08, 0x61, 0x08, 0x61, 0x08,
    0x61, 0x08, 0x61, 0x08, 0x61, 0x08, 0x61, 0x08, 0x61, 0x08, 0x61, 0x08, 0x61, 0x08, 0x61, 0x08,
    0x61, 0x08, 0x61, 0x08, 0x61, 0x08, 0x61, 0x08, 0x61, 0x08, 0x61, 0x08, 0x61, 0x08, 0x61, 0x08,
    0x61, 0x08, 0x61, 0x08, 0x61, 0x08, 0x61, 0x08, 0x61, 0x08, 0x61, 0x08, 0x61, 0x08, 0x61, 0x08,
    0x61, 0x08, 0x61, 0x08, 0x61, 0x08, 0x61, 0x08, 0x61, 0x08, 0x61, 0x08, 0x61, 0x08, 0x61, 0x08,
    0x61, 0x08, 0x61, 0x08, 0x61, 0x08, 0x61, 0x08, 0x61, 0x08, 0x61, 0x08, 0x61, 0x08, 0x61, 0x08,
    0x61, 0x08, 0x61, 0x08, 0x61, 0x08, 0x61, 0x08, 0x61, 0x08, 0x61, 0x08, 0x61, 0x08, 0x61, 0x08,
    0x61, 0x08, 0x61, 0x08, 0x61, 0x08, 0x61, 0x08, 0x61, 0x08, 0x61, 0x08, 0x61, 0x08, 0x61, 0x08,
    0x61, 0x08, 0x61, 0x08, 0x61, 0x08, 0x61, 0x08, 0x61, 0x08, 0x61, 0x08, 0x61, 0x08, 0x61, 0x08,
    0x61, 0x08, 0x61, 0x08, 0x61, 0x08, 0x61, 0x08, 0x61, 0x08, 0x61, 0x08, 0x61, 0x08, 0x61, 0x08,
    0x61, 0x08, 0x61, 0x08, 0x61, 0x08, 0x61, 0x08, 0x61, 0x08, 0x61, 0x08, 0x61, 0x08, 0x61, 0x08,
    0x61, 0x08, 0x61, 0x08, 0x61, 0x08, 0x61, 0x08, 0x61, 0x08, 0x61, 0x08, 0x61, 0x08, 0x61, 0x08,
    0x61, 0x08, 0x61, 0x08, 0x61, 0x08, 0x61, 0x08, 0x61, 0x08, 0x61, 0x08, 0x61, 0x08, 0x61, 0x08,
    0x61, 0x08, 0x61, 0x08, 0x61, 0x08, 0x61, 0x08, 0x61, 0x08, 0x61, 0x08, 0x61, 0x08, 0x61, 0x08,
    0x61, 0x08, 0x61, 0x08, 0x61, 0x08, 0x61, 0x08, 0x61, 0x08, 0x61, 0x08, 0x61, 0x08, 0x61, 0x08,
    0x61, 0x08, 0x61, 0x08, 0x61, 0x08, 0x61, 0x08, 0x61, 0x08, 0x61, 0x08, 0x61, 0x08, 0x61, 0x08,
    0x61, 0x08, 0x61, 0x08, 0x61, 0x08, 0x61, 0x08, 0x61, 0x08, 0x61, 0x08, 0x61, 0x08, 0x61, 0x08,
    0x61, 0x08, 0x61, 0x08, 0x61, 0x08, 0x61, 0x08, 0x61, 0x08, 0x61, 0x08, 0x61, 0x08, 0x61, 0x08,
    0x61, 0x08, 0x61, 0x08, 0x61, 0x08, 0x61, 0x08, 0x61, 0x08, 0x61, 0x08, 0x61, 0x08, 0x61, 0x08,
    0x61, 0x08, 0x61, 0x08, 0x61, 0x08, 0x61, 0x08, 0x61, 0x08, 0x61, 0x08, 0x61, 0x08, 0x61, 0x08,
    0x61, 0x08, 0x61, 0x08, 0x61, 0x08, 0x61, 0x08, 0x61, 0x08, 0x61, 0x08, 0x61, 0x08, 0x61, 0x08,
    0x61, 0x08, 0x61, 0x08, 0x61, 0x08, 0x61, 0x08, 0x61, 0x08, 0x61, 0x08, 0x61, 0x08, 0x61, 0x08,
    0x61, 0x08, 0x61, 0x08, 0xa5, 0x20, 0xf1, 0x91, 0x1c, 0xe3, 0x5f, 0xfb, 0x5f, 0xfb, 0x5f, 0xfb,
    0x5f, 0xfb, 0x5f, 0xfb, 0x5f, 0xfb, 0x5f, 0xfb, 0x5f, 0xfb, 0x5f, 0xfb, 0x5f, 0xfb, 0x5f, 0xfb,
    0x5f, 0xfb, 0x5f, 0xfb, 0x5f, 0xfb, 0x5f, 0xfb, 0x5f, 0xfb, 0x5f, 0xfb, 0x5f, 0xfb, 0x5f, 0xfb,
    0x5f, 0xfb, 0x5f, 0xfb, 0x5f, 0xfb, 0x5f, 0xfb, 0x5f, 0xfb, 0x5f, 0xfb, 0x5f, 0xfb, 0x5f, 0xfb,
    0x5f, 0xfb, 0x5f, 0xfb, 0x5f, 0xfb, 0x5f, 0xfb, 0x5f, 0xfb, 0x5f, 0xfb, 0x5f, 0xfb, 0x5f, 0xfb,
    0x5f, 0xfb, 0x5f, 0xfb, 0x1c, 0xe3, 0xf2, 0x91, 0xa5, 0x28, 0x61, 0x08, 0x61, 0x08, 0x61, 0x08,
    0x61, 0x08, 0x61, 0x08, 0x61, 0x08, 0x61, 0x08, 0x61, 0x08, 0x61, 0x08, 0x61, 0x08, 0x61, 0x08,
    0x61, 0x08, 0x61, 0x08, 0x61, 0x08, 0x61, 0x08, 0x61, 0x08, 0x61, 0x08, 0x61, 0x08, 0x61, 0x08,
    0x61, 0x08, 0x61, 0x08, 0x61, 0x08, 0x61, 0x08, 0x61, 0x08, 0x61, 0x08, 0x61, 0x08, 0x61, 0x08,
    0x61, 0x08, 0x61, 0x08, 0x61, 0x08, 0x61, 0x08, 0x61, 0x08, 0x61, 0x08, 0x61, 0x08, 0x61, 0x08,
    0x61, 0x08, 0x61, 0x08, 0x61, 0x08, 0x61, 0x08, 0x61, 0x08, 0x61, 0x08, 0x61, 0x08, 0x61, 0x08,
    0x61, 0x08, 0x61, 0x08, 0x61, 0x08, 0x61, 0x08, 0x61, 0x08, 0x61, 0x08, 0x61, 0x08, 0x61, 0x08,
    0x61, 0x08, 0x61, 0x08, 0x61, 0x08, 0x61, 0x08, 0x61, 0x08, 0x61, 0x08, 0x61, 0x08, 0x61, 0x08,
    0x61, 0x08, 0x61, 0x08, 0x61, 0x08, 0x61, 0x08, 0x61, 0x08, 0x61, 0x08, 0x61, 0x08, 0x61, 0x08,
    0x61, 0x08, 0x61, 0x08, 0x61, 0x08, 0x61, 0x08, 0x61, 0x08, 0x61, 0x08, 0x61, 0x08, 0x61, 0x08,
    0x61, 0x08, 0x61, 0x08, 0x61, 0x08, 0x61, 0x08, 0x61, 0x08, 0x61, 0x08, 0x61, 0x08, 0x61, 0x08,
    0x61, 0x08, 0x61, 0x08, 0x61, 0x08, 0x61, 0x08, 0x61, 0x08, 0x61, 0x08, 0x61, 0x08, 0x61, 0x08,
    0x61, 0x08, 0x61, 0x08, 0x61, 0x08, 0x61, 0x08, 0x61, 0x08, 0x61, 0x08, 0x61, 0x08, 0x61, 0x08,
    0x61, 0x08, 0x61, 0x08, 0x61, 0x08, 0x61, 0x08, 0x61, 0x08, 0x61, 0x08, 0x61, 0x08, 0x61, 0x08,
    0x61, 0x08, 0x61, 0x08, 0x61, 0x08, 0x61, 0x08, 0x61, 0x08, 0x61, 0x08, 0x61, 0x08, 0x61, 0x08,
    0x61, 0x08, 0x61, 0x08, 0x61, 0x08, 0x61, 0x08, 0x61, 0x08, 0x61, 0x08, 0x61, 0x08, 0x61, 0x08,
    0x61, 0x08, 0x61, 0x08, 0x61, 0x08, 0x61, 0x08, 0x61, 0x08, 0x61, 0x08, 0x61, 0x08, 0x61, 0x08,
    0x61, 0x08, 0x61, 0x08, 0x61, 0x08, 0x61, 0x08, 0x61, 0x08, 0x61, 0x08, 0x61, 0x08, 0x61, 0x08,
    0x61, 0x08, 0x61, 0x08, 0x61, 0x08, 0x61, 0x08, 0x61, 0x08, 0x61, 0x08, 0x61, 0x08, 0x61, 0x08,
    0x61, 0x08, 0x61, 0x08, 0x61, 0x08, 0x61, 0x08, 0x61, 0x08, 0x61, 0x08, 0x61, 0x08, 0x61, 0x08,
    0x61, 0x08, 0x61, 0x08, 0x61, 0x08, 0x61, 0x08, 0x61, 0x08, 0x61, 0x08, 0x61, 0x08, 0x61, 0x08,
    0x61, 0x08, 0x61, 0x08, 0x61, 0x08, 0x61, 0x08, 0x61, 0x08, 0x61, 0x08, 0x61, 0x08, 0x61, 0x08,
    0x61, 0x08, 0x61, 0x08, 0x61, 0x08, 0x61, 0x08, 0x61, 0x08, 0x61, 0x08, 0x61, 0x08, 0x61, 0x08,
    0x61, 0x08, 0x61, 0x08, 0x61, 0x08, 0x61, 0x08, 0x61, 0x08, 0x61, 0x08, 0x61, 0x08, 0x61, 0x08,
    0x61, 0x08, 0x61, 0x08, 0x61, 0x08, 0x61, 0x08, 0x61, 0x08, 0x61, 0x08, 0x61, 0x08, 0x61, 0x08,
    0x61, 0x08, 0x61, 0x08, 0x61, 0x08, 0xa5, 0x28, 0xf1, 0x91, 0x1c, 0xe3, 0x5f, 0xfb, 0x5f, 0xfb,
    0x5f, 0xfb, 0x5f, 0xfb, 0x5f, 0xfb, 0x5f, 0xfb, 0x5f, 0xfb, 0x5f, 0xfb, 0x5f, 0xfb, 0x5f, 0xfb,
    0x5f, 0xfb, 0x5f, 0xfb, 0x5f, 0xfb, 0x5f, 0xfb, 0x5f, 0xfb, 0x5f, 0xfb, 0x5f, 0xfb, 0x5f, 0xfb,
    0x5f, 0xfb, 0x5f, 0xfb, 0x5f, 0xfb, 0x5f, 0xfb, 0x5f, 0xfb, 0x5f, 0xfb, 0x5f, 0xfb, 0x5f, 0xfb,
    0x5f, 0xfb, 0x5f, 0xfb, 0x5f, 0xfb, 0x5f, 0xfb, 0x5f, 0xfb, 0x5f, 0xfb, 0x5f, 0xfb, 0x5f, 0xfb,
    0x5f, 0xfb, 0x1c, 0xe3, 0xf2, 0x91, 0xc5, 0x28, 0x61, 0x08, 0x61, 0x08, 0x61, 0x08, 0x61, 0x08,
    0x61, 0x08, 0x61, 0x08, 0x61, 0x08, 0x61, 0x08, 0x61, 0x08, 0x61, 0x08, 0x61, 0x08, 0x61, 0x08,
    0x61, 0x08, 0x61, 0x08, 0x61, 0x08, 0x61, 0x08, 0x61, 0x08, 0x61, 0x08, 0x61, 0x08, 0x61, 0x08,
    0x61, 0x08, 0x61, 0x08, 0x61, 0x08, 0x61, 0x08, 0x61, 0x08, 0x61, 0x08, 0x61, 0x08, 0x61, 0x08,
    0x61, 0x08, 0x61, 0x08, 0x61, 0x08, 0x61, 0x08, 0x61, 0x08, 0x61, 0x08, 0x61, 0x08, 0x61, 0x08,
    0x61, 0x08, 0x61, 0x08, 0x61, 0x08, 0x61, 0x08, 0x61, 0x08, 0x61, 0x08, 0x61, 0x08, 0x61, 0x08,
    0x61, 0x08, 0x61, 0x08, 0x61, 0x08, 0x61, 0x08, 0x61, 0x08, 0x61, 0x08, 0x61, 0x08, 0x61, 0x08,
    0x61, 0x08, 0x61, 0x08, 0x61, 0x08, 0x61, 0x08, 0x61, 0x08, 0x61, 0x08, 0x61, 0x08, 0x61, 0x08,
    0x61, 0x08, 0x61, 0x08, 0x61, 0x08, 0x61, 0x08, 0x61, 0x08, 0x61, 0x08, 0x61, 0x08, 0x61, 0x08,
    0x61, 0x08, 0x61, 0x08, 0x61, 0x08, 0x61, 0x08, 0x61, 0x08, 0x61, 0x08, 0x61, 0x08, 0x61, 0x08,
    0x61, 0x08, 0x61, 0x08, 0x61, 0x08, 0x61, 0x08, 0x61, 0x08, 0x61, 0x08, 0x61, 0x08, 0x61, 0x08,
    0x61, 0x08, 0x61, 0x08, 0x61, 0x08, 0x61, 0x08, 0x61, 0x08, 0x61, 0x08, 0x61, 0x08, 0x61, 0x08,
    0x61, 0x08, 0x61, 0x08, 0x61, 0x08, 0x61, 0x08, 0x61, 0x08, 0x61, 0x08, 0x61, 0x08, 0x61, 0x08,
    0x61, 0x08, 0x61, 0x08, 0x61, 0x08, 0x61, 0x08, 0x61, 0x08, 0x61, 0x08, 0x61, 0x08, 0x61, 0x08,
    0x61, 0x08, 0x61, 0x08, 0x61, 0x08, 0x61, 0x08, 0x61, 0x08, 0x61, 0x08, 0x61, 0x08, 0x61, 0x08,
    0x61, 0x08, 0x61, 0x08, 0x61, 0x08, 0x61, 0x08, 0x61, 0x08, 0x61, 0x08, 0x61, 0x08, 0x61, 0x08,
    0x61, 0x08, 0x61, 0x08, 0x61, 0x08, 0x61, 0x08, 0x61, 0x08, 0x61, 0x08, 0x61, 0x08, 0x61, 0x08,
    0x61, 0x08, 0x61, 0x08, 0x61, 0x08, 0x61, 0x08, 0x61, 0x08, 0x61, 0x08, 0x61, 0x08, 0x61, 0x08,
    0x61, 0x08, 0x61, 0x08, 0x61, 0x08, 0x61, 0x08, 0x61, 0x08, 0x61, 0x08, 0x61, 0x08, 0x61, 0x08,
    0x61, 0x08, 0x61, 0x08, 0x61, 0x08, 0x61, 0x08, 0x61, 0x08, 0x61, 0x08, 0x61, 0x08, 0x61, 0x08,
    0x61, 0x08, 0x61, 0x08, 0x61, 0x08, 0x61, 0x08, 0x61, 0x08, 0x61, 0x08, 0x61, 0x08, 0x61, 0x08,
    0x61, 0x08, 0x61, 0x08, 0x61, 0x08, 0x61, 0x08, 0x61, 0x08, 0x61, 0x08, 0x61, 0x08, 0x61, 0x08,
    0x61, 0x08, 0x61, 0x08, 0x61, 0x08, 0x61, 0x08, 0x61, 0x08, 0x61, 0x08, 0x61, 0x08, 0x61, 0x08,
    0x61, 0x08, 0x61, 0x08, 0x61, 0x08, 0x61, 0x08, 0x61, 0x08, 0x61, 0x08, 0x61, 0x08, 0x61, 0x08,
    0x61, 0x08, 0x61, 0x08, 0x61, 0x08, 0x61, 0x08, 0x61, 0x08, 0x61, 0x08, 0x61, 0x08, 0x61, 0x08,
    0x61, 0x08, 0x61, 0x08, 0x61, 0x08, 0x61, 0x08, 0xa5, 0x28, 0xf1, 0x91, 0x1c, 0xe3, 0x5f, 0xfb,
    0x5f, 0xfb, 0x5f, 0xfb, 0x5f, 0xfb, 0x5f, 0xfb, 0x5f, 0xfb, 0x5f, 0xfb, 0x5f, 0xfb, 0x5f, 0xfb,
    0x5f, 0xfb, 0x5f, 0xfb, 0x5f, 0xfb, 0x5f, 0xfb, 0x5f, 0xfb, 0x5f, 0xfb, 0x5f, 0xfb, 0x5f, 0xfb,
    0x5f, 0xfb, 0x5f, 0xfb, 0x5f, 0xfb, 0x5f, 0xfb, 0x5f, 0xfb, 0x5f, 0xfb, 0x5f, 0xfb, 0x5f, 0xfb,
    0x5f, 0xfb, 0x5f, 0xfb, 0x5f, 0xfb, 0x5f, 0xfb, 0x5f, 0xfb, 0x5f, 0xfb, 0x5f, 0xfb, 0x5f, 0xfb,
    0x1c, 0xe3, 0xf2, 0x91, 0xc6, 0x30, 0x61, 0x08, 0x61, 0x08, 0x61, 0x08, 0x61, 0x08, 0x61, 0x08,
    0x61, 0x08, 0x61, 0x08, 0x61, 0x08, 0x61, 0x08, 0x61, 0x08, 0x61, 0x08, 0x61, 0x08, 0x61, 0x08,
    0x61, 0x08, 0x61, 0x08, 0x61, 0x08, 0x61, 0x08, 0x61, 0x08, 0x61, 0x08, 0x61, 0x08, 0x61, 0x08,
    0x61, 0x08, 0x61, 0x08, 0x61, 0x08, 0x61, 0x08, 0x61, 0x08, 0x61, 0x08, 0x61, 0x08, 0x61, 0x08,
    0x61, 0x08, 0x61, 0x08, 0x61, 0x08, 0x61, 0x08, 0x61, 0x08, 0x61, 0x08, 0x61, 0x08, 0x61, 0x08,
    0x61, 0x08, 0x61, 0x08, 0x61, 0x08, 0x61, 0x08, 0x61, 0x08, 0x61, 0x08, 0x61, 0x08, 0x61, 0x08,
    0x61, 0x08, 0x61, 0x08, 0x61, 0x08, 0x61, 0x08, 0x61, 0x08, 0x61, 0x08, 0x61, 0x08, 0x61, 0x08,
    0x61, 0x08, 0x61, 0x08, 0x61, 0x08, 0x61, 0x08, 0x61, 0x08, 0x61, 0x08, 0x61, 0x08, 0x61, 0x08,
    0x61, 0x08, 0x61, 0x08, 0x61, 0x08, 0x61, 0x08, 0x61, 0x08, 0x61, 0x08, 0x61, 0x08, 0x61, 0x08,
    0x61, 0x08, 0x61, 0x08, 0x61, 0x08, 0x61, 0x08, 0x61, 0x08, 0x61, 0x08, 0x61, 0x08, 0x61, 0x08,
    0x61, 0x08, 0x61, 0x08, 0x61, 0x08, 0x61, 0x08, 0x61, 0x08, 0x61, 0x08, 0x61, 0x08, 0x61, 0x08,
    0x61, 0x08, 0x61, 0x08, 0x61, 0x08, 0x61, 0x08, 0x61, 0x08, 0x61, 0x08, 0x61, 0x08, 0x61, 0x08,
    0x61, 0x08, 0x61, 0x08, 0x61, 0x08, 0x61, 0x08, 0x61, 0x08, 0x61, 0x08, 0x61, 0x08, 0x61, 0x08,
    0x61, 0x08, 0x61, 0x08, 0x61, 0x08, 0x61, 0x08, 0x61, 0x08, 0x61, 0x08, 0x61, 0x08, 0x61, 0x08,
    0x61, 0x08, 0x61, 0x08, 0x61, 0x08, 0x61, 0x08, 0x61, 0x08, 0x61, 0x08, 0x61, 0x08, 0x61, 0x08,
    0x61, 0x08, 0x61, 0x08, 0x61, 0x08, 0x61, 0x08, 0x61, 0x08, 0x61, 0x08, 0x61, 0x08, 0x61, 0x08,
    0x61, 0x08, 0x61, 0x08, 0x61, 0x08, 0x61, 0x08, 0x61, 0x08, 0x61, 0x08, 0x61, 0x08, 0x61, 0x08,
    0x61, 0x08, 0x61, 0x08, 0x61, 0x08, 0x61, 0x08, 0x61, 0x08, 0x61, 0x08, 0x61, 0x08, 0x61, 0x08,
    0x61, 0x08, 0x61, 0x08, 0x61, 0x08, 0x61, 0x08, 0x61, 0x08, 0x61, 0x08, 0x61, 0x08, 0x61, 0x08,
    0x61, 0x08, 0x61, 0x08, 0x61, 0x08, 0x61, 0x08, 0x61, 0x08, 0x61, 0x08, 0x61, 0x08, 0x61, 0x08,
    0x61, 0x08, 0x61, 0x08, 0x61, 0x08, 0x61, 0x08, 0x61, 0x08, 0x61, 0x08, 0x61, 0x08, 0x61, 0x08,
    0x61, 0x08, 0x61, 0x08, 0x61, 0x08, 0x61, 0x08, 0x61, 0x08, 0x61, 0x08, 0x61, 0x08, 0x61, 0x08,
    0x61, 0x08, 0x61, 0x08, 0x61, 0x08, 0x61, 0x08, 0x61, 0x08, 0x61, 0x08, 0x61, 0x08, 0x61, 0x08,
    0x61, 0x08, 0x61, 0x08, 0x61, 0x08, 0x61, 0x08, 0x61, 0x08, 0x61, 0x08, 0x61, 0x08, 0x61, 0x08,
    0x61, 0x08, 0x61, 0x08, 0x61, 0x08, 0x61, 0x08, 0x61, 0x08, 0x61, 0x08, 0x61, 0x08, 0x61, 0x08,
    0x61, 0x08, 0x61, 0x08, 0x61, 0x08, 0x61, 0x08, 0x61, 0x08, 0xc5, 0x28, 0xd1, 0x89, 0xda, 0xd2,
    0x1f, 0xfb, 0x5f, 0xfb, 0x5f, 0xfb, 0x5f, 0xfb, 0x5f, 0xfb, 0x5f, 0xfb, 0x5f, 0xfb, 0x5f, 0xfb,
    0x5f, 0xfb, 0x5f, 0xfb, 0x5f, 0xfb, 0x5f, 0xfb, 0x5f, 0xfb, 0x5f, 0xfb, 0x5f, 0xfb, 0x5f, 0xfb,
    0x5f, 0xfb, 0x5f, 0xfb, 0x5f, 0xfb, 0x5f, 0xfb, 0x5f, 0xfb, 0x5f, 0xfb, 0x5f, 0xfb, 0x5f, 0xfb,
    0x5f, 0xfb, 0x5f, 0xfb, 0x5f, 0xfb, 0x5f, 0xfb, 0x5f, 0xfb, 0x5f, 0xfb, 0x1f, 0xfb, 0xba, 0xd2,
    0xd0, 0x81, 0xc6, 0x30, 0x61, 0x08, 0x61, 0x08, 0x61, 0x08, 0x61, 0x08, 0x61, 0x08, 0x61, 0x08,
    0x61, 0x08, 0x61, 0x08, 0x61, 0x08, 0x61, 0x08, 0x61, 0x08, 0x61, 0x08, 0x61, 0x08, 0x61, 0x08,
    0x61, 0x08, 0x61, 0x08, 0x61, 0x08, 0x61, 0x08, 0x61, 0x08, 0x61, 0x08, 0x61, 0x08, 0x61, 0x08,
    0x61, 0x08, 0x61, 0x08, 0x61, 0x08, 0x61, 0x08, 0x61, 0x08, 0x61, 0x08, 0x61, 0x08, 0x61, 0x08,
    0x61, 0x08, 0x61, 0x08, 0x61, 0x08, 0x61, 0x08, 0x61, 0x08, 0x61, 0x08, 0x61, 0x08, 0x61, 0x08,
    0x61, 0x08, 0x61, 0x08, 0x61, 0x08, 0x61, 0x08, 0x61, 0x08, 0x61, 0x08, 0x61, 0x08, 0x61, 0x08,
    0x61, 0x08, 0x61, 0x08, 0x61, 0x08, 0x61, 0x08, 0x61, 0x08, 0x61, 0x08, 0x61, 0x08, 0x61, 0x08,
    0x61, 0x08, 0x61, 0x08, 0x61, 0x08, 0x61, 0x08, 0x61, 0x08, 0x61, 0x08, 0x61, 0x08, 0x61, 0x08,
    0x61, 0x08, 0x61, 0x08, 0x61, 0x08, 0x61, 0x08, 0x61, 0x08, 0x61, 0x08, 0x61, 0x08, 0x61, 0x08,
    0x61, 0x08, 0x61, 0x08, 0x61, 0x08, 0x61, 0x08, 0x61, 0x08, 0x61, 0x08, 0x61, 0x08, 0x61, 0x08,
    0x61, 0x08, 0x61, 0x08, 0x61, 0x08, 0x61, 0x08, 0x61, 0x08, 0x61, 0x08, 0x61, 0x08, 0x61, 0x08,
    0x61, 0x08, 0x61, 0x08, 0x61, 0x08, 0x61, 0x08, 0x61, 0x08, 0x61, 0x08, 0x61, 0x08, 0x61, 0x08,
    0x61, 0x08, 0x61, 0x08, 0x61, 0x08, 0x61, 0x08, 0x61, 0x08, 0x61, 0x08, 0x61, 0x08, 0x61, 0x08,
    0x61, 0x08, 0x61, 0x08, 0x61, 0x08, 0x61, 0x08, 0x61, 0x08, 0x61, 0x08, 0x61, 0x08, 0x61, 0x08,
    0x61, 0x08, 0x61, 0x08, 0x61, 0x08, 0x61, 0x08, 0x61, 0x08, 0x61, 0x08, 0x61, 0x08, 0x61, 0x08,
    0x61, 0x08, 0x61, 0x08, 0x61, 0x08, 0x61, 0x08, 0x61, 0x08, 0x61, 0x08, 0x61, 0x08, 0x61, 0x08,
    0x61, 0x08, 0x61, 0x08, 0x61, 0x08, 0x61, 0x08, 0x61, 0x08, 0x61, 0x08, 0x61, 0x08, 0x61, 0x08,
    0x61, 0x08, 0x61, 0x08, 0x61, 0x08, 0x61, 0x08, 0x61, 0x08, 0x61, 0x08, 0x61, 0x08, 0x61, 0x08,
    0x61, 0x08, 0x61, 0x08, 0x61, 0x08, 0x61, 0x08, 0x61, 0x08, 0x61, 0x08, 0x61, 0x08, 0x61, 0x08,
    0x61, 0x08, 0x61, 0x08, 0x61, 0x08, 0x61, 0x08, 0x61, 0x08, 0x61, 0x08, 0x61, 0x08, 0x61, 0x08,
    0x61, 0x08, 0x61, 0x08, 0x61, 0x08, 0x61, 0x08, 0x61, 0x08, 0x61, 0x08, 0x61, 0x08, 0x61, 0x08,
    0x61, 0x08, 0x61, 0x08, 0x61, 0x08, 0x61, 0x08, 0x61, 0x08, 0x61, 0x08, 0x61, 0x08, 0x61, 0x08,
    0x61, 0x08, 0x61, 0x08, 0x61, 0x08, 0x61, 0x08, 0x61, 0x08, 0x61, 0x08, 0x61, 0x08, 0x61, 0x08,
    0x61, 0x08, 0x61, 0x08, 0x61, 0x08, 0x61, 0x08, 0x61, 0x08, 0x61, 0x08, 0x61, 0x08, 0x61, 0x08,
    0x61, 0x08, 0x61, 0x08, 0x61, 0x08, 0x61, 0x08, 0x61, 0x08, 0x61, 0x08, 0x61, 0x08, 0x61, 0x08,
    0x61, 0x08, 0x61, 0x08, 0x61, 0x08, 0x61, 0x08, 0x61, 0x08, 0x61, 0x08, 0xa4, 0x20, 0x6d, 0x69,
    0x99, 0xc2, 0x5f, 0xfb, 0x5f, 0xfb, 0x5f, 0xfb, 0x5f, 0xfb, 0x5f, 0xfb, 0x5f, 0xfb, 0x5f, 0xfb,
    0x5f, 0xfb, 0x5f, 0xfb, 0x5f, 0xfb, 0x5f, 0xfb, 0x5f, 0xfb, 0x5f, 0xfb, 0x5f, 0xfb, 0x5f, 0xfb,
    0x5f, 0xfb, 0x5f, 0xfb, 0x5f, 0xfb, 0x5f, 0xfb, 0x5f, 0xfb, 0x5f, 0xfb, 0x5f, 0xfb, 0x5f, 0xfb,
    0x5f, 0xfb, 0x5f, 0xfb, 0x5f, 0xfb, 0x5f, 0xfb, 0x5f, 0xfb, 0x5f, 0xfb, 0x99, 0xc2, 0x8d, 0x69,
    0xa3, 0x20, 0x61, 0x08, 0x61, 0x08, 0x61, 0x08, 0x61, 0x08, 0x61, 0x08, 0x61, 0x08, 0x61, 0x08,
    0x61, 0x08, 0x61, 0x08, 0x61, 0x08, 0x61, 0x08, 0x61, 0x08, 0x61, 0x08, 0x61, 0x08, 0x61, 0x08,
    0x61, 0x08, 0x61, 0x08, 0x61, 0x08, 0x61, 0x08, 0x61, 0x08, 0x61, 0x08, 0x61, 0x08, 0x61, 0x08,
    0x61, 0x08, 0x61, 0x08, 0x61, 0x08, 0x61, 0x08, 0x61, 0x08, 0x61, 0x08, 0x61, 0x08, 0x61, 0x08,
    0x61, 0x08, 0x61, 0x08, 0x61, 0x08, 0x61, 0x08, 0x61, 0x08, 0x61, 0x08, 0x61, 0x08, 0x61, 0x08,
    0x61, 0x08, 0x61, 0x08, 0x61, 0x08, 0x61, 0x08, 0x61, 0x08, 0x61, 0x08, 0x61, 0x08, 0x61, 0x08,
    0x61, 0x08, 0x61, 0x08, 0x61, 0x08, 0x61, 0x08, 0x61, 0x08, 0x61, 0x08, 0x61, 0x08, 0x61, 0x08,
    0x61, 0x08, 0x61, 0x08, 0x61, 0x08, 0x61, 0x08, 0x61, 0x08, 0x61, 0x08, 0x61, 0x08, 0x61, 0x08,
    0x61, 0x08, 0x61, 0x08, 0x61, 0x08, 0x61, 0x08, 0x61, 0x08, 0x61, 0x08, 0x61, 0x08, 0x61, 0x08,
    0x61, 0x08, 0x61, 0x08, 0x61, 0x08, 0x61, 0x08, 0x61, 0x08, 0x61, 0x08, 0x61, 0x08, 0x61, 0x08,
    0x61, 0x08, 0x61, 0x08, 0x61, 0x08, 0x61, 0x08, 0x61, 0x08, 0x61, 0x08, 0x61, 0x08, 0x61, 0x08,
    0x61, 0x08, 0x61, 0x08, 0x61, 0x08, 0x61, 0x08, 0x61, 0x08, 0x61, 0x08, 0x61, 0x08, 0x61, 0x08,
    0x61, 0x08, 0x61, 0x08, 0x61, 0x08, 0x61, 0x08, 0x61, 0x08, 0x61, 0x08, 0x61, 0x08, 0x61, 0x08,
    0x61, 0x08, 0x61, 0x08, 0x61, 0x08, 0x61, 0x08, 0x61, 0x08, 0x61, 0x08, 0x61, 0x08, 0x61, 0x08,
    0x61, 0x08, 0x61, 0x08, 0x61, 0x08, 0x61, 0x08, 0x61, 0x08, 0x61, 0x08, 0x61, 0x08, 0x61, 0x08,
    0x61, 0x08, 0x61, 0x08, 0x61, 0x08, 0x61, 0x08, 0x61, 0x08, 0x61, 0x08, 0x61, 0x08, 0x61, 0x08,
    0x61, 0x08, 0x61, 0x08, 0x61, 0x08, 0x61, 0x08, 0x61, 0x08, 0x61, 0x08, 0x61, 0x08, 0x61, 0x08,
    0x61, 0x08, 0x61, 0x08, 0x61, 0x08, 0x61, 0x08, 0x61, 0x08, 0x61, 0x08, 0x61, 0x08, 0x61, 0x08,
    0x61, 0x08, 0x61, 0x08, 0x61, 0x08, 0x61, 0x08, 0x61, 0x08, 0x61, 0x08, 0x61, 0x08, 0x61, 0x08,
    0x61, 0x08, 0x61, 0x08, 0x61, 0x08, 0x61, 0x08, 0x61, 0x08, 0x61, 0x08, 0x61, 0x08, 0x61, 0x08,
    0x61, 0x08, 0x61, 0x08, 0x61, 0x08, 0x61, 0x08, 0x61, 0x08, 0x61, 0x08, 0x61, 0x08, 0x61, 0x08,
    0x61, 0x08, 0x61, 0x08, 0x61, 0x08, 0x61, 0x08, 0x61, 0x08, 0x61, 0x08, 0x61, 0x08, 0x61, 0x08,
    0x61, 0x08, 0x61, 0x08, 0x61, 0x08, 0x61, 0x08, 0x61, 0x08, 0x61, 0x08, 0x61, 0x08, 0x61, 0x08,
    0x61, 0x08, 0x61, 0x08, 0x61, 0x08, 0x61, 0x08, 0x61, 0x08, 0x61, 0x08, 0x61, 0x08, 0x61, 0x08,
    0x61, 0x08, 0x61, 0x08, 0x61, 0x08, 0x61, 0x08, 0x61, 0x08, 0x61, 0x08, 0x61, 0x08, 0x61, 0x08,
    0x61, 0x08, 0x61, 0x08, 0x61, 0x08, 0x61, 0x08, 0x61, 0x08, 0x61, 0x08, 0x61, 0x08, 0x61, 0x08,
    0x6d, 0x69, 0xba, 0xd2, 0x1f, 0xfb, 0x5f, 0xfb, 0x5f, 0xfb, 0x5f, 0xfb, 0x5f, 0xfb, 0x5f, 0xfb,
    0x5f, 0xfb, 0x5f, 0xfb, 0x5f, 0xfb, 0x5f, 0xfb, 0x5f, 0xfb, 0x5f, 0xfb, 0x5f, 0xfb, 0x5f, 0xfb,
    0x5f, 0xfb, 0x5f, 0xfb, 0x5f, 0xfb, 0x5f, 0xfb, 0x5f, 0xfb, 0x5f, 0xfb, 0x5f, 0xfb, 0x5f, 0xfb,
    0x5f, 0xfb, 0x5f, 0xfb, 0x5f, 0xfb, 0x5f, 0xfb, 0x1d, 0xeb, 0x97, 0xba, 0x8e, 0x71, 0x61, 0x08,
    0x61, 0x08, 0x61, 0x08, 0x61, 0x08, 0x61, 0x08, 0x61, 0x08, 0x61, 0x08, 0x61, 0x08, 0x61, 0x08,
    0x61, 0x08, 0x61, 0x08, 0x61, 0x08, 0x61, 0x08, 0x61, 0x08, 0x61, 0x08, 0x61, 0x08, 0x61, 0x08,
    0x61, 0x08, 0x61, 0x08, 0x61, 0x08, 0x61, 0x08, 0x61, 0x08, 0x61, 0x08, 0x61, 0x08, 0x61, 0x08,
    0x61, 0x08, 0x61, 0x08, 0x61, 0x08, 0x61, 0x08, 0x61, 0x08, 0x61, 0x08, 0x61, 0x08, 0x61, 0x08,
    0x61, 0x08, 0x61, 0x08, 0x61, 0x08, 0x61, 0x08, 0x61, 0x08, 0x61, 0x08, 0x61, 0x08, 0x61, 0x08,
    0x61, 0x08, 0x61, 0x08, 0x61, 0x08, 0x61, 0x08, 0x61, 0x08, 0x61, 0x08, 0x61, 0x08, 0x61, 0x08,
    0x61, 0x08, 0x61, 0x08, 0x61, 0x08, 0x61, 0x08, 0x61, 0x08, 0x61, 0x08, 0x61, 0x08, 0x61, 0x08,
    0x61, 0x08, 0x61, 0x08, 0x61, 0x08, 0x61, 0x08, 0x61, 0x08, 0x61, 0x08, 0x61, 0x08, 0x61, 0x08,
    0x61, 0x08, 0x61, 0x08, 0x61, 0x08, 0x61, 0x08, 0x61, 0x08, 0x61, 0x08, 0x61, 0x08, 0x61, 0x08,
    0x61, 0x08, 0x61, 0x08, 0x61, 0x08, 0x61, 0x08, 0x61, 0x08, 0x61, 0x08, 0x61, 0x08, 0x61, 0x08,
    0x61, 0x08, 0x61, 0x08, 0x61, 0x08, 0x61, 0x08, 0x61, 0x08, 0x61, 0x08, 0x61, 0x08, 0x61, 0x08,
    0x61, 0x08, 0x61, 0x08, 0x61, 0x08, 0x61, 0x08, 0x61, 0x08, 0x61, 0x08, 0x61, 0x08, 0x61, 0x08,
    0x61, 0x08, 0x61, 0x08, 0x61, 0x08, 0x61, 0x08, 0x61, 0x08, 0x61, 0x08, 0x61, 0x08, 0x61, 0x08,
    0x61, 0x08, 0x61, 0x08, 0x61, 0x08, 0x61, 0x08, 0x61, 0x08, 0x61, 0x08, 0x61, 0x08, 0x61, 0x08,
    0x61, 0x08, 0x61, 0x08, 0x61, 0x08, 0x61, 0x08, 0x61, 0x08, 0x61, 0x08, 0x61, 0x08, 0x61, 0x08,
    0x61, 0x08, 0x61, 0x08, 0x61, 0x08, 0x61, 0x08, 0x61, 0x08, 0x61, 0x08, 0x61, 0x08, 0x61, 0x08,
    0x61, 0x08, 0x61, 0x08, 0x61, 0x08, 0x61, 0x08, 0x61, 0x08, 0x61, 0x08, 0x61, 0x08, 0x61, 0x08,
    0x61, 0x08, 0x61, 0x08, 0x61, 0x08, 0x61, 0x08, 0x61, 0x08, 0x61, 0x08, 0x61, 0x08, 0x61, 0x08,
    0x61, 0x08, 0x61, 0x08, 0x61, 0x08, 0x61, 0x08, 0x61, 0x08, 0x61, 0x08, 0x61, 0x08, 0x61, 0x08,
    0x61, 0x08, 0x61, 0x08, 0x61, 0x08, 0x61, 0x08, 0x61, 0x08, 0x61, 0x08, 0x61, 0x08, 0x61, 0x08,
    0x61, 0x08, 0x61, 0x08, 0x61, 0x08, 0x61, 0x08, 0x61, 0x08, 0x61, 0x08, 0x61, 0x08, 0x61, 0x08,
    0x61, 0x08, 0x61, 0x08, 0x61, 0x08, 0x61, 0x08, 0x61, 0x08, 0x61, 0x08, 0x61, 0x08, 0x61, 0x08,
    0x61, 0x08, 0x61, 0x08, 0x61, 0x08, 0x61, 0x08, 0x61, 0x08, 0x61, 0x08, 0x61, 0x08, 0x61, 0x08,
    0x61, 0x08, 0x61, 0x08, 0x61, 0x08, 0x61, 0x08, 0x61, 0x08, 0x61, 0x08, 0x61, 0x08, 0x61, 0x08,
    0x61, 0x08, 0x61, 0x08, 0x61, 0x08, 0x61, 0x08, 0x61, 0x08, 0x61, 0x08, 0x61, 0x08, 0x61, 0x08,
    0x61, 0x08, 0x61, 0x08, 0x61, 0x08, 0x61, 0x08, 0x61, 0x08, 0x61, 0x08, 0x61, 0x08, 0x61, 0x08,
    0xa4, 0x20, 0x2a, 0x59, 0x13, 0xa2, 0x1c, 0xe3, 0x5f, 0xfb, 0x5f, 0xfb, 0x5f, 0xfb, 0x5f, 0xfb,
    0x5f, 0xfb, 0x5f, 0xfb, 0x5f, 0xfb, 0x5f, 0xfb, 0x5f, 0xfb, 0x5f, 0xfb, 0x5f, 0xfb, 0x5f, 0xfb,
    0x5f, 0xfb, 0x5f, 0xfb, 0x5f, 0xfb, 0x5f, 0xfb, 0x5f, 0xfb, 0x5f, 0xfb, 0x5f, 0xfb, 0x5f, 0xfb,
    0x5f, 0xfb, 0x5f, 0xfb, 0x5f, 0xfb, 0xdb, 0xda, 0xd0, 0x81, 0x0a, 0x49, 0xa4, 0x20, 0x61, 0x08,
    0x61, 0x08, 0x61, 0x08, 0x61, 0x08, 0x61, 0x08, 0x61, 0x08, 0x61, 0x08, 0x61, 0x08, 0x61, 0x08,
    0x61, 0x08, 0x61, 0x08, 0x61, 0x08, 0x61, 0x08, 0x61, 0x08, 0x61, 0x08, 0x61, 0x08, 0x61, 0x08,
    0x61, 0x08, 0x61, 0x08, 0x61, 0x08, 0x61, 0x08, 0x61, 0x08, 0x61, 0x08, 0x61, 0x08, 0x61, 0x08,
    0x61, 0x08, 0x61, 0x08, 0x61, 0x08, 0x61, 0x08, 0x61, 0x08, 0x61, 0x08, 0x61, 0x08, 0x61, 0x08,
    0x61, 0x08, 0x61, 0x08, 0x61, 0x08, 0x61, 0x08, 0x61, 0x08, 0x61, 0x08, 0x61, 0x08, 0x61, 0x08,
    0x61, 0x08, 0x61, 0x08, 0x61, 0x08, 0x61, 0x08, 0x61, 0x08, 0x61, 0x08, 0x61, 0x08, 0x61, 0x08,
    0x61, 0x08, 0x61, 0x08, 0x61, 0x08, 0x61, 0x08, 0x61, 0x08, 0x61, 0x08, 0x61, 0x08, 0x61, 0x08,
    0x61, 0x08, 0x61, 0x08, 0x61, 0x08, 0x61, 0x08, 0x61, 0x08, 0x61, 0x08, 0x61, 0x08, 0x61, 0x08,
    0x61, 0x08, 0x61, 0x08, 0x61, 0x08, 0x61, 0x08, 0x61, 0x08, 0x61, 0x08, 0x61, 0x08, 0x61, 0x08,
    0x61, 0x08, 0x61, 0x08, 0x61, 0x08, 0x61, 0x08, 0x61, 0x08, 0x61, 0x08, 0x61, 0x08, 0x61, 0x08,
    0x61, 0x08, 0x61, 0x08, 0x61, 0x08, 0x61, 0x08, 0x61, 0x08, 0x61, 0x08, 0x61, 0x08, 0x61, 0x08,
    0x61, 0x08, 0x61, 0x08, 0x61, 0x08, 0x61, 0x08, 0x61, 0x08, 0x61, 0x08, 0x61, 0x08, 0x61, 0x08,
    0x61, 0x08, 0x61, 0x08, 0x61, 0x08, 0x61, 0x08, 0x61, 0x08, 0x61, 0x08, 0x61, 0x08, 0x61, 0x08,
    0x61, 0x08, 0x61, 0x08, 0x61, 0x08, 0x61, 0x08, 0x61, 0x08, 0x61, 0x08, 0x61, 0x08, 0x61, 0x08,
    0x61, 0x08, 0x61, 0x08, 0x61, 0x08, 0x61, 0x08, 0x61, 0x08, 0x61, 0x08, 0x61, 0x08, 0x61, 0x08,
    0x61, 0x08, 0x61, 0x08, 0x61, 0x08, 0x61, 0x08, 0x61, 0x08, 0x61, 0x08, 0x61, 0x08, 0x61, 0x08,
    0x61, 0x08, 0x61, 0x08, 0x61, 0x08, 0x61, 0x08, 0x61, 0x08, 0x61, 0x08, 0x61, 0x08, 0x61, 0x08,
    0x61, 0x08, 0x61, 0x08, 0x61, 0x08, 0x61, 0x08, 0x61, 0x08, 0x61, 0x08, 0x61, 0x08, 0x61, 0x08,
    0x61, 0x08, 0x61, 0x08, 0x61, 0x08, 0x61, 0x08, 0x61, 0x08, 0x61, 0x08, 0x61, 0x08, 0x61, 0x08,
    0x61, 0x08, 0x61, 0x08, 0x61, 0x08, 0x61, 0x08, 0x61, 0x08, 0x61, 0x08, 0x61, 0x08, 0x61, 0x08,
    0x61, 0x08, 0x61, 0x08, 0x61, 0x08, 0x61, 0x08, 0x61, 0x08, 0x61, 0x08, 0x61, 0x08, 0x61, 0x08,
    0x61, 0x08, 0x61, 0x08, 0x61, 0x08, 0x61, 0x08, 0x61, 0x08, 0x61, 0x08, 0x61, 0x08, 0x61, 0x08,
    0x61, 0x08, 0x61, 0x08, 0x61, 0x08, 0x61, 0x08, 0x61, 0x08, 0x61, 0x08, 0x61, 0x08, 0x61, 0x08,
    0x61, 0x08, 0x61, 0x08, 0x61, 0x08, 0x61, 0x08, 0x61, 0x08, 0x61, 0x08, 0x61, 0x08, 0x61, 0x08,
    0x61, 0x08, 0x61, 0x08, 0x61, 0x08, 0x61, 0x08, 0x61, 0x08, 0x61, 0x08, 0x61, 0x08, 0x61, 0x08,
    0x61, 0x08, 0x61, 0x08, 0x61, 0x08, 0x61, 0x08, 0x61, 0x08, 0x61, 0x08, 0x61, 0x08, 0x61, 0x08,
    0x61, 0x08, 0x61, 0x08, 0xc6, 0x30, 0xb0, 0x79, 0x99, 0xc2, 0x3e, 0xf3, 0x5f, 0xfb, 0x5f, 0xfb,
    0x5f, 0xfb, 0x5f, 0xfb, 0x5f, 0xfb, 0x5f, 0xfb, 0x5f, 0xfb, 0x5f, 0xfb, 0x5f, 0xfb, 0x5f, 0xfb,
    0x5f, 0xfb, 0x5f, 0xfb, 0x5f, 0xfb, 0x5f, 0xfb, 0x5f, 0xfb, 0x5f, 0xfb, 0x5f, 0xfb, 0x5f, 0xfb,
    0x5f, 0xfb, 0xfd, 0xea, 0x35, 0xaa, 0x8d, 0x69, 0xa4, 0x20, 0x61, 0x08, 0x61, 0x08, 0x61, 0x08,
    0x61, 0x08, 0x61, 0x08, 0x61, 0x08, 0x61, 0x08, 0x61, 0x08, 0x61, 0x08, 0x61, 0x08, 0x61, 0x08,
    0x61, 0x08, 0x61, 0x08, 0x61, 0x08, 0x61, 0x08, 0x61, 0x08, 0x61, 0x08, 0x61, 0x08, 0x61, 0x08,
    0x61, 0x08, 0x61, 0x08, 0x61, 0x08, 0x61, 0x08, 0x61, 0x08, 0x61, 0x08, 0x61, 0x08, 0x61, 0x08,
    0x61, 0x08, 0x61, 0x08, 0x61, 0x08, 0x61, 0x08, 0x61, 0x08, 0x61, 0x08, 0x61, 0x08, 0x61, 0x08,
    0x61, 0x08, 0x61, 0x08, 0x61, 0x08, 0x61, 0x08, 0x61, 0x08, 0x61, 0x08, 0x61, 0x08, 0x61, 0x08,
    0x61, 0x08, 0x61, 0x08, 0x61, 0x08, 0x61, 0x08, 0x61, 0x08, 0x61, 0x08, 0x61, 0x08, 0x61, 0x08,
    0x61, 0x08, 0x61, 0x08, 0x61, 0x08, 0x61, 0x08, 0x61, 0x08, 0x61, 0x08, 0x61, 0x08, 0x61, 0x08,
    0x61, 0x08, 0x61, 0x08, 0x61, 0x08, 0x61, 0x08, 0x61, 0x08, 0x61, 0x08, 0x61, 0x08, 0x61, 0x08,
    0x61, 0x08, 0x61, 0x08, 0x61, 0x08, 0x61, 0x08, 0x61, 0x08, 0x61, 0x08, 0x61, 0x08, 0x61, 0x08,
    0x61, 0x08, 0x61, 0x08, 0x61, 0x08, 0x61, 0x08, 0x61, 0x08, 0x61, 0x08, 0x61, 0x08, 0x61, 0x08,
    0x61, 0x08, 0x61, 0x08, 0x61, 0x08, 0x61, 0x08, 0x61, 0x08, 0x61, 0x08, 0x61, 0x08, 0x61, 0x08,
    0x61, 0x08, 0x61, 0x08, 0x61, 0x08, 0x61, 0x08, 0x61, 0x08, 0x61, 0x08, 0x61, 0x08, 0x61, 0x08,
    0x61, 0x08, 0x61, 0x08, 0x61, 0x08, 0x61, 0x08, 0x61, 0x08, 0x61, 0x08, 0x61, 0x08, 0x61, 0x08,
    0x61, 0x08, 0x61, 0x08, 0x61, 0x08, 0x61, 0x08, 0x61, 0x08, 0x61, 0x08, 0x61, 0x08, 0x61, 0x08,
    0x61, 0x08, 0x61, 0x08, 0x61, 0x08, 0x61, 0x08, 0x61, 0x08, 0x61, 0x08, 0x61, 0x08, 0x61, 0x08,
    0x61, 0x08, 0x61, 0x08, 0x61, 0x08, 0x61, 0x08, 0x61, 0x08, 0x61, 0x08, 0x61, 0x08, 0x61, 0x08,
    0x61, 0x08, 0x61, 0x08, 0x61, 0x08, 0x61, 0x08, 0x61, 0x08, 0x61, 0x08, 0x61, 0x08, 0x61, 0x08,
    0x61, 0x08, 0x61, 0x08, 0x61, 0x08, 0x61, 0x08, 0x61, 0x08, 0x61, 0x08, 0x61, 0x08, 0x61, 0x08,
    0x61, 0x08, 0x61, 0x08, 0x61, 0x08, 0x61, 0x08, 0x61, 0x08, 0x61, 0x08, 0x61, 0x08, 0x61, 0x08,
    0x61, 0x08, 0x61, 0x08, 0x61, 0x08, 0x61, 0x08, 0x61, 0x08, 0x61, 0x08, 0x61, 0x08, 0x61, 0x08,
    0x61, 0x08, 0x61, 0x08, 0x61, 0x08, 0x61, 0x08, 0x61, 0x08, 0x61, 0x08, 0x61, 0x08, 0x61, 0x08,
    0x61, 0x08, 0x61, 0x08, 0x61, 0x08, 0x61, 0x08, 0x61, 0x08, 0x61, 0x08, 0x61, 0x08, 0x61, 0x08,
    0x61, 0x08, 0x61, 0x08, 0x61, 0x08, 0x61, 0x08, 0x61, 0x08, 0x61, 0x08, 0x61, 0x08, 0x61, 0x08,
    0x61, 0x08, 0x61, 0x08, 0x61, 0x08, 0x61, 0x08, 0x61, 0x08, 0x61, 0x08, 0x61, 0x08, 0x61, 0x08,
    0x61, 0x08, 0x61, 0x08, 0x61, 0x08, 0x61, 0x08, 0x61, 0x08, 0x61, 0x08, 0x61, 0x08, 0x61, 0x08,
    0x61, 0x08, 0x61, 0x08, 0x61, 0x08, 0x61, 0x08, 0x61, 0x08, 0x61, 0x08, 0x61, 0x08, 0x61, 0x08,
    0x61, 0x08, 0x61, 0x08, 0x61, 0x08, 0xa4, 0x20, 0x0a, 0x49, 0xf2, 0x89, 0xb8, 0xca, 0x1e, 0xf3,
    0x5f, 0xfb, 0x5f, 0xfb, 0x5f, 0xfb, 0x5f, 0xfb, 0x5f, 0xfb, 0x5f, 0xfb, 0x5f, 0xfb, 0x5f, 0xfb,
    0x5f, 0xfb, 0x5f, 0xfb, 0x5f, 0xfb, 0x5f, 0xfb, 0x5f, 0xfb, 0x5f, 0xfb, 0x1f, 0xfb, 0x1c, 0xe3,
    0x56, 0xaa, 0x8e, 0x71, 0xe7, 0x38, 0x82, 0x10, 0x61, 0x08, 0x61, 0x08, 0x61, 0x08, 0x61, 0x08,
    0x61, 0x08, 0x61, 0x08, 0x61, 0x08, 0x61, 0x08, 0x61, 0x08, 0x61, 0x08, 0x61, 0x08, 0x61, 0x08,
    0x61, 0x08, 0x61, 0x08, 0x61, 0x08, 0x61, 0x08, 0x61, 0x08, 0x61, 0x08, 0x61, 0x08, 0x61, 0x08,
    0x61, 0x08, 0x61, 0x08, 0x61, 0x08, 0x61, 0x08, 0x61, 0x08, 0x61, 0x08, 0x61, 0x08, 0x61, 0x08,
    0x61, 0x08, 0x61, 0x08, 0x61, 0x08, 0x61, 0x08, 0x61, 0x08, 0x61, 0x08, 0x61, 0x08, 0x61, 0x08,
    0x61, 0x08, 0x61, 0x08, 0x61, 0x08, 0x61, 0x08, 0x61, 0x08, 0x61, 0x08, 0x61, 0x08, 0x61, 0x08,
    0x61, 0x08, 0x61, 0x08, 0x61, 0x08, 0x61, 0x08, 0x61, 0x08, 0x61, 0x08, 0x61, 0x08, 0x61, 0x08,
    0x61, 0x08, 0x61, 0x08, 0x61, 0x08, 0x61, 0x08, 0x61, 0x08, 0x61, 0x08, 0x61, 0x08, 0x61, 0x08,
    0x61, 0x08, 0x61, 0x08, 0x61, 0x08, 0x61, 0x08, 0x61, 0x08, 0x61, 0x08, 0x61, 0x08, 0x61, 0x08,
    0x61, 0x08, 0x61, 0x08, 0x61, 0x08, 0x61, 0x08, 0x61, 0x08, 0x61, 0x08, 0x61, 0x08, 0x61, 0x08,
    0x61, 0x08, 0x61, 0x08, 0x61, 0x08, 0x61, 0x08, 0x61, 0x08, 0x61, 0x08, 0x61, 0x08, 0x61, 0x08,
    0x61, 0x08, 0x61, 0x08, 0x61, 0x08, 0x61, 0x08, 0x61, 0x08, 0x61, 0x08, 0x61, 0x08, 0x61, 0x08,
    0x61, 0x08, 0x61, 0x08, 0x61, 0x08, 0x61, 0x08, 0x61, 0x08, 0x61, 0x08, 0x61, 0x08, 0x61, 0x08,
    0x61, 0x08, 0x61, 0x08, 0x61, 0x08, 0x61, 0x08, 0x61, 0x08, 0x61, 0x08, 0x61, 0x08, 0x61, 0x08,
    0x61, 0x08, 0x61, 0x08, 0x61, 0x08, 0x61, 0x08, 0x61, 0x08, 0x61, 0x08, 0x61, 0x08, 0x61, 0x08,
    0x61, 0x08, 0x61, 0x08, 0x61, 0x08, 0x61, 0x08, 0x61, 0x08, 0x61, 0x08, 0x61, 0x08, 0x61, 0x08,
    0x61, 0x08, 0x61, 0x08, 0x61, 0x08, 0x61, 0x08, 0x61, 0x08, 0x61, 0x08, 0x61, 0x08, 0x61, 0x08,
    0x61, 0x08, 0x61, 0x08, 0x61, 0x08, 0x61, 0x08, 0x61, 0x08, 0x61, 0x08, 0x61, 0x08, 0x61, 0x08,
    0x61, 0x08, 0x61, 0x08, 0x61, 0x08, 0x61, 0x08, 0x61, 0x08, 0x61, 0x08, 0x61, 0x08, 0x61, 0x08,
    0x61, 0x08, 0x61, 0x08, 0x61, 0x08, 0x61, 0x08, 0x61, 0x08, 0x61, 0x08, 0x61, 0x08, 0x61, 0x08,
    0x61, 0x08, 0x61, 0x08, 0x61, 0x08, 0x61, 0x08, 0x61, 0x08, 0x61, 0x08, 0x61, 0x08, 0x61, 0x08,
    0x61, 0x08, 0x61, 0x08, 0x61, 0x08, 0x61, 0x08, 0x61, 0x08, 0x61, 0x08, 0x61, 0x08, 0x61, 0x08,
    0x61, 0x08, 0x61, 0x08, 0x61, 0x08, 0x61, 0x08, 0x61, 0x08, 0x61, 0x08, 0x61, 0x08, 0x61, 0x08,
    0x61, 0x08, 0x61, 0x08, 0x61, 0x08, 0x61, 0x08, 0x61, 0x08, 0x61, 0x08, 0x61, 0x08, 0x61, 0x08,
    0x61, 0x08, 0x61, 0x08, 0x61, 0x08, 0x61, 0x08, 0x61, 0x08, 0x61, 0x08, 0x61, 0x08, 0x61, 0x08,
    0x61, 0x08, 0x61, 0x08, 0x61, 0x08, 0x61, 0x08, 0x61, 0x08, 0x61, 0x08, 0x61, 0x08, 0x61, 0x08,
    0x61, 0x08, 0x61, 0x08, 0x61, 0x08, 0x61, 0x08, 0x61, 0x08, 0x61, 0x08, 0x61, 0x08, 0x61, 0x08,
    0x61, 0x08, 0x61, 0x08, 0x61, 0x08, 0x61, 0x08, 0x61, 0x08, 0xa5, 0x28, 0x09, 0x49, 0x6d, 0x69,
    0xf1, 0x91, 0xba, 0xd2, 0x3e, 0xf3, 0x1f, 0xfb, 0x3f, 0xfb, 0x5f, 0xfb, 0x5f, 0xfb, 0x5f, 0xfb,
    0x5f, 0xfb, 0x5f, 0xfb, 0x3f, 0xfb, 0x1f, 0xfb, 0x3e, 0xf3, 0x99, 0xca, 0x13, 0x9a, 0x2a, 0x59,
    0xe8, 0x38, 0x83, 0x10, 0x61, 0x08, 0x61, 0x08, 0x61, 0x08, 0x61, 0x08, 0x61, 0x08, 0x61, 0x08,
    0x61, 0x08, 0x61, 0x08, 0x61, 0x08, 0x61, 0x08, 0x61, 0x08, 0x61, 0x08, 0x61, 0x08, 0x61, 0x08,
    0x61, 0x08, 0x61, 0x08, 0x61, 0x08, 0x61, 0x08, 0x61, 0x08, 0x61, 0x08, 0x61, 0x08, 0x61, 0x08,
    0x61, 0x08, 0x61, 0x08, 0x61, 0x08, 0x61, 0x08, 0x61, 0x08, 0x61, 0x08, 0x61, 0x08, 0x61, 0x08,
    0x61, 0x08, 0x61, 0x08, 0x61, 0x08, 0x61, 0x08, 0x61, 0x08, 0x61, 0x08, 0x61, 0x08, 0x61, 0x08,
    0x61, 0x08, 0x61, 0x08, 0x61, 0x08, 0x61, 0x08, 0x61, 0x08, 0x61, 0x08, 0x61, 0x08, 0x61, 0x08,
    0x61, 0x08, 0x61, 0x08, 0x61, 0x08, 0x61, 0x08, 0x61, 0x08, 0x61, 0x08, 0x61, 0x08, 0x61, 0x08,
    0x61, 0x08, 0x61, 0x08, 0x61, 0x08, 0x61, 0x08, 0x61, 0x08, 0x61, 0x08, 0x61, 0x08, 0x61, 0x08,
    0x61, 0x08, 0x61, 0x08, 0x61, 0x08, 0x61, 0x08, 0x61, 0x08, 0x61, 0x08, 0x61, 0x08, 0x61, 0x08,
    0x61, 0x08, 0x61, 0x08, 0x61, 0x08, 0x61, 0x08, 0x61, 0x08, 0x61, 0x08, 0x61, 0x08, 0x61, 0x08,
    0x61, 0x08, 0x61, 0x08, 0x61, 0x08, 0x61, 0x08, 0x61, 0x08, 0x61, 0x08, 0x61, 0x08, 0x61, 0x08,
    0x61, 0x08, 0x61, 0x08, 0x61, 0x08, 0x61, 0x08, 0x61, 0x08, 0x61, 0x08, 0x61, 0x08, 0x61, 0x08,
    0x61, 0x08, 0x61, 0x08, 0x61, 0x08, 0x61, 0x08, 0x61, 0x08, 0x61, 0x08, 0x61, 0x08, 0x61, 0x08,
    0x61, 0x08, 0x61, 0x08, 0x61, 0x08, 0x61, 0x08, 0x61, 0x08, 0x61, 0x08, 0x61, 0x08, 0x61, 0x08,
    0x61, 0x08, 0x61, 0x08, 0x61, 0x08, 0x61, 0x08, 0x61, 0x08, 0x61, 0x08, 0x61, 0x08, 0x61, 0x08,
    0x61, 0x08, 0x61, 0x08, 0x61, 0x08, 0x61, 0x08, 0x61, 0x08, 0x61, 0x08, 0x61, 0x08, 0x61, 0x08,
    0x61, 0x08, 0x61, 0x08, 0x61, 0x08, 0x61, 0x08, 0x61, 0x08, 0x61, 0x08, 0x61, 0x08, 0x61, 0x08,
    0x61, 0x08, 0x61, 0x08, 0x61, 0x08, 0x61, 0x08, 0x61, 0x08, 0x61, 0x08, 0x61, 0x08, 0x61, 0x08,
    0x61, 0x08, 0x61, 0x08, 0x61, 0x08, 0x61, 0x08, 0x61, 0x08, 0x61, 0x08, 0x61, 0x08, 0x61, 0x08,
    0x61, 0x08, 0x61, 0x08, 0x61, 0x08, 0x61, 0x08, 0x61, 0x08, 0x61, 0x08, 0x61, 0x08, 0x61, 0x08,
    0x61, 0x08, 0x61, 0x08, 0x61, 0x08, 0x61, 0x08, 0x61, 0x08, 0x61, 0x08, 0x61, 0x08, 0x61, 0x08,
    0x61, 0x08, 0x61, 0x08, 0x61, 0x08, 0x61, 0x08, 0x61, 0x08, 0x61, 0x08, 0x61, 0x08, 0x61, 0x08,
    0x61, 0x08, 0x61, 0x08, 0x61, 0x08, 0x61, 0x08, 0x61, 0x08, 0x61, 0x08, 0x61, 0x08, 0x61, 0x08,
    0x61, 0x08, 0x61, 0x08, 0x61, 0x08, 0x61, 0x08, 0x61, 0x08, 0x61, 0x08, 0x61, 0x08, 0x61, 0x08,
    0x61, 0x08, 0x61, 0x08, 0x61, 0x08, 0x61, 0x08, 0x61, 0x08, 0x61, 0x08, 0x61, 0x08, 0x61, 0x08,
    0x61, 0x08, 0x61, 0x08, 0x61, 0x08, 0x61, 0x08, 0x61, 0x08, 0x61, 0x08, 0x61, 0x08, 0x61, 0x08,
    0x61, 0x08, 0x61, 0x08, 0x61, 0x08, 0x61, 0x08, 0x61, 0x08, 0x61, 0x08, 0x61, 0x08, 0x61, 0x08,
    0x61, 0x08, 0x61, 0x08, 0x61, 0x08, 0x61, 0x08, 0x61, 0x08, 0x61, 0x08, 0x61, 0x08, 0x83, 0x10,
    0xc5, 0x28, 0x09, 0x49, 0x4c, 0x61, 0xd1, 0x89, 0x96, 0xb2, 0x98, 0xba, 0xb8, 0xca, 0x97, 0xba,
    0x98, 0xba, 0xdb, 0xda, 0x96, 0xb2, 0xd0, 0x81, 0x4c, 0x61, 0x08, 0x41, 0xa5, 0x28, 0x61, 0x08,
    0x61, 0x08, 0x61, 0x08, 0x61, 0x08, 0x61, 0x08, 0x61, 0x08, 0x61, 0x08, 0x61, 0x08, 0x61, 0x08,
    0x61, 0x08, 0x61, 0x08, 0x61, 0x08, 0x61, 0x08, 0x61, 0x08, 0x61, 0x08, 0x61, 0x08, 0x61, 0x08,
    0x61, 0x08, 0x61, 0x08, 0x61, 0x08, 0x61, 0x08, 0x61, 0x08, 0x61, 0x08, 0x61, 0x08, 0x61, 0x08,
    0x61, 0x08, 0x61, 0x08, 0x61, 0x08, 0x61, 0x08, 0x61, 0x08, 0x61, 0x08, 0x61, 0x08, 0x61, 0x08,
    0x61, 0x08, 0x61, 0x08, 0x61, 0x08, 0x61, 0x08, 0x61, 0x08, 0x61, 0x08, 0x61, 0x08, 0x61, 0x08,
    0x61, 0x08, 0x61, 0x08, 0x61, 0x08, 0x61, 0x08, 0x61, 0x08, 0x61, 0x08, 0x61, 0x08, 0x61, 0x08,
    0x61, 0x08, 0x61, 0x08, 0x61, 0x08, 0x61, 0x08, 0x61, 0x08, 0x61, 0x08, 0x61, 0x08, 0x61, 0x08,
    0x61, 0x08, 0x61, 0x08, 0x61, 0x08, 0x61, 0x08, 0x61, 0x08, 0x61, 0x08, 0x61, 0x08, 0x61, 0x08,
    0x61, 0x08, 0x61, 0x08, 0x61, 0x08, 0x61, 0x08, 0x61, 0x08, 0x61, 0x08, 0x61, 0x08, 0x61, 0x08,
    0x61, 0x08, 0x61, 0x08, 0x61, 0x08, 0x61, 0x08, 0x61, 0x08, 0x61, 0x08, 0x61, 0x08, 0x61, 0x08,
    0x61, 0x08, 0x61, 0x08, 0x61, 0x08, 0x61, 0x08, 0x61, 0x08, 0x61, 0x08, 0x61, 0x08, 0x61, 0x08,
    0x61, 0x08, 0x61, 0x08, 0x61, 0x08, 0x61, 0x08, 0x61, 0x08, 0x61, 0x08, 0x61, 0x08, 0x61, 0x08,
    0x61, 0x08, 0x61, 0x08, 0x61, 0x08, 0x61, 0x08, 0x61, 0x08, 0x61, 0x08, 0x61, 0x08, 0x61, 0x08,
    0x61, 0x08, 0x61, 0x08, 0x61, 0x08, 0x61, 0x08, 0x61, 0x08, 0x61, 0x08, 0x61, 0x08, 0x61, 0x08,
    0x61, 0x08, 0x61, 0x08, 0x61, 0x08, 0x61, 0x08, 0x61, 0x08, 0x61, 0x08, 0x61, 0x08, 0x61, 0x08,
    0x61, 0x08, 0x61, 0x08, 0x61, 0x08, 0x61, 0x08, 0x61, 0x08, 0x61, 0x08, 0x61, 0x08, 0x61, 0x08,
    0x61, 0x08, 0x61, 0x08, 0x61, 0x08, 0x61, 0x08, 0x61, 0x08, 0x61, 0x08, 0x61, 0x08, 0x61, 0x08,
    0x61, 0x08, 0x61, 0x08, 0x61, 0x08, 0x61, 0x08, 0x61, 0x08, 0x61, 0x08, 0x61, 0x08, 0x61, 0x08,
    0x61, 0x08, 0x61, 0x08, 0x61, 0x08, 0x61, 0x08, 0x61, 0x08, 0x61, 0x08, 0x61, 0x08, 0x61, 0x08,
    0x61, 0x08, 0x61, 0x08, 0x61, 0x08, 0x61, 0x08, 0x61, 0x08, 0x61, 0x08, 0x61, 0x08, 0x61, 0x08,
    0x61, 0x08, 0x61, 0x08, 0x61, 0x08, 0x61, 0x08, 0x61, 0x08, 0x61, 0x08, 0x61, 0x08, 0x61, 0x08,
    0x61, 0x08, 0x61, 0x08, 0x61, 0x08, 0x61, 0x08, 0x61, 0x08, 0x61, 0x08, 0x61, 0x08, 0x61, 0x08,
    0x61, 0x08, 0x61, 0x08, 0x61, 0x08, 0x61, 0x08, 0x61, 0x08, 0x61, 0x08, 0x61, 0x08, 0x61, 0x08,
    0x61, 0x08, 0x61, 0x08, 0x61, 0x08, 0x61, 0x08, 0x61, 0x08, 0x61, 0x08, 0x61, 0x08, 0x61, 0x08,
    0x61, 0x08, 0x61, 0x08, 0x61, 0x08, 0x61, 0x08, 0x61, 0x08, 0x61, 0x08, 0x61, 0x08, 0x61, 0x08,
    0x61, 0x08, 0x61, 0x08, 0x61, 0x08, 0x61, 0x08, 0x61, 0x08, 0x61, 0x08, 0x61, 0x08, 0x61, 0x08,
    0x61, 0x08, 0x61, 0x08, 0x61, 0x08, 0x61, 0x08, 0x61, 0x08, 0x61, 0x08, 0x61, 0x08, 0x61, 0x08,
    0x61, 0x08, 0x61, 0x08, 0x61, 0x08, 0x61, 0x08, 0x61, 0x08, 0x61, 0x08, 0x61, 0x08, 0x61, 0x08,
    0x61, 0x08, 0x61, 0x08, 0x82, 0x10, 0xa4, 0x20, 0xc6, 0x30, 0xe7, 0x38, 0xe7, 0x38, 0xc6, 0x38,
    0xe7, 0x38, 0x08, 0x41, 0xc6, 0x30, 0xa4, 0x20, 0x82, 0x10, 0x61, 0x08, 0x61, 0x08, 0x61, 0x08,
    0x61, 0x08, 0x61, 0x08, 0x61, 0x08, 0x61, 0x08, 0x61, 0x08, 0x61, 0x08, 0x61, 0x08, 0x61, 0x08,
    0x61, 0x08, 0x61, 0x08, 0x61, 0x08, 0x61, 0x08, 0x61, 0x08, 0x61, 0x08, 0x61, 0x08, 0x61, 0x08,
    0x61, 0x08, 0x61, 0x08, 0x61, 0x08, 0x61, 0x08, 0x61, 0x08, 0x61, 0x08, 0x61, 0x08, 0x61, 0x08,
    0x61, 0x08, 0x61, 0x08, 0x61, 0x08, 0x61, 0x08, 0x61, 0x08, 0x61, 0x08, 0x61, 0x08, 0x61, 0x08,
    0x61, 0x08, 0x61, 0x08, 0x61, 0x08, 0x61, 0x08, 0x61, 0x08, 0x61, 0x08, 0x61, 0x08, 0x61, 0x08,
    0x61, 0x08, 0x61, 0x08, 0x61, 0x08, 0x61, 0x08, 0x61, 0x08, 0x61, 0x08, 0x61, 0x08, 0x61, 0x08,
    0x61, 0x08, 0x61, 0x08, 0x61, 0x08, 0x61, 0x08, 0x61, 0x08, 0x61, 0x08, 0x61, 0x08, 0x61, 0x08,
    0x61, 0x08, 0x61, 0x08, 0x61, 0x08, 0x61, 0x08, 0x61, 0x08, 0x61, 0x08, 0x61, 0x08, 0x61, 0x08,
    0x61, 0x08, 0x61, 0x08, 0x61, 0x08, 0x61, 0x08, 0x61, 0x08, 0x61, 0x08, 0x61, 0x08, 0x61, 0x08,
    0x61, 0x08, 0x61, 0x08, 0x61, 0x08, 0x61, 0x08, 0x61, 0x08, 0x61, 0x08, 0x61, 0x08, 0x61, 0x08,
    0x61, 0x08, 0x61, 0x08, 0x61, 0x08, 0x61, 0x08, 0x61, 0x08, 0x61, 0x08, 0x61, 0x08, 0x61, 0x08,
    0x61, 0x08, 0x61, 0x08, 0x61, 0x08, 0x61, 0x08, 0x61, 0x08, 0x61, 0x08, 0x61, 0x08, 0x61, 0x08,
    0x61, 0x08, 0x61, 0x08, 0x61, 0x08, 0x61, 0x08, 0x61, 0x08, 0x61, 0x08, 0x61, 0x08, 0x61, 0x08,
    0x61, 0x08, 0x61, 0x08, 0x61, 0x08, 0x61, 0x08, 0x61, 0x08, 0x61, 0x08, 0x61, 0x08, 0x61, 0x08,
    0x61, 0x08, 0x61, 0x08, 0x61, 0x08, 0x61, 0x08, 0x61, 0x08, 0x61, 0x08, 0x61, 0x08, 0x61, 0x08,
    0x61, 0x08, 0x61, 0x08, 0x61, 0x08, 0x61, 0x08, 0x61, 0x08, 0x61, 0x08, 0x61, 0x08, 0x61, 0x08,
    0x61, 0x08, 0x61, 0x08, 0x61, 0x08, 0x61, 0x08, 0x61, 0x08, 0x61, 0x08, 0x61, 0x08, 0x61, 0x08,
    0x61, 0x08, 0x61, 0x08, 0x61, 0x08, 0x61, 0x08, 0x61, 0x08, 0x61, 0x08, 0x61, 0x08, 0x61, 0x08,
    0x61, 0x08, 0x61, 0x08, 0x61, 0x08, 0x61, 0x08, 0x61, 0x08, 0x61, 0x08, 0x61, 0x08, 0x61, 0x08,
    0x61, 0x08, 0x61, 0x08, 0x61, 0x08, 0x61, 0x08, 0x61, 0x08, 0x61, 0x08, 0x61, 0x08, 0x61, 0x08,
    0x61, 0x08, 0x61, 0x08, 0x61, 0x08, 0x61, 0x08, 0x61, 0x08, 0x61, 0x08, 0x61, 0x08, 0x61, 0x08,
    0x61, 0x08, 0x61, 0x08, 0x61, 0x08, 0x61, 0x08, 0x61, 0x08, 0x61, 0x08, 0x61, 0x08, 0x61, 0x08,
    0x61, 0x08, 0x61, 0x08, 0x61, 0x08, 0x61, 0x08, 0x61, 0x08, 0x61, 0x08, 0x61, 0x08, 0x61, 0x08,
    0x61, 0x08, 0x61, 0x08, 0x61, 0x08, 0x61, 0x08, 0x61, 0x08, 0x61, 0x08, 0x61, 0x08, 0x61, 0x08,
    0x61, 0x08, 0x61, 0x08, 0x61, 0x08, 0x61, 0x08, 0x61, 0x08, 0x61, 0x08, 0x61, 0x08, 0x61, 0x08,
    0x61, 0x08, 0x61, 0x08, 0x61, 0x08, 0x61, 0x08, 0x61, 0x08, 0x61, 0x08, 0x61, 0x08, 0x61, 0x08,
    0x61, 0x08, 0x61, 0x08, 0x61, 0x08, 0x61, 0x08, 0x61, 0x08, 0x61, 0x08, 0x61, 0x08, 0x61, 0x08,
    0x61, 0x08, 0x61, 0x08, 0x61, 0x08, 0x61, 0x08, 0x61, 0x08, 0x61, 0x08, 0x61, 0x08, 0x61, 0x08,
    0x61, 0x08, 0x61, 0x08, 0x61, 0x08, 0x61, 0x08, 0x61, 0x08, 0x61, 0x08, 0x61, 0x08, 0x61, 0x08,
    0x61, 0x08, 0x61, 0x08, 0x61, 0x08, 0x61, 0x08, 0x61, 0x08, 0x61, 0x08, 0x61, 0x08, 0x61, 0x08,
    0x61, 0x08, 0x61, 0x08, 0x61, 0x08, 0x61, 0x08, 0x61, 0x08, 0x61, 0x08, 0x61, 0x08, 0x61, 0x08,
    0x61, 0x08, 0x61, 0x08, 0x61, 0x08, 0x61, 0x08, 0x61, 0x08, 0x61, 0x08, 0x61, 0x08, 0x61, 0x08,
    0x61, 0x08, 0x61, 0x08, 0x61, 0x08, 0x61, 0x08, 0x61, 0x08, 0x61, 0x08, 0x61, 0x08, 0x61, 0x08,
    0x61, 0x08, 0x61, 0x08, 0x61, 0x08, 0x61, 0x08, 0x61, 0x08, 0x61, 0x08, 0x61, 0x08, 0x61, 0x08,
    0x61, 0x08, 0x61, 0x08, 0x61, 0x08, 0x61, 0x08, 0x61, 0x08, 0x61, 0x08, 0x61, 0x08, 0x61, 0x08,
    0x61, 0x08, 0x61, 0x08, 0x61, 0x08, 0x61, 0x08, 0x61, 0x08, 0x61, 0x08, 0x61, 0x08, 0x61, 0x08,
    0x61, 0x08, 0x61, 0x08, 0x61, 0x08, 0x61, 0x08, 0x61, 0x08, 0x61, 0x08, 0x61, 0x08, 0x61, 0x08,
    0x61, 0x08, 0x61, 0x08, 0x61, 0x08, 0x61, 0x08, 0x61, 0x08, 0x61, 0x08, 0x61, 0x08, 0x61, 0x08,
    0x61, 0x08, 0x61, 0x08, 0x61, 0x08, 0x61, 0x08, 0x61, 0x08, 0x61, 0x08, 0x61, 0x08, 0x61, 0x08,
    0x61, 0x08, 0x61, 0x08, 0x61, 0x08, 0x61, 0x08, 0x61, 0x08, 0x61, 0x08, 0x61, 0x08, 0x61, 0x08,
    0x61, 0x08, 0x61, 0x08, 0x61, 0x08, 0x61, 0x08, 0x61, 0x08, 0x61, 0x08, 0x61, 0x08, 0x61, 0x08,
    0x61, 0x08, 0x61, 0x08, 0x61, 0x08, 0x61, 0x08, 0x61, 0x08, 0x61, 0x08, 0x61, 0x08, 0x61, 0x08,
    0x61, 0x08, 0x61, 0x08, 0x61, 0x08, 0x61, 0x08, 0x61, 0x08, 0x61, 0x08, 0x61, 0x08, 0x61, 0x08,
    0x61, 0x08, 0x61, 0x08, 0x61, 0x08, 0x61, 0x08, 0x61, 0x08, 0x61, 0x08, 0x61, 0x08, 0x61, 0x08,
    0x61, 0x08, 0x61, 0x08, 0x61, 0x08, 0x61, 0x08, 0x61, 0x08, 0x61, 0x08, 0x61, 0x08, 0x61, 0x08,
    0x61, 0x08, 0x61, 0x08, 0x61, 0x08, 0x61, 0x08, 0x61, 0x08, 0x61, 0x08, 0x61, 0x08, 0x61, 0x08,
    0x61, 0x08, 0x61, 0x08, 0x61, 0x08, 0x61, 0x08, 0x61, 0x08, 0x61, 0x08, 0x61, 0x08, 0x61, 0x08,
    0x61, 0x08, 0x61, 0x08, 0x61, 0x08, 0x61, 0x08, 0x61, 0x08, 0x61, 0x08, 0x61, 0x08, 0x61, 0x08,
    0x61, 0x08, 0x61, 0x08, 0x61, 0x08, 0x61, 0x08, 0x61, 0x08, 0x61, 0x08, 0x61, 0x08, 0x61, 0x08,
    0x61, 0x08, 0x61, 0x08, 0x61, 0x08, 0x61, 0x08, 0x61, 0x08, 0x61, 0x08, 0x61, 0x08, 0x61, 0x08,
    0x61, 0x08, 0x61, 0x08, 0x61, 0x08, 0x61, 0x08, 0x61, 0x08, 0x61, 0x08, 0x61, 0x08, 0x61, 0x08,
    0x61, 0x08, 0x61, 0x08, 0x61, 0x08, 0x61, 0x08, 0x61, 0x08, 0x61, 0x08, 0x61, 0x08, 0x61, 0x08,
    0x61, 0x08, 0x61, 0x08, 0x61, 0x08, 0x61, 0x08, 0x61, 0x08, 0x61, 0x08, 0x61, 0x08, 0x61, 0x08,
    0x61, 0x08, 0x61, 0x08, 0x61, 0x08, 0x61, 0x08, 0x61, 0x08, 0x61, 0x08, 0x61, 0x08, 0x61, 0x08,
    0x61, 0x08, 0x61, 0x08, 0x61, 0x08, 0x61, 0x08, 0x61, 0x08, 0x61, 0x08, 0x61, 0x08, 0x61, 0x08,
    0x61, 0x08, 0x61, 0x08, 0x61, 0x08, 0x61, 0x08, 0x61, 0x08, 0x61, 0x08, 0x61, 0x08, 0x61, 0x08,
    0x61, 0x08, 0x61, 0x08, 0x61, 0x08, 0x61, 0x08, 0x61, 0x08, 0x61, 0x08, 0x61, 0x08, 0x61, 0x08,
    0x61, 0x08, 0x61, 0x08, 0x61, 0x08, 0x61, 0x08, 0x61, 0x08, 0x61, 0x08, 0x61, 0x08, 0x61, 0x08,
    0x61, 0x08, 0x61, 0x08, 0x61, 0x08, 0x61, 0x08, 0x61, 0x08, 0x61, 0x08, 0x61, 0x08, 0x61, 0x08,
    0x61, 0x08, 0x61, 0x08, 0x61, 0x08, 0x61, 0x08, 0x61, 0x08, 0x61, 0x08, 0x61, 0x08, 0x61, 0x08,
    0x61, 0x08, 0x61, 0x08, 0x61, 0x08, 0x61, 0x08, 0x61, 0x08, 0x61, 0x08, 0x61, 0x08, 0x61, 0x08,
    0x61, 0x08, 0x61, 0x08, 0x61, 0x08, 0x61, 0x08, 0x61, 0x08, 0x61, 0x08, 0x61, 0x08, 0x61, 0x08,
    0x61, 0x08, 0x61, 0x08, 0x61, 0x08, 0x61, 0x08, 0x61, 0x08, 0x61, 0x08, 0x61, 0x08, 0x61, 0x08,
    0x61, 0x08, 0x61, 0x08, 0x61, 0x08, 0x61, 0x08, 0x61, 0x08, 0x61, 0x08, 0x61, 0x08, 0x61, 0x08,
    0x61, 0x08, 0x61, 0x08, 0x61, 0x08, 0x61, 0x08, 0x61, 0x08, 0x61, 0x08, 0x61, 0x08, 0x61, 0x08,
    0x61, 0x08, 0x61, 0x08, 0x61, 0x08, 0x61, 0x08, 0x61, 0x08, 0x61, 0x08, 0x61, 0x08, 0x61, 0x08,
    0x61, 0x08, 0x61, 0x08, 0x61, 0x08, 0x61, 0x08, 0x61, 0x08, 0x61, 0x08, 0x61, 0x08, 0x61, 0x08,
    0x61, 0x08, 0x61, 0x08, 0x61, 0x08, 0x61, 0x08, 0x61, 0x08, 0x61, 0x08, 0x61, 0x08, 0x61, 0x08,
    0x61, 0x08, 0x61, 0x08, 0x61, 0x08, 0x61, 0x08, 0x61, 0x08, 0x61, 0x08, 0x61, 0x08, 0x61, 0x08,
    0x61, 0x08, 0x61, 0x08, 0x61, 0x08, 0x61, 0x08, 0x61, 0x08, 0x61, 0x08, 0x61, 0x08, 0x61, 0x08,
    0x61, 0x08, 0x61, 0x08, 0x61, 0x08, 0x61, 0x08, 0x61, 0x08, 0x61, 0x08, 0x61, 0x08, 0x61, 0x08,
    0x61, 0x08, 0x61, 0x08, 0x61, 0x08, 0x61, 0x08, 0x61, 0x08, 0x61, 0x08, 0x61, 0x08, 0x61, 0x08,
    0x61, 0x08, 0x61, 0x08, 0x61, 0x08, 0x61, 0x08, 0x61, 0x08, 0x61, 0x08, 0x61, 0x08, 0x61, 0x08,
    0x61, 0x08, 0x61, 0x08, 0x61, 0x08, 0x61, 0x08, 0x61, 0x08, 0x61, 0x08, 0x61, 0x08, 0x61, 0x08,
    0x61, 0x08, 0x61, 0x08, 0x61, 0x08, 0x61, 0x08, 0x61, 0x08, 0x61, 0x08, 0x61, 0x08, 0x61, 0x08,
    0x61, 0x08, 0x61, 0x08, 0x61, 0x08, 0x61, 0x08, 0x61, 0x08, 0x61, 0x08, 0x61, 0x08, 0x61, 0x08,
    0x61, 0x08, 0x61, 0x08, 0x61, 0x08, 0x61, 0x08, 0x61, 0x08, 0x61, 0x08, 0x61, 0x08, 0x61, 0x08,
    0x61, 0x08, 0x61, 0x08, 0x61, 0x08, 0x61, 0x08, 0x61, 0x08, 0x61, 0x08, 0x61, 0x08, 0x61, 0x08,
    0x61, 0x08, 0x61, 0x08, 0x61, 0x08, 0x61, 0x08, 0x61, 0x08, 0x61, 0x08, 0x61, 0x08, 0x61, 0x08,
    0x61, 0x08, 0x61, 0x08, 0x61, 0x08, 0x61, 0x08, 0x61, 0x08, 0x61, 0x08, 0x61, 0x08, 0x61, 0x08,
    0x61, 0x08, 0x61, 0x08, 0x61, 0x08, 0x61, 0x08, 0x61, 0x08, 0x61, 0x08, 0x61, 0x08, 0x61, 0x08,
    0x61, 0x08, 0x61, 0x08, 0x61, 0x08, 0x61, 0x08, 0x61, 0x08, 0x61, 0x08, 0x61, 0x08, 0x61, 0x08,
    0x61, 0x08, 0x61, 0x08, 0x61, 0x08, 0x61, 0x08, 0x61, 0x08, 0x61, 0x08, 0x61, 0x08, 0x61, 0x08,
    0x61, 0x08, 0x61, 0x08, 0x61, 0x08, 0x61, 0x08, 0x61, 0x08, 0x61, 0x08, 0x61, 0x08, 0x61, 0x08,
    0x61, 0x08, 0x61, 0x08, 0x61, 0x08, 0x61, 0x08, 0x61, 0x08, 0x61, 0x08, 0x61, 0x08, 0x61, 0x08,
    0x61, 0x08, 0x61, 0x08, 0x61, 0x08, 0x61, 0x08, 0x61, 0x08, 0x61, 0x08, 0x61, 0x08, 0x61, 0x08,
    0x61, 0x08, 0x61, 0x08, 0x61, 0x08, 0x61, 0x08, 0x61, 0x08, 0x61, 0x08, 0x61, 0x08, 0x61, 0x08,
    0x61, 0x08, 0x61, 0x08, 0x61, 0x08, 0x61, 0x08, 0x61, 0x08, 0x61, 0x08, 0x61, 0x08, 0x61, 0x08,
    0x61, 0x08, 0x61, 0x08, 0x61, 0x08, 0x61, 0x08, 0x61, 0x08, 0x61, 0x08, 0x61, 0x08, 0x61, 0x08,
    0x61, 0x08, 0x61, 0x08, 0x61, 0x08, 0x61, 0x08, 0x61, 0x08, 0x61, 0x08, 0x61, 0x08, 0x61, 0x08,
    0x61, 0x08, 0x61, 0x08, 0x61, 0x08, 0x61, 0x08, 0x61, 0x08, 0x61, 0x08, 0x61, 0x08, 0x61, 0x08,
    0x61, 0x08, 0x61, 0x08, 0x61, 0x08, 0x61, 0x08, 0x61, 0x08, 0x61, 0x08, 0x61, 0x08, 0x61, 0x08,
    0x61, 0x08, 0x61, 0x08, 0x61, 0x08, 0x61, 0x08, 0x61, 0x08, 0x61, 0x08, 0x61, 0x08, 0x61, 0x08,
    0x61, 0x08, 0x61, 0x08, 0x61, 0x08, 0x61, 0x08, 0x61, 0x08, 0x61, 0x08, 0x61, 0x08, 0x61, 0x08,
    0x61, 0x08, 0x61, 0x08, 0x61, 0x08, 0x61, 0x08, 0x61, 0x08, 0x61, 0x08, 0x61, 0x08, 0x61, 0x08,
    0x61, 0x08, 0x61, 0x08, 0x61, 0x08, 0x61, 0x08, 0x61, 0x08, 0x61, 0x08, 0x61, 0x08, 0x61, 0x08,
    0x61, 0x08, 0x61, 0x08, 0x61, 0x08, 0x61, 0x08, 0x61, 0x08, 0x61, 0x08, 0x61, 0x08, 0x61, 0x08,
    0x61, 0x08, 0x61, 0x08, 0x61, 0x08, 0x61, 0x08, 0x61, 0x08, 0x61, 0x08, 0x61, 0x08, 0x61, 0x08,
    0x61, 0x08, 0x61, 0x08, 0x61, 0x08, 0x61, 0x08, 0x61, 0x08, 0x61, 0x08, 0x61, 0x08, 0x61, 0x08,
    0x61, 0x08, 0x61, 0x08, 0x61, 0x08, 0x61, 0x08, 0x61, 0x08, 0x61, 0x08, 0x61, 0x08, 0x61, 0x08,
    0x61, 0x08, 0x61, 0x08, 0x61, 0x08, 0x61, 0x08, 0x61, 0x08, 0x61, 0x08, 0x61, 0x08, 0x61, 0x08,
    0x61, 0x08, 0x61, 0x08, 0x61, 0x08, 0x61, 0x08, 0x61, 0x08, 0x61, 0x08, 0x61, 0x08, 0x61, 0x08,
    0x61, 0x08, 0x61, 0x08, 0x61, 0x08, 0x61, 0x08, 0x61, 0x08, 0x61, 0x08, 0x61, 0x08, 0x61, 0x08,
    0x61, 0x08, 0x61, 0x08, 0x61, 0x08, 0x61, 0x08, 0x61, 0x08, 0x61, 0x08, 0x61, 0x08, 0x61, 0x08,
    0x61, 0x08, 0x61, 0x08, 0x61, 0x08, 0x61, 0x08, 0x61, 0x08, 0x61, 0x08, 0x61, 0x08, 0x61, 0x08,
    0x61, 0x08, 0x61, 0x08, 0x61, 0x08, 0x61, 0x08, 0x61, 0x08, 0x61, 0x08, 0x61, 0x08, 0x61, 0x08,
    0x61, 0x08, 0x61, 0x08, 0x61, 0x08, 0x61, 0x08, 0x61, 0x08, 0x61, 0x08, 0x61, 0x08, 0x61, 0x08,
    0x61, 0x08, 0x61, 0x08, 0x61, 0x08, 0x61, 0x08, 0x61, 0x08, 0x61, 0x08, 0x61, 0x08, 0x61, 0x08,
    0x61, 0x08, 0x61, 0x08, 0x61, 0x08, 0x61, 0x08, 0x61, 0x08, 0x61, 0x08, 0x61, 0x08, 0x61, 0x08,
    0x61, 0x08, 0x61, 0x08, 0x61, 0x08, 0x61, 0x08, 0x61, 0x08, 0x61, 0x08, 0x61, 0x08, 0x61, 0x08,
    0x61, 0x08, 0x61, 0x08, 0x61, 0x08, 0x61, 0x08, 0x61, 0x08, 0x61, 0x08, 0x61, 0x08, 0x61, 0x08,
    0x61, 0x08, 0x61, 0x08, 0x61, 0x08, 0x61, 0x08, 0x61, 0x08, 0x61, 0x08, 0x61, 0x08, 0x61, 0x08,
    0x61, 0x08, 0x61, 0x08, 0x61, 0x08, 0x61, 0x08, 0x61, 0x08, 0x61, 0x08, 0x61, 0x08, 0x61, 0x08,
    0x61, 0x08, 0x61, 0x08, 0x61, 0x08, 0x61, 0x08, 0x61, 0x08, 0x61, 0x08, 0x61, 0x08, 0x61, 0x08,
    0x61, 0x08, 0x61, 0x08, 0x61, 0x08, 0x61, 0x08, 0x61, 0x08, 0x61, 0x08, 0x61, 0x08, 0x61, 0x08,
    0x61, 0x08, 0x61, 0x08, 0x61, 0x08, 0x61, 0x08, 0x61, 0x08, 0x61, 0x08, 0x61, 0x08, 0x61, 0x08,
    0x61, 0x08, 0x61, 0x08, 0x61, 0x08, 0x61, 0x08, 0x61, 0x08, 0x61, 0x08, 0x61, 0x08, 0x61, 0x08,
    0x61, 0x08, 0x61, 0x08, 0x61, 0x08, 0x61, 0x08, 0x61, 0x08, 0x61, 0x08, 0x61, 0x08, 0x61, 0x08,
    0x61, 0x08, 0x61, 0x08, 0x61, 0x08, 0x61, 0x08, 0x61, 0x08, 0x61, 0x08, 0x61, 0x08, 0x61, 0x08,
    0x61, 0x08, 0x61, 0x08, 0x61, 0x08, 0x61, 0x08, 0x61, 0x08, 0x61, 0x08, 0x61, 0x08, 0x61, 0x08,
    0x61, 0x08, 0x61, 0x08, 0x61, 0x08, 0x61, 0x08, 0x61, 0x08, 0x61, 0x08, 0x61, 0x08, 0x61, 0x08,
    0x61, 0x08, 0x61, 0x08, 0x61, 0x08, 0x61, 0x08, 0x61, 0x08, 0x61, 0x08, 0x61, 0x08, 0x61, 0x08,
    0x61, 0x08, 0x61, 0x08, 0x61, 0x08, 0x61, 0x08, 0x61, 0x08, 0x61, 0x08, 0x61, 0x08, 0x61, 0x08,
    0x61, 0x08, 0x61, 0x08, 0x61, 0x08, 0x61, 0x08, 0x61, 0x08, 0x61, 0x08, 0x61, 0x08, 0x61, 0x08,
    0x61, 0x08, 0x61, 0x08, 0x61, 0x08, 0x61, 0x08, 0x61, 0x08, 0x61, 0x08, 0x61, 0x08, 0x61, 0x08,
    0x61, 0x08, 0x61, 0x08, 0x61, 0x08, 0x61, 0x08, 0x61, 0x08, 0x61, 0x08, 0x61, 0x08, 0x61, 0x08,
    0x61, 0x08, 0x61, 0x08, 0x61, 0x08, 0x61, 0x08, 0x61, 0x08, 0x61, 0x08, 0x61, 0x08, 0x61, 0x08,
    0x61, 0x08, 0x61, 0x08, 0x61, 0x08, 0x61, 0x08, 0x61, 0x08, 0x61, 0x08, 0x61, 0x08, 0x61, 0x08,
    0x61, 0x08, 0x61, 0x08, 0x61, 0x08, 0x61, 0x08, 0x61, 0x08, 0x61, 0x08, 0x61, 0x08, 0x61, 0x08,
    0x61, 0x08, 0x61, 0x08, 0x61, 0x08, 0x61, 0x08, 0x61, 0x08, 0x61, 0x08, 0x61, 0x08, 0x61, 0x08,
    0x61, 0x08, 0x61, 0x08, 0x61, 0x08, 0x61, 0x08, 0x61, 0x08, 0x61, 0x08, 0x61, 0x08, 0x61, 0x08,
    0x61, 0x08, 0x61, 0x08, 0x61, 0x08, 0x61, 0x08, 0x61, 0x08, 0x61, 0x08, 0x61, 0x08, 0x61, 0x08,
    0x61, 0x08, 0x61, 0x08, 0x61, 0x08, 0x61, 0x08, 0x61, 0x08, 0x61, 0x08, 0x61, 0x08, 0x61, 0x08,
    0x61, 0x08, 0x61, 0x08, 0x61, 0x08, 0x61, 0x08, 0x61, 0x08, 0x61, 0x08, 0x61, 0x08, 0x61, 0x08,
    0x61, 0x08, 0x61, 0x08, 0x61, 0x08, 0x61, 0x08, 0x61, 0x08, 0x61, 0x08, 0x61, 0x08, 0x61, 0x08,
    0x61, 0x08, 0x61, 0x08, 0x61, 0x08, 0x61, 0x08, 0x61, 0x08, 0x61, 0x08, 0x61, 0x08, 0x61, 0x08,
    0x61, 0x08, 0x61, 0x08, 0x61, 0x08, 0x61, 0x08, 0x61, 0x08, 0x61, 0x08, 0x61, 0x08, 0x61, 0x08,
    0x61, 0x08, 0x61, 0x08, 0x61, 0x08, 0x61, 0x08, 0x61, 0x08, 0x61, 0x08, 0x61, 0x08, 0x61, 0x08,
    0x61, 0x08, 0x61, 0x08, 0x61, 0x08, 0x61, 0x08, 0x61, 0x08, 0x61, 0x08, 0x61, 0x08, 0x61, 0x08,
    0x61, 0x08, 0x61, 0x08, 0x61, 0x08, 0x61, 0x08, 0x61, 0x08, 0x61, 0x08, 0x61, 0x08, 0x61, 0x08,
    0x61, 0x08, 0x61, 0x08, 0x61, 0x08, 0x61, 0x08, 0x61, 0x08, 0x61, 0x08, 0x61, 0x08, 0x61, 0x08,
    0x61, 0x08, 0x61, 0x08, 0x61, 0x08, 0x61, 0x08, 0x61, 0x08, 0x61, 0x08, 0x61, 0x08, 0x61, 0x08,
    0x61, 0x08, 0x61, 0x08, 0x61, 0x08, 0x61, 0x08, 0x61, 0x08, 0x61, 0x08, 0x61, 0x08, 0x61, 0x08,
    0x61, 0x08, 0x61, 0x08, 0x61, 0x08, 0x61, 0x08, 0x61, 0x08, 0x61, 0x08, 0x61, 0x08, 0x61, 0x08,
    0x61, 0x08, 0x61, 0x08, 0x61, 0x08, 0x61, 0x08, 0x61, 0x08, 0x61, 0x08, 0x61, 0x08, 0x61, 0x08,
    0x61, 0x08, 0x61, 0x08, 0x61, 0x08, 0x61, 0x08, 0x61, 0x08, 0x61, 0x08, 0x61, 0x08, 0x61, 0x08,
    0x61, 0x08, 0x61, 0x08, 0x61, 0x08, 0x61, 0x08, 0x61, 0x08, 0x61, 0x08, 0x61, 0x08, 0x61, 0x08,
    0x61, 0x08, 0x61, 0x08, 0x61, 0x08, 0x61, 0x08, 0x61, 0x08, 0x61, 0x08, 0x61, 0x08, 0x61, 0x08,
    0x61, 0x08, 0x61, 0x08, 0x61, 0x08, 0x61, 0x08, 0x61, 0x08, 0x61, 0x08, 0x61, 0x08, 0x61, 0x08,
    0x61, 0x08, 0x61, 0x08, 0x61, 0x08, 0x61, 0x08, 0x61, 0x08, 0x61, 0x08, 0x61, 0x08, 0x61, 0x08,
    0x61, 0x08, 0x61, 0x08, 0x61, 0x08, 0x61, 0x08, 0x61, 0x08, 0x61, 0x08, 0x61, 0x08, 0x61, 0x08,
    0x61, 0x08, 0x61, 0x08, 0x61, 0x08, 0x61, 0x08, 0x61, 0x08, 0x61, 0x08, 0x61, 0x08, 0x61, 0x08,
    0x61, 0x08, 0x61, 0x08, 0x61, 0x08, 0x61, 0x08, 0x61, 0x08, 0x61, 0x08, 0x61, 0x08, 0x61, 0x08,
    0x61, 0x08, 0x61, 0x08, 0x61, 0x08, 0x61, 0x08, 0x61, 0x08, 0x61, 0x08, 0x61, 0x08, 0x61, 0x08,
    0x61, 0x08, 0x61, 0x08, 0x61, 0x08, 0x61, 0x08, 0x61, 0x08, 0x61, 0x08, 0x61, 0x08, 0x61, 0x08,
    0x61, 0x08, 0x61, 0x08, 0x61, 0x08, 0x61, 0x08, 0x61, 0x08, 0x61, 0x08, 0x61, 0x08, 0x61, 0x08,
    0x61, 0x08, 0x61, 0x08, 0x61, 0x08, 0x61, 0x08, 0x61, 0x08, 0x61, 0x08, 0x61, 0x08, 0x61, 0x08,
    0x61, 0x08, 0x61, 0x08, 0x61, 0x08, 0x61, 0x08, 0x61, 0x08, 0x61, 0x08, 0x61, 0x08, 0x61, 0x08,
    0x61, 0x08, 0x61, 0x08, 0x61, 0x08, 0x61, 0x08, 0x61, 0x08, 0x61, 0x08, 0x61, 0x08, 0x61, 0x08,
    0x61, 0x08, 0x61, 0x08, 0x61, 0x08, 0x61, 0x08, 0x61, 0x08, 0x61, 0x08, 0x61, 0x08, 0x61, 0x08,
    0x61, 0x08, 0x61, 0x08, 0x61, 0x08, 0x61, 0x08, 0x61, 0x08, 0x61, 0x08, 0x61, 0x08, 0x61, 0x08,
    0x61, 0x08, 0x61, 0x08, 0x61, 0x08, 0x61, 0x08, 0x61, 0x08, 0x61, 0x08, 0x61, 0x08, 0x61, 0x08,
    0x61, 0x08, 0x61, 0x08, 0x61, 0x08, 0x61, 0x08, 0x61, 0x08, 0x61, 0x08, 0x61, 0x08, 0x61, 0x08,
    0x61, 0x08, 0x61, 0x08, 0x61, 0x08, 0x61, 0x08, 0x61, 0x08, 0x61, 0x08, 0x61, 0x08, 0x61, 0x08,
    0x61, 0x08, 0x61, 0x08, 0x61, 0x08, 0x61, 0x08, 0x61, 0x08, 0x61, 0x08, 0x61, 0x08, 0x61, 0x08,
    0x61, 0x08, 0x61, 0x08, 0x61, 0x08, 0x61, 0x08, 0x61, 0x08, 0x61, 0x08, 0x61, 0x08, 0x61, 0x08,
    0x61, 0x08, 0x61, 0x08, 0x61, 0x08, 0x61, 0x08, 0x61, 0x08, 0x61, 0x08, 0x61, 0x08, 0x61, 0x08,
    0x61, 0x08, 0x61, 0x08, 0x61, 0x08, 0x61, 0x08, 0x61, 0x08, 0x61, 0x08, 0x61, 0x08, 0x61, 0x08,
    0x61, 0x08, 0x61, 0x08, 0x61, 0x08, 0x61, 0x08, 0x61, 0x08, 0x61, 0x08, 0x61, 0x08, 0x61, 0x08,
    0x61, 0x08, 0x61, 0x08, 0x61, 0x08, 0x61, 0x08, 0x61, 0x08, 0x61, 0x08, 0x61, 0x08, 0x61, 0x08,
    0x61, 0x08, 0x61, 0x08, 0x61, 0x08, 0x61, 0x08, 0x61, 0x08, 0x61, 0x08, 0x61, 0x08, 0x61, 0x08,
    0x61, 0x08, 0x61, 0x08, 0x61, 0x08, 0x61, 0x08, 0x61, 0x08, 0x61, 0x08, 0x61, 0x08, 0x61, 0x08,
    0x61, 0x08, 0x61, 0x08, 0x61, 0x08, 0x61, 0x08, 0x61, 0x08, 0x61, 0x08, 0x61, 0x08, 0x61, 0x08,
    0x61, 0x08, 0x61, 0x08, 0x61, 0x08, 0x61, 0x08, 0x61, 0x08, 0x61, 0x08, 0x61, 0x08, 0x61, 0x08,
    0x61, 0x08, 0x61, 0x08, 0x61, 0x08, 0x61, 0x08, 0x61, 0x08, 0x61, 0x08, 0x61, 0x08, 0x61, 0x08,
    0x61, 0x08, 0x61, 0x08, 0x61, 0x08, 0x61, 0x08, 0x61, 0x08, 0x61, 0x08, 0x61, 0x08, 0x61, 0x08,
    0x61, 0x08, 0x61, 0x08, 0x61, 0x08, 0x61, 0x08, 0x61, 0x08, 0x61, 0x08, 0x61, 0x08, 0x61, 0x08,
    0x61, 0x08, 0x61, 0x08, 0x61, 0x08, 0x61, 0x08, 0x61, 0x08, 0x61, 0x08, 0x61, 0x08, 0x61, 0x08,
    0x61, 0x08, 0x61, 0x08, 0x61, 0x08, 0x61, 0x08, 0x61, 0x08, 0x61, 0x08, 0x61, 0x08, 0x61, 0x08,
    0x61, 0x08, 0x61, 0x08, 0x61, 0x08, 0x61, 0x08, 0x61, 0x08, 0x61, 0x08, 0x61, 0x08, 0x61, 0x08,
    0x61, 0x08, 0x61, 0x08, 0x61, 0x08, 0x61, 0x08, 0x61, 0x08, 0x61, 0x08, 0x61, 0x08, 0x61, 0x08,
    0x61, 0x08, 0x61, 0x08, 0x61, 0x08, 0x61, 0x08, 0x61, 0x08, 0x61, 0x08, 0x61, 0x08, 0x61, 0x08,
    0x61, 0x08, 0x61, 0x08, 0x61, 0x08, 0x61, 0x08, 0x61, 0x08, 0x61, 0x08, 0x61, 0x08, 0x61, 0x08,
    0x61, 0x08, 0x61, 0x08, 0x61, 0x08, 0x61, 0x08, 0x61, 0x08, 0x61, 0x08, 0x61, 0x08, 0x61, 0x08,
    0x61, 0x08, 0x61, 0x08, 0x61, 0x08, 0x61, 0x08, 0x61, 0x08, 0x61, 0x08, 0x61, 0x08, 0x61, 0x08,
    0x61, 0x08, 0x61, 0x08, 0x61, 0x08, 0x61, 0x08, 0x61, 0x08, 0x61, 0x08, 0x61, 0x08, 0x61, 0x08,
    0x61, 0x08, 0x61, 0x08, 0x61, 0x08, 0x61, 0x08, 0x61, 0x08, 0x61, 0x08, 0x61, 0x08, 0x61, 0x08,
    0x61, 0x08, 0x61, 0x08, 0x61, 0x08, 0x61, 0x08, 0x61, 0x08, 0x61, 0x08, 0x61, 0x08, 0x61, 0x08,
    0x61, 0x08, 0x61, 0x08, 0x61, 0x08, 0x61, 0x08, 0x61, 0x08, 0x61, 0x08, 0x61, 0x08, 0x61, 0x08,
    0x61, 0x08, 0x61, 0x08, 0x61, 0x08, 0x61, 0x08, 0x61, 0x08, 0x61, 0x08, 0x61, 0x08, 0x61, 0x08,
    0x61, 0x08, 0x61, 0x08, 0x61, 0x08, 0x61, 0x08, 0x61, 0x08, 0x61, 0x08, 0x61, 0x08, 0x61, 0x08,
    0x61, 0x08, 0x61, 0x08, 0x61, 0x08, 0x61, 0x08, 0x61, 0x08, 0x61, 0x08, 0x61, 0x08, 0x61, 0x08,
    0x61, 0x08, 0x61, 0x08, 0x61, 0x08, 0x61, 0x08, 0x61, 0x08, 0x61, 0x08, 0x61, 0x08, 0x61, 0x08,
    0x61, 0x08, 0x61, 0x08, 0x61, 0x08, 0x61, 0x08, 0x61, 0x08, 0x61, 0x08, 0x61, 0x08, 0x61, 0x08,
    0x61, 0x08, 0x61, 0x08, 0x61, 0x08, 0x61, 0x08, 0x61, 0x08, 0x61, 0x08, 0x61, 0x08, 0x61, 0x08,
    0x61, 0x08, 0x61, 0x08, 0x61, 0x08, 0x61, 0x08, 0x61, 0x08, 0x61, 0x08, 0x61, 0x08, 0x61, 0x08,
    0x61, 0x08, 0x61, 0x08, 0x61, 0x08, 0x61, 0x08, 0x61, 0x08, 0x61, 0x08, 0x61, 0x08, 0x61, 0x08,
    0x61, 0x08, 0x61, 0x08, 0x61, 0x08, 0x61, 0x08, 0x61, 0x08, 0x61, 0x08, 0x61, 0x08, 0x61, 0x08,
    0x61, 0x08, 0x61, 0x08, 0x61, 0x08, 0x61, 0x08, 0x61, 0x08, 0x61, 0x08, 0x61, 0x08, 0x61, 0x08,
    0x61, 0x08, 0x61, 0x08, 0x61, 0x08, 0x61, 0x08, 0x61, 0x08, 0x61, 0x08, 0x61, 0x08, 0x61, 0x08,
    0x61, 0x08, 0x61, 0x08, 0x61, 0x08, 0x61, 0x08, 0x61, 0x08, 0x61, 0x08, 0x61, 0x08, 0x61, 0x08,
    0x61, 0x08, 0x61, 0x08, 0x61, 0x08, 0x61, 0x08, 0x61, 0x08, 0x61, 0x08, 0x61, 0x08, 0x61, 0x08,
    0x61, 0x08, 0x61, 0x08, 0x61, 0x08, 0x61, 0x08, 0x61, 0x08, 0x61, 0x08, 0x61, 0x08, 0x61, 0x08,
    0x61, 0x08, 0x61, 0x08, 0x61, 0x08, 0x61, 0x08, 0x61, 0x08, 0x61, 0x08, 0x61, 0x08, 0x61, 0x08,
    0x61, 0x08, 0x61, 0x08, 0x61, 0x08, 0x61, 0x08, 0x61, 0x08, 0x61, 0x08, 0x61, 0x08, 0x61, 0x08,
    0x61, 0x08, 0x61, 0x08, 0x61, 0x08, 0x61, 0x08, 0x61, 0x08, 0x61, 0x08, 0x61, 0x08, 0x61, 0x08,
    0x61, 0x08, 0x61, 0x08, 0x61, 0x08, 0x61, 0x08, 0x61, 0x08, 0x61, 0x08, 0x61, 0x08, 0x61, 0x08,
    0x61, 0x08, 0x61, 0x08, 0x61, 0x08, 0x61, 0x08, 0x61, 0x08, 0x61, 0x08, 0x61, 0x08, 0x61, 0x08,
    0x61, 0x08, 0x61, 0x08, 0x61, 0x08, 0x61, 0x08, 0x61, 0x08, 0x61, 0x08, 0x61, 0x08, 0x61, 0x08,
    0x61, 0x08, 0x61, 0x08, 0x61, 0x08, 0x61, 0x08, 0x61, 0x08, 0x61, 0x08, 0x61, 0x08, 0x61, 0x08,
    0x61, 0x08, 0x61, 0x08, 0x61, 0x08, 0x61, 0x08, 0x61, 0x08, 0x61, 0x08, 0x61, 0x08, 0x61, 0x08,
    0x61, 0x08, 0x61, 0x08, 0x61, 0x08, 0x61, 0x08, 0x61, 0x08, 0x61, 0x08, 0x61, 0x08, 0x61, 0x08,
    0x61, 0x08, 0x61, 0x08, 0x61, 0x08, 0x61, 0x08, 0x61, 0x08, 0x61, 0x08, 0x61, 0x08, 0x61, 0x08,
    0x61, 0x08, 0x61, 0x08, 0x61, 0x08, 0x61, 0x08, 0x61, 0x08, 0x61, 0x08, 0x61, 0x08, 0x61, 0x08,
    0x61, 0x08, 0x61, 0x08, 0x61, 0x08, 0x61, 0x08, 0x61, 0x08, 0x61, 0x08, 0x61, 0x08, 0x61, 0x08,
    0x61, 0x08, 0x61, 0x08, 0x61, 0x08, 0x61, 0x08, 0x61, 0x08, 0x61, 0x08, 0x61, 0x08, 0x61, 0x08,
    0x61, 0x08, 0x61, 0x08, 0x61, 0x08, 0x61, 0x08, 0x61, 0x08, 0x61, 0x08, 0x61, 0x08, 0x61, 0x08,
    0x61, 0x08, 0x61, 0x08, 0x61, 0x08, 0x61, 0x08, 0x61, 0x08, 0x61, 0x08, 0x61, 0x08, 0x61, 0x08,
    0x61, 0x08, 0x61, 0x08, 0x61, 0x08, 0x61, 0x08, 0x61, 0x08, 0x61, 0x08, 0x61, 0x08, 0x61, 0x08,
    0x61, 0x08, 0x61, 0x08, 0x61, 0x08, 0x61, 0x08, 0x61, 0x08, 0x61, 0x08, 0x61, 0x08, 0x61, 0x08,
    0x61, 0x08, 0x61, 0x08, 0x61, 0x08, 0x61, 0x08, 0x61, 0x08, 0x61, 0x08, 0x61, 0x08, 0x61, 0x08,
    0x61, 0x08, 0x61, 0x08, 0x61, 0x08, 0x61, 0x08, 0x61, 0x08, 0x61, 0x08, 0x61, 0x08, 0x61, 0x08,
    0x61, 0x08, 0x61, 0x08, 0x61, 0x08, 0x61, 0x08, 0x61, 0x08, 0x61, 0x08, 0x61, 0x08, 0x61, 0x08,
    0x61, 0x08, 0x61, 0x08, 0x61, 0x08, 0x61, 0x08, 0x61, 0x08, 0x61, 0x08, 0x61, 0x08, 0x61, 0x08,
    0x61, 0x08, 0x61, 0x08, 0x61, 0x08, 0x61, 0x08, 0x61, 0x08, 0x61, 0x08, 0x61, 0x08, 0x61, 0x08,
    0x61, 0x08, 0x61, 0x08, 0x61, 0x08, 0x61, 0x08, 0x61, 0x08, 0x61, 0x08, 0x61, 0x08, 0x61, 0x08,
    0x61, 0x08, 0x61, 0x08, 0x61, 0x08, 0x61, 0x08, 0x61, 0x08, 0x61, 0x08, 0x61, 0x08, 0x61, 0x08,
    0x61, 0x08, 0x61, 0x08, 0x61, 0x08, 0x61, 0x08, 0x61, 0x08, 0x61, 0x08, 0x61, 0x08, 0x61, 0x08,
    0x61, 0x08, 0x61, 0x08, 0x61, 0x08, 0x61, 0x08, 0x61, 0x08, 0x61, 0x08, 0x61, 0x08, 0x61, 0x08,
    0x61, 0x08, 0x61, 0x08, 0x61, 0x08, 0x61, 0x08, 0x61, 0x08, 0x61, 0x08, 0x61, 0x08, 0x61, 0x08,
    0x61, 0x08, 0x61, 0x08, 0x61, 0x08, 0x61, 0x08, 0x61, 0x08, 0x61, 0x08, 0x61, 0x08, 0x61, 0x08,
    0x61, 0x08, 0x61, 0x08, 0x61, 0x08, 0x61, 0x08, 0x61, 0x08, 0x61, 0x08, 0x61, 0x08, 0x61, 0x08,
    0x61, 0x08, 0x61, 0x08, 0x61, 0x08, 0x61, 0x08, 0x61, 0x08, 0x61, 0x08, 0x61, 0x08, 0x61, 0x08,
    0x61, 0x08, 0x61, 0x08, 0x61, 0x08, 0x61, 0x08, 0x61, 0x08, 0x61, 0x08, 0x61, 0x08, 0x61, 0x08,
    0x61, 0x08, 0x61, 0x08, 0x61, 0x08, 0x61, 0x08, 0x61, 0x08, 0x61, 0x08, 0x61, 0x08, 0x61, 0x08,
    0x61, 0x08, 0x61, 0x08, 0x61, 0x08, 0x61, 0x08, 0x61, 0x08, 0x61, 0x08, 0x61, 0x08, 0x61, 0x08,
    0x61, 0x08, 0x61, 0x08, 0x61, 0x08, 0x61, 0x08, 0x61, 0x08, 0x61, 0x08, 0x61, 0x08, 0x61, 0x08,
    0x61, 0x08, 0x61, 0x08, 0x61, 0x08, 0x61, 0x08, 0x61, 0x08, 0x61, 0x08, 0x61, 0x08, 0x61, 0x08,
    0x61, 0x08, 0x61, 0x08, 0x61, 0x08, 0x61, 0x08, 0x61, 0x08, 0x61, 0x08, 0x61, 0x08, 0x61, 0x08,
    0x61, 0x08, 0x61, 0x08, 0x61, 0x08, 0x61, 0x08, 0x61, 0x08, 0x61, 0x08, 0x61, 0x08, 0x61, 0x08,
    0x61, 0x08, 0x61, 0x08, 0x61, 0x08, 0x61, 0x08, 0x61, 0x08, 0x61, 0x08, 0x61, 0x08, 0x61, 0x08,
    0x61, 0x08, 0x61, 0x08, 0x61, 0x08, 0x61, 0x08, 0x61, 0x08, 0x61, 0x08, 0x61, 0x08, 0x61, 0x08,
    0x61, 0x08, 0x61, 0x08, 0x61, 0x08, 0x61, 0x08, 0x61, 0x08, 0x61, 0x08, 0x61, 0x08, 0x61, 0x08,
    0x61, 0x08, 0x61, 0x08, 0x61, 0x08, 0x61, 0x08, 0x61, 0x08, 0x61, 0x08, 0x61, 0x08, 0x61, 0x08,
    0x61, 0x08, 0x61, 0x08, 0x61, 0x08, 0x61, 0x08, 0x61, 0x08, 0x61, 0x08, 0x61, 0x08, 0x61, 0x08,
    0x61, 0x08, 0x61, 0x08, 0x61, 0x08, 0x61, 0x08, 0x61, 0x08, 0x61, 0x08, 0x61, 0x08, 0x61, 0x08,
    0x61, 0x08, 0x61, 0x08, 0x61, 0x08, 0x61, 0x08, 0x61, 0x08, 0x61, 0x08, 0x61, 0x08, 0x61, 0x08,
    0x61, 0x08, 0x61, 0x08, 0x61, 0x08, 0x61, 0x08, 0x61, 0x08, 0x61, 0x08, 0x61, 0x08, 0x61, 0x08,
    0x61, 0x08, 0x61, 0x08, 0x61, 0x08, 0x61, 0x08, 0x61, 0x08, 0x61, 0x08, 0x61, 0x08, 0x61, 0x08,
    0x61, 0x08, 0x61, 0x08, 0x61, 0x08, 0x61, 0x08, 0x61, 0x08, 0x61, 0x08, 0x61, 0x08, 0x61, 0x08,
    0x61, 0x08, 0x61, 0x08, 0x61, 0x08, 0x61, 0x08, 0x61, 0x08, 0x61, 0x08, 0x61, 0x08, 0x61, 0x08,
    0x61, 0x08, 0x61, 0x08, 0x61, 0x08, 0x61, 0x08, 0x61, 0x08, 0x61, 0x08, 0x61, 0x08, 0x61, 0x08,
    0x61, 0x08, 0x61, 0x08, 0x61, 0x08, 0x61, 0x08, 0x61, 0x08, 0x61, 0x08, 0x61, 0x08, 0x61, 0x08,
    0x61, 0x08, 0x61, 0x08, 0x61, 0x08, 0x61, 0x08, 0x61, 0x08, 0x61, 0x08, 0x61, 0x08, 0x61, 0x08,
    0x61, 0x08, 0x61, 0x08, 0x61, 0x08, 0x61, 0x08, 0x61, 0x08, 0x61, 0x08, 0x61, 0x08, 0x61, 0x08,
    0x61, 0x08, 0x61, 0x08, 0x61, 0x08, 0x61, 0x08, 0x61, 0x08, 0x61, 0x08, 0x61, 0x08, 0x61, 0x08,
    0x61, 0x08, 0x61, 0x08, 0x61, 0x08, 0x61, 0x08, 0x61, 0x08, 0x61, 0x08, 0x61, 0x08, 0x61, 0x08,
    0x61, 0x08, 0x61, 0x08, 0x61, 0x08, 0x61, 0x08, 0x61, 0x08, 0x61, 0x08, 0x61, 0x08, 0x61, 0x08,
    0x61, 0x08, 0x61, 0x08, 0x61, 0x08, 0x61, 0x08, 0x61, 0x08, 0x61, 0x08, 0x61, 0x08, 0x61, 0x08,
    0x61, 0x08, 0x61, 0x08, 0x61, 0x08, 0x61, 0x08, 0x61, 0x08, 0x61, 0x08, 0x61, 0x08, 0x61, 0x08,
    0x61, 0x08, 0x61, 0x08, 0x61, 0x08, 0x61, 0x08, 0x61, 0x08, 0x61, 0x08, 0x61, 0x08, 0x61, 0x08,
    0x61, 0x08, 0x61, 0x08, 0x61, 0x08, 0x61, 0x08, 0x61, 0x08, 0x61, 0x08, 0x61, 0x08, 0x61, 0x08,
    0x61, 0x08, 0x61, 0x08, 0x61, 0x08, 0x61, 0x08, 0x61, 0x08, 0x61, 0x08, 0x61, 0x08, 0x61, 0x08,
    0x61, 0x08, 0x61, 0x08, 0x61, 0x08, 0x61, 0x08, 0x61, 0x08, 0x61, 0x08, 0x61, 0x08, 0x61, 0x08,
    0x61, 0x08, 0x61, 0x08, 0x61, 0x08, 0x61, 0x08, 0x61, 0x08, 0x61, 0x08, 0x61, 0x08, 0x61, 0x08,
    0x61, 0x08, 0x61, 0x08, 0x61, 0x08, 0x61, 0x08, 0x61, 0x08, 0x61, 0x08, 0x61, 0x08, 0x61, 0x08,
    0x61, 0x08, 0x61, 0x08, 0x61, 0x08, 0x61, 0x08, 0x61, 0x08, 0x61, 0x08, 0x61, 0x08, 0x61, 0x08,
    0x61, 0x08, 0x61, 0x08, 0x61, 0x08, 0x61, 0x08, 0x61, 0x08, 0x61, 0x08, 0x61, 0x08, 0x61, 0x08,
    0x61, 0x08, 0x61, 0x08, 0x61, 0x08, 0x61, 0x08, 0x61, 0x08, 0x61, 0x08, 0x61, 0x08, 0x61, 0x08,
    0x61, 0x08, 0x61, 0x08, 0x61, 0x08, 0x61, 0x08, 0x61, 0x08, 0x61, 0x08, 0x61, 0x08, 0x61, 0x08,
    0x61, 0x08, 0x61, 0x08, 0x61, 0x08, 0x61, 0x08, 0x61, 0x08, 0x61, 0x08, 0x61, 0x08, 0x61, 0x08,
    0x61, 0x08, 0x61, 0x08, 0x61, 0x08, 0x61, 0x08, 0x61, 0x08, 0x61, 0x08, 0x61, 0x08, 0x61, 0x08,
    0x61, 0x08, 0x61, 0x08, 0x61, 0x08, 0x61, 0x08, 0x61, 0x08, 0x61, 0x08, 0x61, 0x08, 0x61, 0x08,
    0x61, 0x08, 0x61, 0x08, 0x61, 0x08, 0x61, 0x08, 0x61, 0x08, 0x61, 0x08, 0x61, 0x08, 0x61, 0x08,
    0x61, 0x08, 0x61, 0x08, 0x61, 0x08, 0x61, 0x08, 0x61, 0x08, 0x61, 0x08, 0x61, 0x08, 0x61, 0x08,
    0x61, 0x08, 0x61, 0x08, 0x61, 0x08, 0x61, 0x08, 0x61, 0x08, 0x61, 0x08, 0x61, 0x08, 0x61, 0x08,
    0x61, 0x08, 0x61, 0x08, 0x61, 0x08, 0x61, 0x08, 0x61, 0x08, 0x61, 0x08, 0x61, 0x08, 0x61, 0x08,
    0x61, 0x08, 0x61, 0x08, 0x61, 0x08, 0x61, 0x08, 0x61, 0x08, 0x61, 0x08, 0x61, 0x08, 0x61, 0x08,
    0x61, 0x08, 0x61, 0x08, 0x61, 0x08, 0x61, 0x08, 0x61, 0x08, 0x61, 0x08, 0x61, 0x08, 0x61, 0x08,
    0x61, 0x08, 0x61, 0x08, 0x61, 0x08, 0x61, 0x08, 0x61, 0x08, 0x61, 0x08, 0x61, 0x08, 0x61, 0x08,
    0x61, 0x08, 0x61, 0x08, 0x61, 0x08, 0x61, 0x08, 0x61, 0x08, 0x61, 0x08, 0x61, 0x08, 0x61, 0x08,
    0x61, 0x08, 0x61, 0x08, 0x61, 0x08, 0x61, 0x08, 0x61, 0x08, 0x61, 0x08, 0x61, 0x08, 0x61, 0x08,
    0x61, 0x08, 0x61, 0x08, 0x61, 0x08, 0x61, 0x08, 0x61, 0x08, 0x61, 0x08, 0x61, 0x08, 0x61, 0x08,
    0x61, 0x08, 0x61, 0x08, 0x61, 0x08, 0x61, 0x08, 0x61, 0x08, 0x61, 0x08, 0x61, 0x08, 0x61, 0x08,
    0x61, 0x08, 0x61, 0x08, 0x61, 0x08, 0x61, 0x08, 0x61, 0x08, 0x61, 0x08, 0x61, 0x08, 0x61, 0x08,
    0x61, 0x08, 0x61, 0x08, 0x61, 0x08, 0x61, 0x08, 0x61, 0x08, 0x61, 0x08, 0x61, 0x08, 0x61, 0x08,
    0x61, 0x08, 0x61, 0x08, 0x61, 0x08, 0x61, 0x08, 0x61, 0x08, 0x61, 0x08, 0x61, 0x08, 0x61, 0x08,
    0x61, 0x08, 0x61, 0x08, 0x61, 0x08, 0x61, 0x08, 0x61, 0x08, 0x61, 0x08, 0x61, 0x08, 0x61, 0x08,
    0x61, 0x08, 0x61, 0x08, 0x61, 0x08, 0x61, 0x08, 0x61, 0x08, 0x61, 0x08, 0x61, 0x08, 0x61, 0x08,
    0x61, 0x08, 0x61, 0x08, 0x61, 0x08, 0x61, 0x08, 0x61, 0x08, 0x61, 0x08, 0x61, 0x08, 0x61, 0x08,
    0x61, 0x08, 0x61, 0x08, 0x61, 0x08, 0x61, 0x08, 0x61, 0x08, 0x61, 0x08, 0x61, 0x08, 0x61, 0x08,
    0x61, 0x08, 0x61, 0x08, 0x61, 0x08, 0x61, 0x08, 0x61, 0x08, 0x61, 0x08, 0x61, 0x08, 0x61, 0x08,
    0x61, 0x08, 0x61, 0x08, 0x61, 0x08, 0x61, 0x08, 0x61, 0x08, 0x61, 0x08, 0x61, 0x08, 0x61, 0x08,
    0x61, 0x08, 0x61, 0x08, 0x61, 0x08, 0x61, 0x08, 0x61, 0x08, 0x61, 0x08, 0x61, 0x08, 0x61, 0x08,
    0x61, 0x08, 0x61, 0x08, 0x61, 0x08, 0x61, 0x08, 0x61, 0x08, 0x61, 0x08, 0x61, 0x08, 0x61, 0x08,
    0x61, 0x08, 0x61, 0x08, 0x61, 0x08, 0x61, 0x08, 0x61, 0x08, 0x61, 0x08, 0x61, 0x08, 0x61, 0x08,
    0x61, 0x08, 0x61, 0x08, 0x61, 0x08, 0x61, 0x08, 0x61, 0x08, 0x61, 0x08, 0x61, 0x08, 0x61, 0x08,
    0x61, 0x08, 0x61, 0x08, 0x61, 0x08, 0x61, 0x08, 0x61, 0x08, 0x61, 0x08, 0x61, 0x08, 0x61, 0x08,
    0x61, 0x08, 0x61, 0x08, 0x61, 0x08, 0x61, 0x08, 0x61, 0x08, 0x61, 0x08, 0x61, 0x08, 0x61, 0x08,
    0x61, 0x08, 0x61, 0x08, 0x61, 0x08, 0x61, 0x08, 0x61, 0x08, 0x61, 0x08, 0x61, 0x08, 0x61, 0x08,
    0x61, 0x08, 0x61, 0x08, 0x61, 0x08, 0x61, 0x08, 0x61, 0x08, 0x61, 0x08, 0x61, 0x08, 0x61, 0x08,
    0x61, 0x08, 0x61, 0x08, 0x61, 0x08, 0x61, 0x08, 0x61, 0x08, 0x61, 0x08, 0x61, 0x08, 0x61, 0x08,
    0x61, 0x08, 0x61, 0x08, 0x61, 0x08, 0x61, 0x08, 0x61, 0x08, 0x61, 0x08, 0x61, 0x08, 0x61, 0x08,
    0x61, 0x08, 0x61, 0x08, 0x61, 0x08, 0x61, 0x08, 0x61, 0x08, 0x61, 0x08, 0x61, 0x08, 0x61, 0x08,
    0x61, 0x08, 0x61, 0x08, 0x61, 0x08, 0x61, 0x08, 0x61, 0x08, 0x61, 0x08, 0x61, 0x08, 0x61, 0x08,
    0x61, 0x08, 0x61, 0x08, 0x61, 0x08, 0x61, 0x08, 0x61, 0x08, 0x61, 0x08, 0x61, 0x08, 0x61, 0x08,
    0x61, 0x08, 0x61, 0x08, 0x61, 0x08, 0x61, 0x08, 0x61, 0x08, 0x61, 0x08, 0x61, 0x08, 0x61, 0x08,
    0x61, 0x08, 0x61, 0x08, 0x61, 0x08, 0x61, 0x08, 0x61, 0x08, 0x61, 0x08, 0x61, 0x08, 0x61, 0x08,
    0x61, 0x08, 0x61, 0x08, 0x61, 0x08, 0x61, 0x08, 0x61, 0x08, 0x61, 0x08, 0x61, 0x08, 0x61, 0x08,
    0x61, 0x08, 0x61, 0x08, 0x61, 0x08, 0x61, 0x08, 0x61, 0x08, 0x61, 0x08, 0x61, 0x08, 0x61, 0x08,
    0x61, 0x08, 0x61, 0x08, 0x61, 0x08, 0x61, 0x08, 0x61, 0x08, 0x61, 0x08, 0x61, 0x08, 0x61, 0x08,
    0x61, 0x08, 0x61, 0x08, 0x61, 0x08, 0x61, 0x08, 0x61, 0x08, 0x61, 0x08, 0x61, 0x08, 0x61, 0x08,
    0x61, 0x08, 0x61, 0x08, 0x61, 0x08, 0x61, 0x08, 0x61, 0x08, 0x61, 0x08, 0x61, 0x08, 0x61, 0x08,
    0x61, 0x08, 0x61, 0x08, 0x61, 0x08, 0x61, 0x08, 0x61, 0x08, 0x61, 0x08, 0x61, 0x08, 0x61, 0x08,
    0x61, 0x08, 0x61, 0x08, 0x61, 0x08, 0x61, 0x08, 0x61, 0x08, 0x61, 0x08, 0x61, 0x08, 0x61, 0x08,
    0x61, 0x08, 0x61, 0x08, 0x61, 0x08, 0x61, 0x08, 0x61, 0x08, 0x61, 0x08, 0x61, 0x08, 0x61, 0x08,
    0x61, 0x08, 0x61, 0x08, 0x61, 0x08, 0x61, 0x08, 0x61, 0x08, 0x61, 0x08, 0x61, 0x08, 0x61, 0x08,
    0x61, 0x08, 0x61, 0x08, 0x61, 0x08, 0x61, 0x08, 0x61, 0x08, 0x61, 0x08, 0x61, 0x08, 0x61, 0x08,
    0x61, 0x08, 0x61, 0x08, 0x61, 0x08, 0x61, 0x08, 0x61, 0x08, 0x61, 0x08, 0x61, 0x08, 0x61, 0x08,
    0x61, 0x08, 0x61, 0x08, 0x61, 0x08, 0x61, 0x08, 0x61, 0x08, 0x61, 0x08, 0x61, 0x08, 0x61, 0x08,
    0x61, 0x08, 0x61, 0x08, 0x61, 0x08, 0x61, 0x08, 0x61, 0x08, 0x61, 0x08, 0x61, 0x08, 0x61, 0x08,
    0x61, 0x08, 0x61, 0x08, 0x61, 0x08, 0x61, 0x08, 0x61, 0x08, 0x61, 0x08, 0x61, 0x08, 0x61, 0x08,
    0x61, 0x08, 0x61, 0x08, 0x61, 0x08, 0x61, 0x08, 0x61, 0x08, 0x61, 0x08, 0x61, 0x08, 0x61, 0x08,
    0x61, 0x08, 0x61, 0x08, 0x61, 0x08, 0x61, 0x08, 0x61, 0x08, 0x61, 0x08, 0x61, 0x08, 0x61, 0x08,
    0x61, 0x08, 0x61, 0x08, 0x61, 0x08, 0x61, 0x08, 0x61, 0x08, 0x61, 0x08, 0x61, 0x08, 0x61, 0x08,
    0x61, 0x08, 0x61, 0x08, 0x61, 0x08, 0x61, 0x08, 0x61, 0x08, 0x61, 0x08, 0x61, 0x08, 0x61, 0x08,
    0x61, 0x08, 0x61, 0x08, 0x61, 0x08, 0x61, 0x08, 0x61, 0x08, 0x61, 0x08, 0x61, 0x08, 0x61, 0x08,
    0x61, 0x08, 0x61, 0x08, 0x61, 0x08, 0x61, 0x08, 0x61, 0x08, 0x61, 0x08, 0x61, 0x08, 0x61, 0x08,
    0x61, 0x08, 0x61, 0x08, 0x61, 0x08, 0x61, 0x08, 0x61, 0x08, 0x61, 0x08, 0x61, 0x08, 0x61, 0x08,
    0x61, 0x08, 0x61, 0x08, 0x61, 0x08, 0x61, 0x08, 0x61, 0x08, 0x61, 0x08, 0x61, 0x08, 0x61, 0x08,
    0x61, 0x08, 0x61, 0x08, 0x61, 0x08, 0x61, 0x08, 0x61, 0x08, 0x61, 0x08, 0x61, 0x08, 0x61, 0x08,
    0x61, 0x08, 0x61, 0x08, 0x61, 0x08, 0x61, 0x08, 0x61, 0x08, 0x61, 0x08, 0x61, 0x08, 0x61, 0x08,
    0x61, 0x08, 0x61, 0x08, 0x61, 0x08, 0x61, 0x08, 0x61, 0x08, 0x61, 0x08, 0x61, 0x08, 0x61, 0x08,
    0x61, 0x08, 0x61, 0x08, 0x61, 0x08, 0x61, 0x08, 0x61, 0x08, 0x61, 0x08, 0x61, 0x08, 0x61, 0x08,
    0x61, 0x08, 0x61, 0x08, 0x61, 0x08, 0x61, 0x08, 0x61, 0x08, 0x61, 0x08, 0x61, 0x08, 0x61, 0x08,
    0x61, 0x08, 0x61, 0x08, 0x61, 0x08, 0x61, 0x08, 0x61, 0x08, 0x61, 0x08, 0x61, 0x08, 0x61, 0x08,
    0x61, 0x08, 0x61, 0x08, 0x61, 0x08, 0x61, 0x08, 0x61, 0x08, 0x61, 0x08, 0x61, 0x08, 0x61, 0x08,
    0x61, 0x08, 0x61, 0x08, 0x61, 0x08, 0x61, 0x08, 0x61, 0x08, 0x61, 0x08, 0x61, 0x08, 0x61, 0x08,
    0x61, 0x08, 0x61, 0x08, 0x61, 0x08, 0x61, 0x08, 0x61, 0x08, 0x61, 0x08, 0x61, 0x08, 0x61, 0x08,
    0x61, 0x08, 0x61, 0x08, 0x61, 0x08, 0x61, 0x08, 0x61, 0x08, 0x61, 0x08, 0x61, 0x08, 0x61, 0x08,
    0x61, 0x08, 0x61, 0x08, 0x61, 0x08, 0x61, 0x08, 0x61, 0x08, 0x61, 0x08, 0x61, 0x08, 0x61, 0x08,
    0x61, 0x08, 0x61, 0x08, 0x61, 0x08, 0x61, 0x08, 0x61, 0x08, 0x61, 0x08, 0x61, 0x08, 0x61, 0x08,
    0x61, 0x08, 0x61, 0x08, 0x61, 0x08, 0x61, 0x08, 0x61, 0x08, 0x61, 0x08, 0x61, 0x08, 0x61, 0x08,
    0x61, 0x08, 0x61, 0x08, 0x61, 0x08, 0x61, 0x08, 0x61, 0x08, 0x61, 0x08, 0x61, 0x08, 0x61, 0x08,
    0x61, 0x08, 0x61, 0x08, 0x61, 0x08, 0x61, 0x08, 0x61, 0x08, 0x61, 0x08, 0x61, 0x08, 0x61, 0x08,
    0x61, 0x08, 0x61, 0x08, 0x61, 0x08, 0x61, 0x08, 0x61, 0x08, 0x61, 0x08, 0x61, 0x08, 0x61, 0x08,
    0x61, 0x08, 0x61, 0x08, 0x61, 0x08, 0x61, 0x08, 0x61, 0x08, 0x61, 0x08, 0x61, 0x08, 0x61, 0x08,
    0x61, 0x08, 0x61, 0x08, 0x61, 0x08, 0x61, 0x08, 0x61, 0x08, 0x61, 0x08, 0x61, 0x08, 0x61, 0x08,
    0x61, 0x08, 0x61, 0x08, 0x61, 0x08, 0x61, 0x08, 0x61, 0x08, 0x61, 0x08, 0x61, 0x08, 0x61, 0x08,
    0x61, 0x08, 0x61, 0x08, 0x61, 0x08, 0x61, 0x08, 0x61, 0x08, 0x61, 0x08, 0x61, 0x08, 0x61, 0x08,
    0x61, 0x08, 0x61, 0x08, 0x61, 0x08, 0x61, 0x08, 0x61, 0x08, 0x61, 0x08, 0x61, 0x08, 0x61, 0x08,
    0x61, 0x08, 0x61, 0x08, 0x61, 0x08, 0x61, 0x08, 0x61, 0x08, 0x61, 0x08, 0x61, 0x08, 0x61, 0x08,
    0x61, 0x08, 0x61, 0x08, 0x61, 0x08, 0x61, 0x08, 0x61, 0x08, 0x61, 0x08, 0x61, 0x08, 0x61, 0x08,
    0x61, 0x08, 0x61, 0x08, 0x61, 0x08, 0x61, 0x08, 0x61, 0x08, 0x61, 0x08, 0x61, 0x08, 0x61, 0x08,
    0x61, 0x08, 0x61, 0x08, 0x61, 0x08, 0x61, 0x08, 0x61, 0x08, 0x61, 0x08, 0x61, 0x08, 0x61, 0x08,
    0x61, 0x08, 0x61, 0x08, 0x61, 0x08, 0x61, 0x08, 0x61, 0x08, 0x61, 0x08, 0x61, 0x08, 0x61, 0x08,
    0x61, 0x08, 0x61, 0x08, 0x61, 0x08, 0x61, 0x08, 0x61, 0x08, 0x61, 0x08, 0x61, 0x08, 0x61, 0x08,
    0x61, 0x08, 0x61, 0x08, 0x61, 0x08, 0x61, 0x08, 0x61, 0x08, 0x61, 0x08, 0x61, 0x08, 0x61, 0x08,
    0x61, 0x08, 0x61, 0x08, 0x61, 0x08, 0x61, 0x08, 0x61, 0x08, 0x61, 0x08, 0x61, 0x08, 0x61, 0x08,
    0x61, 0x08, 0x61, 0x08, 0x61, 0x08, 0x61, 0x08, 0x61, 0x08, 0x61, 0x08, 0x61, 0x08, 0x61, 0x08,
    0x61, 0x08, 0x61, 0x08, 0x61, 0x08, 0x61, 0x08, 0x61, 0x08, 0x61, 0x08, 0x61, 0x08, 0x61, 0x08,
    0x61, 0x08, 0x61, 0x08, 0x61, 0x08, 0x61, 0x08, 0x61, 0x08, 0x61, 0x08, 0x61, 0x08, 0x61, 0x08,
    0x61, 0x08, 0x61, 0x08, 0x61, 0x08, 0x61, 0x08, 0x61, 0x08, 0x61, 0x08, 0x61, 0x08, 0x61, 0x08,
    0x61, 0x08, 0x61, 0x08, 0x61, 0x08, 0x61, 0x08, 0x61, 0x08, 0x61, 0x08, 0x61, 0x08, 0x61, 0x08,
    0x61, 0x08, 0x61, 0x08, 0x61, 0x08, 0x61, 0x08, 0x61, 0x08, 0x61, 0x08, 0x61, 0x08, 0x61, 0x08,
    0x61, 0x08, 0x61, 0x08, 0x61, 0x08, 0x61, 0x08, 0x61, 0x08, 0x61, 0x08, 0x61, 0x08, 0x61, 0x08,
    0x61, 0x08, 0x61, 0x08, 0x61, 0x08, 0x61, 0x08, 0x61, 0x08, 0x61, 0x08, 0x61, 0x08, 0x61, 0x08,
    0x61, 0x08, 0x61, 0x08, 0x61, 0x08, 0x61, 0x08, 0x61, 0x08, 0x61, 0x08, 0x61, 0x08, 0x61, 0x08,
    0x61, 0x08, 0x61, 0x08, 0x61, 0x08, 0x61, 0x08, 0x61, 0x08, 0x61, 0x08, 0x61, 0x08, 0x61, 0x08,
    0x61, 0x08, 0x61, 0x08, 0x61, 0x08, 0x61, 0x08, 0x61, 0x08, 0x61, 0x08, 0x61, 0x08, 0x61, 0x08,
    0x61, 0x08, 0x61, 0x08, 0x61, 0x08, 0x61, 0x08, 0x61, 0x08, 0x61, 0x08, 0x61, 0x08, 0x61, 0x08,
    0x61, 0x08, 0x61, 0x08, 0x61, 0x08, 0x61, 0x08, 0x61, 0x08, 0x61, 0x08, 0x61, 0x08, 0x61, 0x08,
    0x61, 0x08, 0x61, 0x08, 0x61, 0x08, 0x61, 0x08, 0x61, 0x08, 0x61, 0x08, 0x61, 0x08, 0x61, 0x08,
    0x61, 0x08, 0x61, 0x08, 0x61, 0x08, 0x61, 0x08, 0x61, 0x08, 0x61, 0x08, 0x61, 0x08, 0x61, 0x08,
    0x61, 0x08, 0x61, 0x08, 0x61, 0x08, 0x61, 0x08, 0x61, 0x08, 0x61, 0x08, 0x61, 0x08, 0x61, 0x08,
    0x61, 0x08, 0x61, 0x08, 0x61, 0x08, 0x61, 0x08, 0x61, 0x08, 0x61, 0x08, 0x61, 0x08, 0x61, 0x08,
    0x61, 0x08, 0x61, 0x08, 0x61, 0x08, 0x61, 0x08, 0x61, 0x08, 0x61, 0x08, 0x61, 0x08, 0x61, 0x08,
    0x61, 0x08, 0x61, 0x08, 0x61, 0x08, 0x61, 0x08, 0x61, 0x08, 0x61, 0x08, 0x61, 0x08, 0x61, 0x08,
    0x61, 0x08, 0x61, 0x08, 0x61, 0x08, 0x61, 0x08, 0x61, 0x08, 0x61, 0x08, 0x61, 0x08, 0x61, 0x08,
    0x61, 0x08, 0x61, 0x08, 0x61, 0x08, 0x61, 0x08, 0x61, 0x08, 0x61, 0x08, 0x61, 0x08, 0x61, 0x08,
    0x61, 0x08, 0x61, 0x08, 0x61, 0x08, 0x61, 0x08, 0x61, 0x08, 0x61, 0x08, 0x61, 0x08, 0x61, 0x08,
    0x61, 0x08, 0x61, 0x08, 0x61, 0x08, 0x61, 0x08, 0x61, 0x08, 0x61, 0x08, 0x61, 0x08, 0x61, 0x08,
    0x61, 0x08, 0x61, 0x08, 0x61, 0x08, 0x61, 0x08, 0x61, 0x08, 0x61, 0x08, 0x61, 0x08, 0x61, 0x08,
    0x61, 0x08, 0x61, 0x08, 0x61, 0x08, 0x61, 0x08, 0x61, 0x08, 0x61, 0x08, 0x61, 0x08, 0x61, 0x08,
    0x61, 0x08, 0x61, 0x08, 0x61, 0x08, 0x61, 0x08, 0x61, 0x08, 0x61, 0x08, 0x61, 0x08, 0x61, 0x08,
    0x61, 0x08, 0x61, 0x08, 0x61, 0x08, 0x61, 0x08, 0x61, 0x08, 0x61, 0x08, 0x61, 0x08, 0x61, 0x08,
    0x61, 0x08, 0x61, 0x08, 0x61, 0x08, 0x61, 0x08, 0x61, 0x08, 0x61, 0x08, 0x61, 0x08, 0x61, 0x08,
    0x61, 0x08, 0x61, 0x08, 0x61, 0x08, 0x61, 0x08, 0x61, 0x08, 0x61, 0x08, 0x61, 0x08, 0x61, 0x08,
    0x61, 0x08, 0x61, 0x08, 0x61, 0x08, 0x61, 0x08, 0x61, 0x08, 0x61, 0x08, 0x61, 0x08, 0x61, 0x08,
    0x61, 0x08, 0x61, 0x08, 0x61, 0x08, 0x61, 0x08, 0x61, 0x08, 0x61, 0x08, 0x61, 0x08, 0x61, 0x08,
    0x61, 0x08, 0x61, 0x08, 0x61, 0x08, 0x61, 0x08, 0x61, 0x08, 0x61, 0x08, 0x61, 0x08, 0x61, 0x08,
    0x61, 0x08, 0x61, 0x08, 0x61, 0x08, 0x61, 0x08, 0x61, 0x08, 0x61, 0x08, 0x61, 0x08, 0x61, 0x08,
    0x61, 0x08, 0x61, 0x08, 0x61, 0x08, 0x61, 0x08, 0x61, 0x08, 0x61, 0x08, 0x61, 0x08, 0x61, 0x08,
    0x61, 0x08, 0x61, 0x08, 0x61, 0x08, 0x61, 0x08, 0x61, 0x08, 0x61, 0x08, 0x61, 0x08, 0x61, 0x08,
    0x61, 0x08, 0x61, 0x08, 0x61, 0x08, 0x61, 0x08, 0x61, 0x08, 0x61, 0x08, 0x61, 0x08, 0x61, 0x08,
    0x61, 0x08, 0x61, 0x08, 0x61, 0x08, 0x61, 0x08, 0x61, 0x08, 0x61, 0x08, 0x61, 0x08, 0x61, 0x08,
    0x61, 0x08, 0x61, 0x08, 0x61, 0x08, 0x61, 0x08, 0x61, 0x08, 0x61, 0x08, 0x61, 0x08, 0x61, 0x08,
    0x61, 0x08, 0x61, 0x08, 0x61, 0x08, 0x61, 0x08, 0x61, 0x08, 0x61, 0x08, 0x61, 0x08, 0x61, 0x08,
    0x61, 0x08, 0x61, 0x08, 0x61, 0x08, 0x61, 0x08, 0x61, 0x08, 0x61, 0x08, 0x61, 0x08, 0x61, 0x08,
    0x61, 0x08, 0x61, 0x08, 0x61, 0x08, 0x61, 0x08, 0x61, 0x08, 0x61, 0x08, 0x61, 0x08, 0x61, 0x08,
    0x61, 0x08, 0x61, 0x08, 0x61, 0x08, 0x61, 0x08, 0x61, 0x08, 0x61, 0x08, 0x61, 0x08, 0x61, 0x08,
    0x61, 0x08, 0x61, 0x08, 0x61, 0x08, 0x61, 0x08, 0x61, 0x08, 0x61, 0x08, 0x61, 0x08, 0x61, 0x08,
    0x61, 0x08, 0x61, 0x08, 0x61, 0x08, 0x61, 0x08, 0x61, 0x08, 0x61, 0x08, 0x61, 0x08, 0x61, 0x08,
    0x61, 0x08, 0x61, 0x08, 0x61, 0x08, 0x61, 0x08, 0x61, 0x08, 0x61, 0x08, 0x61, 0x08, 0x61, 0x08,
    0x61, 0x08, 0x61, 0x08, 0x61, 0x08, 0x61, 0x08, 0x61, 0x08, 0x61, 0x08, 0x61, 0x08, 0x61, 0x08,
    0x61, 0x08, 0x61, 0x08, 0x61, 0x08, 0x61, 0x08, 0x61, 0x08, 0x61, 0x08, 0x61, 0x08, 0x61, 0x08,
    0x61, 0x08, 0x61, 0x08, 0x61, 0x08, 0x61, 0x08, 0x61, 0x08, 0x61, 0x08, 0x61, 0x08, 0x61, 0x08,
    0x61, 0x08, 0x61, 0x08, 0x61, 0x08, 0x61, 0x08, 0x61, 0x08, 0x61, 0x08, 0x61, 0x08, 0x61, 0x08,
    0x61, 0x08, 0x61, 0x08, 0x61, 0x08, 0x61, 0x08, 0x61, 0x08, 0x61, 0x08, 0x61, 0x08, 0x61, 0x08,
    0x61, 0x08, 0x61, 0x08, 0x61, 0x08, 0x61, 0x08, 0x61, 0x08, 0x61, 0x08, 0x61, 0x08, 0x61, 0x08,
    0x61, 0x08, 0x61, 0x08, 0x61, 0x08, 0x61, 0x08, 0x61, 0x08, 0x61, 0x08, 0x61, 0x08, 0x61, 0x08,
    0x61, 0x08, 0x61, 0x08, 0x61, 0x08, 0x61, 0x08, 0x61, 0x08, 0x61, 0x08, 0x61, 0x08, 0x61, 0x08,
    0x61, 0x08, 0x61, 0x08, 0x61, 0x08, 0x61, 0x08, 0x61, 0x08, 0x61, 0x08, 0x61, 0x08, 0x61, 0x08,
    0x61, 0x08, 0x61, 0x08, 0x61, 0x08, 0x61, 0x08, 0x61, 0x08, 0x61, 0x08, 0x61, 0x08, 0x61, 0x08,
    0x61, 0x08, 0x61, 0x08, 0x61, 0x08, 0x61, 0x08, 0x61, 0x08, 0x61, 0x08, 0x61, 0x08, 0x61, 0x08,
    0x61, 0x08, 0x61, 0x08, 0x61, 0x08, 0x61, 0x08, 0x61, 0x08, 0x61, 0x08, 0x61, 0x08, 0x61, 0x08,
    0x61, 0x08, 0x61, 0x08, 0x61, 0x08, 0x61, 0x08, 0x61, 0x08, 0x61, 0x08, 0x61, 0x08, 0x61, 0x08,
    0x61, 0x08, 0x61, 0x08, 0x61, 0x08, 0x61, 0x08, 0x61, 0x08, 0x61, 0x08, 0x61, 0x08, 0x61, 0x08,
    0x61, 0x08, 0x61, 0x08, 0x61, 0x08, 0x61, 0x08, 0x61, 0x08, 0x61, 0x08, 0x61, 0x08, 0x61, 0x08,
    0x61, 0x08, 0x61, 0x08, 0x61, 0x08, 0x61, 0x08, 0x61, 0x08, 0x61, 0x08, 0x61, 0x08, 0x61, 0x08,
    0x61, 0x08, 0x61, 0x08, 0x61, 0x08, 0x61, 0x08, 0x61, 0x08, 0x61, 0x08, 0x61, 0x08, 0x61, 0x08,
    0x61, 0x08, 0x61, 0x08, 0x61, 0x08, 0x61, 0x08, 0x61, 0x08, 0x61, 0x08, 0x61, 0x08, 0x61, 0x08,
    0x61, 0x08, 0x61, 0x08, 0x61, 0x08, 0x61, 0x08, 0x61, 0x08, 0x61, 0x08, 0x61, 0x08, 0x61, 0x08,
    0x61, 0x08, 0x61, 0x08, 0x61, 0x08, 0x61, 0x08, 0x61, 0x08, 0x61, 0x08, 0x61, 0x08, 0x61, 0x08,
    0x61, 0x08, 0x61, 0x08, 0x61, 0x08, 0x61, 0x08, 0x61, 0x08, 0x61, 0x08, 0x61, 0x08, 0x61, 0x08,
    0x61, 0x08, 0x61, 0x08, 0x61, 0x08, 0x61, 0x08, 0x61, 0x08, 0x61, 0x08, 0x61, 0x08, 0x61, 0x08,
    0x61, 0x08, 0x61, 0x08, 0x61, 0x08, 0x61, 0x08, 0x61, 0x08, 0x61, 0x08, 0x61, 0x08, 0x61, 0x08,
    0x61, 0x08, 0x61, 0x08, 0x61, 0x08, 0x61, 0x08, 0x61, 0x08, 0x61, 0x08, 0x61, 0x08, 0x61, 0x08,
    0x61, 0x08, 0x61, 0x08, 0x61, 0x08, 0x61, 0x08, 0x61, 0x08, 0x61, 0x08, 0x61, 0x08, 0x61, 0x08,
    0x61, 0x08, 0x61, 0x08, 0x61, 0x08, 0x61, 0x08, 0x61, 0x08, 0x61, 0x08, 0x61, 0x08, 0x61, 0x08,
    0x61, 0x08, 0x61, 0x08, 0x61, 0x08, 0x61, 0x08, 0x61, 0x08, 0x61, 0x08, 0x61, 0x08, 0x61, 0x08,
    0x61, 0x08, 0x61, 0x08, 0x61, 0x08, 0x61, 0x08, 0x61, 0x08, 0x61, 0x08, 0x61, 0x08, 0x61, 0x08,
    0x61, 0x08, 0x61, 0x08, 0x61, 0x08, 0x61, 0x08, 0x61, 0x08, 0x61, 0x08, 0x61, 0x08, 0x61, 0x08,
    0x61, 0x08, 0x61, 0x08, 0x61, 0x08, 0x61, 0x08, 0x61, 0x08, 0x61, 0x08, 0x61, 0x08, 0x61, 0x08,
    0x61, 0x08, 0x61, 0x08, 0x61, 0x08, 0x61, 0x08, 0x61, 0x08, 0x61, 0x08, 0x61, 0x08, 0x61, 0x08,
    0x61, 0x08, 0x61, 0x08, 0x61, 0x08, 0x61, 0x08, 0x61, 0x08, 0x61, 0x08, 0x61, 0x08, 0x61, 0x08,
    0x61, 0x08, 0x61, 0x08, 0x61, 0x08, 0x61, 0x08, 0x61, 0x08, 0x61, 0x08, 0x61, 0x08, 0x61, 0x08,
    0x61, 0x08, 0x61, 0x08, 0x61, 0x08, 0x61, 0x08, 0x61, 0x08, 0x61, 0x08, 0x61, 0x08, 0x61, 0x08,
    0x61, 0x08, 0x61, 0x08, 0x61, 0x08, 0x61, 0x08, 0x61, 0x08, 0x61, 0x08, 0x61, 0x08, 0x61, 0x08,
    0x61, 0x08, 0x61, 0x08, 0x61, 0x08, 0x61, 0x08, 0x61, 0x08, 0x61, 0x08, 0x61, 0x08, 0x61, 0x08,
    0x61, 0x08, 0x61, 0x08, 0x61, 0x08, 0x61, 0x08, 0x61, 0x08, 0x61, 0x08, 0x61, 0x08, 0x61, 0x08,
    0x61, 0x08, 0x61, 0x08, 0x61, 0x08, 0x61, 0x08, 0x61, 0x08, 0x61, 0x08, 0x61, 0x08, 0x61, 0x08,
    0x61, 0x08, 0x61, 0x08, 0x61, 0x08, 0x61, 0x08, 0x61, 0x08, 0x61, 0x08, 0x61, 0x08, 0x61, 0x08,
    0x61, 0x08, 0x61, 0x08, 0x61, 0x08, 0x61, 0x08, 0x61, 0x08, 0x61, 0x08, 0x61, 0x08, 0x61, 0x08,
    0x61, 0x08, 0x61, 0x08, 0x61, 0x08, 0x61, 0x08, 0x61, 0x08, 0x61, 0x08, 0x61, 0x08, 0x61, 0x08,
    0x61, 0x08, 0x61, 0x08, 0x61, 0x08, 0x61, 0x08, 0x61, 0x08, 0x61, 0x08, 0x61, 0x08, 0x61, 0x08,
    0x61, 0x08, 0x61, 0x08, 0x61, 0x08, 0x61, 0x08, 0x61, 0x08, 0x61, 0x08, 0x61, 0x08, 0x61, 0x08,
    0x61, 0x08, 0x61, 0x08, 0x61, 0x08, 0x61, 0x08, 0x61, 0x08, 0x61, 0x08, 0x61, 0x08, 0x61, 0x08,
    0x61, 0x08, 0x61, 0x08, 0x61, 0x08, 0x61, 0x08, 0x61, 0x08, 0x61, 0x08, 0x61, 0x08, 0x61, 0x08,
    0x61, 0x08, 0x61, 0x08, 0x61, 0x08, 0x61, 0x08, 0x61, 0x08, 0x61, 0x08, 0x61, 0x08, 0x61, 0x08,
    0x61, 0x08, 0x61, 0x08, 0x61, 0x08, 0x61, 0x08, 0x61, 0x08, 0x61, 0x08, 0x61, 0x08, 0x61, 0x08,
    0x61, 0x08, 0x61, 0x08, 0x61, 0x08, 0x61, 0x08, 0x61, 0x08, 0x61, 0x08, 0x61, 0x08, 0x61, 0x08,
    0x61, 0x08, 0x61, 0x08, 0x61, 0x08, 0x61, 0x08, 0x61, 0x08, 0x61, 0x08, 0x61, 0x08, 0x61, 0x08,
    0x61, 0x08, 0x61, 0x08, 0x61, 0x08, 0x61, 0x08, 0x61, 0x08, 0x61, 0x08, 0x61, 0x08, 0x61, 0x08,
    0x61, 0x08, 0x61, 0x08, 0x61, 0x08, 0x61, 0x08, 0x61, 0x08, 0x61, 0x08, 0x61, 0x08, 0x61, 0x08,
    0x61, 0x08, 0x61, 0x08, 0x61, 0x08, 0x61, 0x08, 0x61, 0x08, 0x61, 0x08, 0x61, 0x08, 0x61, 0x08,
    0x61, 0x08, 0x61, 0x08, 0x61, 0x08, 0x61, 0x08, 0x61, 0x08, 0x61, 0x08, 0x61, 0x08, 0x61, 0x08,
    0x61, 0x08, 0x61, 0x08, 0x61, 0x08, 0x61, 0x08, 0x61, 0x08, 0x61, 0x08, 0x61, 0x08, 0x61, 0x08,
    0x61, 0x08, 0x61, 0x08, 0x61, 0x08, 0x61, 0x08, 0x61, 0x08, 0x61, 0x08, 0x61, 0x08, 0x61, 0x08,
    0x61, 0x08, 0x61, 0x08, 0x61, 0x08, 0x61, 0x08, 0x61, 0x08, 0x61, 0x08, 0x61, 0x08, 0x61, 0x08,
    0x61, 0x08, 0x61, 0x08, 0x61, 0x08, 0x61, 0x08, 0x61, 0x08, 0x61, 0x08, 0x61, 0x08, 0x61, 0x08,
    0x61, 0x08, 0x61, 0x08, 0x61, 0x08, 0x61, 0x08, 0x61, 0x08, 0x61, 0x08, 0x61, 0x08, 0x61, 0x08,
    0x61, 0x08, 0x61, 0x08, 0x61, 0x08, 0x61, 0x08, 0x61, 0x08, 0x61, 0x08, 0x61, 0x08, 0x61, 0x08,
    0x61, 0x08, 0x61, 0x08, 0x61, 0x08, 0x61, 0x08, 0x61, 0x08, 0x61, 0x08, 0x61, 0x08, 0x61, 0x08,
    0x61, 0x08, 0x61, 0x08, 0x61, 0x08, 0x61, 0x08, 0x61, 0x08, 0x61, 0x08, 0x61, 0x08, 0x61, 0x08,
    0x61, 0x08, 0x61, 0x08, 0x61, 0x08, 0x61, 0x08, 0x61, 0x08, 0x61, 0x08, 0x61, 0x08, 0x61, 0x08,
    0x61, 0x08, 0x61, 0x08, 0x61, 0x08, 0x61, 0x08, 0x61, 0x08, 0x61, 0x08, 0x61, 0x08, 0x61, 0x08,
    0x61, 0x08, 0x61, 0x08, 0x61, 0x08, 0x61, 0x08, 0x61, 0x08, 0x61, 0x08, 0x61, 0x08, 0x61, 0x08,
    0x61, 0x08, 0x61, 0x08, 0x61, 0x08, 0x61, 0x08, 0x61, 0x08, 0x61, 0x08, 0x61, 0x08, 0x61, 0x08,
    0x61, 0x08, 0x61, 0x08, 0x61, 0x08, 0x61, 0x08, 0x61, 0x08, 0x61, 0x08, 0x61, 0x08, 0x61, 0x08,
    0x61, 0x08, 0x61, 0x08, 0x61, 0x08, 0x61, 0x08, 0x61, 0x08, 0x61, 0x08, 0x61, 0x08, 0x61, 0x08,
    0x61, 0x08, 0x61, 0x08, 0x61, 0x08, 0x61, 0x08, 0x61, 0x08, 0x61, 0x08, 0x61, 0x08, 0x61, 0x08,
    0x61, 0x08, 0x61, 0x08, 0x61, 0x08, 0x61, 0x08, 0x61, 0x08, 0x61, 0x08, 0x61, 0x08, 0x61, 0x08,
    0x61, 0x08, 0x61, 0x08, 0x61, 0x08, 0x61, 0x08, 0x61, 0x08, 0x61, 0x08, 0x61, 0x08, 0x61, 0x08,
    0x61, 0x08, 0x61, 0x08, 0x61, 0x08, 0x61, 0x08, 0x61, 0x08, 0x61, 0x08, 0x61, 0x08, 0x61, 0x08,
    0x61, 0x08, 0x61, 0x08, 0x61, 0x08, 0x61, 0x08, 0x61, 0x08, 0x61, 0x08, 0x61, 0x08, 0x61, 0x08,
    0x61, 0x08, 0x61, 0x08, 0x61, 0x08, 0x61, 0x08, 0x61, 0x08, 0x61, 0x08, 0x61, 0x08, 0x61, 0x08,
    0x61, 0x08, 0x61, 0x08, 0x61, 0x08, 0x61, 0x08, 0x61, 0x08, 0x61, 0x08, 0x61, 0x08, 0x61, 0x08,
    0x61, 0x08, 0x61, 0x08, 0x61, 0x08, 0x61, 0x08, 0x61, 0x08, 0x61, 0x08, 0x61, 0x08, 0x61, 0x08,
    0x61, 0x08, 0x61, 0x08, 0x61, 0x08, 0x61, 0x08, 0x61, 0x08, 0x61, 0x08, 0x61, 0x08, 0x61, 0x08,
    0x61, 0x08, 0x61, 0x08, 0x61, 0x08, 0x61, 0x08, 0x61, 0x08, 0x61, 0x08, 0x61, 0x08, 0x61, 0x08,
    0x61, 0x08, 0x61, 0x08, 0x61, 0x08, 0x61, 0x08, 0x61, 0x08, 0x61, 0x08, 0x61, 0x08, 0x61, 0x08,
    0x61, 0x08, 0x61, 0x08, 0x61, 0x08, 0x61, 0x08, 0x61, 0x08, 0x61, 0x08, 0x61, 0x08, 0x61, 0x08,
    0x61, 0x08, 0x61, 0x08, 0x61, 0x08, 0x61, 0x08, 0x61, 0x08, 0x61, 0x08, 0x61, 0x08, 0x61, 0x08,
    0x61, 0x08, 0x61, 0x08, 0x61, 0x08, 0x61, 0x08, 0x61, 0x08, 0x61, 0x08, 0x61, 0x08, 0x61, 0x08,
    0x61, 0x08, 0x61, 0x08, 0x61, 0x08, 0x61, 0x08, 0x61, 0x08, 0x61, 0x08, 0x61, 0x08, 0x61, 0x08,
    0x61, 0x08, 0x61, 0x08, 0x61, 0x08, 0x61, 0x08, 0x61, 0x08, 0x61, 0x08, 0x61, 0x08, 0x61, 0x08,
    0x61, 0x08, 0x61, 0x08, 0x61, 0x08, 0x61, 0x08, 0x61, 0x08, 0x61, 0x08, 0x61, 0x08, 0x61, 0x08,
    0x61, 0x08, 0x61, 0x08, 0x61, 0x08, 0x61, 0x08, 0x61, 0x08, 0x61, 0x08, 0x61, 0x08, 0x61, 0x08,
    0x61, 0x08, 0x61, 0x08, 0x61, 0x08, 0x61, 0x08, 0x61, 0x08, 0x61, 0x08, 0x61, 0x08, 0x61, 0x08,
    0x61, 0x08, 0x61, 0x08, 0x61, 0x08, 0x61, 0x08, 0x61, 0x08, 0x61, 0x08, 0x61, 0x08, 0x61, 0x08,
    0x61, 0x08, 0x61, 0x08, 0x61, 0x08, 0x61, 0x08, 0x61, 0x08, 0x61, 0x08, 0x61, 0x08, 0x61, 0x08,
    0x61, 0x08, 0x61, 0x08, 0x61, 0x08, 0x61, 0x08, 0x61, 0x08, 0x61, 0x08, 0x61, 0x08, 0x61, 0x08,
    0x61, 0x08, 0x61, 0x08, 0x61, 0x08, 0x61, 0x08, 0x61, 0x08, 0x61, 0x08, 0x61, 0x08, 0x61, 0x08,
    0x61, 0x08, 0x61, 0x08, 0x61, 0x08, 0x61, 0x08, 0x61, 0x08, 0x61, 0x08, 0x61, 0x08, 0x61, 0x08,
    0x61, 0x08, 0x61, 0x08, 0x61, 0x08, 0x61, 0x08, 0x61, 0x08, 0x61, 0x08, 0x61, 0x08, 0x61, 0x08,
    0x61, 0x08, 0x61, 0x08, 0x61, 0x08, 0x61, 0x08, 0x61, 0x08, 0x61, 0x08, 0x61, 0x08, 0x61, 0x08,
    0x61, 0x08, 0x61, 0x08, 0x61, 0x08, 0x61, 0x08, 0x61, 0x08, 0x61, 0x08, 0x61, 0x08, 0x61, 0x08,
    0x61, 0x08, 0x61, 0x08, 0x61, 0x08, 0x61, 0x08, 0x61, 0x08, 0x61, 0x08, 0x61, 0x08, 0x61, 0x08,
    0x61, 0x08, 0x61, 0x08, 0x61, 0x08, 0x61, 0x08, 0x61, 0x08, 0x61, 0x08, 0x61, 0x08, 0x61, 0x08,
    0x61, 0x08, 0x61, 0x08, 0x61, 0x08, 0x61, 0x08, 0x61, 0x08, 0x61, 0x08, 0x61, 0x08, 0x61, 0x08,
    0x61, 0x08, 0x61, 0x08, 0x61, 0x08, 0x61, 0x08, 0x61, 0x08, 0x61, 0x08, 0x61, 0x08, 0x61, 0x08,
    0x61, 0x08, 0x61, 0x08, 0x61, 0x08, 0x61, 0x08, 0x61, 0x08, 0x61, 0x08, 0x61, 0x08, 0x61, 0x08,
    0x61, 0x08, 0x61, 0x08, 0x61, 0x08, 0x61, 0x08, 0x61, 0x08, 0x61, 0x08, 0x61, 0x08, 0x61, 0x08,
    0x61, 0x08, 0x61, 0x08, 0x61, 0x08, 0x61, 0x08, 0x61, 0x08, 0x61, 0x08, 0x61, 0x08, 0x61, 0x08,
    0x61, 0x08, 0x61, 0x08, 0x61, 0x08, 0x61, 0x08, 0x61, 0x08, 0x61, 0x08, 0x61, 0x08, 0x61, 0x08,
    0x61, 0x08, 0x61, 0x08, 0x61, 0x08, 0x61, 0x08, 0x61, 0x08, 0x61, 0x08, 0x61, 0x08, 0x61, 0x08,
    0x61, 0x08, 0x61, 0x08, 0x61, 0x08, 0x61, 0x08, 0x61, 0x08, 0x61, 0x08, 0x61, 0x08, 0x61, 0x08,
    0x61, 0x08, 0x61, 0x08, 0x61, 0x08, 0x61, 0x08, 0x61, 0x08, 0x61, 0x08, 0x61, 0x08, 0x61, 0x08,
    0x61, 0x08, 0x61, 0x08, 0x61, 0x08, 0x61, 0x08, 0x61, 0x08, 0x61, 0x08, 0x61, 0x08, 0x61, 0x08,
    0x61, 0x08, 0x61, 0x08, 0x61, 0x08, 0x61, 0x08, 0x61, 0x08, 0x61, 0x08, 0x61, 0x08, 0x61, 0x08,
    0x61, 0x08, 0x61, 0x08, 0x61, 0x08, 0x61, 0x08, 0x61, 0x08, 0x61, 0x08, 0x61, 0x08, 0x61, 0x08,
    0x61, 0x08, 0x61, 0x08, 0x61, 0x08, 0x61, 0x08, 0x61, 0x08, 0x61, 0x08, 0x61, 0x08, 0x61, 0x08,
    0x61, 0x08, 0x61, 0x08, 0x61, 0x08, 0x61, 0x08, 0x61, 0x08, 0x61, 0x08, 0x61, 0x08, 0x61, 0x08,
    0x61, 0x08, 0x61, 0x08, 0x61, 0x08, 0x61, 0x08, 0x61, 0x08, 0x61, 0x08, 0x61, 0x08, 0x61, 0x08,
    0x61, 0x08, 0x61, 0x08, 0x61, 0x08, 0x61, 0x08, 0x61, 0x08, 0x61, 0x08, 0x61, 0x08, 0x61, 0x08,
    0x61, 0x08, 0x61, 0x08, 0x61, 0x08, 0x61, 0x08, 0x61, 0x08, 0x61, 0x08, 0x61, 0x08, 0x61, 0x08,
    0x61, 0x08, 0x61, 0x08, 0x61, 0x08, 0x61, 0x08, 0x61, 0x08, 0x61, 0x08, 0x61, 0x08, 0x61, 0x08,
    0x61, 0x08, 0x61, 0x08, 0x61, 0x08, 0x61, 0x08, 0x61, 0x08, 0x61, 0x08, 0x61, 0x08, 0x61, 0x08,
    0x61, 0x08, 0x61, 0x08, 0x61, 0x08, 0x61, 0x08, 0x61, 0x08, 0x61, 0x08, 0x61, 0x08, 0x61, 0x08,
    0x61, 0x08, 0x61, 0x08, 0x61, 0x08, 0x61, 0x08, 0x61, 0x08, 0x61, 0x08, 0x61, 0x08, 0x61, 0x08,
    0x61, 0x08, 0x61, 0x08, 0x61, 0x08, 0x61, 0x08, 0x61, 0x08, 0x61, 0x08, 0x61, 0x08, 0x61, 0x08,
    0x61, 0x08, 0x61, 0x08, 0x61, 0x08, 0x61, 0x08, 0x61, 0x08, 0x61, 0x08, 0x61, 0x08, 0x61, 0x08,
    0x61, 0x08, 0x61, 0x08, 0x61, 0x08, 0x61, 0x08, 0x61, 0x08, 0x61, 0x08, 0x61, 0x08, 0x61, 0x08,
    0x61, 0x08, 0x61, 0x08, 0x61, 0x08, 0x61, 0x08, 0x61, 0x08, 0x61, 0x08, 0x61, 0x08, 0x61, 0x08,
    0x61, 0x08, 0x61, 0x08, 0x61, 0x08, 0x61, 0x08, 0x61, 0x08, 0x61, 0x08, 0x61, 0x08, 0x61, 0x08,
    0x61, 0x08, 0x61, 0x08, 0x61, 0x08, 0x61, 0x08, 0x61, 0x08, 0x61, 0x08, 0x61, 0x08, 0x61, 0x08,
    0x61, 0x08, 0x61, 0x08, 0x61, 0x08, 0x61, 0x08, 0x61, 0x08, 0x61, 0x08, 0x61, 0x08, 0x61, 0x08,
    0x61, 0x08, 0x61, 0x08, 0x61, 0x08, 0x61, 0x08, 0x61, 0x08, 0x61, 0x08, 0x61, 0x08, 0x61, 0x08,
    0x61, 0x08, 0x61, 0x08, 0x61, 0x08, 0x61, 0x08, 0x61, 0x08, 0x61, 0x08, 0x61, 0x08, 0x61, 0x08,
    0x61, 0x08, 0x61, 0x08, 0x61, 0x08, 0x61, 0x08, 0x61, 0x08, 0x61, 0x08, 0x61, 0x08, 0x61, 0x08,
    0x61, 0x08, 0x61, 0x08, 0x61, 0x08, 0x61, 0x08, 0x61, 0x08, 0x61, 0x08, 0x61, 0x08, 0x61, 0x08,
    0x61, 0x08, 0x61, 0x08, 0x61, 0x08, 0x61, 0x08, 0x61, 0x08, 0x61, 0x08, 0x61, 0x08, 0x61, 0x08,
    0x61, 0x08, 0x61, 0x08, 0x61, 0x08, 0x61, 0x08, 0x61, 0x08, 0x61, 0x08, 0x61, 0x08, 0x61, 0x08,
    0x61, 0x08, 0x61, 0x08, 0x61, 0x08, 0x61, 0x08, 0x61, 0x08, 0x61, 0x08, 0x61, 0x08, 0x61, 0x08,
    0x61, 0x08, 0x61, 0x08, 0x61, 0x08, 0x61, 0x08, 0x61, 0x08, 0x61, 0x08, 0x61, 0x08, 0x61, 0x08,
    0x61, 0x08, 0x61, 0x08, 0x61, 0x08, 0x61, 0x08, 0x61, 0x08, 0x61, 0x08, 0x61, 0x08, 0x61, 0x08,
    0x61, 0x08, 0x61, 0x08, 0x61, 0x08, 0x61, 0x08, 0x61, 0x08, 0x61, 0x08, 0x61, 0x08, 0x61, 0x08,
    0x61, 0x08, 0x61, 0x08, 0x61, 0x08, 0x61, 0x08, 0x61, 0x08, 0x61, 0x08, 0x61, 0x08, 0x61, 0x08,
    0x61, 0x08, 0x61, 0x08, 0x61, 0x08, 0x61, 0x08, 0x61, 0x08, 0x61, 0x08, 0x61, 0x08, 0x61, 0x08,
    0x61, 0x08, 0x61, 0x08, 0x61, 0x08, 0x61, 0x08, 0x61, 0x08, 0x61, 0x08, 0x61, 0x08, 0x61, 0x08,
    0x61, 0x08, 0x61, 0x08, 0x61, 0x08, 0x61, 0x08, 0x61, 0x08, 0x61, 0x08, 0x61, 0x08, 0x61, 0x08,
    0x61, 0x08, 0x61, 0x08, 0x61, 0x08, 0x61, 0x08, 0x61, 0x08, 0x61, 0x08, 0x61, 0x08, 0x61, 0x08,
    0x61, 0x08, 0x61, 0x08, 0x61, 0x08, 0x61, 0x08, 0x61, 0x08, 0x61, 0x08, 0x61, 0x08, 0x61, 0x08,
    0x61, 0x08, 0x61, 0x08, 0x61, 0x08, 0x61, 0x08, 0x61, 0x08, 0x61, 0x08, 0x61, 0x08, 0x61, 0x08,
    0x61, 0x08, 0x61, 0x08, 0x61, 0x08, 0x61, 0x08, 0x61, 0x08, 0x61, 0x08, 0x61, 0x08, 0x61, 0x08,
    0x61, 0x08, 0x61, 0x08, 0x61, 0x08, 0x61, 0x08, 0x61, 0x08, 0x61, 0x08, 0x61, 0x08, 0x61, 0x08,
    0x61, 0x08, 0x61, 0x08, 0x61, 0x08, 0x61, 0x08, 0x61, 0x08, 0x61, 0x08, 0x61, 0x08, 0x61, 0x08,
    0x61, 0x08, 0x61, 0x08, 0x61, 0x08, 0x61, 0x08, 0x61, 0x08, 0x61, 0x08, 0x61, 0x08, 0x61, 0x08,
    0x61, 0x08, 0x61, 0x08, 0x61, 0x08, 0x61, 0x08, 0x61, 0x08, 0x61, 0x08, 0x61, 0x08, 0x61, 0x08,
    0x61, 0x08, 0x61, 0x08, 0x61, 0x08, 0x61, 0x08, 0x61, 0x08, 0x61, 0x08, 0x61, 0x08, 0x61, 0x08,
    0x61, 0x08, 0x61, 0x08, 0x61, 0x08, 0x61, 0x08, 0x61, 0x08, 0x61, 0x08, 0x61, 0x08, 0x61, 0x08,
    0x61, 0x08, 0x61, 0x08, 0x61, 0x08, 0x61, 0x08, 0x61, 0x08, 0x61, 0x08, 0x61, 0x08, 0x61, 0x08,
    0x61, 0x08, 0x61, 0x08, 0x61, 0x08, 0x61, 0x08, 0x61, 0x08, 0x61, 0x08, 0x61, 0x08, 0x61, 0x08,
    0x61, 0x08, 0x61, 0x08, 0x61, 0x08, 0x61, 0x08, 0x61, 0x08, 0x61, 0x08, 0x61, 0x08, 0x61, 0x08,
    0x61, 0x08, 0x61, 0x08, 0x61, 0x08, 0x61, 0x08, 0x61, 0x08, 0x61, 0x08, 0x61, 0x08, 0x61, 0x08,
    0x61, 0x08, 0x61, 0x08, 0x61, 0x08, 0x61, 0x08, 0x61, 0x08, 0x61, 0x08, 0x61, 0x08, 0x61, 0x08,
    0x61, 0x08, 0x61, 0x08, 0x61, 0x08, 0x61, 0x08, 0x61, 0x08, 0x61, 0x08, 0x61, 0x08, 0x61, 0x08,
    0x61, 0x08, 0x61, 0x08, 0x61, 0x08, 0x61, 0x08, 0x61, 0x08, 0x61, 0x08, 0x61, 0x08, 0x61, 0x08,
    0x61, 0x08, 0x61, 0x08, 0x61, 0x08, 0x61, 0x08, 0x61, 0x08, 0x61, 0x08, 0x61, 0x08, 0x61, 0x08,
    0x61, 0x08, 0x61, 0x08, 0x61, 0x08, 0x61, 0x08, 0x61, 0x08, 0x61, 0x08, 0x61, 0x08, 0x61, 0x08,
    0x61, 0x08, 0x61, 0x08, 0x61, 0x08, 0x61, 0x08, 0x61, 0x08, 0x61, 0x08, 0x61, 0x08, 0x61, 0x08,
    0x61, 0x08, 0x61, 0x08, 0x61, 0x08, 0x61, 0x08, 0x61, 0x08, 0x61, 0x08, 0x61, 0x08, 0x61, 0x08,
    0x61, 0x08, 0x61, 0x08, 0x61, 0x08, 0x61, 0x08, 0x61, 0x08, 0x61, 0x08, 0x61, 0x08, 0x61, 0x08,
    0x61, 0x08, 0x61, 0x08, 0x61, 0x08, 0x61, 0x08, 0x61, 0x08, 0x61, 0x08, 0x61, 0x08, 0x61, 0x08,
    0x61, 0x08, 0x61, 0x08, 0x61, 0x08, 0x61, 0x08, 0x61, 0x08, 0x61, 0x08, 0x61, 0x08, 0x61, 0x08,
    0x61, 0x08, 0x61, 0x08, 0x61, 0x08, 0x61, 0x08, 0x61, 0x08, 0x61, 0x08, 0x61, 0x08, 0x61, 0x08,
    0x61, 0x08, 0x61, 0x08, 0x61, 0x08, 0x61, 0x08, 0x61, 0x08, 0x61, 0x08, 0x61, 0x08, 0x61, 0x08,
    0x61, 0x08, 0x61, 0x08, 0x61, 0x08, 0x61, 0x08, 0x61, 0x08, 0x61, 0x08, 0x61, 0x08, 0x61, 0x08,
    0x61, 0x08, 0x61, 0x08, 0x61, 0x08, 0x61, 0x08, 0x61, 0x08, 0x61, 0x08, 0x61, 0x08, 0x61, 0x08,
    0x61, 0x08, 0x61, 0x08, 0x61, 0x08, 0x61, 0x08, 0x61, 0x08, 0x61, 0x08, 0x61, 0x08, 0x61, 0x08,
    0x61, 0x08, 0x61, 0x08, 0x61, 0x08, 0x61, 0x08, 0x61, 0x08, 0x61, 0x08, 0x61, 0x08, 0x61, 0x08,
    0x61, 0x08, 0x61, 0x08, 0x61, 0x08, 0x61, 0x08, 0x61, 0x08, 0x61, 0x08, 0x61, 0x08, 0x61, 0x08,
    0x61, 0x08, 0x61, 0x08, 0x61, 0x08, 0x61, 0x08, 0x61, 0x08, 0x61, 0x08, 0x61, 0x08, 0x61, 0x08,
    0x61, 0x08, 0x61, 0x08, 0x61, 0x08, 0x61, 0x08, 0x61, 0x08, 0x61, 0x08, 0x61, 0x08, 0x61, 0x08,
    0x61, 0x08, 0x61, 0x08, 0x61, 0x08, 0x61, 0x08, 0x61, 0x08, 0x61, 0x08, 0x61, 0x08, 0x61, 0x08,
    0x61, 0x08, 0x61, 0x08, 0x61, 0x08, 0x61, 0x08, 0x61, 0x08, 0x61, 0x08, 0x61, 0x08, 0x61, 0x08,
    0x61, 0x08, 0x61, 0x08, 0x61, 0x08, 0x61, 0x08, 0x61, 0x08, 0x61, 0x08, 0x61, 0x08, 0x61, 0x08,
    0x61, 0x08, 0x61, 0x08, 0x61, 0x08, 0x61, 0x08, 0x61, 0x08, 0x61, 0x08, 0x61, 0x08, 0x61, 0x08,
    0x61, 0x08, 0x61, 0x08, 0x61, 0x08, 0x61, 0x08, 0x61, 0x08, 0x61, 0x08, 0x61, 0x08, 0x61, 0x08,
    0x61, 0x08, 0x61, 0x08, 0x61, 0x08, 0x61, 0x08, 0x61, 0x08, 0x61, 0x08, 0x61, 0x08, 0x61, 0x08,
    0x61, 0x08, 0x61, 0x08, 0x61, 0x08, 0x61, 0x08, 0x61, 0x08, 0x61, 0x08, 0x61, 0x08, 0x61, 0x08,
    0x61, 0x08, 0x61, 0x08, 0x61, 0x08, 0x61, 0x08, 0x61, 0x08, 0x61, 0x08, 0x61, 0x08, 0x61, 0x08,
    0x61, 0x08, 0x61, 0x08, 0x61, 0x08, 0x61, 0x08, 0x61, 0x08, 0x61, 0x08, 0x61, 0x08, 0x61, 0x08,
    0x61, 0x08, 0x61, 0x08, 0x61, 0x08, 0x61, 0x08, 0x61, 0x08, 0x61, 0x08, 0x61, 0x08, 0x61, 0x08,
    0x61, 0x08, 0x61, 0x08, 0x61, 0x08, 0x61, 0x08, 0x61, 0x08, 0x61, 0x08, 0x61, 0x08, 0x61, 0x08,
    0x61, 0x08, 0x61, 0x08, 0x61, 0x08, 0x61, 0x08, 0x61, 0x08, 0x61, 0x08, 0x61, 0x08, 0x61, 0x08,
    0x61, 0x08, 0x61, 0x08, 0x61, 0x08, 0x61, 0x08, 0x61, 0x08, 0x61, 0x08, 0x61, 0x08, 0x61, 0x08,
    0x61, 0x08, 0x61, 0x08, 0x61, 0x08, 0x61, 0x08, 0x61, 0x08, 0x61, 0x08, 0x61, 0x08, 0x61, 0x08,
    0x61, 0x08, 0x61, 0x08, 0x61, 0x08, 0x61, 0x08, 0x61, 0x08, 0x61, 0x08, 0x61, 0x08, 0x61, 0x08,
    0x61, 0x08, 0x61, 0x08, 0x61, 0x08, 0x61, 0x08, 0x61, 0x08, 0x61, 0x08, 0x61, 0x08, 0x61, 0x08,
    0x61, 0x08, 0x61, 0x08, 0x61, 0x08, 0x61, 0x08, 0x61, 0x08, 0x61, 0x08, 0x61, 0x08, 0x61, 0x08,
    0x61, 0x08, 0x61, 0x08, 0x61, 0x08, 0x61, 0x08, 0x61, 0x08, 0x61, 0x08, 0x61, 0x08, 0x61, 0x08,
    0x61, 0x08, 0x61, 0x08, 0x61, 0x08, 0x61, 0x08, 0x61, 0x08, 0x61, 0x08, 0x61, 0x08, 0x61, 0x08,
    0x61, 0x08, 0x61, 0x08, 0x61, 0x08, 0x61, 0x08, 0x61, 0x08, 0x61, 0x08, 0x61, 0x08, 0x61, 0x08,
    0x61, 0x08, 0x61, 0x08, 0x61, 0x08, 0x61, 0x08, 0x61, 0x08, 0x61, 0x08, 0x61, 0x08, 0x61, 0x08,
    0x61, 0x08, 0x61, 0x08, 0x61, 0x08, 0x61, 0x08, 0x61, 0x08, 0x61, 0x08, 0x61, 0x08, 0x61, 0x08,
    0x61, 0x08, 0x61, 0x08, 0x61, 0x08, 0x61, 0x08, 0x61, 0x08, 0x61, 0x08, 0x61, 0x08, 0x61, 0x08,
    0x61, 0x08, 0x61, 0x08, 0x61, 0x08, 0x61, 0x08, 0x61, 0x08, 0x61, 0x08, 0x61, 0x08, 0x61, 0x08,
    0x61, 0x08, 0x61, 0x08, 0x61, 0x08, 0x61, 0x08, 0x61, 0x08, 0x61, 0x08, 0x61, 0x08, 0x61, 0x08,
    0x61, 0x08, 0x61, 0x08, 0x61, 0x08, 0x61, 0x08, 0x61, 0x08, 0x61, 0x08, 0x61, 0x08, 0x61, 0x08,
    0x61, 0x08, 0x61, 0x08, 0x61, 0x08, 0x61, 0x08, 0x61, 0x08, 0x61, 0x08, 0x61, 0x08, 0x61, 0x08,
    0x61, 0x08, 0x61, 0x08, 0x61, 0x08, 0x61, 0x08, 0x61, 0x08, 0x61, 0x08, 0x61, 0x08, 0x61, 0x08,
    0x61, 0x08, 0x61, 0x08, 0x61, 0x08, 0x61, 0x08, 0x61, 0x08, 0x61, 0x08, 0x61, 0x08, 0x61, 0x08,
    0x61, 0x08, 0x61, 0x08, 0x61, 0x08, 0x61, 0x08, 0x61, 0x08, 0x61, 0x08, 0x61, 0x08, 0x61, 0x08,
    0x61, 0x08, 0x61, 0x08, 0x61, 0x08, 0x61, 0x08, 0x61, 0x08, 0x61, 0x08, 0x61, 0x08, 0x61, 0x08,
    0x61, 0x08, 0x61, 0x08, 0x61, 0x08, 0x61, 0x08, 0x61, 0x08, 0x61, 0x08, 0x61, 0x08, 0x61, 0x08,
    0x61, 0x08, 0x61, 0x08, 0x61, 0x08, 0x61, 0x08, 0x61, 0x08, 0x61, 0x08, 0x61, 0x08, 0x61, 0x08,
    0x61, 0x08, 0x61, 0x08, 0x61, 0x08, 0x61, 0x08, 0x61, 0x08, 0x61, 0x08, 0x61, 0x08, 0x61, 0x08,
    0x61, 0x08, 0x61, 0x08, 0x61, 0x08, 0x61, 0x08, 0x61, 0x08, 0x61, 0x08, 0x61, 0x08, 0x61, 0x08,
    0x61, 0x08, 0x61, 0x08, 0x61, 0x08, 0x61, 0x08, 0x61, 0x08, 0x61, 0x08, 0x61, 0x08, 0x61, 0x08,
    0x61, 0x08, 0x61, 0x08, 0x61, 0x08, 0x61, 0x08, 0x61, 0x08, 0x61, 0x08, 0x61, 0x08, 0x61, 0x08,
    0x61, 0x08, 0x61, 0x08, 0x61, 0x08, 0x61, 0x08, 0x61, 0x08, 0x61, 0x08, 0x61, 0x08, 0x61, 0x08,
    0x61, 0x08, 0x61, 0x08, 0x61, 0x08, 0x61, 0x08, 0x61, 0x08, 0x61, 0x08, 0x61, 0x08, 0x61, 0x08,
    0x61, 0x08, 0x61, 0x08, 0x61, 0x08, 0x61, 0x08, 0x61, 0x08, 0x61, 0x08, 0x61, 0x08, 0x61, 0x08,
    0x61, 0x08, 0x61, 0x08, 0x61, 0x08, 0x61, 0x08, 0x61, 0x08, 0x61, 0x08, 0x61, 0x08, 0x61, 0x08,
    0x61, 0x08, 0x61, 0x08, 0x61, 0x08, 0x61, 0x08, 0x61, 0x08, 0x61, 0x08, 0x61, 0x08, 0x61, 0x08,
    0x61, 0x08, 0x61, 0x08, 0x61, 0x08, 0x61, 0x08, 0x61, 0x08, 0x61, 0x08, 0x61, 0x08, 0x61, 0x08,
    0x61, 0x08, 0x61, 0x08, 0x61, 0x08, 0x61, 0x08, 0x61, 0x08, 0x61, 0x08, 0x61, 0x08, 0x61, 0x08,
    0x61, 0x08, 0x61, 0x08, 0x61, 0x08, 0x61, 0x08, 0x61, 0x08, 0x61, 0x08, 0x61, 0x08, 0x61, 0x08,
    0x61, 0x08, 0x61, 0x08, 0x61, 0x08, 0x61, 0x08, 0x61, 0x08, 0x61, 0x08, 0x61, 0x08, 0x61, 0x08,
    0x61, 0x08, 0x61, 0x08, 0x61, 0x08, 0x61, 0x08, 0x61, 0x08, 0x61, 0x08, 0x61, 0x08, 0x61, 0x08,
    0x61, 0x08, 0x61, 0x08, 0x61, 0x08, 0x61, 0x08, 0x61, 0x08, 0x61, 0x08, 0x61, 0x08, 0x61, 0x08,
    0x61, 0x08, 0x61, 0x08, 0x61, 0x08, 0x61, 0x08, 0x61, 0x08, 0x61, 0x08, 0x61, 0x08, 0x61, 0x08,
    0x61, 0x08, 0x61, 0x08, 0x61, 0x08, 0x61, 0x08, 0x61, 0x08, 0x61, 0x08, 0x61, 0x08, 0x61, 0x08,
    0x61, 0x08, 0x61, 0x08, 0x61, 0x08, 0x61, 0x08, 0x61, 0x08, 0x61, 0x08, 0x61, 0x08, 0x61, 0x08,
    0x61, 0x08, 0x61, 0x08, 0x61, 0x08, 0x61, 0x08, 0x61, 0x08, 0x61, 0x08, 0x61, 0x08, 0x61, 0x08,
    0x61, 0x08, 0x61, 0x08, 0x61, 0x08, 0x61, 0x08, 0x61, 0x08, 0x61, 0x08, 0x61, 0x08, 0x61, 0x08,
    0x61, 0x08, 0x61, 0x08, 0x61, 0x08, 0x61, 0x08, 0x61, 0x08, 0x61, 0x08, 0x61, 0x08, 0x61, 0x08,
    0x61, 0x08, 0x61, 0x08, 0x61, 0x08, 0x61, 0x08, 0x61, 0x08, 0x61, 0x08, 0x61, 0x08, 0x61, 0x08,
    0x61, 0x08, 0x61, 0x08, 0x61, 0x08, 0x61, 0x08, 0x61, 0x08, 0x61, 0x08, 0x61, 0x08, 0x61, 0x08,
    0x61, 0x08, 0x61, 0x08, 0x61, 0x08, 0x61, 0x08, 0x61, 0x08, 0x61, 0x08, 0x61, 0x08, 0x61, 0x08,
    0x61, 0x08, 0x61, 0x08, 0x61, 0x08, 0x61, 0x08, 0x61, 0x08, 0x61, 0x08, 0x61, 0x08, 0x61, 0x08,
    0x61, 0x08, 0x61, 0x08, 0x61, 0x08, 0x61, 0x08, 0x61, 0x08, 0x61, 0x08, 0x61, 0x08, 0x61, 0x08,
    0x61, 0x08, 0x61, 0x08, 0x61, 0x08, 0x61, 0x08, 0x61, 0x08, 0x61, 0x08, 0x61, 0x08, 0x61, 0x08,
    0x61, 0x08, 0x61, 0x08, 0x61, 0x08, 0x61, 0x08, 0x61, 0x08, 0x61, 0x08, 0x61, 0x08, 0x61, 0x08,
    0x61, 0x08, 0x61, 0x08, 0x61, 0x08, 0x61, 0x08, 0x61, 0x08, 0x61, 0x08, 0x61, 0x08, 0x61, 0x08,
    0x61, 0x08, 0x61, 0x08, 0x61, 0x08, 0x61, 0x08, 0x61, 0x08, 0x61, 0x08, 0x61, 0x08, 0x61, 0x08,
    0x61, 0x08, 0x61, 0x08, 0x61, 0x08, 0x61, 0x08, 0x61, 0x08, 0x61, 0x08, 0x61, 0x08, 0x61, 0x08,
    0x61, 0x08, 0x61, 0x08, 0x61, 0x08, 0x61, 0x08, 0x61, 0x08, 0x61, 0x08, 0x61, 0x08, 0x61, 0x08,
    0x61, 0x08, 0x61, 0x08, 0x61, 0x08, 0x61, 0x08, 0x61, 0x08, 0x61, 0x08, 0x61, 0x08, 0x61, 0x08,
    0x61, 0x08, 0x61, 0x08, 0x61, 0x08, 0x61, 0x08, 0x61, 0x08, 0x61, 0x08, 0x61, 0x08, 0x61, 0x08,
    0x61, 0x08, 0x61, 0x08, 0x61, 0x08, 0x61, 0x08, 0x61, 0x08, 0x61, 0x08, 0x61, 0x08, 0x61, 0x08,
    0x61, 0x08, 0x61, 0x08, 0x61, 0x08, 0x61, 0x08, 0x61, 0x08, 0x61, 0x08, 0x61, 0x08, 0x61, 0x08,
    0x61, 0x08, 0x61, 0x08, 0x61, 0x08, 0x61, 0x08, 0x61, 0x08, 0x61, 0x08, 0x61, 0x08, 0x61, 0x08,
    0x61, 0x08, 0x61, 0x08, 0x61, 0x08, 0x61, 0x08, 0x61, 0x08, 0x61, 0x08, 0x61, 0x08, 0x61, 0x08,
    0x61, 0x08, 0x61, 0x08, 0x61, 0x08, 0x61, 0x08, 0x61, 0x08, 0x61, 0x08, 0x61, 0x08, 0x61, 0x08,
    0x61, 0x08, 0x61, 0x08, 0x61, 0x08, 0x61, 0x08, 0x61, 0x08, 0x61, 0x08, 0x61, 0x08, 0x61, 0x08,
    0x61, 0x08, 0x61, 0x08, 0x61, 0x08, 0x61, 0x08, 0x61, 0x08, 0x61, 0x08, 0x61, 0x08, 0x61, 0x08,
    0x61, 0x08, 0x61, 0x08, 0x61, 0x08, 0x61, 0x08, 0x61, 0x08, 0x61, 0x08, 0x61, 0x08, 0x61, 0x08,
    0x61, 0x08, 0x61, 0x08, 0x61, 0x08, 0x61, 0x08, 0x61, 0x08, 0x61, 0x08, 0x61, 0x08, 0x61, 0x08,
    0x61, 0x08, 0x61, 0x08, 0x61, 0x08, 0x61, 0x08, 0x61, 0x08, 0x61, 0x08, 0x61, 0x08, 0x61, 0x08,
    0x61, 0x08, 0x61, 0x08, 0x61, 0x08, 0x61, 0x08, 0x61, 0x08, 0x61, 0x08, 0x61, 0x08, 0x61, 0x08,
    0x61, 0x08, 0x61, 0x08, 0x61, 0x08, 0x61, 0x08, 0x61, 0x08, 0x61, 0x08, 0x61, 0x08, 0x61, 0x08,
    0x61, 0x08, 0x61, 0x08, 0x61, 0x08, 0x61, 0x08, 0x61, 0x08, 0x61, 0x08, 0x61, 0x08, 0x61, 0x08,
    0x61, 0x08, 0x61, 0x08, 0x61, 0x08, 0x61, 0x08, 0x61, 0x08, 0x61, 0x08, 0x61, 0x08, 0x61, 0x08,
    0x61, 0x08, 0x61, 0x08, 0x61, 0x08, 0x61, 0x08, 0x61, 0x08, 0x61, 0x08, 0x61, 0x08, 0x61, 0x08,
    0x61, 0x08, 0x61, 0x08, 0x61, 0x08, 0x61, 0x08, 0x61, 0x08, 0x61, 0x08, 0x61, 0x08, 0x61, 0x08,
    0x61, 0x08, 0x61, 0x08, 0x61, 0x08, 0x61, 0x08, 0x61, 0x08, 0x61, 0x08, 0x61, 0x08, 0x61, 0x08,
    0x61, 0x08, 0x61, 0x08, 0x61, 0x08, 0x61, 0x08, 0x61, 0x08, 0x61, 0x08, 0x61, 0x08, 0x61, 0x08,
    0x61, 0x08, 0x61, 0x08, 0x61, 0x08, 0x61, 0x08, 0x61, 0x08, 0x61, 0x08, 0x61, 0x08, 0x61, 0x08,
    0x61, 0x08, 0x61, 0x08, 0x61, 0x08, 0x61, 0x08, 0x61, 0x08, 0x61, 0x08, 0x61, 0x08, 0x61, 0x08,
    0x61, 0x08, 0x61, 0x08, 0x61, 0x08, 0x61, 0x08, 0x61, 0x08, 0x61, 0x08, 0x61, 0x08, 0x61, 0x08,
    0x61, 0x08, 0x61, 0x08, 0x61, 0x08, 0x61, 0x08, 0x61, 0x08, 0x61, 0x08, 0x61, 0x08, 0x61, 0x08,
    0x61, 0x08, 0x61, 0x08, 0x61, 0x08, 0x61, 0x08, 0x61, 0x08, 0x61, 0x08, 0x61, 0x08, 0x61, 0x08,
    0x61, 0x08, 0x61, 0x08, 0x61, 0x08, 0x61, 0x08, 0x61, 0x08, 0x61, 0x08, 0x61, 0x08, 0x61, 0x08,
    0x61, 0x08, 0x61, 0x08, 0x61, 0x08, 0x61, 0x08, 0x61, 0x08, 0x61, 0x08, 0x61, 0x08, 0x61, 0x08,
    0x61, 0x08, 0x61, 0x08, 0x61, 0x08, 0x61, 0x08, 0x61, 0x08, 0x61, 0x08, 0x61, 0x08, 0x61, 0x08,
    0x61, 0x08, 0x61, 0x08, 0x61, 0x08, 0x61, 0x08, 0x61, 0x08, 0x61, 0x08, 0x61, 0x08, 0x61, 0x08,
    0x61, 0x08, 0x61, 0x08, 0x61, 0x08, 0x61, 0x08, 0x61, 0x08, 0x61, 0x08, 0x61, 0x08, 0x61, 0x08,
    0x61, 0x08, 0x61, 0x08, 0x61, 0x08, 0x61, 0x08, 0x61, 0x08, 0x61, 0x08, 0x61, 0x08, 0x61, 0x08,
    0x61, 0x08, 0x61, 0x08, 0x61, 0x08, 0x61, 0x08, 0x61, 0x08, 0x61, 0x08, 0x61, 0x08, 0x61, 0x08,
    0x61, 0x08, 0x61, 0x08, 0x61, 0x08, 0x61, 0x08, 0x61, 0x08, 0x61, 0x08, 0x61, 0x08, 0x61, 0x08,
    0x61, 0x08, 0x61, 0x08, 0x61, 0x08, 0x61, 0x08, 0x61, 0x08, 0x61, 0x08, 0x61, 0x08, 0x61, 0x08,
    0x61, 0x08, 0x61, 0x08, 0x61, 0x08, 0x61, 0x08, 0x61, 0x08, 0x61, 0x08, 0x61, 0x08, 0x61, 0x08,
    0x61, 0x08, 0x61, 0x08, 0x61, 0x08, 0x61, 0x08, 0x61, 0x08, 0x61, 0x08, 0x61, 0x08, 0x61, 0x08,
    0x61, 0x08, 0x61, 0x08, 0x61, 0x08, 0x61, 0x08, 0x61, 0x08, 0x61, 0x08, 0x61, 0x08, 0x61, 0x08,
    0x61, 0x08, 0x61, 0x08, 0x61, 0x08, 0x61, 0x08, 0x61, 0x08, 0x61, 0x08, 0x61, 0x08, 0x61, 0x08,
    0x61, 0x08, 0x61, 0x08, 0x61, 0x08, 0x61, 0x08, 0x61, 0x08, 0x61, 0x08, 0x61, 0x08, 0x61, 0x08,
    0x61, 0x08, 0x61, 0x08, 0x61, 0x08, 0x61, 0x08, 0x61, 0x08, 0x61, 0x08, 0x61, 0x08, 0x61, 0x08,
    0x61, 0x08, 0x61, 0x08, 0x61, 0x08, 0x61, 0x08, 0x61, 0x08, 0x61, 0x08, 0x61, 0x08, 0x61, 0x08,
    0x61, 0x08, 0x61, 0x08, 0x61, 0x08, 0x61, 0x08, 0x61, 0x08, 0x61, 0x08, 0x61, 0x08, 0x61, 0x08,
    0x61, 0x08, 0x61, 0x08, 0x61, 0x08, 0x61, 0x08, 0x61, 0x08, 0x61, 0x08, 0x61, 0x08, 0x61, 0x08,
    0x61, 0x08, 0x61, 0x08, 0x61, 0x08, 0x61, 0x08, 0x61, 0x08, 0x61, 0x08, 0x61, 0x08, 0x61, 0x08,
    0x61, 0x08, 0x61, 0x08, 0x61, 0x08, 0x61, 0x08, 0x61, 0x08, 0x61, 0x08, 0x61, 0x08, 0x61, 0x08,
    0x61, 0x08, 0x61, 0x08, 0x61, 0x08, 0x61, 0x08, 0x61, 0x08, 0x61, 0x08, 0x61, 0x08, 0x61, 0x08,
    0x61, 0x08, 0x61, 0x08, 0x61, 0x08, 0x61, 0x08, 0x61, 0x08, 0x61, 0x08, 0x61, 0x08, 0x61, 0x08,
    0x61, 0x08, 0x61, 0x08, 0x61, 0x08, 0x61, 0x08, 0x61, 0x08, 0x61, 0x08, 0x61, 0x08, 0x61, 0x08,
    0x61, 0x08, 0x61, 0x08, 0x61, 0x08, 0x61, 0x08, 0x61, 0x08, 0x61, 0x08, 0x61, 0x08, 0x61, 0x08,
    0x61, 0x08, 0x61, 0x08, 0x61, 0x08, 0x61, 0x08, 0x61, 0x08, 0x61, 0x08, 0x61, 0x08, 0x61, 0x08,
    0x61, 0x08, 0x61, 0x08, 0x61, 0x08, 0x61, 0x08, 0x61, 0x08, 0x61, 0x08, 0x61, 0x08, 0x61, 0x08,
    0x61, 0x08, 0x61, 0x08, 0x61, 0x08, 0x61, 0x08, 0x61, 0x08, 0x61, 0x08, 0x61, 0x08, 0x61, 0x08,
    0x61, 0x08, 0x61, 0x08, 0x61, 0x08, 0x61, 0x08, 0x61, 0x08, 0x61, 0x08, 0x61, 0x08, 0x61, 0x08,
    0x61, 0x08, 0x61, 0x08, 0x61, 0x08, 0x61, 0x08, 0x61, 0x08, 0x61, 0x08, 0x61, 0x08, 0x61, 0x08,
    0x61, 0x08, 0x61, 0x08, 0x61, 0x08, 0x61, 0x08, 0x61, 0x08, 0x61, 0x08, 0x61, 0x08, 0x61, 0x08,
    0x61, 0x08, 0x61, 0x08, 0x61, 0x08, 0x61, 0x08, 0x61, 0x08, 0x61, 0x08, 0x61, 0x08, 0x61, 0x08,
    0x61, 0x08, 0x61, 0x08, 0x61, 0x08, 0x61, 0x08, 0x61, 0x08, 0x61, 0x08, 0x61, 0x08, 0x61, 0x08,
    0x61, 0x08, 0x61, 0x08, 0x61, 0x08, 0x61, 0x08, 0x61, 0x08, 0x61, 0x08, 0x61, 0x08, 0x61, 0x08,
    0x61, 0x08, 0x61, 0x08, 0x61, 0x08, 0x61, 0x08, 0x61, 0x08, 0x61, 0x08, 0x61, 0x08, 0x61, 0x08,
    0x61, 0x08, 0x61, 0x08, 0x61, 0x08, 0x61, 0x08, 0x61, 0x08, 0x61, 0x08, 0x61, 0x08, 0x61, 0x08,
    0x61, 0x08, 0x61, 0x08, 0x61, 0x08, 0x61, 0x08, 0x61, 0x08, 0x61, 0x08, 0x61, 0x08, 0x61, 0x08,
    0x61, 0x08, 0x61, 0x08, 0x61, 0x08, 0x61, 0x08, 0x61, 0x08, 0x61, 0x08, 0x61, 0x08, 0x61, 0x08,
    0x61, 0x08, 0x61, 0x08, 0x61, 0x08, 0x61, 0x08, 0x61, 0x08, 0x61, 0x08, 0x61, 0x08, 0x61, 0x08,
    0x61, 0x08, 0x61, 0x08, 0x61, 0x08, 0x61, 0x08, 0x61, 0x08, 0x61, 0x08, 0x61, 0x08, 0x61, 0x08,
    0x61, 0x08, 0x61, 0x08, 0x61, 0x08, 0x61, 0x08, 0x61, 0x08, 0x61, 0x08, 0x61, 0x08, 0x61, 0x08,
    0x61, 0x08, 0x61, 0x08, 0x61, 0x08, 0x61, 0x08, 0x61, 0x08, 0x61, 0x08, 0x61, 0x08, 0x61, 0x08,
    0x61, 0x08, 0x61, 0x08, 0x61, 0x08, 0x61, 0x08, 0x61, 0x08, 0x61, 0x08, 0x61, 0x08, 0x61, 0x08,
    0x61, 0x08, 0x61, 0x08, 0x61, 0x08, 0x61, 0x08, 0x61, 0x08, 0x61, 0x08, 0x61, 0x08, 0x61, 0x08,
    0x61, 0x08, 0x61, 0x08, 0x61, 0x08, 0x61, 0x08, 0x61, 0x08, 0x61, 0x08, 0x61, 0x08, 0x61, 0x08,
    0x61, 0x08, 0x61, 0x08, 0x61, 0x08, 0x61, 0x08, 0x61, 0x08, 0x61, 0x08, 0x61, 0x08, 0x61, 0x08,
    0x61, 0x08, 0x61, 0x08, 0x61, 0x08, 0x61, 0x08, 0x61, 0x08, 0x61, 0x08, 0x61, 0x08, 0x61, 0x08,
    0x61, 0x08, 0x61, 0x08, 0x61, 0x08, 0x61, 0x08, 0x61, 0x08, 0x61, 0x08, 0x61, 0x08, 0x61, 0x08,
    0x61, 0x08, 0x61, 0x08, 0x61, 0x08, 0x61, 0x08, 0x61, 0x08, 0x61, 0x08, 0x61, 0x08, 0x61, 0x08,
    0x61, 0x08, 0x61, 0x08, 0x61, 0x08, 0x61, 0x08, 0x61, 0x08, 0x61, 0x08, 0x61, 0x08, 0x61, 0x08,
    0x61, 0x08, 0x61, 0x08, 0x61, 0x08, 0x61, 0x08, 0x61, 0x08, 0x61, 0x08, 0x61, 0x08, 0x61, 0x08,
    0x61, 0x08, 0x61, 0x08, 0x61, 0x08, 0x61, 0x08, 0x61, 0x08, 0x61, 0x08, 0x61, 0x08, 0x61, 0x08,
    0x61, 0x08, 0x61, 0x08, 0x61, 0x08, 0x61, 0x08, 0x61, 0x08, 0x61, 0x08, 0x61, 0x08, 0x61, 0x08,
    0x61, 0x08, 0x61, 0x08, 0x61, 0x08, 0x61, 0x08, 0x61, 0x08, 0x61, 0x08, 0x61, 0x08, 0x61, 0x08,
    0x61, 0x08, 0x61, 0x08, 0x61, 0x08, 0x61, 0x08, 0x61, 0x08, 0x61, 0x08, 0x61, 0x08, 0x61, 0x08,
    0x61, 0x08, 0x61, 0x08, 0x61, 0x08, 0x61, 0x08, 0x61, 0x08, 0x61, 0x08, 0x61, 0x08, 0x61, 0x08,
    0x61, 0x08, 0x61, 0x08, 0x61, 0x08, 0x61, 0x08, 0x61, 0x08, 0x61, 0x08, 0x61, 0x08, 0x61, 0x08,
    0x61, 0x08, 0x61, 0x08, 0x61, 0x08, 0x61, 0x08, 0x61, 0x08, 0x61, 0x08, 0x61, 0x08, 0x61, 0x08,
    0x61, 0x08, 0x61, 0x08, 0x61, 0x08, 0x61, 0x08, 0x61, 0x08, 0x61, 0x08, 0x61, 0x08, 0x61, 0x08,
    0x61, 0x08, 0x61, 0x08, 0x61, 0x08, 0x61, 0x08, 0x61, 0x08, 0x61, 0x08, 0x61, 0x08, 0x61, 0x08,
    0x61, 0x08, 0x61, 0x08, 0x61, 0x08, 0x61, 0x08, 0x61, 0x08, 0x61, 0x08, 0x61, 0x08, 0x61, 0x08,
    0x61, 0x08, 0x61, 0x08, 0x61, 0x08, 0x61, 0x08, 0x61, 0x08, 0x61, 0x08, 0x61, 0x08, 0x61, 0x08,
    0x61, 0x08, 0x61, 0x08, 0x61, 0x08, 0x61, 0x08, 0x61, 0x08, 0x61, 0x08, 0x61, 0x08, 0x61, 0x08,
    0x61, 0x08, 0x61, 0x08, 0x61, 0x08, 0x61, 0x08, 0x61, 0x08, 0x61, 0x08, 0x61, 0x08, 0x61, 0x08,
    0x61, 0x08, 0x61, 0x08, 0x61, 0x08, 0x61, 0x08, 0x61, 0x08, 0x61, 0x08, 0x61, 0x08, 0x61, 0x08,
    0x61, 0x08, 0x61, 0x08, 0x61, 0x08, 0x61, 0x08, 0x61, 0x08, 0x61, 0x08, 0x61, 0x08, 0x61, 0x08,
    0x61, 0x08, 0x61, 0x08, 0x61, 0x08, 0x61, 0x08, 0x61, 0x08, 0x61, 0x08, 0x61, 0x08, 0x61, 0x08,
    0x61, 0x08, 0x61, 0x08, 0x61, 0x08, 0x61, 0x08, 0x61, 0x08, 0x61, 0x08, 0x61, 0x08, 0x61, 0x08,
    0x61, 0x08, 0x61, 0x08, 0x61, 0x08, 0x61, 0x08, 0x61, 0x08, 0x61, 0x08, 0x61, 0x08, 0x61, 0x08,
    0x61, 0x08, 0x61, 0x08, 0x61, 0x08, 0x61, 0x08, 0x61, 0x08, 0x61, 0x08, 0x61, 0x08, 0x61, 0x08,
    0x61, 0x08, 0x61, 0x08, 0x61, 0x08, 0x61, 0x08, 0x61, 0x08, 0x61, 0x08, 0x61, 0x08, 0x61, 0x08,
    0x61, 0x08, 0x61, 0x08, 0x61, 0x08, 0x61, 0x08, 0x61, 0x08, 0x61, 0x08, 0x61, 0x08, 0x61, 0x08,
    0x61, 0x08, 0x61, 0x08, 0x61, 0x08, 0x61, 0x08, 0x61, 0x08, 0x61, 0x08, 0x61, 0x08, 0x61, 0x08,
    0x61, 0x08, 0x61, 0x08, 0x61, 0x08, 0x61, 0x08, 0x61, 0x08, 0x61, 0x08, 0x61, 0x08, 0x61, 0x08,
    0x61, 0x08, 0x61, 0x08, 0x61, 0x08, 0x61, 0x08, 0x61, 0x08, 0x61, 0x08, 0x61, 0x08, 0x61, 0x08,
    0x61, 0x08, 0x61, 0x08, 0x61, 0x08, 0x61, 0x08, 0x61, 0x08, 0x61, 0x08, 0x61, 0x08, 0x61, 0x08,
    0x61, 0x08, 0x61, 0x08, 0x61, 0x08, 0x61, 0x08, 0x61, 0x08, 0x61, 0x08, 0x61, 0x08, 0x61, 0x08,
    0x61, 0x08, 0x61, 0x08, 0x61, 0x08, 0x61, 0x08, 0x61, 0x08, 0x61, 0x08, 0x61, 0x08, 0x61, 0x08,
    0x61, 0x08, 0x61, 0x08, 0x61, 0x08, 0x61, 0x08, 0x61, 0x08, 0x61, 0x08, 0x61, 0x08, 0x61, 0x08,
    0x61, 0x08, 0x61, 0x08, 0x61, 0x08, 0x61, 0x08, 0x61, 0x08, 0x61, 0x08, 0x61, 0x08, 0x61, 0x08,
    0x61, 0x08, 0x61, 0x08, 0x61, 0x08, 0x61, 0x08, 0x61, 0x08, 0x61, 0x08, 0x61, 0x08, 0x61, 0x08,
    0x61, 0x08, 0x61, 0x08, 0x61, 0x08, 0x61, 0x08, 0x61, 0x08, 0x61, 0x08, 0x61, 0x08, 0x61, 0x08,
    0x61, 0x08, 0x61, 0x08, 0x61, 0x08, 0x61, 0x08, 0x61, 0x08, 0x61, 0x08, 0x61, 0x08, 0x61, 0x08,
    0x61, 0x08, 0x61, 0x08, 0x61, 0x08, 0x61, 0x08, 0x61, 0x08, 0x61, 0x08, 0x61, 0x08, 0x61, 0x08,
    0x61, 0x08, 0x61, 0x08, 0x61, 0x08, 0x61, 0x08, 0x61, 0x08, 0x61, 0x08, 0x61, 0x08, 0x61, 0x08,
    0x61, 0x08, 0x61, 0x08, 0x61, 0x08, 0x61, 0x08, 0x61, 0x08, 0x61, 0x08, 0x61, 0x08, 0x61, 0x08,
    0x61, 0x08, 0x61, 0x08, 0x61, 0x08, 0x61, 0x08, 0x61, 0x08, 0x61, 0x08, 0x61, 0x08, 0x61, 0x08,
    0x61, 0x08, 0x61, 0x08, 0x61, 0x08, 0x61, 0x08, 0x61, 0x08, 0x61, 0x08, 0x61, 0x08, 0x61, 0x08,
    0x61, 0x08, 0x61, 0x08, 0x61, 0x08, 0x61, 0x08, 0x61, 0x08, 0x61, 0x08, 0x61, 0x08, 0x61, 0x08,
    0x61, 0x08, 0x61, 0x08, 0x61, 0x08, 0x61, 0x08, 0x61, 0x08, 0x61, 0x08, 0x61, 0x08, 0x61, 0x08,
    0x61, 0x08, 0x61, 0x08, 0x61, 0x08, 0x61, 0x08, 0x61, 0x08, 0x61, 0x08, 0x61, 0x08, 0x61, 0x08,
    0x61, 0x08, 0x61, 0x08, 0x61, 0x08, 0x61, 0x08, 0x61, 0x08, 0x61, 0x08, 0x61, 0x08, 0x61, 0x08,
    0x61, 0x08, 0x61, 0x08, 0x61, 0x08, 0x61, 0x08, 0x61, 0x08, 0x61, 0x08, 0x61, 0x08, 0x61, 0x08,
    0x61, 0x08, 0x61, 0x08, 0x61, 0x08, 0x61, 0x08, 0x61, 0x08, 0x61, 0x08, 0x61, 0x08, 0x61, 0x08,
    0x61, 0x08, 0x61, 0x08, 0x61, 0x08, 0x61, 0x08, 0x61, 0x08, 0x61, 0x08, 0x61, 0x08, 0x61, 0x08,
    0x61, 0x08, 0x61, 0x08, 0x61, 0x08, 0x61, 0x08, 0x61, 0x08, 0x61, 0x08, 0x61, 0x08, 0x61, 0x08,
    0x61, 0x08, 0x61, 0x08, 0x61, 0x08, 0x61, 0x08, 0x61, 0x08, 0x61, 0x08, 0x61, 0x08, 0x61, 0x08,
    0x61, 0x08, 0x61, 0x08, 0x61, 0x08, 0x61, 0x08, 0x61, 0x08, 0x61, 0x08, 0x61, 0x08, 0x61, 0x08,
    0x61, 0x08, 0x61, 0x08, 0x61, 0x08, 0x61, 0x08, 0x61, 0x08, 0x61, 0x08, 0x61, 0x08, 0x61, 0x08,
    0x61, 0x08, 0x61, 0x08, 0x61, 0x08, 0x61, 0x08, 0x61, 0x08, 0x61, 0x08, 0x61, 0x08, 0x61, 0x08,
    0x61, 0x08, 0x61, 0x08, 0x61, 0x08, 0x61, 0x08, 0x61, 0x08, 0x61, 0x08, 0x61, 0x08, 0x61, 0x08,
    0x61, 0x08, 0x61, 0x08, 0x61, 0x08, 0x61, 0x08, 0x61, 0x08, 0x61, 0x08, 0x61, 0x08, 0x61, 0x08,
    0x61, 0x08, 0x61, 0x08, 0x61, 0x08, 0x61, 0x08, 0x61, 0x08, 0x61, 0x08, 0x61, 0x08, 0x61, 0x08,
    0x61, 0x08, 0x61, 0x08, 0x61, 0x08, 0x61, 0x08, 0x61, 0x08, 0x61, 0x08, 0x61, 0x08, 0x61, 0x08,
    0x61, 0x08, 0x61, 0x08, 0x61, 0x08, 0x61, 0x08, 0x61, 0x08, 0x61, 0x08, 0x61, 0x08, 0x61, 0x08,
    0x61, 0x08, 0x61, 0x08, 0x61, 0x08, 0x61, 0x08, 0x61, 0x08, 0x61, 0x08, 0x61, 0x08, 0x61, 0x08,
    0x61, 0x08, 0x61, 0x08, 0x61, 0x08, 0x61, 0x08, 0x61, 0x08, 0x61, 0x08, 0x61, 0x08, 0x61, 0x08,
    0x61, 0x08, 0x61, 0x08, 0x61, 0x08, 0x61, 0x08, 0x61, 0x08, 0x61, 0x08, 0x61, 0x08, 0x61, 0x08,
    0x61, 0x08, 0x61, 0x08, 0x61, 0x08, 0x61, 0x08, 0x61, 0x08, 0x61, 0x08, 0x61, 0x08, 0x61, 0x08,
    0x61, 0x08, 0x61, 0x08, 0x61, 0x08, 0x61, 0x08, 0x61, 0x08, 0x61, 0x08, 0x61, 0x08, 0x61, 0x08,
    0x61, 0x08, 0x61, 0x08, 0x61, 0x08, 0x61, 0x08, 0x61, 0x08, 0x61, 0x08, 0x61, 0x08, 0x61, 0x08,
    0x61, 0x08, 0x61, 0x08, 0x61, 0x08, 0x61, 0x08, 0x61, 0x08, 0x61, 0x08, 0x61, 0x08, 0x61, 0x08,
    0x61, 0x08, 0x61, 0x08, 0x61, 0x08, 0x61, 0x08, 0x61, 0x08, 0x61, 0x08, 0x61, 0x08, 0x61, 0x08,
    0x61, 0x08, 0x61, 0x08, 0x61, 0x08, 0x61, 0x08, 0x61, 0x08, 0x61, 0x08, 0x61, 0x08, 0x61, 0x08,
    0x61, 0x08, 0x61, 0x08, 0x61, 0x08, 0x61, 0x08, 0x61, 0x08, 0x61, 0x08, 0x61, 0x08, 0x61, 0x08,
    0x61, 0x08, 0x61, 0x08, 0x61, 0x08, 0x61, 0x08, 0x61, 0x08, 0x61, 0x08, 0x61, 0x08, 0x61, 0x08,
    0x61, 0x08, 0x61, 0x08, 0x61, 0x08, 0x61, 0x08, 0x61, 0x08, 0x61, 0x08, 0x61, 0x08, 0x61, 0x08,
    0x61, 0x08, 0x61, 0x08, 0x61, 0x08, 0x61, 0x08, 0x61, 0x08, 0x61, 0x08, 0x61, 0x08, 0x61, 0x08,
    0x61, 0x08, 0x61, 0x08, 0x61, 0x08, 0x61, 0x08, 0x61, 0x08, 0x61, 0x08, 0x61, 0x08, 0x61, 0x08,
    0x61, 0x08, 0x61, 0x08, 0x61, 0x08, 0x61, 0x08, 0x61, 0x08, 0x61, 0x08, 0x61, 0x08, 0x61, 0x08,
    0x61, 0x08, 0x61, 0x08, 0x61, 0x08, 0x61, 0x08, 0x61, 0x08, 0x61, 0x08, 0x61, 0x08, 0x61, 0x08,
    0x61, 0x08, 0x61, 0x08, 0x61, 0x08, 0x61, 0x08, 0x61, 0x08, 0x61, 0x08, 0x61, 0x08, 0x61, 0x08,
    0x61, 0x08, 0x61, 0x08, 0x61, 0x08, 0x61, 0x08, 0x61, 0x08, 0x61, 0x08, 0x61, 0x08, 0x61, 0x08,
    0x61, 0x08, 0x61, 0x08, 0x61, 0x08, 0x61, 0x08, 0x61, 0x08, 0x61, 0x08, 0x61, 0x08, 0x61, 0x08,
    0x61, 0x08, 0x61, 0x08, 0x61, 0x08, 0x61, 0x08, 0x61, 0x08, 0x61, 0x08, 0x61, 0x08, 0x61, 0x08,
    0x61, 0x08, 0x61, 0x08, 0x61, 0x08, 0x61, 0x08, 0x61, 0x08, 0x61, 0x08, 0x61, 0x08, 0x61, 0x08,
    0x61, 0x08, 0x61, 0x08, 0x61, 0x08, 0x61, 0x08, 0x61, 0x08, 0x61, 0x08, 0x61, 0x08, 0x61, 0x08,
    0x61, 0x08, 0x61, 0x08, 0x61, 0x08, 0x61, 0x08, 0x61, 0x08, 0x61, 0x08, 0x61, 0x08, 0x61, 0x08,
    0x61, 0x08, 0x61, 0x08, 0x61, 0x08, 0x61, 0x08, 0x61, 0x08, 0x61, 0x08, 0x61, 0x08, 0x61, 0x08,
    0x61, 0x08, 0x61, 0x08, 0x61, 0x08, 0x61, 0x08, 0x61, 0x08, 0x61, 0x08, 0x61, 0x08, 0x61, 0x08,
    0x61, 0x08, 0x61, 0x08, 0x61, 0x08, 0x61, 0x08, 0x61, 0x08, 0x61, 0x08, 0x61, 0x08, 0x61, 0x08,
    0x61, 0x08, 0x61, 0x08, 0x61, 0x08, 0x61, 0x08, 0x61, 0x08, 0x61, 0x08, 0x61, 0x08, 0x61, 0x08,
    0x61, 0x08, 0x61, 0x08, 0x61, 0x08, 0x61, 0x08, 0x61, 0x08, 0x61, 0x08, 0x61, 0x08, 0x61, 0x08,
    0x61, 0x08, 0x61, 0x08, 0x61, 0x08, 0x61, 0x08, 0x61, 0x08, 0x61, 0x08, 0x61, 0x08, 0x61, 0x08,
    0x61, 0x08, 0x61, 0x08, 0x61, 0x08, 0x61, 0x08, 0x61, 0x08, 0x61, 0x08, 0x61, 0x08, 0x61, 0x08,
    0x61, 0x08, 0x61, 0x08, 0x61, 0x08, 0x61, 0x08, 0x61, 0x08, 0x61, 0x08, 0x61, 0x08, 0x61, 0x08,
    0x61, 0x08, 0x61, 0x08, 0x61, 0x08, 0x61, 0x08, 0x61, 0x08, 0x61, 0x08, 0x61, 0x08, 0x61, 0x08,
    0x61, 0x08, 0x61, 0x08, 0x61, 0x08, 0x61, 0x08, 0x61, 0x08, 0x61, 0x08, 0x61, 0x08, 0x61, 0x08,
    0x61, 0x08, 0x61, 0x08, 0x61, 0x08, 0x61, 0x08, 0x61, 0x08, 0x61, 0x08, 0x61, 0x08, 0x61, 0x08,
    0x61, 0x08, 0x61, 0x08, 0x61, 0x08, 0x61, 0x08, 0x61, 0x08, 0x61, 0x08, 0x61, 0x08, 0x61, 0x08,
    0x61, 0x08, 0x61, 0x08, 0x61, 0x08, 0x61, 0x08, 0x61, 0x08, 0x61, 0x08, 0x61, 0x08, 0x61, 0x08,
    0x61, 0x08, 0x61, 0x08, 0x61, 0x08, 0x61, 0x08, 0x61, 0x08, 0x61, 0x08, 0x61, 0x08, 0x61, 0x08,
    0x61, 0x08, 0x61, 0x08, 0x61, 0x08, 0x61, 0x08, 0x61, 0x08, 0x61, 0x08, 0x61, 0x08, 0x61, 0x08,
    0x61, 0x08, 0x61, 0x08, 0x61, 0x08, 0x61, 0x08, 0x61, 0x08, 0x61, 0x08, 0x61, 0x08, 0x61, 0x08,
    0x61, 0x08, 0x61, 0x08, 0x61, 0x08, 0x61, 0x08, 0x61, 0x08, 0x61, 0x08, 0x61, 0x08, 0x61, 0x08,
    0x61, 0x08, 0x61, 0x08, 0x61, 0x08, 0x61, 0x08, 0x61, 0x08, 0x61, 0x08, 0x61, 0x08, 0x61, 0x08,
    0x61, 0x08, 0x61, 0x08, 0x61, 0x08, 0x61, 0x08, 0x61, 0x08, 0x61, 0x08, 0x61, 0x08, 0x61, 0x08,
    0x61, 0x08, 0x61, 0x08, 0x61, 0x08, 0x61, 0x08, 0x61, 0x08, 0x61, 0x08, 0x61, 0x08, 0x61, 0x08,
    0x61, 0x08, 0x61, 0x08, 0x61, 0x08, 0x61, 0x08, 0x61, 0x08, 0x61, 0x08, 0x61, 0x08, 0x61, 0x08,
    0x61, 0x08, 0x61, 0x08, 0x61, 0x08, 0x61, 0x08, 0x61, 0x08, 0x61, 0x08, 0x61, 0x08, 0x61, 0x08,
    0x61, 0x08, 0x61, 0x08, 0x61, 0x08, 0x61, 0x08, 0x61, 0x08, 0x61, 0x08, 0x61, 0x08, 0x61, 0x08,
    0x61, 0x08, 0x61, 0x08, 0x61, 0x08, 0x61, 0x08, 0x61, 0x08, 0x61, 0x08, 0x61, 0x08, 0x61, 0x08,
    0x61, 0x08, 0x61, 0x08, 0x61, 0x08, 0x61, 0x08, 0x61, 0x08, 0x61, 0x08, 0x61, 0x08, 0x61, 0x08,
    0x61, 0x08, 0x61, 0x08, 0x61, 0x08, 0x61, 0x08, 0x61, 0x08, 0x61, 0x08, 0x61, 0x08, 0x61, 0x08,
    0x61, 0x08, 0x61, 0x08, 0x61, 0x08, 0x61, 0x08, 0x61, 0x08, 0x61, 0x08, 0x61, 0x08, 0x61, 0x08,
    0x61, 0x08, 0x61, 0x08, 0x61, 0x08, 0x61, 0x08, 0x61, 0x08, 0x61, 0x08, 0x61, 0x08, 0x61, 0x08,
    0x61, 0x08, 0x61, 0x08, 0x61, 0x08, 0x61, 0x08, 0x61, 0x08, 0x61, 0x08, 0x61, 0x08, 0x61, 0x08,
    0x61, 0x08, 0x61, 0x08, 0x61, 0x08, 0x61, 0x08, 0x61, 0x08, 0x61, 0x08, 0x61, 0x08, 0x61, 0x08,
    0x61, 0x08, 0x61, 0x08, 0x61, 0x08, 0x61, 0x08, 0x61, 0x08, 0x61, 0x08, 0x61, 0x08, 0x61, 0x08,
    0x61, 0x08, 0x61, 0x08, 0x61, 0x08, 0x61, 0x08, 0x61, 0x08, 0x61, 0x08, 0x61, 0x08, 0x61, 0x08,
};

const lv_image_dsc_t RCatLogo = {
    .header.magic = LV_IMAGE_HEADER_MAGIC,
    .header.cf = LV_COLOR_FORMAT_RGB565,
    .header.flags = 0,
    .header.w = 240,
    .header.h = 240,
    .header.stride = 480,
    .data_size = sizeof(RCatLogo_map),
    .data = RCatLogo_map,
};
